software_version,cluster_header,clusterName,clusterSize,f_score,precision,recall,TN,FP,FN,TP,marker_count,NSForest_markers,binary_genes,onTarget,fold
4.1,ann_finest_level,Basal resting,31248,0.43170835702103466,0.6212926978932297,0.19441244239631336,456394,3703,25173,6075,2,"['ENSG00000196344', 'ENSG00000100353']","['ENSG00000196344', 'ENSG00000108602', 'ENSG00000100353', 'ENSG00000250479']",0.18836789,fold_1
4.1,ann_finest_level,Suprabasal,31248,0.457105719237435,0.5396419437340153,0.28360215053763443,452537,7560,22386,8862,4,"['ENSG00000196344', 'ENSG00000183844', 'ENSG00000168938', 'ENSG00000186298']","['ENSG00000196344', 'ENSG00000183844', 'ENSG00000108602', 'ENSG00000168938', 'ENSG00000186298', 'ENSG00000088205', 'ENSG00000130706', 'ENSG00000135624', 'ENSG00000141753', 'ENSG00000100353']",0.09193019,fold_1
4.1,ann_finest_level,Hillock-like,4600,0.19042831759094736,0.17070103740961962,0.3541304347826087,478831,7914,2971,1629,4,"['ENSG00000198074', 'ENSG00000134375', 'ENSG00000163110', 'ENSG00000130706']","['ENSG00000198074', 'ENSG00000134375', 'ENSG00000196344', 'ENSG00000108602', 'ENSG00000163110', 'ENSG00000130706', 'ENSG00000175203', 'ENSG00000088205', 'ENSG00000171314', 'ENSG00000135624']",0.22850785,fold_1
4.1,ann_finest_level,Deuterosomal,1004,0.2849264705882353,0.4232081911262799,0.12350597609561753,490172,169,880,124,4,"['ENSG00000204852', 'ENSG00000214022', 'ENSG00000184709', 'ENSG00000135624']","['ENSG00000106628', 'ENSG00000204852', 'ENSG00000214022', 'ENSG00000184709', 'ENSG00000135624', 'ENSG00000088205', 'ENSG00000130706', 'ENSG00000232388', 'ENSG00000145912', 'ENSG00000100353']",0.2117987,fold_1
4.1,ann_finest_level,Multiciliated (nasal),4869,0.4093216954760682,0.45339652448657186,0.29472170876976794,484746,1730,3434,1435,4,"['ENSG00000130413', 'ENSG00000196344', 'ENSG00000108602', 'ENSG00000002549']","['ENSG00000197580', 'ENSG00000130413', 'ENSG00000204852', 'ENSG00000196344', 'ENSG00000108602', 'ENSG00000002549', 'ENSG00000130706', 'ENSG00000232388', 'ENSG00000145912', 'ENSG00000100353']",0.22059472,fold_1
4.1,ann_finest_level,Multiciliated (non-nasal),31248,0.6773295828595368,0.7071780051550418,0.5794930875576036,452599,7498,13140,18108,1,['ENSG00000130413'],"['ENSG00000130413', 'ENSG00000204852', 'ENSG00000183828', 'ENSG00000108602', 'ENSG00000232388']",0.54529303,fold_1
4.1,ann_finest_level,Club (non-nasal),9955,0.29283301873217144,0.2558234119648007,0.6950276243093922,461263,20127,3036,6919,1,['ENSG00000127324'],['ENSG00000127324'],0.19543599,fold_1
4.1,ann_finest_level,Club (nasal),26068,0.3606529744307868,0.4358351613914134,0.2134034064753721,458076,7201,20505,5563,3,"['ENSG00000108602', 'ENSG00000250479', 'ENSG00000116171']","['ENSG00000108602', 'ENSG00000250479', 'ENSG00000145912', 'ENSG00000116171']",0.0539149,fold_1
4.1,ann_finest_level,Goblet (nasal),31248,0.29623837612040554,0.25815745546841057,0.7226062467997952,395211,64886,8668,22580,1,['ENSG00000108602'],"['ENSG00000196344', 'ENSG00000108602']",0.19487204,fold_1
4.1,ann_finest_level,Goblet (bronchial),1670,0.09214326978625072,0.08158567774936061,0.19101796407185628,486084,3591,1351,319,4,"['ENSG00000079841', 'ENSG00000127324', 'ENSG00000171988', 'ENSG00000250479']","['ENSG00000079841', 'ENSG00000127324', 'ENSG00000171988', 'ENSG00000250479']",0.08643967,fold_1
4.1,ann_finest_level,Goblet (subsegmental),968,0.05362559583995378,0.04366362834460453,0.6136363636363636,477367,13010,374,594,1,['ENSG00000127324'],['ENSG00000127324'],0.23126604,fold_1
4.1,ann_finest_level,AT0,1440,0.007840772014475271,0.006309148264984227,0.2708333333333333,428480,61425,1050,390,2,"['ENSG00000125970', 'ENSG00000250479']","['ENSG00000125970', 'ENSG00000250479']",0.02944367,fold_1
4.1,ann_finest_level,pre-TB secretory,4393,0.04743796655495607,0.03867384134698837,0.5071704985203733,431570,55382,2165,2228,1,['ENSG00000127324'],['ENSG00000127324'],0.03558066,fold_1
4.1,ann_finest_level,Ionocyte,561,0.12422360248447205,0.16216216216216217,0.06417112299465241,490598,186,525,36,4,"['ENSG00000135241', 'ENSG00000183844', 'ENSG00000250479', 'ENSG00000116171']","['ENSG00000135241', 'ENSG00000183844', 'ENSG00000250479', 'ENSG00000171314', 'ENSG00000116171', 'ENSG00000232388', 'ENSG00000160075', 'ENSG00000136938']",0.16198985,fold_1
4.1,ann_finest_level,Tuft,165,0.05837711617046118,0.05167958656330749,0.12121212121212122,490813,367,145,20,6,"['ENSG00000213676', 'ENSG00000079462', 'ENSG00000179958', 'ENSG00000214022', 'ENSG00000118579', 'ENSG00000183844']","['ENSG00000213676', 'ENSG00000079462', 'ENSG00000179958', 'ENSG00000214022', 'ENSG00000118579', 'ENSG00000183844', 'ENSG00000088205', 'ENSG00000135624', 'ENSG00000171988', 'ENSG00000145912']",0.3026143,fold_1
4.1,ann_finest_level,Neuroendocrine,159,0.7377049180327869,0.9402985074626866,0.39622641509433965,491182,4,96,63,2,"['ENSG00000173826', 'ENSG00000165731']","['ENSG00000173826', 'ENSG00000165731', 'ENSG00000100647', 'ENSG00000138032', 'ENSG00000158604', 'ENSG00000183828', 'ENSG00000118579', 'ENSG00000183844', 'ENSG00000214022', 'ENSG00000079462']",1.0,fold_1
4.1,ann_finest_level,SMG serous (nasal),1472,0.07430142195767196,0.06130627557980901,0.48845108695652173,478864,11009,753,719,2,"['ENSG00000184709', 'ENSG00000232388']","['ENSG00000184709', 'ENSG00000100353', 'ENSG00000145912', 'ENSG00000232388']",0.11503055,fold_1
4.1,ann_finest_level,SMG serous (bronchial),1417,0.06437128098849167,0.05266876485323399,0.5786873676781934,475179,14749,597,820,1,['ENSG00000184709'],['ENSG00000184709'],0.24482301,fold_1
4.1,ann_finest_level,SMG mucous,537,0.36231884057971014,0.7222222222222222,0.12104283054003724,490783,25,472,65,3,"['ENSG00000184709', 'ENSG00000127324', 'ENSG00000138772']","['ENSG00000154305', 'ENSG00000183844', 'ENSG00000184709', 'ENSG00000127324', 'ENSG00000138772', 'ENSG00000174695', 'ENSG00000232388', 'ENSG00000116171', 'ENSG00000145912', 'ENSG00000160075']",0.26379278,fold_1
4.1,ann_finest_level,SMG duct,1274,0.14986655717511804,0.13793103448275862,0.22919937205651492,488246,1825,982,292,5,"['ENSG00000184709', 'ENSG00000138772', 'ENSG00000163110', 'ENSG00000171988', 'ENSG00000088205']","['ENSG00000184709', 'ENSG00000138772', 'ENSG00000163110', 'ENSG00000127324', 'ENSG00000171988', 'ENSG00000088205', 'ENSG00000125970', 'ENSG00000130706', 'ENSG00000135624', 'ENSG00000100353']",0.10429987,fold_1
4.1,ann_finest_level,AT1,7937,0.35249367579444946,0.33041973171787103,0.48103817563311074,475671,7737,4119,3818,1,['ENSG00000138772'],"['ENSG00000138772', 'ENSG00000100234']",0.33312157,fold_1
4.1,ann_finest_level,AT2,31248,0.11873387347770649,0.10307110718915798,0.3027713773681516,377767,82330,21787,9461,3,"['ENSG00000232388', 'ENSG00000116171', 'ENSG00000136938']","['ENSG00000232388', 'ENSG00000116171', 'ENSG00000136938']",0.03967095,fold_1
4.1,ann_finest_level,AT2 proliferating,976,0.056207233626588464,0.051054384017758046,0.0942622950819672,488659,1710,884,92,5,"['ENSG00000106628', 'ENSG00000183828', 'ENSG00000079462', 'ENSG00000154473', 'ENSG00000138772']","['ENSG00000106628', 'ENSG00000183828', 'ENSG00000079462', 'ENSG00000158604', 'ENSG00000154473', 'ENSG00000138772', 'ENSG00000125970', 'ENSG00000136938', 'ENSG00000135624', 'ENSG00000145912']",0.20122433,fold_1
4.1,ann_finest_level,EC arterial,7391,0.20391928084643737,0.2029023746701847,0.2080909213908808,477912,6042,5853,1538,2,"['ENSG00000002549', 'ENSG00000141753']","['ENSG00000139567', 'ENSG00000002549', 'ENSG00000141753', 'ENSG00000100234']",0.08548829,fold_1
4.1,ann_finest_level,EC aerocyte capillary,7157,0.4109994086339444,0.423033797853596,0.3690093614643007,480586,3602,4516,2641,3,"['ENSG00000139567', 'ENSG00000138772', 'ENSG00000100234']","['ENSG00000139567', 'ENSG00000138772', 'ENSG00000141753', 'ENSG00000100234']",0.2576697,fold_1
4.1,ann_finest_level,EC general capillary,16048,0.45888735109485446,0.45791972378075096,0.4627991026919242,466505,8792,8621,7427,2,"['ENSG00000139567', 'ENSG00000100234']","['ENSG00000139567', 'ENSG00000141753', 'ENSG00000100234']",0.21435484,fold_1
4.1,ann_finest_level,EC venous systemic,6557,0.09012245048330869,0.07434280504482602,0.5969193228610645,436054,48734,2643,3914,1,['ENSG00000141753'],"['ENSG00000141753', 'ENSG00000100234']",0.0763632,fold_1
4.1,ann_finest_level,EC venous pulmonary,6418,0.1283458719447225,0.10634977258539195,0.7432221875973823,444845,40082,1648,4770,1,['ENSG00000100234'],"['ENSG00000141753', 'ENSG00000100234']",0.07975373,fold_1
4.1,ann_finest_level,Lymphatic EC mature,4001,0.07023829643400371,0.057752702815374785,0.5193701574606349,453441,33903,1923,2078,2,"['ENSG00000141753', 'ENSG00000100234']","['ENSG00000141753', 'ENSG00000100234']",0.0696699,fold_1
4.1,ann_finest_level,Lymphatic EC proliferating,28,0.0056179775280898875,0.0045662100456621,0.07142857142857142,490881,436,26,2,5,"['ENSG00000154473', 'ENSG00000138772', 'ENSG00000175203', 'ENSG00000125970', 'ENSG00000135624']","['ENSG00000154473', 'ENSG00000138772', 'ENSG00000175203', 'ENSG00000171988', 'ENSG00000125970', 'ENSG00000135624', 'ENSG00000141753', 'ENSG00000145912', 'ENSG00000171314', 'ENSG00000136938']",0.12537766,fold_1
4.1,ann_finest_level,Lymphatic EC differentiating,566,0.04923655676034521,0.042020774315391876,0.15724381625441697,488750,2029,477,89,2,"['ENSG00000171988', 'ENSG00000100234']","['ENSG00000171988', 'ENSG00000141753', 'ENSG00000100234']",0.13704662,fold_1
4.1,ann_finest_level,Peribronchial fibroblasts,1573,0.1989977835597957,0.18764198091776466,0.26255562619198985,487984,1788,1160,413,2,"['ENSG00000100234', 'ENSG00000100097']","['ENSG00000141753', 'ENSG00000100234', 'ENSG00000100097']",0.057724215,fold_1
4.1,ann_finest_level,Adventitial fibroblasts,10321,0.7721014600493622,0.8911961558263257,0.5031489196783258,480390,634,5128,5193,2,"['ENSG00000166147', 'ENSG00000141753']","['ENSG00000166147', 'ENSG00000177363', 'ENSG00000164294', 'ENSG00000168938', 'ENSG00000141753', 'ENSG00000174695', 'ENSG00000171988', 'ENSG00000088205', 'ENSG00000135624', 'ENSG00000100234']",0.56268644,fold_1
4.1,ann_finest_level,Alveolar fibroblasts,5182,0.10819273137525828,0.08949355143126769,0.6588189888074103,451429,34734,1768,3414,1,['ENSG00000100234'],['ENSG00000100234'],0.07773572,fold_1
4.1,ann_finest_level,Pericytes,3032,0.36514380747407554,0.34298185159660005,0.49241424802110817,485453,2860,1539,1493,2,"['ENSG00000091136', 'ENSG00000100234']","['ENSG00000091136', 'ENSG00000100234']",0.5274141,fold_1
4.1,ann_finest_level,Subpleural fibroblasts,276,0.4610655737704918,0.5142857142857142,0.32608695652173914,490984,85,186,90,3,"['ENSG00000184937', 'ENSG00000002549', 'ENSG00000141753']","['ENSG00000184937', 'ENSG00000168938', 'ENSG00000002549', 'ENSG00000141753', 'ENSG00000186298', 'ENSG00000088205', 'ENSG00000135624', 'ENSG00000130706', 'ENSG00000145912', 'ENSG00000171314']",0.11785966,fold_1
4.1,ann_finest_level,Myofibroblasts,716,0.06121281464530892,0.051061799093295154,0.2988826815642458,486652,3977,502,214,2,"['ENSG00000127324', 'ENSG00000100234']","['ENSG00000127324', 'ENSG00000100234']",0.08555709,fold_1
4.1,ann_finest_level,Smooth muscle,2996,0.12473903966597077,0.10527861390499964,0.4786381842456609,476162,12187,1562,1434,2,"['ENSG00000100234', 'ENSG00000100097']","['ENSG00000100234', 'ENSG00000100097']",0.04919839,fold_1
4.1,ann_finest_level,Smooth muscle FAM83D+,335,0.03560561921408688,0.029115934356802542,0.3283582089552239,487342,3668,225,110,2,"['ENSG00000100234', 'ENSG00000100097']","['ENSG00000100234', 'ENSG00000100097']",0.044785917,fold_1
4.1,ann_finest_level,SM activated stress response,556,0.13692579505300354,0.2152777777777778,0.05575539568345324,490676,113,525,31,4,"['ENSG00000204569', 'ENSG00000165494', 'ENSG00000163110', 'ENSG00000175203']","['ENSG00000204569', 'ENSG00000165494', 'ENSG00000163110', 'ENSG00000175203', 'ENSG00000088205', 'ENSG00000125970', 'ENSG00000141753', 'ENSG00000130706', 'ENSG00000100234', 'ENSG00000135624']",0.50382257,fold_1
4.1,ann_finest_level,Mesothelium,230,0.012669609285597514,0.010329890036654448,0.13478260869565217,488145,2970,199,31,6,"['ENSG00000163110', 'ENSG00000141753', 'ENSG00000175203', 'ENSG00000135624', 'ENSG00000171314', 'ENSG00000145912']","['ENSG00000163110', 'ENSG00000141753', 'ENSG00000175203', 'ENSG00000135624', 'ENSG00000171314', 'ENSG00000145912', 'ENSG00000232388', 'ENSG00000116171', 'ENSG00000136938', 'ENSG00000100097']",0.05198317,fold_1
4.1,ann_finest_level,Hematopoietic stem cells,60,0.06648936170212766,0.06329113924050633,0.08333333333333333,491211,74,55,5,6,"['ENSG00000104903', 'ENSG00000100060', 'ENSG00000118579', 'ENSG00000079462', 'ENSG00000137161', 'ENSG00000186298']","['ENSG00000104903', 'ENSG00000100060', 'ENSG00000118579', 'ENSG00000079462', 'ENSG00000137161', 'ENSG00000186298', 'ENSG00000100353', 'ENSG00000125970', 'ENSG00000088205', 'ENSG00000135624']",0.22113714,fold_1
4.1,ann_finest_level,Plasma cells,1773,0.015835178978991893,0.012737515752019965,0.5815002820078963,409661,79911,742,1031,1,['ENSG00000118363'],['ENSG00000118363'],0.048894487,fold_1
4.1,ann_finest_level,T cells proliferating,500,0.2781413612565445,0.33073929961089493,0.17,490673,172,415,85,5,"['ENSG00000182866', 'ENSG00000142230', 'ENSG00000154473', 'ENSG00000125970', 'ENSG00000186298']","['ENSG00000182866', 'ENSG00000142230', 'ENSG00000188042', 'ENSG00000154473', 'ENSG00000125970', 'ENSG00000186298', 'ENSG00000174695', 'ENSG00000175203', 'ENSG00000137161', 'ENSG00000130706']",0.28550193,fold_1
4.1,ann_finest_level,DC1,322,0.027728762288883286,0.023121387283236993,0.13664596273291926,489164,1859,278,44,5,"['ENSG00000138964', 'ENSG00000188042', 'ENSG00000182287', 'ENSG00000002549', 'ENSG00000171988']","['ENSG00000138964', 'ENSG00000188042', 'ENSG00000182287', 'ENSG00000002549', 'ENSG00000171988', 'ENSG00000137161', 'ENSG00000066336', 'ENSG00000125970', 'ENSG00000100353', 'ENSG00000130706']",0.20639831,fold_1
4.1,ann_finest_level,DC2,9133,0.11796917940679519,0.10061055007378686,0.3807073250848571,451130,31082,5656,3477,2,"['ENSG00000182287', 'ENSG00000066336']","['ENSG00000182287', 'ENSG00000066336']",0.10055369,fold_1
4.1,ann_finest_level,Migratory DCs,312,0.42592592592592593,0.8070175438596491,0.14743589743589744,491022,11,266,46,4,"['ENSG00000107551', 'ENSG00000214022', 'ENSG00000002549', 'ENSG00000066336']","['ENSG00000107551', 'ENSG00000214022', 'ENSG00000002549', 'ENSG00000066336', 'ENSG00000125970', 'ENSG00000100353', 'ENSG00000171314', 'ENSG00000100097']",0.2338113,fold_1
4.1,ann_finest_level,Plasmacytoid DCs,552,0.040697674418604654,0.035398230088495575,0.10144927536231885,489267,1526,496,56,2,"['ENSG00000188042', 'ENSG00000137161']","['ENSG00000188042', 'ENSG00000137161']",0.27008945,fold_1
4.1,ann_finest_level,Alveolar macrophages,31248,0.36704446381865735,0.44526705446853515,0.2155657962109575,451705,8392,24512,6736,4,"['ENSG00000106605', 'ENSG00000168938', 'ENSG00000002549', 'ENSG00000137161']","['ENSG00000106605', 'ENSG00000168938', 'ENSG00000002549', 'ENSG00000137161', 'ENSG00000174695', 'ENSG00000171988', 'ENSG00000066336', 'ENSG00000186298', 'ENSG00000088205', 'ENSG00000130706']",0.11214946,fold_1
4.1,ann_finest_level,Alveolar Mph CCL3+,8065,0.4405473116207362,0.5114093959731544,0.28344699318040917,481096,2184,5779,2286,4,"['ENSG00000014914', 'ENSG00000121797', 'ENSG00000134375', 'ENSG00000106605']","['ENSG00000014914', 'ENSG00000121797', 'ENSG00000140678', 'ENSG00000134375', 'ENSG00000106605', 'ENSG00000139567', 'ENSG00000163110', 'ENSG00000168938', 'ENSG00000002549', 'ENSG00000137161']",0.7072574,fold_1
4.1,ann_finest_level,Alveolar Mph MT-positive,1203,0.03216871482916396,0.026289398280802293,0.3050706566916043,476549,13593,836,367,2,"['ENSG00000066336', 'ENSG00000250479']","['ENSG00000066336', 'ENSG00000250479', 'ENSG00000136938']",0.07650813,fold_1
4.1,ann_finest_level,Alveolar Mph proliferating,1061,0.1091961584002105,0.10152905198776759,0.15645617342130066,488815,1469,895,166,6,"['ENSG00000128708', 'ENSG00000147251', 'ENSG00000106605', 'ENSG00000154473', 'ENSG00000182287', 'ENSG00000137161']","['ENSG00000128708', 'ENSG00000147251', 'ENSG00000106605', 'ENSG00000154473', 'ENSG00000182287', 'ENSG00000137161', 'ENSG00000186298', 'ENSG00000174695', 'ENSG00000168938', 'ENSG00000125970']",0.21059176,fold_1
4.1,ann_finest_level,Monocyte-derived Mph,28223,0.30838792321692426,0.30049124107887665,0.3446125500478333,440481,22641,18497,9726,3,"['ENSG00000137161', 'ENSG00000066336', 'ENSG00000250479']","['ENSG00000137161', 'ENSG00000174695', 'ENSG00000066336', 'ENSG00000250479', 'ENSG00000171314', 'ENSG00000136938']",0.092135474,fold_1
4.1,ann_finest_level,Interstitial Mph perivascular,4805,0.09176419709706192,0.08436878727634195,0.1413111342351717,479171,7369,4126,679,4,"['ENSG00000182287', 'ENSG00000171988', 'ENSG00000066336', 'ENSG00000250479']","['ENSG00000182287', 'ENSG00000137161', 'ENSG00000171988', 'ENSG00000066336', 'ENSG00000250479']",0.085428804,fold_1
4.1,ann_finest_level,Classical monocytes,17695,0.28607919605596493,0.28116121700501057,0.3076010172365075,459734,13916,12252,5443,2,"['ENSG00000182287', 'ENSG00000066336']","['ENSG00000182287', 'ENSG00000066336']",0.14301997,fold_1
4.1,ann_finest_level,Non-classical monocytes,8834,0.16022661886425,0.15933098591549297,0.16391215757301336,474871,7640,7386,1448,4,"['ENSG00000182287', 'ENSG00000066336', 'ENSG00000171314', 'ENSG00000250479']","['ENSG00000182287', 'ENSG00000066336', 'ENSG00000171314', 'ENSG00000250479']",0.0733477,fold_1
4.1,ann_finest_level,Basal resting,31248,0.12653917616678215,0.11543019247342717,0.20574116743471582,410830,49267,24819,6429,1,['ENSG00000115944'],['ENSG00000115944'],0.029860139,fold_2
4.1,ann_finest_level,Suprabasal,31248,0.43771229432264325,0.5342935989769132,0.2540322580645161,453178,6919,23310,7938,4,"['ENSG00000170899', 'ENSG00000151150', 'ENSG00000048649', 'ENSG00000130560']","['ENSG00000170899', 'ENSG00000151150', 'ENSG00000048649', 'ENSG00000163636', 'ENSG00000130560', 'ENSG00000177426', 'ENSG00000156256', 'ENSG00000162961', 'ENSG00000085871', 'ENSG00000079459']",0.16040644,fold_2
4.1,ann_finest_level,Hillock-like,4600,0.17649867763737878,0.1699080622347949,0.20891304347826087,482050,4695,3639,961,5,"['ENSG00000058085', 'ENSG00000121892', 'ENSG00000132466', 'ENSG00000069399', 'ENSG00000126768']","['ENSG00000058085', 'ENSG00000121892', 'ENSG00000132466', 'ENSG00000036257', 'ENSG00000069399', 'ENSG00000126768', 'ENSG00000163636', 'ENSG00000125656', 'ENSG00000162961', 'ENSG00000108561']",0.49251714,fold_2
4.1,ann_finest_level,Deuterosomal,1004,0.3081232492997199,0.3801295896328294,0.1752988047808765,490054,287,828,176,4,"['ENSG00000064115', 'ENSG00000104218', 'ENSG00000104889', 'ENSG00000122417']","['ENSG00000064115', 'ENSG00000104218', 'ENSG00000104889', 'ENSG00000130560', 'ENSG00000122417', 'ENSG00000177426', 'ENSG00000162961', 'ENSG00000156256', 'ENSG00000103534', 'ENSG00000085871']",0.2645255,fold_2
4.1,ann_finest_level,Multiciliated (nasal),4869,0.20433581131047368,0.20169035728006146,0.21565003080714726,482320,4156,3819,1050,3,"['ENSG00000196118', 'ENSG00000109083', 'ENSG00000151150']","['ENSG00000196118', 'ENSG00000109083', 'ENSG00000151150', 'ENSG00000104218', 'ENSG00000130560', 'ENSG00000122417', 'ENSG00000162961', 'ENSG00000103534', 'ENSG00000156256', 'ENSG00000119801']",0.40978584,fold_2
4.1,ann_finest_level,Multiciliated (non-nasal),31248,0.621393101597101,0.7641840313596039,0.35560675883256526,456668,3429,20136,11112,2,"['ENSG00000104218', 'ENSG00000103534']","['ENSG00000104218', 'ENSG00000122417', 'ENSG00000130560', 'ENSG00000103534', 'ENSG00000162961', 'ENSG00000115306']",0.26660532,fold_2
4.1,ann_finest_level,Club (non-nasal),9955,0.08931433615923695,0.07514055141796154,0.363837267704671,436809,44581,6333,3622,2,"['ENSG00000122417', 'ENSG00000103534']","['ENSG00000122417', 'ENSG00000103534']",0.08018136,fold_2
4.1,ann_finest_level,Club (nasal),26068,0.13999896469613832,0.12947005601034037,0.20749578026699403,428908,36369,20659,5409,2,"['ENSG00000085871', 'ENSG00000108561']","['ENSG00000085871', 'ENSG00000108561']",0.047632102,fold_2
4.1,ann_finest_level,Goblet (nasal),31248,0.27306033006916386,0.23983159160965342,0.6125192012288786,399431,60666,12108,19140,1,['ENSG00000103534'],['ENSG00000103534'],0.12405331,fold_2
4.1,ann_finest_level,Goblet (bronchial),1670,0.06020565826629016,0.05040704806512769,0.27065868263473053,481160,8515,1218,452,3,"['ENSG00000206072', 'ENSG00000122417', 'ENSG00000103534']","['ENSG00000206072', 'ENSG00000122417', 'ENSG00000103534']",0.13310578,fold_2
4.1,ann_finest_level,Goblet (subsegmental),968,0.006756481641710522,0.005418533220404706,0.5485537190082644,392911,97466,437,531,1,['ENSG00000103534'],['ENSG00000103534'],0.06550394,fold_2
4.1,ann_finest_level,AT0,1440,0.008648178567977583,0.006967013719957186,0.24861111111111112,438878,51027,1082,358,2,"['ENSG00000115944', 'ENSG00000265681']","['ENSG00000115944', 'ENSG00000265681']",0.039869517,fold_2
4.1,ann_finest_level,pre-TB secretory,4393,0.03000728117852126,0.024267176858947033,0.5572501707261552,388523,98429,1945,2448,1,['ENSG00000103534'],['ENSG00000103534'],0.06559504,fold_2
4.1,ann_finest_level,Ionocyte,561,0.30657748049052397,0.6547619047619048,0.09803921568627451,490755,29,506,55,3,"['ENSG00000116039', 'ENSG00000183087', 'ENSG00000079459']","['ENSG00000116039', 'ENSG00000183087', 'ENSG00000079459', 'ENSG00000133318', 'ENSG00000103266', 'ENSG00000115306', 'ENSG00000108561', 'ENSG00000115944', 'ENSG00000133226']",0.089717925,fold_2
4.1,ann_finest_level,Tuft,165,0.005399003796718799,0.004344170403587444,0.18787878787878787,484075,7105,134,31,6,"['ENSG00000140443', 'ENSG00000048649', 'ENSG00000177426', 'ENSG00000126768', 'ENSG00000163636', 'ENSG00000156256']","['ENSG00000140443', 'ENSG00000048649', 'ENSG00000177426', 'ENSG00000126768', 'ENSG00000163636', 'ENSG00000156256', 'ENSG00000162961', 'ENSG00000079459', 'ENSG00000108561', 'ENSG00000085871']",0.22863777,fold_2
4.1,ann_finest_level,Neuroendocrine,159,0.7177615571776156,0.9365079365079365,0.3710691823899371,491182,4,100,59,3,"['ENSG00000163618', 'ENSG00000021300', 'ENSG00000180773']","['ENSG00000163618', 'ENSG00000021300', 'ENSG00000180773', 'ENSG00000135525', 'ENSG00000196998', 'ENSG00000112773', 'ENSG00000151150', 'ENSG00000064115', 'ENSG00000048649', 'ENSG00000214194']",1.0,fold_2
4.1,ann_finest_level,SMG serous (nasal),1472,0.005582073647668849,0.004474703887983797,0.5523097826086957,308998,180875,659,813,1,['ENSG00000133318'],['ENSG00000133318'],0.03550445,fold_2
4.1,ann_finest_level,SMG mucous,537,0.9138381201044387,0.914179104477612,0.9124767225325885,490762,46,47,490,1,['ENSG00000078898'],"['ENSG00000078898', 'ENSG00000079459', 'ENSG00000103266', 'ENSG00000115944']",1.0,fold_2
4.1,ann_finest_level,SMG duct,1274,0.028416199020624085,0.023262618873445502,0.24960753532182103,476719,13352,956,318,6,"['ENSG00000048649', 'ENSG00000103534', 'ENSG00000119801', 'ENSG00000156256', 'ENSG00000162961', 'ENSG00000133318']","['ENSG00000048649', 'ENSG00000103534', 'ENSG00000119801', 'ENSG00000156256', 'ENSG00000162961', 'ENSG00000133318', 'ENSG00000079459', 'ENSG00000085871', 'ENSG00000103266', 'ENSG00000108561']",0.07826153,fold_2
4.1,ann_finest_level,AT1,7937,0.2140335978344524,0.21691769768692845,0.20322540002519843,477585,5823,6324,1613,2,"['ENSG00000183087', 'ENSG00000115306']","['ENSG00000183087', 'ENSG00000115306']",0.1252432,fold_2
4.1,ann_finest_level,AT2,31248,0.3996754788665506,0.4248096580153956,0.32318868407578083,446423,13674,21149,10099,2,"['ENSG00000170899', 'ENSG00000079459']","['ENSG00000170899', 'ENSG00000079459', 'ENSG00000115306', 'ENSG00000108561', 'ENSG00000115944', 'ENSG00000099860']",0.3759774,fold_2
4.1,ann_finest_level,AT2 proliferating,976,0.05004922874958976,0.04352479486264716,0.125,487688,2681,854,122,5,"['ENSG00000126768', 'ENSG00000120802', 'ENSG00000125656', 'ENSG00000079459', 'ENSG00000162961']","['ENSG00000126768', 'ENSG00000120802', 'ENSG00000125656', 'ENSG00000079459', 'ENSG00000162961', 'ENSG00000156256', 'ENSG00000133318', 'ENSG00000103266', 'ENSG00000108561', 'ENSG00000115306']",0.1643508,fold_2
4.1,ann_finest_level,EC arterial,7391,0.13732586386396312,0.17339593114241,0.07495602760113652,481313,2641,6837,554,2,"['ENSG00000085871', 'ENSG00000099860']","['ENSG00000085871', 'ENSG00000115306', 'ENSG00000099860']",0.0482376,fold_2
4.1,ann_finest_level,EC aerocyte capillary,7157,0.16788895445221838,0.1681204276871131,0.16696940058683807,478275,5913,5962,1195,3,"['ENSG00000115306', 'ENSG00000099860', 'ENSG00000142227']","['ENSG00000115306', 'ENSG00000099860', 'ENSG00000142227']",0.050763268,fold_2
4.1,ann_finest_level,EC general capillary,16048,0.23166010668600134,0.20681384730971508,0.4459745762711864,447848,27449,8891,7157,1,['ENSG00000115306'],['ENSG00000115306'],0.07862947,fold_2
4.1,ann_finest_level,EC venous systemic,6557,0.11089523892684844,0.10353612554774279,0.15494890956229984,475991,8797,5541,1016,2,"['ENSG00000085871', 'ENSG00000115306']","['ENSG00000085871', 'ENSG00000115306']",0.07288747,fold_2
4.1,ann_finest_level,EC venous pulmonary,6418,0.1164366294825739,0.11676410175383158,0.11514490495481458,479337,5590,5679,739,2,"['ENSG00000115306', 'ENSG00000099860']","['ENSG00000115306', 'ENSG00000099860']",0.056871027,fold_2
4.1,ann_finest_level,Lymphatic EC mature,4001,0.10268662384101769,0.09405797101449276,0.16220944763809048,481093,6251,3352,649,2,"['ENSG00000085871', 'ENSG00000115306']","['ENSG00000085871', 'ENSG00000115306']",0.08847455,fold_2
4.1,ann_finest_level,Lymphatic EC proliferating,28,0.2777777777777778,1.0,0.07142857142857142,491317,0,26,2,4,"['ENSG00000147113', 'ENSG00000166451', 'ENSG00000104889', 'ENSG00000085871']","['ENSG00000147113', 'ENSG00000166451', 'ENSG00000104889', 'ENSG00000120802', 'ENSG00000125656', 'ENSG00000085871', 'ENSG00000115306', 'ENSG00000079459', 'ENSG00000103266', 'ENSG00000133226']",0.43644738,fold_2
4.1,ann_finest_level,Lymphatic EC differentiating,566,0.032160672092412704,0.027793533749290982,0.08657243816254417,489065,1714,517,49,2,"['ENSG00000115306', 'ENSG00000099860']","['ENSG00000115306', 'ENSG00000099860']",0.07706083,fold_2
4.1,ann_finest_level,Peribronchial fibroblasts,1573,0.19378009314073724,0.17700072098053352,0.31214240305149393,487489,2283,1082,491,2,"['ENSG00000182326', 'ENSG00000142227']","['ENSG00000182326', 'ENSG00000142227']",0.11594501,fold_2
4.1,ann_finest_level,Adventitial fibroblasts,10321,0.6684605579946183,0.7556836375280179,0.45732002712915415,479498,1526,5601,4720,3,"['ENSG00000182326', 'ENSG00000133318', 'ENSG00000115306']","['ENSG00000112773', 'ENSG00000182326', 'ENSG00000169554', 'ENSG00000133318', 'ENSG00000115306', 'ENSG00000103266', 'ENSG00000099860', 'ENSG00000108561', 'ENSG00000142227', 'ENSG00000115944']",0.078047834,fold_2
4.1,ann_finest_level,Alveolar fibroblasts,5182,0.30087527352297594,0.3869606003752345,0.15920494017753764,484856,1307,4357,825,2,"['ENSG00000182326', 'ENSG00000099860']","['ENSG00000182326', 'ENSG00000115306', 'ENSG00000099860']",0.10636209,fold_2
4.1,ann_finest_level,Pericytes,3032,0.20947670708359922,0.18553059205878197,0.4330474934036939,482549,5764,1719,1313,1,['ENSG00000183087'],['ENSG00000183087'],0.3091797,fold_2
4.1,ann_finest_level,Subpleural fibroblasts,276,0.14714285714285713,0.12779156327543426,0.37318840579710144,490366,703,173,103,4,"['ENSG00000177426', 'ENSG00000182326', 'ENSG00000108561', 'ENSG00000265681']","['ENSG00000177426', 'ENSG00000182326', 'ENSG00000133318', 'ENSG00000103266', 'ENSG00000108561', 'ENSG00000265681', 'ENSG00000115944', 'ENSG00000142227', 'ENSG00000099860']",0.10903853,fold_2
4.1,ann_finest_level,Myofibroblasts,716,0.12107329842931937,0.18226600985221675,0.051675977653631286,490463,166,679,37,3,"['ENSG00000183087', 'ENSG00000182326', 'ENSG00000099860']","['ENSG00000183087', 'ENSG00000182326', 'ENSG00000099860', 'ENSG00000142227']",0.12311729,fold_2
4.1,ann_finest_level,Smooth muscle FAM83D+,335,0.037046339319352,0.03093864708966964,0.1761194029850746,489162,1848,276,59,2,"['ENSG00000183087', 'ENSG00000182326']","['ENSG00000183087', 'ENSG00000182326']",0.063145295,fold_2
4.1,ann_finest_level,SM activated stress response,556,0.23327464788732394,0.36551724137931035,0.09532374100719425,490697,92,503,53,4,"['ENSG00000115419', 'ENSG00000099860', 'ENSG00000103266', 'ENSG00000133226']","['ENSG00000115419', 'ENSG00000099860', 'ENSG00000169554', 'ENSG00000103266', 'ENSG00000108561', 'ENSG00000133226', 'ENSG00000142227']",0.08776514,fold_2
4.1,ann_finest_level,Mesothelium,230,0.25675675675675674,0.5428571428571428,0.08260869565217391,491099,16,211,19,3,"['ENSG00000101000', 'ENSG00000182326', 'ENSG00000133318']","['ENSG00000101000', 'ENSG00000105509', 'ENSG00000069399', 'ENSG00000182326', 'ENSG00000183087', 'ENSG00000133318', 'ENSG00000103266', 'ENSG00000240972', 'ENSG00000108561', 'ENSG00000265681']",0.14210427,fold_2
4.1,ann_finest_level,Hematopoietic stem cells,60,0.008992805755395683,0.0073937153419593345,0.06666666666666667,490748,537,56,4,6,"['ENSG00000064115', 'ENSG00000048649', 'ENSG00000169554', 'ENSG00000133318', 'ENSG00000130592', 'ENSG00000085871']","['ENSG00000064115', 'ENSG00000048649', 'ENSG00000169554', 'ENSG00000133318', 'ENSG00000130592', 'ENSG00000085871', 'ENSG00000108561', 'ENSG00000115944', 'ENSG00000265681', 'ENSG00000142227']",0.065388024,fold_2
4.1,ann_finest_level,B cells,4511,0.05118992035619794,0.04224133117426992,0.3354023498115717,452529,34305,2998,1513,1,['ENSG00000119801'],['ENSG00000119801'],0.14441186,fold_2
4.1,ann_finest_level,Plasma cells,1773,0.009834718795503678,0.007904678257372937,0.4213197969543147,395818,93754,1026,747,2,"['ENSG00000130592', 'ENSG00000142227']","['ENSG00000130592', 'ENSG00000142227']",0.023998184,fold_2
4.1,ann_finest_level,CD4 T cells,21285,0.26976199668713335,0.29365509761388287,0.20352360817477097,459640,10420,16953,4332,2,"['ENSG00000196405', 'ENSG00000265681']","['ENSG00000196405', 'ENSG00000142227', 'ENSG00000265681']",0.10397418,fold_2
4.1,ann_finest_level,CD8 T cells,29074,0.3208120755388087,0.30611162667373726,0.39709018366925775,436101,26170,17529,11545,1,['ENSG00000196405'],"['ENSG00000196405', 'ENSG00000142227']",0.14296071,fold_2
4.1,ann_finest_level,T cells proliferating,500,0.3017241379310345,0.42424242424242425,0.14,490750,95,430,70,5,"['ENSG00000091039', 'ENSG00000120802', 'ENSG00000104889', 'ENSG00000196405', 'ENSG00000130592']","['ENSG00000091039', 'ENSG00000120802', 'ENSG00000104889', 'ENSG00000125656', 'ENSG00000196405', 'ENSG00000130592', 'ENSG00000156256', 'ENSG00000079459', 'ENSG00000108561', 'ENSG00000103266']",0.17680113,fold_2
4.1,ann_finest_level,NK cells,16978,0.3090210409328084,0.2942732857975694,0.38650017669925785,458630,15737,10416,6562,2,"['ENSG00000196405', 'ENSG00000130592']","['ENSG00000196405', 'ENSG00000130592', 'ENSG00000142227']",0.1534962,fold_2
4.1,ann_finest_level,DC1,322,0.7332761578044596,0.8104265402843602,0.531055900621118,490983,40,151,171,2,"['ENSG00000197992', 'ENSG00000109083']","['ENSG00000197992', 'ENSG00000100079', 'ENSG00000198399', 'ENSG00000109083', 'ENSG00000130592', 'ENSG00000119801', 'ENSG00000196405', 'ENSG00000108561', 'ENSG00000099860', 'ENSG00000142227']",0.7263111,fold_2
4.1,ann_finest_level,DC2,9133,0.10993046048396601,0.09588391127278478,0.2655206394393956,459346,22866,6708,2425,3,"['ENSG00000130592', 'ENSG00000099860', 'ENSG00000142227']","['ENSG00000130592', 'ENSG00000099860', 'ENSG00000142227']",0.039395206,fold_2
4.1,ann_finest_level,Migratory DCs,312,0.3207236842105263,0.527027027027027,0.125,490998,35,273,39,3,"['ENSG00000104856', 'ENSG00000100079', 'ENSG00000130592']","['ENSG00000104856', 'ENSG00000100079', 'ENSG00000119801', 'ENSG00000130592', 'ENSG00000099860', 'ENSG00000142227', 'ENSG00000115944']",0.29013696,fold_2
4.1,ann_finest_level,Plasmacytoid DCs,552,0.1444043321299639,0.2302158273381295,0.057971014492753624,490686,107,520,32,3,"['ENSG00000183087', 'ENSG00000119801', 'ENSG00000130592']","['ENSG00000183087', 'ENSG00000119801', 'ENSG00000130592', 'ENSG00000142227']",0.11920405,fold_2
4.1,ann_finest_level,Alveolar macrophages,31248,0.41741298774277386,0.46019069744930063,0.3042754736303123,448944,11153,21740,9508,3,"['ENSG00000214194', 'ENSG00000196405', 'ENSG00000169554']","['ENSG00000156171', 'ENSG00000214194', 'ENSG00000196405', 'ENSG00000169554', 'ENSG00000119801', 'ENSG00000133318', 'ENSG00000130592', 'ENSG00000085871', 'ENSG00000103266', 'ENSG00000115944']",0.079027176,fold_2
4.1,ann_finest_level,Alveolar Mph CCL3+,8065,0.5259009502123747,0.6504197129704847,0.29783013019218846,481989,1291,5663,2402,4,"['ENSG00000088298', 'ENSG00000171860', 'ENSG00000104856', 'ENSG00000214194']","['ENSG00000204577', 'ENSG00000088298', 'ENSG00000171860', 'ENSG00000085231', 'ENSG00000104856', 'ENSG00000214194', 'ENSG00000156171', 'ENSG00000196405', 'ENSG00000162961', 'ENSG00000169554']",0.40079358,fold_2
4.1,ann_finest_level,Alveolar Mph MT-positive,1203,0.015273662693217576,0.012566137566137565,0.11055694098088113,479691,10451,1070,133,4,"['ENSG00000169554', 'ENSG00000142227', 'ENSG00000115944', 'ENSG00000099860']","['ENSG00000169554', 'ENSG00000142227', 'ENSG00000115944', 'ENSG00000099860']",0.04663574,fold_2
4.1,ann_finest_level,Alveolar Mph proliferating,1061,0.3107890499194847,0.3776908023483366,0.18190386427898209,489966,318,868,193,4,"['ENSG00000126883', 'ENSG00000142856', 'ENSG00000088298', 'ENSG00000166451']","['ENSG00000126883', 'ENSG00000142856', 'ENSG00000085231', 'ENSG00000088298', 'ENSG00000166451', 'ENSG00000214194', 'ENSG00000120802', 'ENSG00000104889', 'ENSG00000133318', 'ENSG00000169554']",0.73695207,fold_2
4.1,ann_finest_level,Monocyte-derived Mph,28223,0.2557851686958486,0.23597091066970585,0.3851468660312511,427927,35195,17353,10870,3,"['ENSG00000169554', 'ENSG00000142227', 'ENSG00000099860']","['ENSG00000169554', 'ENSG00000130592', 'ENSG00000142227', 'ENSG00000099860', 'ENSG00000115944']",0.049736265,fold_2
4.1,ann_finest_level,Interstitial Mph perivascular,4805,0.15817346473538385,0.1521849164838873,0.18772112382934444,481515,5025,3903,902,4,"['ENSG00000171860', 'ENSG00000169554', 'ENSG00000142227', 'ENSG00000099860']","['ENSG00000171860', 'ENSG00000169554', 'ENSG00000142227', 'ENSG00000099860']",0.09163735,fold_2
4.1,ann_finest_level,Classical monocytes,17695,0.20625247899614177,0.20957498778700537,0.19395309409437694,460706,12944,14263,3432,3,"['ENSG00000169554', 'ENSG00000130592', 'ENSG00000142227']","['ENSG00000169554', 'ENSG00000130592', 'ENSG00000142227', 'ENSG00000099860']",0.05301918,fold_2
4.1,ann_finest_level,Non-classical monocytes,8834,0.1167895147291892,0.10511122431652233,0.2102105501471587,466701,15810,6977,1857,3,"['ENSG00000169554', 'ENSG00000130592', 'ENSG00000099860']","['ENSG00000169554', 'ENSG00000130592', 'ENSG00000142227', 'ENSG00000099860']",0.069089204,fold_2
4.1,ann_finest_level,Mast cells,6623,0.04584466183978762,0.037240673551028,0.6044088781518949,381235,103487,2620,4003,1,['ENSG00000142227'],['ENSG00000142227'],0.05294626,fold_2
4.1,ann_finest_level,Basal resting,31248,0.15435879716882356,0.13060908084163897,0.5661482334869432,342338,117759,13557,17691,1,['ENSG00000118418'],['ENSG00000118418'],0.04651047,fold_3
4.1,ann_finest_level,Suprabasal,31248,0.43568966852540275,0.4997224072840329,0.28805043522785456,451086,9011,22247,9001,5,"['ENSG00000174775', 'ENSG00000168291', 'ENSG00000130638', 'ENSG00000162772', 'ENSG00000109787']","['ENSG00000174775', 'ENSG00000168291', 'ENSG00000130638', 'ENSG00000162772', 'ENSG00000109787', 'ENSG00000165795', 'ENSG00000013588', 'ENSG00000100941', 'ENSG00000213619', 'ENSG00000166165']",0.1579663,fold_3
4.1,ann_finest_level,Hillock-like,4600,0.3046242124212421,0.32877959927140255,0.23543478260869566,484534,2211,3517,1083,6,"['ENSG00000123064', 'ENSG00000080608', 'ENSG00000065613', 'ENSG00000174775', 'ENSG00000077312', 'ENSG00000126261']","['ENSG00000123064', 'ENSG00000080608', 'ENSG00000065613', 'ENSG00000174775', 'ENSG00000077312', 'ENSG00000126261', 'ENSG00000091140', 'ENSG00000109787', 'ENSG00000213619', 'ENSG00000179091']",0.60420567,fold_3
4.1,ann_finest_level,Deuterosomal,1004,0.15168539325842698,0.16901408450704225,0.10756972111553785,489810,531,896,108,6,"['ENSG00000103540', 'ENSG00000277639', 'ENSG00000145354', 'ENSG00000156256', 'ENSG00000166165', 'ENSG00000100941']","['ENSG00000103540', 'ENSG00000277639', 'ENSG00000145354', 'ENSG00000156256', 'ENSG00000166165', 'ENSG00000100941', 'ENSG00000213619', 'ENSG00000168894', 'ENSG00000126067', 'ENSG00000179091']",0.15698752,fold_3
4.1,ann_finest_level,Multiciliated (nasal),4869,0.2037479360702778,0.17679788565864515,0.5220784555350174,474640,11836,2327,2542,2,"['ENSG00000117477', 'ENSG00000277639']","['ENSG00000188039', 'ENSG00000138036', 'ENSG00000117477', 'ENSG00000178796', 'ENSG00000103540', 'ENSG00000277639', 'ENSG00000156256', 'ENSG00000166165', 'ENSG00000213619', 'ENSG00000118418']",0.70190704,fold_3
4.1,ann_finest_level,Multiciliated (non-nasal),31248,0.7093306322563072,0.773087805556844,0.5333781362007168,455205,4892,14581,16667,1,['ENSG00000178796'],"['ENSG00000178796', 'ENSG00000277639', 'ENSG00000166165', 'ENSG00000118418', 'ENSG00000143742']",0.44470802,fold_3
4.1,ann_finest_level,Club (nasal),26068,0.19724334600760457,0.22612798192570935,0.1305431947214976,453631,11646,22665,3403,3,"['ENSG00000109787', 'ENSG00000110717', 'ENSG00000118418']","['ENSG00000109787', 'ENSG00000179091', 'ENSG00000110717', 'ENSG00000116459', 'ENSG00000143742', 'ENSG00000118418']",0.044368804,fold_3
4.1,ann_finest_level,Goblet (nasal),31248,0.18602673213912163,0.16282599530205386,0.43257168458781364,390599,69498,17731,13517,1,['ENSG00000109787'],['ENSG00000109787'],0.18106067,fold_3
4.1,ann_finest_level,Goblet (bronchial),1670,0.014875601693440817,0.012016865776528461,0.307185628742515,447498,42177,1157,513,3,"['ENSG00000100941', 'ENSG00000013588', 'ENSG00000111011']","['ENSG00000109787', 'ENSG00000162772', 'ENSG00000100941', 'ENSG00000013588', 'ENSG00000111011']",0.04694685,fold_3
4.1,ann_finest_level,AT0,1440,0.1419044665012407,0.14616613418530353,0.12708333333333333,488836,1069,1257,183,4,"['ENSG00000090339', 'ENSG00000013588', 'ENSG00000118418', 'ENSG00000168894']","['ENSG00000090339', 'ENSG00000013588', 'ENSG00000118418', 'ENSG00000168894']",0.12018588,fold_3
4.1,ann_finest_level,pre-TB secretory,4393,0.14113412947457651,0.12079938900203666,0.43205099021170046,473138,13814,2495,1898,2,"['ENSG00000013588', 'ENSG00000111341']","['ENSG00000013588', 'ENSG00000111341']",0.061467584,fold_3
4.1,ann_finest_level,Ionocyte,561,0.04530281354315689,0.049479166666666664,0.0338680926916221,490419,365,542,19,5,"['ENSG00000168291', 'ENSG00000166165', 'ENSG00000179091', 'ENSG00000143742', 'ENSG00000110717']","['ENSG00000168291', 'ENSG00000166165', 'ENSG00000111011', 'ENSG00000179091', 'ENSG00000143742', 'ENSG00000110717', 'ENSG00000134308', 'ENSG00000116459']",0.0544702,fold_3
4.1,ann_finest_level,Tuft,165,0.01130336492478915,0.009174311926605505,0.15757575757575756,488372,2808,139,26,6,"['ENSG00000114796', 'ENSG00000105819', 'ENSG00000155438', 'ENSG00000091140', 'ENSG00000168291', 'ENSG00000013275']","['ENSG00000114796', 'ENSG00000105819', 'ENSG00000155438', 'ENSG00000091140', 'ENSG00000168291', 'ENSG00000013275', 'ENSG00000100941', 'ENSG00000213619', 'ENSG00000166165', 'ENSG00000179091']",0.31672612,fold_3
4.1,ann_finest_level,Neuroendocrine,159,0.7704654895666132,0.8275862068965517,0.6037735849056604,491166,20,63,96,1,['ENSG00000110680'],"['ENSG00000110680', 'ENSG00000183091', 'ENSG00000055118', 'ENSG00000159348', 'ENSG00000165943', 'ENSG00000165475', 'ENSG00000128739', 'ENSG00000113657', 'ENSG00000168291', 'ENSG00000166165']",1.0,fold_3
4.1,ann_finest_level,SMG serous (nasal),1472,0.039215912766252366,0.03191539365452409,0.46127717391304346,469277,20596,793,679,2,"['ENSG00000165795', 'ENSG00000168894']","['ENSG00000165795', 'ENSG00000168894']",0.12864839,fold_3
4.1,ann_finest_level,SMG serous (bronchial),1417,0.06604609093821251,0.05428637806861303,0.4947071277346507,477716,12212,716,701,1,['ENSG00000165795'],['ENSG00000165795'],0.28385854,fold_3
4.1,ann_finest_level,SMG mucous,537,0.9138381201044387,0.914179104477612,0.9124767225325885,490762,46,47,490,1,['ENSG00000078898'],"['ENSG00000078898', 'ENSG00000165795', 'ENSG00000143742', 'ENSG00000110717']",1.0,fold_3
4.1,ann_finest_level,SMG duct,1274,0.056418579488368495,0.04747195577954804,0.22919937205651492,484212,5859,982,292,6,"['ENSG00000128739', 'ENSG00000198833', 'ENSG00000165795', 'ENSG00000162772', 'ENSG00000109787', 'ENSG00000013588']","['ENSG00000128739', 'ENSG00000198833', 'ENSG00000165795', 'ENSG00000162772', 'ENSG00000109787', 'ENSG00000013588', 'ENSG00000156256', 'ENSG00000100941', 'ENSG00000213619', 'ENSG00000162385']",0.0877163,fold_3
4.1,ann_finest_level,AT1,7937,0.7031785278083946,0.7367353308364545,0.5948091218344462,481721,1687,3216,4721,1,['ENSG00000013588'],"['ENSG00000090339', 'ENSG00000013588', 'ENSG00000166165']",0.27518207,fold_3
4.1,ann_finest_level,AT2,31248,0.40146991709135166,0.4569310680662266,0.2702572964669739,450060,10037,22803,8445,3,"['ENSG00000090339', 'ENSG00000013588', 'ENSG00000110717']","['ENSG00000090339', 'ENSG00000013588', 'ENSG00000168894', 'ENSG00000110717']",0.07936742,fold_3
4.1,ann_finest_level,AT2 proliferating,976,0.12794268167860798,0.1364256480218281,0.10245901639344263,489736,633,876,100,6,"['ENSG00000136908', 'ENSG00000188486', 'ENSG00000145354', 'ENSG00000090339', 'ENSG00000112576', 'ENSG00000013588']","['ENSG00000136908', 'ENSG00000188486', 'ENSG00000145354', 'ENSG00000090339', 'ENSG00000112576', 'ENSG00000013588', 'ENSG00000162385', 'ENSG00000166165', 'ENSG00000126067', 'ENSG00000179091']",0.15298848,fold_3
4.1,ann_finest_level,EC arterial,7391,0.19461223221395693,0.18178519593613934,0.2711405763766743,474934,9020,5387,2004,2,"['ENSG00000111341', 'ENSG00000160888']","['ENSG00000111341', 'ENSG00000160888']",0.061897434,fold_3
4.1,ann_finest_level,EC aerocyte capillary,7157,0.08158567894101695,0.0675201480738827,0.48931116389548696,435824,48364,3655,3502,1,['ENSG00000112576'],['ENSG00000112576'],0.23608233,fold_3
4.1,ann_finest_level,EC venous systemic,6557,0.09426535263980083,0.07750703222964042,0.6975751105688577,430348,54440,1983,4574,1,['ENSG00000111341'],['ENSG00000111341'],0.056358203,fold_3
4.1,ann_finest_level,EC venous pulmonary,6418,0.10744713397053779,0.08859332301400753,0.7223434091617327,437234,47693,1782,4636,1,['ENSG00000111341'],['ENSG00000111341'],0.06652478,fold_3
4.1,ann_finest_level,Lymphatic EC proliferating,28,0.014258555133079848,0.01171875,0.10714285714285714,491064,253,25,3,5,"['ENSG00000112576', 'ENSG00000126067', 'ENSG00000168894', 'ENSG00000162385', 'ENSG00000111341']","['ENSG00000145354', 'ENSG00000112576', 'ENSG00000126067', 'ENSG00000168894', 'ENSG00000162385', 'ENSG00000111341', 'ENSG00000179091', 'ENSG00000134308', 'ENSG00000111011', 'ENSG00000118418']",0.053084437,fold_3
4.1,ann_finest_level,Lymphatic EC differentiating,566,0.13041065482796893,0.11652892561983472,0.24911660777385158,489710,1069,425,141,1,['ENSG00000147459'],['ENSG00000147459'],1.0,fold_3
4.1,ann_finest_level,Peribronchial fibroblasts,1573,0.11906541124894136,0.10335135135135134,0.3038779402415766,485625,4147,1095,478,2,"['ENSG00000111341', 'ENSG00000198467']","['ENSG00000111341', 'ENSG00000198467']",0.075290136,fold_3
4.1,ann_finest_level,Adventitial fibroblasts,10321,0.659378202938162,0.7763759371000183,0.4113942447437264,479801,1223,6075,4246,2,"['ENSG00000164647', 'ENSG00000111341']","['ENSG00000145675', 'ENSG00000069702', 'ENSG00000164647', 'ENSG00000113657', 'ENSG00000111897', 'ENSG00000111341', 'ENSG00000198467', 'ENSG00000126067', 'ENSG00000111011', 'ENSG00000179091']",0.18710603,fold_3
4.1,ann_finest_level,Alveolar fibroblasts,5182,0.221195764998962,0.19828789429608262,0.4112311848707063,477547,8616,3051,2131,2,"['ENSG00000198467', 'ENSG00000111341']","['ENSG00000198467', 'ENSG00000111341']",0.070891246,fold_3
4.1,ann_finest_level,Pericytes,3032,0.25192897648043133,0.21682168216821682,0.7150395778364116,480482,7831,864,2168,1,['ENSG00000198467'],['ENSG00000198467'],0.11623206,fold_3
4.1,ann_finest_level,Subpleural fibroblasts,276,0.14790076335877864,0.16062176165803108,0.11231884057971014,490907,162,245,31,5,"['ENSG00000164647', 'ENSG00000162772', 'ENSG00000165795', 'ENSG00000198467', 'ENSG00000013588']","['ENSG00000164647', 'ENSG00000113657', 'ENSG00000162772', 'ENSG00000165795', 'ENSG00000198467', 'ENSG00000013588', 'ENSG00000162385', 'ENSG00000111341', 'ENSG00000126067', 'ENSG00000111011']",0.0755522,fold_3
4.1,ann_finest_level,Myofibroblasts,716,0.20970394736842105,0.408,0.0712290502793296,490555,74,665,51,3,"['ENSG00000069702', 'ENSG00000198467', 'ENSG00000166165']","['ENSG00000069702', 'ENSG00000198467', 'ENSG00000111341', 'ENSG00000166165']",0.09050236,fold_3
4.1,ann_finest_level,Smooth muscle,2996,0.6596045197740112,0.669294159799355,0.6234979973297731,487426,923,1128,1868,2,"['ENSG00000198467', 'ENSG00000111341']","['ENSG00000198467', 'ENSG00000111341']",0.120833814,fold_3
4.1,ann_finest_level,Smooth muscle FAM83D+,335,0.35292238901309486,0.31616595135908443,0.6597014925373135,490532,478,114,221,1,['ENSG00000198467'],"['ENSG00000198467', 'ENSG00000166165', 'ENSG00000111341', 'ENSG00000134308']",0.20403376,fold_3
4.1,ann_finest_level,SM activated stress response,556,0.5646551724137931,0.8675496688741722,0.2356115107913669,490769,20,425,131,2,"['ENSG00000162772', 'ENSG00000198467']","['ENSG00000106034', 'ENSG00000147027', 'ENSG00000126261', 'ENSG00000162772', 'ENSG00000198467', 'ENSG00000165795', 'ENSG00000100941', 'ENSG00000111341', 'ENSG00000166165', 'ENSG00000111011']",0.29990882,fold_3
4.1,ann_finest_level,Mesothelium,230,0.024487297214569943,0.02030456852791878,0.1391304347826087,489571,1544,198,32,5,"['ENSG00000164647', 'ENSG00000111897', 'ENSG00000198467', 'ENSG00000111341', 'ENSG00000168894']","['ENSG00000164647', 'ENSG00000111897', 'ENSG00000198467', 'ENSG00000111341', 'ENSG00000126067', 'ENSG00000168894', 'ENSG00000111011', 'ENSG00000179091', 'ENSG00000134308']",0.059064828,fold_3
4.1,ann_finest_level,Hematopoietic stem cells,60,0.0033905967450271247,0.0027309968138370506,0.1,489094,2191,54,6,5,"['ENSG00000155438', 'ENSG00000145354', 'ENSG00000162385', 'ENSG00000100941', 'ENSG00000126067']","['ENSG00000155438', 'ENSG00000145354', 'ENSG00000162385', 'ENSG00000100941', 'ENSG00000111011', 'ENSG00000126067', 'ENSG00000179091', 'ENSG00000134308', 'ENSG00000143742', 'ENSG00000116459']",0.10718733,fold_3
4.1,ann_finest_level,Plasma cells,1773,0.030294772221465233,0.024632543023857006,0.3761985335589397,463161,26411,1106,667,1,['ENSG00000198833'],['ENSG00000198833'],0.5450436,fold_3
4.1,ann_finest_level,T cells proliferating,500,0.24714828897338403,0.37681159420289856,0.104,490759,86,448,52,5,"['ENSG00000077312', 'ENSG00000188486', 'ENSG00000126261', 'ENSG00000112576', 'ENSG00000155307']","['ENSG00000077312', 'ENSG00000188486', 'ENSG00000126261', 'ENSG00000112576', 'ENSG00000162385', 'ENSG00000155307', 'ENSG00000126067', 'ENSG00000100941', 'ENSG00000213619', 'ENSG00000179091']",0.2874426,fold_3
4.1,ann_finest_level,NK cells,16978,0.24209898014839817,0.21221893958187682,0.5542466721639769,439436,34931,7568,9410,1,['ENSG00000112576'],['ENSG00000112576'],0.28376058,fold_3
4.1,ann_finest_level,DC1,322,0.30361757105943155,0.415929203539823,0.14596273291925466,490957,66,275,47,4,"['ENSG00000128815', 'ENSG00000126067', 'ENSG00000111011', 'ENSG00000130429']","['ENSG00000128815', 'ENSG00000090339', 'ENSG00000126067', 'ENSG00000111011', 'ENSG00000168894', 'ENSG00000130429', 'ENSG00000116459']",0.050004587,fold_3
4.1,ann_finest_level,DC2,9133,0.050504616410734206,0.04104813865273247,0.6433811452972736,344939,137273,3257,5876,1,['ENSG00000130429'],['ENSG00000130429'],0.04325336,fold_3
4.1,ann_finest_level,Migratory DCs,312,0.04798105682951147,0.03993775933609958,0.2467948717948718,489182,1851,235,77,3,"['ENSG00000138166', 'ENSG00000155307', 'ENSG00000134308']","['ENSG00000138166', 'ENSG00000155307', 'ENSG00000134308']",0.13750951,fold_3
4.1,ann_finest_level,Alveolar macrophages,31248,0.4994940002891427,0.5161916856534569,0.442268305171531,447144,12953,17428,13820,2,"['ENSG00000186417', 'ENSG00000111897']","['ENSG00000186417', 'ENSG00000111897', 'ENSG00000213619', 'ENSG00000168894', 'ENSG00000126067', 'ENSG00000179091', 'ENSG00000130429']",0.30685696,fold_3
4.1,ann_finest_level,Alveolar Mph CCL3+,8065,0.31875026316897553,0.3861259882682989,0.18772473651580907,480873,2407,6551,1514,5,"['ENSG00000070367', 'ENSG00000186417', 'ENSG00000167461', 'ENSG00000091140', 'ENSG00000013275']","['ENSG00000070367', 'ENSG00000186417', 'ENSG00000167461', 'ENSG00000091140', 'ENSG00000013275', 'ENSG00000145354', 'ENSG00000111897', 'ENSG00000090339', 'ENSG00000112576', 'ENSG00000155307']",0.32063502,fold_3
4.1,ann_finest_level,Alveolar Mph proliferating,1061,0.15346443668443302,0.15251141552511416,0.15739868049010367,489356,928,894,167,6,"['ENSG00000188486', 'ENSG00000167461', 'ENSG00000186417', 'ENSG00000188725', 'ENSG00000145354', 'ENSG00000162385']","['ENSG00000188486', 'ENSG00000167461', 'ENSG00000186417', 'ENSG00000188725', 'ENSG00000145354', 'ENSG00000162385', 'ENSG00000155307', 'ENSG00000126067', 'ENSG00000168894', 'ENSG00000134308']",0.2556243,fold_3
4.1,ann_finest_level,Monocyte-derived Mph,28223,0.271120873356719,0.26614745920895955,0.2930234206143925,440319,22803,19953,8270,2,"['ENSG00000162772', 'ENSG00000155307']","['ENSG00000162772', 'ENSG00000155307', 'ENSG00000168894', 'ENSG00000130429']",0.08465578,fold_3
4.1,ann_finest_level,Interstitial Mph perivascular,4805,0.05582931296922164,0.0457989417989418,0.45036420395421434,441454,45086,2641,2164,2,"['ENSG00000155307', 'ENSG00000130429']","['ENSG00000155307', 'ENSG00000130429']",0.084064946,fold_3
4.1,ann_finest_level,Classical monocytes,17695,0.2257998499215499,0.20862075002626143,0.336705283978525,451049,22601,11737,5958,2,"['ENSG00000155307', 'ENSG00000130429']","['ENSG00000155307', 'ENSG00000130429']",0.09897355,fold_3
4.1,ann_finest_level,Non-classical monocytes,8834,0.12087030144815057,0.10486647792486035,0.310278469549468,459114,23397,6093,2741,2,"['ENSG00000155307', 'ENSG00000130429']","['ENSG00000155307', 'ENSG00000130429']",0.08421137,fold_3
4.1,ann_finest_level,Mast cells,6623,0.1470187757144855,0.1236421033084708,0.603200966329458,456406,28316,2628,3995,1,['ENSG00000155307'],['ENSG00000155307'],0.22792262,fold_3
4.1,ann_finest_level,Basal resting,31248,0.22120316681534344,0.21429728853840338,0.25393625192012287,431004,29093,23313,7935,2,"['ENSG00000116044', 'ENSG00000106541']","['ENSG00000116044', 'ENSG00000106541', 'ENSG00000178952']",0.043484785,fold_4
4.1,ann_finest_level,Suprabasal,31248,0.4094716366956453,0.4748259393520916,0.26408090117767535,450970,9127,22996,8252,4,"['ENSG00000162496', 'ENSG00000118939', 'ENSG00000105519', 'ENSG00000114416']","['ENSG00000162496', 'ENSG00000118939', 'ENSG00000065427', 'ENSG00000105519', 'ENSG00000114416', 'ENSG00000214046', 'ENSG00000100836', 'ENSG00000103342', 'ENSG00000135624', 'ENSG00000106541']",0.19477546,fold_4
4.1,ann_finest_level,Hillock-like,4600,0.17703707279397568,0.15931798436142486,0.3189130434782609,479004,7741,3133,1467,5,"['ENSG00000275832', 'ENSG00000091483', 'ENSG00000118939', 'ENSG00000134046', 'ENSG00000067704']","['ENSG00000275832', 'ENSG00000091483', 'ENSG00000118939', 'ENSG00000134046', 'ENSG00000067704', 'ENSG00000005001', 'ENSG00000117395', 'ENSG00000115758', 'ENSG00000103342', 'ENSG00000135624']",0.7436134,fold_4
4.1,ann_finest_level,Deuterosomal,1004,0.08673919435460159,0.07492063492063492,0.2350597609561753,487427,2914,768,236,4,"['ENSG00000167523', 'ENSG00000117395', 'ENSG00000105519', 'ENSG00000142546']","['ENSG00000167523', 'ENSG00000213123', 'ENSG00000117395', 'ENSG00000105519', 'ENSG00000142546', 'ENSG00000000003', 'ENSG00000114416', 'ENSG00000103342', 'ENSG00000135624', 'ENSG00000106541']",0.2445224,fold_4
4.1,ann_finest_level,Multiciliated (nasal),4869,0.3256187905587779,0.36160714285714285,0.23290203327171904,484474,2002,3735,1134,3,"['ENSG00000152061', 'ENSG00000166750', 'ENSG00000000003']","['ENSG00000152061', 'ENSG00000188039', 'ENSG00000103253', 'ENSG00000067704', 'ENSG00000166750', 'ENSG00000000003', 'ENSG00000167523', 'ENSG00000213123', 'ENSG00000105519', 'ENSG00000117395']",0.45043093,fold_4
4.1,ann_finest_level,Multiciliated (non-nasal),31248,0.7884633928786673,0.777124357717782,0.8373335893497184,452593,7504,5083,26165,1,['ENSG00000105519'],"['ENSG00000213123', 'ENSG00000105519', 'ENSG00000167523', 'ENSG00000000003', 'ENSG00000106541', 'ENSG00000178952', 'ENSG00000116044', 'ENSG00000034713']",0.33393976,fold_4
4.1,ann_finest_level,Club (non-nasal),9955,0.07524869407222348,0.06130787165537915,0.8320441988950277,354568,126822,1672,8283,1,['ENSG00000106541'],['ENSG00000106541'],0.06661919,fold_4
4.1,ann_finest_level,Club (nasal),26068,0.4105402933624116,0.4261135450894487,0.35817860978978056,452702,12575,16731,9337,2,"['ENSG00000115112', 'ENSG00000106541']","['ENSG00000115112', 'ENSG00000106541', 'ENSG00000178952', 'ENSG00000116044']",0.15088767,fold_4
4.1,ann_finest_level,Goblet (nasal),31248,0.40218907062549025,0.4162125596602653,0.3544226830517153,444563,15534,20173,11075,2,"['ENSG00000106541', 'ENSG00000212907']","['ENSG00000106541', 'ENSG00000178952', 'ENSG00000116044', 'ENSG00000212907']",0.05434259,fold_4
4.1,ann_finest_level,Goblet (bronchial),1670,0.18616219475429605,0.1990330378726833,0.14790419161676646,488681,994,1423,247,4,"['ENSG00000166750', 'ENSG00000105519', 'ENSG00000103342', 'ENSG00000106541']","['ENSG00000005001', 'ENSG00000166750', 'ENSG00000172183', 'ENSG00000105519', 'ENSG00000103342', 'ENSG00000106541', 'ENSG00000130522', 'ENSG00000116044']",0.085244685,fold_4
4.1,ann_finest_level,Goblet (subsegmental),968,0.011750280984980075,0.009429369410920645,0.7603305785123967,413059,77318,232,736,1,['ENSG00000106541'],['ENSG00000106541'],0.07793336,fold_4
4.1,ann_finest_level,AT0,1440,0.00841637034733583,0.0067660285586185346,0.3458333333333333,416800,73105,942,498,2,"['ENSG00000106541', 'ENSG00000130522']","['ENSG00000106541', 'ENSG00000130522']",0.025027465,fold_4
4.1,ann_finest_level,pre-TB secretory,4393,0.024650809955184243,0.019845194829093252,0.7855679490097883,316507,170445,942,3451,1,['ENSG00000106541'],['ENSG00000106541'],0.043926567,fold_4
4.1,ann_finest_level,Ionocyte,561,0.6533435818601077,0.918918918918919,0.30303030303030304,490769,15,391,170,2,"['ENSG00000186510', 'ENSG00000115112']","['ENSG00000186510', 'ENSG00000105929', 'ENSG00000115112', 'ENSG00000116044', 'ENSG00000178952', 'ENSG00000034713']",0.7499791,fold_4
4.1,ann_finest_level,Tuft,165,0.02339664189375172,0.0196078431372549,0.10303030303030303,490330,850,148,17,5,"['ENSG00000181904', 'ENSG00000017260', 'ENSG00000115758', 'ENSG00000000003', 'ENSG00000065427']","['ENSG00000181904', 'ENSG00000162496', 'ENSG00000017260', 'ENSG00000115758', 'ENSG00000000003', 'ENSG00000065427', 'ENSG00000142546', 'ENSG00000100836', 'ENSG00000103342', 'ENSG00000135624']",0.29438472,fold_4
4.1,ann_finest_level,Neuroendocrine,159,0.7049608355091384,0.9642857142857143,0.33962264150943394,491184,2,105,54,3,"['ENSG00000168280', 'ENSG00000169432', 'ENSG00000149428']","['ENSG00000168280', 'ENSG00000169432', 'ENSG00000149294', 'ENSG00000205078', 'ENSG00000100596', 'ENSG00000149428', 'ENSG00000133134', 'ENSG00000172201', 'ENSG00000115112', 'ENSG00000130202']",1.0,fold_4
4.1,ann_finest_level,SMG serous (nasal),1472,0.0302642221623079,0.02445400577310604,0.6100543478260869,454049,35824,574,898,1,['ENSG00000159231'],"['ENSG00000159231', 'ENSG00000178952']",0.27478933,fold_4
4.1,ann_finest_level,SMG mucous,537,0.5380989787902593,0.7445652173913043,0.25512104283054005,490761,47,400,137,2,"['ENSG00000159231', 'ENSG00000106541']","['ENSG00000159231', 'ENSG00000138772', 'ENSG00000106541']",0.42188203,fold_4
4.1,ann_finest_level,SMG duct,1274,0.0967588745102695,0.08374004623683534,0.25588697017268447,486504,3567,948,326,5,"['ENSG00000104129', 'ENSG00000005001', 'ENSG00000115112', 'ENSG00000130202', 'ENSG00000138772']","['ENSG00000104129', 'ENSG00000005001', 'ENSG00000115112', 'ENSG00000130202', 'ENSG00000000003', 'ENSG00000138772', 'ENSG00000065427', 'ENSG00000214046', 'ENSG00000143162', 'ENSG00000114416']",0.19198129,fold_4
4.1,ann_finest_level,AT1,7937,0.6157819403821022,0.9734382685686178,0.24933854101045735,483354,54,5958,1979,2,"['ENSG00000066405', 'ENSG00000138772']","['ENSG00000066405', 'ENSG00000138772', 'ENSG00000067082', 'ENSG00000212907']",0.45605314,fold_4
4.1,ann_finest_level,AT2,31248,0.7345686562296151,0.8622876286192869,0.46127752176139275,457795,2302,16834,14414,2,"['ENSG00000066405', 'ENSG00000106541']","['ENSG00000133134', 'ENSG00000066405', 'ENSG00000103342', 'ENSG00000106541', 'ENSG00000178952', 'ENSG00000130522']",0.15873101,fold_4
4.1,ann_finest_level,AT2 proliferating,976,0.2934621099554235,0.3682983682983683,0.16188524590163936,490098,271,818,158,3,"['ENSG00000066405', 'ENSG00000119403', 'ENSG00000138772']","['ENSG00000066405', 'ENSG00000115758', 'ENSG00000119403', 'ENSG00000138772', 'ENSG00000100836', 'ENSG00000103342', 'ENSG00000135624', 'ENSG00000106541', 'ENSG00000178952', 'ENSG00000130522']",0.1287285,fold_4
4.1,ann_finest_level,EC arterial,7391,0.04635418640192995,0.03827435166516026,0.29792991476119607,428624,55330,5189,2202,1,['ENSG00000034713'],['ENSG00000034713'],0.033269003,fold_4
4.1,ann_finest_level,EC aerocyte capillary,7157,0.3346290084950315,0.3451341739411575,0.2983093474919659,480137,4051,5022,2135,2,"['ENSG00000144655', 'ENSG00000138772']","['ENSG00000144655', 'ENSG00000138772', 'ENSG00000034713']",0.31876987,fold_4
4.1,ann_finest_level,Lymphatic EC mature,4001,0.8806720204956398,0.8775159548355425,0.8935266183454137,486845,499,426,3575,1,['ENSG00000137077'],"['ENSG00000137077', 'ENSG00000034713']",0.4114893,fold_4
4.1,ann_finest_level,Lymphatic EC proliferating,28,0.4166666666666667,0.5454545454545454,0.21428571428571427,491312,5,22,6,4,"['ENSG00000100266', 'ENSG00000137077', 'ENSG00000119403', 'ENSG00000138772']","['ENSG00000100266', 'ENSG00000137077', 'ENSG00000130202', 'ENSG00000119403', 'ENSG00000214046', 'ENSG00000138772', 'ENSG00000117395', 'ENSG00000135624', 'ENSG00000178952', 'ENSG00000162704']",0.23631252,fold_4
4.1,ann_finest_level,Lymphatic EC differentiating,566,0.3011093502377179,0.4367816091954023,0.13427561837455831,490681,98,490,76,2,"['ENSG00000137077', 'ENSG00000130522']","['ENSG00000184058', 'ENSG00000137077', 'ENSG00000130522', 'ENSG00000067082']",0.15013877,fold_4
4.1,ann_finest_level,Adventitial fibroblasts,10321,0.2887916843045953,0.4489945155393053,0.11898071892258502,479517,1507,9093,1228,5,"['ENSG00000214046', 'ENSG00000143162', 'ENSG00000135624', 'ENSG00000130522', 'ENSG00000116044']","['ENSG00000214046', 'ENSG00000143162', 'ENSG00000135624', 'ENSG00000130522', 'ENSG00000116044', 'ENSG00000178952', 'ENSG00000162704']",0.06736575,fold_4
4.1,ann_finest_level,Alveolar fibroblasts,5182,0.01687696321141458,0.013626886951288535,0.3670397529911231,348488,137675,3280,1902,1,['ENSG00000116044'],['ENSG00000116044'],0.031902738,fold_4
4.1,ann_finest_level,Subpleural fibroblasts,276,0.05989911727616646,0.052486187845303865,0.13768115942028986,490383,686,238,38,5,"['ENSG00000257704', 'ENSG00000140931', 'ENSG00000144655', 'ENSG00000135624', 'ENSG00000116044']","['ENSG00000257704', 'ENSG00000140931', 'ENSG00000172201', 'ENSG00000144655', 'ENSG00000135624', 'ENSG00000116044', 'ENSG00000178952', 'ENSG00000240972']",0.22357644,fold_4
4.1,ann_finest_level,Myofibroblasts,716,0.00443144398514678,0.0035540696204309835,0.35335195530726254,419696,70933,463,253,1,['ENSG00000034713'],['ENSG00000034713'],0.04044913,fold_4
4.1,ann_finest_level,Smooth muscle,2996,0.010918727157754842,0.008805670203340752,0.2720293724966622,396610,91739,2181,815,1,['ENSG00000162704'],['ENSG00000162704'],0.02732857,fold_4
4.1,ann_finest_level,SM activated stress response,556,0.3742283950617284,0.5243243243243243,0.17446043165467626,490701,88,459,97,3,"['ENSG00000172201', 'ENSG00000134243', 'ENSG00000144655']","['ENSG00000172201', 'ENSG00000181904', 'ENSG00000100266', 'ENSG00000134243', 'ENSG00000144655', 'ENSG00000135624', 'ENSG00000130522', 'ENSG00000162704', 'ENSG00000116044', 'ENSG00000178952']",0.344299,fold_4
4.1,ann_finest_level,Mesothelium,230,0.09787928221859707,0.0963855421686747,0.10434782608695652,490890,225,206,24,5,"['ENSG00000135624', 'ENSG00000240972', 'ENSG00000178952', 'ENSG00000212907', 'ENSG00000162704']","['ENSG00000185883', 'ENSG00000135624', 'ENSG00000240972', 'ENSG00000178952', 'ENSG00000212907', 'ENSG00000162704', 'ENSG00000116044']",0.03791545,fold_4
4.1,ann_finest_level,Hematopoietic stem cells,60,0.009358288770053475,0.007608695652173913,0.11666666666666667,490372,913,53,7,6,"['ENSG00000025293', 'ENSG00000114416', 'ENSG00000100836', 'ENSG00000143162', 'ENSG00000135624', 'ENSG00000177156']","['ENSG00000025293', 'ENSG00000114416', 'ENSG00000100836', 'ENSG00000143162', 'ENSG00000135624', 'ENSG00000177156', 'ENSG00000178952', 'ENSG00000116044']",0.15570776,fold_4
4.1,ann_finest_level,B cells,4511,0.1947161532132736,0.26509023024268824,0.09443582354245178,485653,1181,4085,426,1,['ENSG00000130522'],['ENSG00000130522'],0.03253287,fold_4
4.1,ann_finest_level,Plasma cells,1773,0.021000548156053858,0.016909271600607973,0.652566271855612,422305,67267,616,1157,1,['ENSG00000172183'],"['ENSG00000172183', 'ENSG00000178952']",0.38905123,fold_4
4.1,ann_finest_level,T cells proliferating,500,0.32646048109965636,0.4578313253012048,0.152,490755,90,424,76,3,"['ENSG00000092853', 'ENSG00000119403', 'ENSG00000172183']","['ENSG00000092853', 'ENSG00000119403', 'ENSG00000166750', 'ENSG00000172183', 'ENSG00000142546', 'ENSG00000115758', 'ENSG00000135624', 'ENSG00000162704', 'ENSG00000178952', 'ENSG00000177156']",0.42411545,fold_4
4.1,ann_finest_level,DC1,322,0.6942392909896603,0.7286821705426356,0.5838509316770186,490953,70,134,188,2,"['ENSG00000197992', 'ENSG00000178952']","['ENSG00000197992', 'ENSG00000144655', 'ENSG00000162704', 'ENSG00000178952', 'ENSG00000116044']",0.51742595,fold_4
4.1,ann_finest_level,DC2,9133,0.10875787063537493,0.1200332502078138,0.07905398007226541,476919,5293,8411,722,2,"['ENSG00000143226', 'ENSG00000116044']","['ENSG00000143226', 'ENSG00000162704', 'ENSG00000116044']",0.08229679,fold_4
4.1,ann_finest_level,Migratory DCs,312,0.09402654867256637,0.09090909090909091,0.10897435897435898,490693,340,278,34,4,"['ENSG00000130202', 'ENSG00000034713', 'ENSG00000162704', 'ENSG00000067082']","['ENSG00000130202', 'ENSG00000034713', 'ENSG00000162704', 'ENSG00000067082', 'ENSG00000116044']",0.047912326,fold_4
4.1,ann_finest_level,Plasmacytoid DCs,552,0.01417186986526454,0.01160053799596503,0.125,484914,5879,483,69,1,['ENSG00000130522'],['ENSG00000130522'],0.04014908,fold_4
4.1,ann_finest_level,Alveolar macrophages,31248,0.4723450329333213,0.49392617053897864,0.402073732718894,447224,12873,18684,12564,3,"['ENSG00000072274', 'ENSG00000143226', 'ENSG00000177156']","['ENSG00000072274', 'ENSG00000143226', 'ENSG00000143162', 'ENSG00000162704', 'ENSG00000177156', 'ENSG00000178952', 'ENSG00000116044', 'ENSG00000130522']",0.15851015,fold_4
4.1,ann_finest_level,Alveolar Mph CCL3+,8065,0.299657904992855,0.3683790258184722,0.17160570365778052,480907,2373,6681,1384,4,"['ENSG00000067334', 'ENSG00000140931', 'ENSG00000017260', 'ENSG00000134243']","['ENSG00000067334', 'ENSG00000157827', 'ENSG00000140931', 'ENSG00000017260', 'ENSG00000134243', 'ENSG00000134046', 'ENSG00000065427', 'ENSG00000072274', 'ENSG00000143226', 'ENSG00000143162']",0.43487814,fold_4
4.1,ann_finest_level,Alveolar Mph MT-positive,1203,0.019826595962297997,0.016167318919612497,0.20947630922693267,474807,15335,951,252,3,"['ENSG00000072274', 'ENSG00000130522', 'ENSG00000009307']","['ENSG00000072274', 'ENSG00000130522', 'ENSG00000162704', 'ENSG00000009307']",0.047315247,fold_4
4.1,ann_finest_level,Alveolar Mph proliferating,1061,0.4449648711943794,0.5518672199170125,0.25070688030160226,490068,216,795,266,3,"['ENSG00000138646', 'ENSG00000138207', 'ENSG00000119403']","['ENSG00000138646', 'ENSG00000138207', 'ENSG00000157827', 'ENSG00000134046', 'ENSG00000134243', 'ENSG00000119403', 'ENSG00000072274', 'ENSG00000143162', 'ENSG00000142546', 'ENSG00000143226']",1.0,fold_4
4.1,ann_finest_level,Monocyte-derived Mph,28223,0.2940107903867464,0.283690222313108,0.34408106863196686,438602,24520,18512,9711,2,"['ENSG00000143226', 'ENSG00000143162']","['ENSG00000072274', 'ENSG00000143226', 'ENSG00000143162', 'ENSG00000162704', 'ENSG00000130522', 'ENSG00000177156', 'ENSG00000178952', 'ENSG00000116044']",0.16574389,fold_4
4.1,ann_finest_level,Interstitial Mph perivascular,4805,0.175278753958957,0.17715413286559964,0.16815816857440166,482787,3753,3997,808,3,"['ENSG00000143226', 'ENSG00000130522', 'ENSG00000162704']","['ENSG00000143226', 'ENSG00000130522', 'ENSG00000162704', 'ENSG00000116044', 'ENSG00000177156']",0.050045885,fold_4
4.1,ann_finest_level,Classical monocytes,17695,0.18526328035249465,0.19956140350877194,0.14399547894885562,463430,10220,15147,2548,2,"['ENSG00000177156', 'ENSG00000130522']","['ENSG00000162704', 'ENSG00000177156', 'ENSG00000130522']",0.040872432,fold_4
4.1,ann_finest_level,Non-classical monocytes,8834,0.06034489644320551,0.050041397582381186,0.34208738963097124,425143,57368,5812,3022,2,"['ENSG00000162704', 'ENSG00000177156']","['ENSG00000162704', 'ENSG00000177156']",0.040162697,fold_4
4.1,ann_finest_level,Basal resting,31248,0.18660314219272872,0.16787855593825743,0.33691756272401435,407913,52184,20720,10528,1,['ENSG00000147677'],"['ENSG00000158195', 'ENSG00000147677']",0.04185828,fold_5
4.1,ann_finest_level,Suprabasal,31248,0.5067278589288065,0.5456075097414098,0.39432923707117257,449835,10262,18926,12322,3,"['ENSG00000142765', 'ENSG00000136997', 'ENSG00000109062']","['ENSG00000142765', 'ENSG00000114686', 'ENSG00000136997', 'ENSG00000086504', 'ENSG00000100603', 'ENSG00000109062', 'ENSG00000096696', 'ENSG00000137776', 'ENSG00000100764', 'ENSG00000102172']",0.112288795,fold_5
4.1,ann_finest_level,Hillock-like,4600,0.1913508724100327,0.1815389589395409,0.2441304347826087,481682,5063,3477,1123,6,"['ENSG00000185567', 'ENSG00000169718', 'ENSG00000130726', 'ENSG00000157227', 'ENSG00000086504', 'ENSG00000114686']","['ENSG00000185567', 'ENSG00000169718', 'ENSG00000130726', 'ENSG00000157227', 'ENSG00000086504', 'ENSG00000114686', 'ENSG00000130202', 'ENSG00000096696', 'ENSG00000243927', 'ENSG00000109062']",0.2671255,fold_5
4.1,ann_finest_level,Deuterosomal,1004,0.3625,0.5823293172690763,0.14442231075697212,490237,104,859,145,4,"['ENSG00000178202', 'ENSG00000130726', 'ENSG00000170270', 'ENSG00000147400']","['ENSG00000178202', 'ENSG00000130726', 'ENSG00000187240', 'ENSG00000170270', 'ENSG00000147400', 'ENSG00000135968', 'ENSG00000172586', 'ENSG00000109062', 'ENSG00000100764', 'ENSG00000112110']",0.30176824,fold_5
4.1,ann_finest_level,Multiciliated (nasal),4869,0.25545739260505773,0.2645848462841927,0.22448141302115424,483438,3038,3776,1093,3,"['ENSG00000152061', 'ENSG00000093000', 'ENSG00000170270']","['ENSG00000152061', 'ENSG00000166578', 'ENSG00000197580', 'ENSG00000093000', 'ENSG00000137098', 'ENSG00000170270', 'ENSG00000187240', 'ENSG00000147400', 'ENSG00000169895', 'ENSG00000135968']",1.0,fold_5
4.1,ann_finest_level,Multiciliated (non-nasal),31248,0.7472900586275254,0.8916147700824055,0.4535970302099334,458374,1723,17074,14174,2,"['ENSG00000187240', 'ENSG00000147400']","['ENSG00000137098', 'ENSG00000187240', 'ENSG00000170270', 'ENSG00000147400', 'ENSG00000135968', 'ENSG00000169895', 'ENSG00000096696', 'ENSG00000122359', 'ENSG00000143153', 'ENSG00000171222']",0.43705142,fold_5
4.1,ann_finest_level,Club (non-nasal),9955,0.0522160146782074,0.043034502845908325,0.35620291310899044,402537,78853,6409,3546,2,"['ENSG00000109062', 'ENSG00000143153']","['ENSG00000109062', 'ENSG00000143153', 'ENSG00000122359']",0.0509741,fold_5
4.1,ann_finest_level,Club (nasal),26068,0.2861028920492507,0.28875331139118565,0.2759705385913764,447557,17720,18874,7194,2,"['ENSG00000109062', 'ENSG00000143153']","['ENSG00000109062', 'ENSG00000096696', 'ENSG00000143153', 'ENSG00000122359', 'ENSG00000158195', 'ENSG00000171222']",0.10307601,fold_5
4.1,ann_finest_level,Goblet (nasal),31248,0.39093384053106583,0.4413219661088307,0.26836917562724016,449481,10616,22862,8386,2,"['ENSG00000177666', 'ENSG00000143153']","['ENSG00000177666', 'ENSG00000109062', 'ENSG00000096696', 'ENSG00000143153', 'ENSG00000122359', 'ENSG00000171222']",0.16652358,fold_5
4.1,ann_finest_level,Goblet (bronchial),1670,0.016338094462245878,0.01327108300860231,0.21616766467065868,462834,26841,1309,361,5,"['ENSG00000135968', 'ENSG00000109062', 'ENSG00000137776', 'ENSG00000143153', 'ENSG00000171222']","['ENSG00000135968', 'ENSG00000109062', 'ENSG00000137776', 'ENSG00000143153', 'ENSG00000158195', 'ENSG00000171222', 'ENSG00000122359']",0.04407517,fold_5
4.1,ann_finest_level,Goblet (subsegmental),968,0.0032320456049269608,0.002588825244103798,0.5247933884297521,294657,195720,460,508,1,['ENSG00000143153'],['ENSG00000143153'],0.024782475,fold_5
4.1,ann_finest_level,AT0,1440,0.056842105263157895,0.04789356984478936,0.225,483464,6441,1116,324,3,"['ENSG00000049759', 'ENSG00000143153', 'ENSG00000122359']","['ENSG00000049759', 'ENSG00000143153', 'ENSG00000122359']",0.06759472,fold_5
4.1,ann_finest_level,pre-TB secretory,4393,0.04225862277136073,0.03468289920724802,0.33462326428408834,446038,40914,2923,1470,2,"['ENSG00000049759', 'ENSG00000143153']","['ENSG00000049759', 'ENSG00000143153', 'ENSG00000122359']",0.07819386,fold_5
4.1,ann_finest_level,Ionocyte,561,0.13416815742397137,0.16129032258064516,0.08021390374331551,490550,234,516,45,5,"['ENSG00000049759', 'ENSG00000096696', 'ENSG00000143153', 'ENSG00000137776', 'ENSG00000117318']","['ENSG00000049759', 'ENSG00000096696', 'ENSG00000143153', 'ENSG00000102172', 'ENSG00000137776', 'ENSG00000117318', 'ENSG00000158195', 'ENSG00000171222']",0.08718979,fold_5
4.1,ann_finest_level,Tuft,165,0.01183115792687581,0.0095856524427953,0.18787878787878787,487977,3203,134,31,5,"['ENSG00000104886', 'ENSG00000111707', 'ENSG00000136997', 'ENSG00000114686', 'ENSG00000096696']","['ENSG00000104886', 'ENSG00000111707', 'ENSG00000086504', 'ENSG00000136997', 'ENSG00000114686', 'ENSG00000096696', 'ENSG00000137776', 'ENSG00000100764', 'ENSG00000102172', 'ENSG00000162434']",0.12247606,fold_5
4.1,ann_finest_level,Neuroendocrine,159,0.7728337236533958,0.9850746268656716,0.41509433962264153,491185,1,93,66,2,"['ENSG00000135476', 'ENSG00000154277']","['ENSG00000135476', 'ENSG00000154277', 'ENSG00000126214', 'ENSG00000172466', 'ENSG00000094975', 'ENSG00000111707', 'ENSG00000104886', 'ENSG00000130202', 'ENSG00000114686', 'ENSG00000102172']",1.0,fold_5
4.1,ann_finest_level,SMG mucous,537,0.9138381201044387,0.914179104477612,0.9124767225325885,490762,46,47,490,1,['ENSG00000078898'],"['ENSG00000078898', 'ENSG00000105404', 'ENSG00000147677', 'ENSG00000171222']",1.0,fold_5
4.1,ann_finest_level,SMG duct,1274,0.04269211451531894,0.035789473684210524,0.18681318681318682,483659,6412,1036,238,6,"['ENSG00000104129', 'ENSG00000130202', 'ENSG00000177666', 'ENSG00000114686', 'ENSG00000135968', 'ENSG00000169895']","['ENSG00000104129', 'ENSG00000130202', 'ENSG00000177666', 'ENSG00000114686', 'ENSG00000135968', 'ENSG00000169895', 'ENSG00000109062', 'ENSG00000096696', 'ENSG00000137776', 'ENSG00000100764']",0.11342542,fold_5
4.1,ann_finest_level,AT1,7937,0.2578167855183763,0.5456053067993366,0.08290286002267859,482860,548,7279,658,2,"['ENSG00000049759', 'ENSG00000105404']","['ENSG00000049759', 'ENSG00000143153', 'ENSG00000105404']",0.13320266,fold_5
4.1,ann_finest_level,AT2,31248,0.3133959216636382,0.3662478617353861,0.19870071684587814,449353,10744,25039,6209,3,"['ENSG00000049759', 'ENSG00000243927', 'ENSG00000162434']","['ENSG00000049759', 'ENSG00000243927', 'ENSG00000162434', 'ENSG00000143153']",0.09605401,fold_5
4.1,ann_finest_level,AT2 proliferating,976,0.0818946436476317,0.07344913151364764,0.15163934426229508,488502,1867,828,148,5,"['ENSG00000071242', 'ENSG00000130726', 'ENSG00000243927', 'ENSG00000119326', 'ENSG00000049759']","['ENSG00000071242', 'ENSG00000130726', 'ENSG00000243927', 'ENSG00000119326', 'ENSG00000049759', 'ENSG00000172586', 'ENSG00000162434', 'ENSG00000117318', 'ENSG00000102172', 'ENSG00000112110']",0.18101831,fold_5
4.1,ann_finest_level,EC arterial,7391,0.3314389299887316,0.41566820276497696,0.1830604789608984,482052,1902,6038,1353,3,"['ENSG00000119326', 'ENSG00000064989', 'ENSG00000117318']","['ENSG00000119326', 'ENSG00000064989', 'ENSG00000117318']",0.19736822,fold_5
4.1,ann_finest_level,EC aerocyte capillary,7157,0.6567193007870974,0.8028335301062574,0.38004750593824227,483520,668,4437,2720,2,"['ENSG00000103241', 'ENSG00000164035']","['ENSG00000103241', 'ENSG00000164035', 'ENSG00000117318', 'ENSG00000158195']",0.8231644,fold_5
4.1,ann_finest_level,EC general capillary,16048,0.387936128098319,0.3520796326708449,0.654598703888335,455965,19332,5543,10505,1,['ENSG00000064989'],"['ENSG00000064989', 'ENSG00000117318']",0.17533828,fold_5
4.1,ann_finest_level,EC venous systemic,6557,0.21824250593747993,0.203086112493778,0.31111788927863354,476783,8005,4517,2040,2,"['ENSG00000164035', 'ENSG00000117318']","['ENSG00000164035', 'ENSG00000117318']",0.22966382,fold_5
4.1,ann_finest_level,EC venous pulmonary,6418,0.24747426836787934,0.2335235537652456,0.3251791835462761,478077,6850,4331,2087,2,"['ENSG00000119326', 'ENSG00000064989']","['ENSG00000119326', 'ENSG00000064989', 'ENSG00000117318']",0.22569996,fold_5
4.1,ann_finest_level,Lymphatic EC mature,4001,0.08029873906379113,0.06590220795692801,0.6363409147713072,451257,36087,1455,2546,1,['ENSG00000064989'],['ENSG00000064989'],0.123899356,fold_5
4.1,ann_finest_level,Lymphatic EC proliferating,28,0.01773049645390071,0.014545454545454545,0.14285714285714285,491046,271,24,4,5,"['ENSG00000117862', 'ENSG00000130202', 'ENSG00000177666', 'ENSG00000086504', 'ENSG00000064989']","['ENSG00000110108', 'ENSG00000117862', 'ENSG00000130202', 'ENSG00000177666', 'ENSG00000086504', 'ENSG00000064989', 'ENSG00000162434', 'ENSG00000102172', 'ENSG00000158195', 'ENSG00000112110']",0.20544438,fold_5
4.1,ann_finest_level,Lymphatic EC differentiating,566,0.30519969856819895,0.3103448275862069,0.2862190812720848,490419,360,404,162,2,"['ENSG00000184058', 'ENSG00000064989']","['ENSG00000184058', 'ENSG00000064989']",0.5978088,fold_5
4.1,ann_finest_level,Peribronchial fibroblasts,1573,0.05649001211506494,0.04728773584905661,0.25492689129052765,481693,8079,1172,401,1,['ENSG00000255302'],['ENSG00000255302'],0.040820897,fold_5
4.1,ann_finest_level,Adventitial fibroblasts,10321,0.2939842493712118,0.4094171691070916,0.138164906501308,478967,2057,8895,1426,4,"['ENSG00000157227', 'ENSG00000110108', 'ENSG00000136997', 'ENSG00000117318']","['ENSG00000157227', 'ENSG00000110108', 'ENSG00000136997', 'ENSG00000100764', 'ENSG00000117318', 'ENSG00000162434', 'ENSG00000158195', 'ENSG00000122359', 'ENSG00000105404']",0.17594944,fold_5
4.1,ann_finest_level,Pericytes,3032,0.04704064123357544,0.038315184874955124,0.5280343007915568,448129,40184,1431,1601,1,['ENSG00000117318'],['ENSG00000117318'],0.103386335,fold_5
4.1,ann_finest_level,Subpleural fibroblasts,276,0.0946969696969697,0.10256410256410256,0.07246376811594203,490894,175,256,20,5,"['ENSG00000157227', 'ENSG00000136997', 'ENSG00000117318', 'ENSG00000162434', 'ENSG00000112110']","['ENSG00000157227', 'ENSG00000136997', 'ENSG00000117318', 'ENSG00000162434', 'ENSG00000112110', 'ENSG00000158195']",0.08199362,fold_5
4.1,ann_finest_level,Myofibroblasts,716,0.004832051041471195,0.0038743166658307838,0.43156424581005587,411182,79447,407,309,1,['ENSG00000156976'],['ENSG00000156976'],0.037536323,fold_5
4.1,ann_finest_level,Smooth muscle,2996,0.38330572427756304,0.3556789069171648,0.5560747663551402,485331,3018,1330,1666,1,['ENSG00000163431'],"['ENSG00000163431', 'ENSG00000117318']",0.31589696,fold_5
4.1,ann_finest_level,Smooth muscle FAM83D+,335,0.11969532100108814,0.1506849315068493,0.06567164179104477,490886,124,313,22,2,"['ENSG00000163431', 'ENSG00000255302']","['ENSG00000163431', 'ENSG00000255302', 'ENSG00000156976']",0.14470708,fold_5
4.1,ann_finest_level,SM activated stress response,556,0.397196261682243,0.47058823529411764,0.2446043165467626,490636,153,420,136,3,"['ENSG00000135424', 'ENSG00000163431', 'ENSG00000136997']","['ENSG00000135424', 'ENSG00000120896', 'ENSG00000163431', 'ENSG00000243927', 'ENSG00000136997', 'ENSG00000136758', 'ENSG00000117318', 'ENSG00000100764', 'ENSG00000162434', 'ENSG00000112110']",0.43266943,fold_5
4.1,ann_finest_level,Mesothelium,230,0.008396720339820212,0.006794564348521183,0.14782608695652175,486145,4970,196,34,4,"['ENSG00000136997', 'ENSG00000119326', 'ENSG00000117318', 'ENSG00000171222']","['ENSG00000136997', 'ENSG00000119326', 'ENSG00000117318', 'ENSG00000171222']",0.06646954,fold_5
4.1,ann_finest_level,Hematopoietic stem cells,60,0.004625346901017576,0.0037174721189591076,0.2,488069,3216,48,12,5,"['ENSG00000114686', 'ENSG00000169895', 'ENSG00000102172', 'ENSG00000112110', 'ENSG00000147677']","['ENSG00000114686', 'ENSG00000169895', 'ENSG00000102172', 'ENSG00000112110', 'ENSG00000147677', 'ENSG00000158195']",0.05556799,fold_5
4.1,ann_finest_level,T cells proliferating,500,0.17137096774193547,0.2764227642276423,0.068,490756,89,466,34,6,"['ENSG00000143851', 'ENSG00000008324', 'ENSG00000082074', 'ENSG00000110108', 'ENSG00000243927', 'ENSG00000100603']","['ENSG00000143851', 'ENSG00000008324', 'ENSG00000082074', 'ENSG00000110108', 'ENSG00000243927', 'ENSG00000100603', 'ENSG00000109062', 'ENSG00000137776', 'ENSG00000141480', 'ENSG00000162434']",0.2581705,fold_5
4.1,ann_finest_level,NK cells,16978,0.13824573941325322,0.11789490049751243,0.44663682412533867,417630,56737,9395,7583,1,['ENSG00000162434'],['ENSG00000162434'],0.13063666,fold_5
4.1,ann_finest_level,DC1,322,0.004821057376843898,0.003872460269563468,0.2391304347826087,471216,19807,245,77,3,"['ENSG00000243927', 'ENSG00000112110', 'ENSG00000147677']","['ENSG00000243927', 'ENSG00000112110', 'ENSG00000162434', 'ENSG00000158195', 'ENSG00000147677', 'ENSG00000122359']",0.091951385,fold_5
4.1,ann_finest_level,DC2,9133,0.05328094040859821,0.04357128963236724,0.49052885141793495,383872,98340,4653,4480,1,['ENSG00000141480'],['ENSG00000141480'],0.05842191,fold_5
4.1,ann_finest_level,Migratory DCs,312,0.019767046420676757,0.016026193348268138,0.2980769230769231,485323,5710,219,93,3,"['ENSG00000130202', 'ENSG00000141480', 'ENSG00000162434']","['ENSG00000130202', 'ENSG00000141480', 'ENSG00000162434', 'ENSG00000122359']",0.134647,fold_5
4.1,ann_finest_level,Alveolar macrophages,31248,0.5891982731144786,0.609265570577881,0.5206093189964157,449664,10433,14980,16268,2,"['ENSG00000122641', 'ENSG00000143153']","['ENSG00000122641', 'ENSG00000132274', 'ENSG00000141480', 'ENSG00000102172', 'ENSG00000143153', 'ENSG00000122359', 'ENSG00000158195']",0.18714917,fold_5
4.1,ann_finest_level,Alveolar Mph CCL3+,8065,0.365792219943143,0.41228959643074425,0.25207687538747675,480382,2898,6032,2033,4,"['ENSG00000169217', 'ENSG00000067334', 'ENSG00000122641', 'ENSG00000086504']","['ENSG00000169217', 'ENSG00000067334', 'ENSG00000122641', 'ENSG00000132274', 'ENSG00000117862', 'ENSG00000086504', 'ENSG00000147400', 'ENSG00000141480', 'ENSG00000100764', 'ENSG00000102172']",0.47916374,fold_5
4.1,ann_finest_level,Alveolar Mph MT-positive,1203,0.004628112786302934,0.003710481932034306,0.42975893599334997,351324,138818,686,517,1,['ENSG00000171222'],['ENSG00000171222'],0.03659645,fold_5
4.1,ann_finest_level,Alveolar Mph proliferating,1061,0.5681518586870551,0.6310395314787701,0.4062205466540999,490032,252,630,431,2,"['ENSG00000121211', 'ENSG00000122641']","['ENSG00000121211', 'ENSG00000132274', 'ENSG00000122641', 'ENSG00000117862', 'ENSG00000082074', 'ENSG00000110108', 'ENSG00000177666', 'ENSG00000100603', 'ENSG00000243927', 'ENSG00000141480']",0.6360098,fold_5
4.1,ann_finest_level,Monocyte-derived Mph,28223,0.25299182493550093,0.24546112552023644,0.2883818162491585,438103,25019,20084,8139,2,"['ENSG00000141480', 'ENSG00000102172']","['ENSG00000141480', 'ENSG00000102172', 'ENSG00000122359']",0.086296014,fold_5
4.1,ann_finest_level,Interstitial Mph perivascular,4805,0.10869761642300811,0.09522678698646403,0.2503642039542144,475110,11430,3602,1203,2,"['ENSG00000176845', 'ENSG00000141480']","['ENSG00000176845', 'ENSG00000141480', 'ENSG00000122359']",0.55926806,fold_5
4.1,ann_finest_level,Classical monocytes,17695,0.2425455683498268,0.23983566321630562,0.2540265611754733,459403,14247,13200,4495,2,"['ENSG00000082074', 'ENSG00000141480']","['ENSG00000082074', 'ENSG00000141480']",0.19704752,fold_5
4.1,ann_finest_level,Non-classical monocytes,8834,0.29918223522372184,0.338855421686747,0.20375820692777905,478999,3512,7034,1800,3,"['ENSG00000082074', 'ENSG00000141480', 'ENSG00000197746']","['ENSG00000082074', 'ENSG00000141480', 'ENSG00000158195', 'ENSG00000197746']",0.13094133,fold_5
4.1,ann_finest_level,Basal resting,31248,0.35971934737611105,0.377555910543131,0.302547363031234,444511,15586,21794,9454,1,['ENSG00000029993'],['ENSG00000029993'],0.08561962,fold_6
4.1,ann_finest_level,Suprabasal,31248,0.4758880539663564,0.5712363869314542,0.2853622631848438,453404,6693,22331,8917,5,"['ENSG00000173848', 'ENSG00000105519', 'ENSG00000187134', 'ENSG00000204370', 'ENSG00000029993']","['ENSG00000173848', 'ENSG00000105519', 'ENSG00000187134', 'ENSG00000204370', 'ENSG00000174437', 'ENSG00000029993', 'ENSG00000108561', 'ENSG00000062716', 'ENSG00000108848', 'ENSG00000119013']",0.10756997,fold_6
4.1,ann_finest_level,Hillock-like,4600,0.15011917858452511,0.13424882147981143,0.2847826086956522,478297,8448,3290,1310,6,"['ENSG00000121892', 'ENSG00000065613', 'ENSG00000143537', 'ENSG00000173848', 'ENSG00000187134', 'ENSG00000174437']","['ENSG00000121892', 'ENSG00000065613', 'ENSG00000143537', 'ENSG00000173848', 'ENSG00000187134', 'ENSG00000174437', 'ENSG00000167515', 'ENSG00000029993', 'ENSG00000108561', 'ENSG00000119013']",0.20960906,fold_6
4.1,ann_finest_level,Deuterosomal,1004,0.34244011976047906,0.43884892086330934,0.18227091633466136,490107,234,821,183,4,"['ENSG00000148019', 'ENSG00000176532', 'ENSG00000143537', 'ENSG00000160188']","['ENSG00000148019', 'ENSG00000176532', 'ENSG00000143537', 'ENSG00000178053', 'ENSG00000160188', 'ENSG00000171962', 'ENSG00000105519', 'ENSG00000117906', 'ENSG00000029993', 'ENSG00000174437']",0.63140476,fold_6
4.1,ann_finest_level,Multiciliated (nasal),4869,0.2157669381244228,0.19984447900466562,0.3166974738139248,480302,6174,3327,1542,3,"['ENSG00000196118', 'ENSG00000160188', 'ENSG00000111145']","['ENSG00000152760', 'ENSG00000196118', 'ENSG00000171962', 'ENSG00000178053', 'ENSG00000160188', 'ENSG00000111145', 'ENSG00000105519', 'ENSG00000167515', 'ENSG00000174437', 'ENSG00000119013']",0.3691207,fold_6
4.1,ann_finest_level,Multiciliated (non-nasal),31248,0.8255969985759667,0.8402313266443702,0.7718253968253969,455511,4586,7130,24118,2,"['ENSG00000160188', 'ENSG00000105519']","['ENSG00000168658', 'ENSG00000171962', 'ENSG00000178053', 'ENSG00000160188', 'ENSG00000105519', 'ENSG00000174437', 'ENSG00000119013', 'ENSG00000101443', 'ENSG00000135441', 'ENSG00000060138']",0.3628521,fold_6
4.1,ann_finest_level,Club (non-nasal),9955,0.2904612300753619,0.287540545697386,0.3027624309392265,473922,7468,6941,3014,3,"['ENSG00000187134', 'ENSG00000110195', 'ENSG00000101443']","['ENSG00000019102', 'ENSG00000187134', 'ENSG00000110195', 'ENSG00000101443', 'ENSG00000135441']",0.06369593,fold_6
4.1,ann_finest_level,Club (nasal),26068,0.340316573556797,0.3293534579860329,0.39258861439312565,444438,20839,15834,10234,2,"['ENSG00000101443', 'ENSG00000213585']","['ENSG00000101443', 'ENSG00000119013', 'ENSG00000108561', 'ENSG00000213585']",0.05389648,fold_6
4.1,ann_finest_level,Goblet (nasal),31248,0.5578009667515841,0.5990967289309831,0.43724398361495137,450954,9143,17585,13663,2,"['ENSG00000019102', 'ENSG00000101443']","['ENSG00000019102', 'ENSG00000101443', 'ENSG00000213585']",0.18206623,fold_6
4.1,ann_finest_level,Goblet (bronchial),1670,0.380617035546613,0.6920731707317073,0.13592814371257486,489574,101,1443,227,2,"['ENSG00000197943', 'ENSG00000187134']","['ENSG00000197943', 'ENSG00000117308', 'ENSG00000187134', 'ENSG00000105519', 'ENSG00000029993', 'ENSG00000174437', 'ENSG00000062716', 'ENSG00000101443', 'ENSG00000108848', 'ENSG00000119013']",0.43155938,fold_6
4.1,ann_finest_level,Goblet (subsegmental),968,0.06931920649233543,0.057548346849656894,0.381198347107438,484334,6043,599,369,3,"['ENSG00000019102', 'ENSG00000110195', 'ENSG00000101443']","['ENSG00000019102', 'ENSG00000110195', 'ENSG00000101443']",0.0893085,fold_6
4.1,ann_finest_level,AT0,1440,0.17427884615384615,0.21323529411764705,0.10069444444444445,489370,535,1295,145,5,"['ENSG00000099994', 'ENSG00000110195', 'ENSG00000108848', 'ENSG00000101443', 'ENSG00000163660']","['ENSG00000099994', 'ENSG00000110195', 'ENSG00000108848', 'ENSG00000101443', 'ENSG00000163660']",0.042127043,fold_6
4.1,ann_finest_level,pre-TB secretory,4393,0.28731241473397,0.3023255813953488,0.2396995219667653,484522,2430,3340,1053,4,"['ENSG00000187134', 'ENSG00000110195', 'ENSG00000101443', 'ENSG00000163660']","['ENSG00000187134', 'ENSG00000110195', 'ENSG00000101443', 'ENSG00000163660']",0.094996676,fold_6
4.1,ann_finest_level,Ionocyte,561,0.5077805077805078,0.7515151515151515,0.22103386809269163,490743,41,437,124,2,"['ENSG00000123243', 'ENSG00000029993']","['ENSG00000123243', 'ENSG00000170340', 'ENSG00000197943', 'ENSG00000029993', 'ENSG00000174437', 'ENSG00000119013', 'ENSG00000108848', 'ENSG00000213585', 'ENSG00000108561', 'ENSG00000101443']",0.59539664,fold_6
4.1,ann_finest_level,Tuft,165,0.2176696542893726,0.22077922077922077,0.20606060606060606,491060,120,131,34,5,"['ENSG00000211460', 'ENSG00000170340', 'ENSG00000155438', 'ENSG00000117906', 'ENSG00000029993']","['ENSG00000211460', 'ENSG00000170340', 'ENSG00000155438', 'ENSG00000117906', 'ENSG00000150787', 'ENSG00000029993', 'ENSG00000204370', 'ENSG00000108561', 'ENSG00000108848', 'ENSG00000119013']",0.38924867,fold_6
4.1,ann_finest_level,Neuroendocrine,159,0.6695156695156695,0.9791666666666666,0.29559748427672955,491185,1,112,47,3,"['ENSG00000162729', 'ENSG00000141854', 'ENSG00000081803']","['ENSG00000162729', 'ENSG00000141854', 'ENSG00000153815', 'ENSG00000197457', 'ENSG00000081803', 'ENSG00000136861', 'ENSG00000094975', 'ENSG00000176171', 'ENSG00000150787', 'ENSG00000105519']",1.0,fold_6
4.1,ann_finest_level,SMG serous (nasal),1472,0.05203341092701629,0.043835616438356165,0.20652173913043478,483242,6631,1168,304,4,"['ENSG00000176171', 'ENSG00000110195', 'ENSG00000101443', 'ENSG00000135441']","['ENSG00000176171', 'ENSG00000110195', 'ENSG00000167515', 'ENSG00000101443', 'ENSG00000119013', 'ENSG00000135441', 'ENSG00000213585']",0.044497013,fold_6
4.1,ann_finest_level,SMG serous (bronchial),1417,0.012501537532567735,0.010033024624883338,0.7889908256880734,379614,110314,299,1118,1,['ENSG00000101443'],['ENSG00000101443'],0.05617647,fold_6
4.1,ann_finest_level,SMG mucous,537,0.14917127071823205,0.29347826086956524,0.05027932960893855,490743,65,510,27,4,"['ENSG00000117308', 'ENSG00000150787', 'ENSG00000019102', 'ENSG00000110195']","['ENSG00000117308', 'ENSG00000150787', 'ENSG00000019102', 'ENSG00000110195', 'ENSG00000135441', 'ENSG00000119013']",0.28641254,fold_6
4.1,ann_finest_level,SMG duct,1274,0.19599174771588565,0.193033381712627,0.2087912087912088,488959,1112,1008,266,6,"['ENSG00000177311', 'ENSG00000173848', 'ENSG00000117308', 'ENSG00000187134', 'ENSG00000110195', 'ENSG00000129515']","['ENSG00000177311', 'ENSG00000173848', 'ENSG00000117308', 'ENSG00000187134', 'ENSG00000110195', 'ENSG00000129515', 'ENSG00000204370', 'ENSG00000101443', 'ENSG00000108848', 'ENSG00000119013']",0.10224251,fold_6
4.1,ann_finest_level,AT1,7937,0.6084774313314312,0.6694402420574886,0.4460123472344715,481660,1748,4397,3540,1,['ENSG00000099994'],"['ENSG00000099994', 'ENSG00000110195', 'ENSG00000101443']",0.4726465,fold_6
4.1,ann_finest_level,AT2,31248,0.6380646187403436,0.7913907284768212,0.359479006656426,457136,2961,20015,11233,2,"['ENSG00000099994', 'ENSG00000130208']","['ENSG00000099994', 'ENSG00000130208', 'ENSG00000110195', 'ENSG00000101443', 'ENSG00000108561', 'ENSG00000163660']",0.097651854,fold_6
4.1,ann_finest_level,AT2 proliferating,976,0.062211390456644436,0.05689149560117302,0.09938524590163934,488761,1608,879,97,6,"['ENSG00000010270', 'ENSG00000117308', 'ENSG00000099994', 'ENSG00000117906', 'ENSG00000167515', 'ENSG00000130208']","['ENSG00000010270', 'ENSG00000117308', 'ENSG00000099994', 'ENSG00000117906', 'ENSG00000167515', 'ENSG00000130208', 'ENSG00000110195', 'ENSG00000029993', 'ENSG00000108561', 'ENSG00000108848']",0.12373224,fold_6
4.1,ann_finest_level,EC arterial,7391,0.13714147300628357,0.12262708625302586,0.2604519009606278,470181,13773,5466,1925,1,['ENSG00000060138'],['ENSG00000060138'],0.052734468,fold_6
4.1,ann_finest_level,EC aerocyte capillary,7157,0.3146887317978956,0.32829226847918436,0.26994550789436916,480235,3953,5225,1932,2,"['ENSG00000183722', 'ENSG00000140105']","['ENSG00000183722', 'ENSG00000140105']",0.27429757,fold_6
4.1,ann_finest_level,EC general capillary,16048,0.2987140723470912,0.2798754213063697,0.4087736789631107,458418,16879,9488,6560,1,['ENSG00000140105'],['ENSG00000140105'],0.2896812,fold_6
4.1,ann_finest_level,EC venous pulmonary,6418,0.15845204540260532,0.16777576124218593,0.12963540043627297,480800,4127,5586,832,2,"['ENSG00000204217', 'ENSG00000060138']","['ENSG00000204217', 'ENSG00000060138']",0.519766,fold_6
4.1,ann_finest_level,Lymphatic EC mature,4001,0.8806720204956398,0.8775159548355425,0.8935266183454137,486845,499,426,3575,1,['ENSG00000137077'],"['ENSG00000137077', 'ENSG00000060138']",0.4114893,fold_6
4.1,ann_finest_level,Lymphatic EC proliferating,28,0.25,0.6666666666666666,0.07142857142857142,491316,1,26,2,2,"['ENSG00000136108', 'ENSG00000137077']","['ENSG00000136108', 'ENSG00000143537', 'ENSG00000137077', 'ENSG00000010270', 'ENSG00000111145', 'ENSG00000117906', 'ENSG00000029993', 'ENSG00000108848', 'ENSG00000135441', 'ENSG00000108561']",0.51151603,fold_6
4.1,ann_finest_level,Lymphatic EC differentiating,566,0.3192584963954686,0.36046511627906974,0.21908127208480566,490559,220,442,124,2,"['ENSG00000111145', 'ENSG00000137077']","['ENSG00000111145', 'ENSG00000137077', 'ENSG00000163660', 'ENSG00000060138']",0.46145964,fold_6
4.1,ann_finest_level,Peribronchial fibroblasts,1573,0.1952366950896795,0.17210990150336963,0.4221233312142403,486578,3194,909,664,1,['ENSG00000140285'],['ENSG00000140285'],0.45937312,fold_6
4.1,ann_finest_level,Adventitial fibroblasts,10321,0.6118187513050741,0.8602466236054023,0.2838872202305978,480548,476,7391,2930,3,"['ENSG00000140285', 'ENSG00000183722', 'ENSG00000187134']","['ENSG00000140285', 'ENSG00000183722', 'ENSG00000187134', 'ENSG00000129515', 'ENSG00000204370', 'ENSG00000108848', 'ENSG00000060138', 'ENSG00000062716', 'ENSG00000108561', 'ENSG00000163660']",0.17004788,fold_6
4.1,ann_finest_level,Alveolar fibroblasts,5182,0.10065364021973437,0.09821882951653944,0.11173292165187186,480847,5316,4603,579,2,"['ENSG00000163660', 'ENSG00000060138']","['ENSG00000108848', 'ENSG00000163660', 'ENSG00000062716', 'ENSG00000060138']",0.046485536,fold_6
4.1,ann_finest_level,Pericytes,3032,0.3186896901980701,0.41453344343517756,0.16556728232189974,487604,709,2530,502,2,"['ENSG00000177311', 'ENSG00000183722']","['ENSG00000177311', 'ENSG00000183722', 'ENSG00000108848']",0.4278375,fold_6
4.1,ann_finest_level,Subpleural fibroblasts,276,0.08614369501466276,0.0766721044045677,0.17028985507246377,490503,566,229,47,5,"['ENSG00000140285', 'ENSG00000130208', 'ENSG00000117906', 'ENSG00000163660', 'ENSG00000062716']","['ENSG00000140285', 'ENSG00000130208', 'ENSG00000117906', 'ENSG00000204370', 'ENSG00000163660', 'ENSG00000062716', 'ENSG00000108561', 'ENSG00000119013', 'ENSG00000060138', 'ENSG00000213585']",0.058327794,fold_6
4.1,ann_finest_level,Myofibroblasts,716,0.005979218639141281,0.004803051891345314,0.2918994413407821,447324,43305,507,209,1,['ENSG00000108848'],['ENSG00000108848'],0.066208005,fold_6
4.1,ann_finest_level,SM activated stress response,556,0.28421633554083886,0.32802547770700635,0.18525179856115107,490578,211,453,103,4,"['ENSG00000109452', 'ENSG00000177311', 'ENSG00000183722', 'ENSG00000174437']","['ENSG00000109452', 'ENSG00000108823', 'ENSG00000177311', 'ENSG00000183722', 'ENSG00000174437', 'ENSG00000108848', 'ENSG00000060138', 'ENSG00000163660', 'ENSG00000062716', 'ENSG00000108561']",0.23922557,fold_6
4.1,ann_finest_level,Mesothelium,230,0.002450620006861736,0.0019641863358103905,0.2608695652173913,460628,30487,170,60,4,"['ENSG00000167515', 'ENSG00000204370', 'ENSG00000108561', 'ENSG00000101443']","['ENSG00000167515', 'ENSG00000204370', 'ENSG00000119013', 'ENSG00000108561', 'ENSG00000101443', 'ENSG00000062716', 'ENSG00000213585', 'ENSG00000163660']",0.058415245,fold_6
4.1,ann_finest_level,Hematopoietic stem cells,60,0.0018206408655846858,0.0014610728449175538,0.11666666666666667,486501,4784,53,7,6,"['ENSG00000155438', 'ENSG00000129515', 'ENSG00000204370', 'ENSG00000108848', 'ENSG00000108561', 'ENSG00000062716']","['ENSG00000155438', 'ENSG00000129515', 'ENSG00000204370', 'ENSG00000108848', 'ENSG00000108561', 'ENSG00000062716', 'ENSG00000163660', 'ENSG00000213585']",0.056805268,fold_6
4.1,ann_finest_level,T cells proliferating,500,0.2902621722846442,0.43661971830985913,0.124,490765,80,438,62,5,"['ENSG00000115085', 'ENSG00000142230', 'ENSG00000129515', 'ENSG00000167515', 'ENSG00000204370']","['ENSG00000115085', 'ENSG00000142230', 'ENSG00000066379', 'ENSG00000129515', 'ENSG00000167515', 'ENSG00000204370', 'ENSG00000108561', 'ENSG00000119013', 'ENSG00000108848', 'ENSG00000213585']",0.114936255,fold_6
4.1,ann_finest_level,DC1,322,0.10633484162895927,0.09957627118644068,0.14596273291925466,490598,425,275,47,5,"['ENSG00000188820', 'ENSG00000173848', 'ENSG00000140105', 'ENSG00000108561', 'ENSG00000163660']","['ENSG00000188820', 'ENSG00000173848', 'ENSG00000140105', 'ENSG00000108561', 'ENSG00000062716', 'ENSG00000163660', 'ENSG00000135441', 'ENSG00000213585', 'ENSG00000101439']",0.13896397,fold_6
4.1,ann_finest_level,DC2,9133,0.03142023949866601,0.025719161384690395,0.27723639548888646,386296,95916,6601,2532,2,"['ENSG00000163660', 'ENSG00000213585']","['ENSG00000163660', 'ENSG00000213585']",0.021263827,fold_6
4.1,ann_finest_level,Migratory DCs,312,0.017006802721088437,0.013868251609707775,0.1794871794871795,487051,3982,256,56,3,"['ENSG00000172292', 'ENSG00000130208', 'ENSG00000213585']","['ENSG00000172292', 'ENSG00000130208', 'ENSG00000213585', 'ENSG00000163660']",0.037923448,fold_6
4.1,ann_finest_level,Alveolar macrophages,31248,0.5793383639100191,0.5510228756589447,0.7292306707629288,441530,18567,8461,22787,2,"['ENSG00000130208', 'ENSG00000213585']","['ENSG00000130208', 'ENSG00000129515', 'ENSG00000204370', 'ENSG00000135441', 'ENSG00000119013', 'ENSG00000213585', 'ENSG00000108561', 'ENSG00000062716', 'ENSG00000163660']",0.11541282,fold_6
4.1,ann_finest_level,Alveolar Mph CCL3+,8065,0.32705248990578734,0.37926421404682276,0.21091134531928085,480496,2784,6364,1701,4,"['ENSG00000139211', 'ENSG00000000419', 'ENSG00000155438', 'ENSG00000140105']","['ENSG00000173442', 'ENSG00000139211', 'ENSG00000000419', 'ENSG00000066379', 'ENSG00000155438', 'ENSG00000140105', 'ENSG00000130208', 'ENSG00000204370', 'ENSG00000129515', 'ENSG00000135441']",0.36185807,fold_6
4.1,ann_finest_level,Alveolar Mph MT-positive,1203,0.3163131218321757,0.3268671193016489,0.2801330008312552,489448,694,866,337,2,"['ENSG00000125144', 'ENSG00000130208']","['ENSG00000125144', 'ENSG00000130208', 'ENSG00000135441', 'ENSG00000213585']",0.5820067,fold_6
4.1,ann_finest_level,Alveolar Mph proliferating,1061,0.20716590253014094,0.20215410107705054,0.2299717247879359,489321,963,817,244,4,"['ENSG00000172775', 'ENSG00000136108', 'ENSG00000010270', 'ENSG00000130208']","['ENSG00000172775', 'ENSG00000139211', 'ENSG00000136108', 'ENSG00000010270', 'ENSG00000130208', 'ENSG00000129515', 'ENSG00000117906', 'ENSG00000029993', 'ENSG00000135441', 'ENSG00000119013']",0.28472155,fold_6
4.1,ann_finest_level,Monocyte-derived Mph,28223,0.2898653616978118,0.2706247188883365,0.405059703079049,432311,30811,16791,11432,2,"['ENSG00000130208', 'ENSG00000213585']","['ENSG00000130208', 'ENSG00000119013', 'ENSG00000213585', 'ENSG00000135441', 'ENSG00000163660']",0.08723796,fold_6
4.1,ann_finest_level,Interstitial Mph perivascular,4805,0.03816793893129771,0.034938167847280585,0.060561914672216444,478502,8038,4514,291,5,"['ENSG00000062716', 'ENSG00000135441', 'ENSG00000163660', 'ENSG00000213585', 'ENSG00000060138']","['ENSG00000062716', 'ENSG00000135441', 'ENSG00000163660', 'ENSG00000213585', 'ENSG00000060138']",0.03859321,fold_6
4.1,ann_finest_level,Classical monocytes,17695,0.0835588722179888,0.06979737212295352,0.39536592257699915,380413,93237,10699,6996,1,['ENSG00000062716'],"['ENSG00000062716', 'ENSG00000163660']",0.059469387,fold_6
4.1,ann_finest_level,Non-classical monocytes,8834,0.4032488397001071,0.4712140175219024,0.2557165496943627,479976,2535,6575,2259,2,"['ENSG00000188820', 'ENSG00000140105']","['ENSG00000188820', 'ENSG00000140105', 'ENSG00000062716', 'ENSG00000163660']",0.4563827,fold_6
4.1,ann_finest_level,Basal resting,31248,0.2857582735353968,0.2890709642470206,0.27323348694316435,439099,20998,22710,8538,1,['ENSG00000213977'],"['ENSG00000213977', 'ENSG00000105223', 'ENSG00000116044']",0.29581326,fold_7
4.1,ann_finest_level,Suprabasal,31248,0.42734739403772054,0.5004452888440302,0.2697452636968766,451683,8414,22819,8429,5,"['ENSG00000069020', 'ENSG00000213977', 'ENSG00000204574', 'ENSG00000116752', 'ENSG00000091640']","['ENSG00000069020', 'ENSG00000213977', 'ENSG00000204574', 'ENSG00000048649', 'ENSG00000116752', 'ENSG00000091640', 'ENSG00000213619', 'ENSG00000105223', 'ENSG00000062194', 'ENSG00000142634']",0.21370694,fold_7
4.1,ann_finest_level,Hillock-like,4600,0.1633487112626617,0.14771567849450176,0.2832608695652174,479227,7518,3297,1303,6,"['ENSG00000070423', 'ENSG00000063245', 'ENSG00000069020', 'ENSG00000079462', 'ENSG00000066044', 'ENSG00000213619']","['ENSG00000070423', 'ENSG00000063245', 'ENSG00000069020', 'ENSG00000079462', 'ENSG00000066044', 'ENSG00000213619', 'ENSG00000142634', 'ENSG00000188529', 'ENSG00000137100', 'ENSG00000146701']",0.32553005,fold_7
4.1,ann_finest_level,Deuterosomal,1004,0.2796420581655481,0.5102040816326531,0.099601593625498,490245,96,904,100,4,"['ENSG00000140403', 'ENSG00000163071', 'ENSG00000273841', 'ENSG00000184203']","['ENSG00000129654', 'ENSG00000140403', 'ENSG00000163071', 'ENSG00000273841', 'ENSG00000130816', 'ENSG00000184203', 'ENSG00000213619', 'ENSG00000188529', 'ENSG00000116044', 'ENSG00000165672']",0.23696825,fold_7
4.1,ann_finest_level,Multiciliated (nasal),4869,0.19610897972696645,0.17332185886402754,0.41363729718628056,476870,9606,2855,2014,2,"['ENSG00000167065', 'ENSG00000257057']","['ENSG00000167065', 'ENSG00000257057', 'ENSG00000140403', 'ENSG00000163071', 'ENSG00000129654', 'ENSG00000155096', 'ENSG00000168259', 'ENSG00000062194', 'ENSG00000102580', 'ENSG00000215845']",0.7409911,fold_7
4.1,ann_finest_level,Multiciliated (non-nasal),31248,0.7555201581896078,0.8465917833512848,0.5282258064516129,457106,2991,14742,16506,2,"['ENSG00000257057', 'ENSG00000129654']","['ENSG00000257057', 'ENSG00000140403', 'ENSG00000163071', 'ENSG00000129654', 'ENSG00000155096', 'ENSG00000215845', 'ENSG00000125991', 'ENSG00000167552', 'ENSG00000116044']",0.44032124,fold_7
4.1,ann_finest_level,Club (non-nasal),9955,0.08452598213428104,0.07084667139488969,0.3712707182320442,432917,48473,6259,3696,2,"['ENSG00000065054', 'ENSG00000215845']","['ENSG00000065054', 'ENSG00000215845']",0.036862377,fold_7
4.1,ann_finest_level,Club (nasal),26068,0.21039903264812576,0.24579742901539767,0.13349700782568666,454599,10678,22588,3480,3,"['ENSG00000142634', 'ENSG00000125991', 'ENSG00000146701']","['ENSG00000142634', 'ENSG00000125991', 'ENSG00000215845', 'ENSG00000146701', 'ENSG00000116044', 'ENSG00000265241']",0.05102368,fold_7
4.1,ann_finest_level,Goblet (nasal),31248,0.4207107075767063,0.48478015783540024,0.2752176139272913,450957,9140,22648,8600,2,"['ENSG00000065054', 'ENSG00000142634']","['ENSG00000065054', 'ENSG00000142634', 'ENSG00000215845']",0.06943944,fold_7
4.1,ann_finest_level,Goblet (bronchial),1670,0.035760061522686494,0.029887520085698983,0.16706586826347306,480619,9056,1391,279,5,"['ENSG00000065054', 'ENSG00000102580', 'ENSG00000142634', 'ENSG00000188529', 'ENSG00000062194']","['ENSG00000065054', 'ENSG00000102580', 'ENSG00000142634', 'ENSG00000188529', 'ENSG00000062194']",0.041095983,fold_7
4.1,ann_finest_level,AT0,1440,0.04013961605584642,0.03293949158610813,0.3194444444444444,476400,13505,980,460,3,"['ENSG00000171476', 'ENSG00000105223', 'ENSG00000215845']","['ENSG00000171476', 'ENSG00000105223', 'ENSG00000215845']",0.07846469,fold_7
4.1,ann_finest_level,pre-TB secretory,4393,0.04042276294514335,0.032972924671611115,0.4199863419075802,432842,54110,2548,1845,2,"['ENSG00000171476', 'ENSG00000215845']","['ENSG00000171476', 'ENSG00000215845', 'ENSG00000189067']",0.044345155,fold_7
4.1,ann_finest_level,Ionocyte,561,0.18961253091508656,0.2822085889570552,0.08199643493761141,490667,117,515,46,6,"['ENSG00000104490', 'ENSG00000101460', 'ENSG00000078369', 'ENSG00000102580', 'ENSG00000062194', 'ENSG00000105254']","['ENSG00000104490', 'ENSG00000101460', 'ENSG00000078369', 'ENSG00000102580', 'ENSG00000062194', 'ENSG00000105254', 'ENSG00000215845', 'ENSG00000116044', 'ENSG00000165672', 'ENSG00000146701']",0.08323178,fold_7
4.1,ann_finest_level,Tuft,165,0.06451612903225806,0.05555555555555555,0.18181818181818182,490670,510,135,30,6,"['ENSG00000104886', 'ENSG00000079462', 'ENSG00000204574', 'ENSG00000048649', 'ENSG00000115919', 'ENSG00000066044']","['ENSG00000104886', 'ENSG00000079462', 'ENSG00000204574', 'ENSG00000048649', 'ENSG00000115919', 'ENSG00000066044', 'ENSG00000091640', 'ENSG00000168259', 'ENSG00000105854', 'ENSG00000213619']",0.30684632,fold_7
4.1,ann_finest_level,Neuroendocrine,159,0.5569620253164557,0.7457627118644068,0.27672955974842767,491171,15,115,44,3,"['ENSG00000176956', 'ENSG00000168300', 'ENSG00000242265']","['ENSG00000176956', 'ENSG00000144567', 'ENSG00000168300', 'ENSG00000101460', 'ENSG00000104886', 'ENSG00000242265', 'ENSG00000109472', 'ENSG00000079462', 'ENSG00000078369', 'ENSG00000105254']",0.72471815,fold_7
4.1,ann_finest_level,SMG serous (nasal),1472,0.4270923209663503,0.5006321112515802,0.26902173913043476,489478,395,1076,396,3,"['ENSG00000088992', 'ENSG00000171766', 'ENSG00000215845']","['ENSG00000088992', 'ENSG00000171766', 'ENSG00000215845']",0.33705863,fold_7
4.1,ann_finest_level,SMG serous (bronchial),1417,0.005449931977781674,0.00436835827074017,0.565984474241355,307137,182791,615,802,1,['ENSG00000215845'],['ENSG00000215845'],0.03248407,fold_7
4.1,ann_finest_level,SMG mucous,537,0.25052928722653495,0.32272727272727275,0.13221601489757914,490659,149,466,71,4,"['ENSG00000170293', 'ENSG00000171766', 'ENSG00000065054', 'ENSG00000215845']","['ENSG00000170293', 'ENSG00000171766', 'ENSG00000065054', 'ENSG00000215845', 'ENSG00000125991']",0.36073393,fold_7
4.1,ann_finest_level,SMG duct,1274,0.029411764705882353,0.024188582988829272,0.21585557299843014,478977,11094,999,275,6,"['ENSG00000168300', 'ENSG00000048649', 'ENSG00000168710', 'ENSG00000078369', 'ENSG00000091640', 'ENSG00000065054']","['ENSG00000168300', 'ENSG00000048649', 'ENSG00000168710', 'ENSG00000078369', 'ENSG00000091640', 'ENSG00000065054', 'ENSG00000213619', 'ENSG00000102580', 'ENSG00000062194', 'ENSG00000188529']",0.112227544,fold_7
4.1,ann_finest_level,AT1,7937,0.6143446884946271,0.6554042696251471,0.49124354290034017,481358,2050,4038,3899,1,['ENSG00000171476'],"['ENSG00000171476', 'ENSG00000215845']",0.23990618,fold_7
4.1,ann_finest_level,AT2,31248,0.6894182317911132,0.7859007832898173,0.46236559139784944,456161,3936,16800,14448,3,"['ENSG00000171476', 'ENSG00000105223', 'ENSG00000215845']","['ENSG00000171476', 'ENSG00000105854', 'ENSG00000105223', 'ENSG00000215845']",0.10038428,fold_7
4.1,ann_finest_level,AT2 proliferating,976,0.2983383685800604,0.37799043062200954,0.16188524590163936,490109,260,818,158,3,"['ENSG00000242265', 'ENSG00000079462', 'ENSG00000130816']","['ENSG00000242265', 'ENSG00000079462', 'ENSG00000130816', 'ENSG00000066044', 'ENSG00000171476', 'ENSG00000168710', 'ENSG00000105854', 'ENSG00000105223', 'ENSG00000213619', 'ENSG00000188529']",0.20122433,fold_7
4.1,ann_finest_level,EC arterial,7391,0.223688941394011,0.20487690136427789,0.35353808686240024,473813,10141,4778,2613,2,"['ENSG00000106991', 'ENSG00000065054']","['ENSG00000106991', 'ENSG00000065054', 'ENSG00000105854']",0.16963542,fold_7
4.1,ann_finest_level,EC aerocyte capillary,7157,0.41660853308033596,0.41645746164574615,0.41721391644543804,480004,4184,4171,2986,2,"['ENSG00000065054', 'ENSG00000167552']","['ENSG00000065054', 'ENSG00000105854', 'ENSG00000106991', 'ENSG00000167552']",0.12070614,fold_7
4.1,ann_finest_level,EC general capillary,16048,0.4763652378156195,0.5162174105170129,0.3639705882352941,469823,5474,10207,5841,2,"['ENSG00000106991', 'ENSG00000065054']","['ENSG00000106991', 'ENSG00000105854', 'ENSG00000065054']",0.17799535,fold_7
4.1,ann_finest_level,EC venous systemic,6557,0.10753484294759787,0.08950404259514888,0.5537593411621168,447851,36937,2926,3631,1,['ENSG00000106991'],['ENSG00000106991'],0.14274618,fold_7
4.1,ann_finest_level,EC venous pulmonary,6418,0.573689741232103,0.793369663941871,0.2722031785602992,484472,455,4671,1747,2,"['ENSG00000109472', 'ENSG00000106991']","['ENSG00000109472', 'ENSG00000106991', 'ENSG00000105854', 'ENSG00000065054']",0.20295292,fold_7
4.1,ann_finest_level,Lymphatic EC mature,4001,0.22471295790049206,0.31959564541213065,0.10272431892026994,486469,875,3590,411,3,"['ENSG00000184203', 'ENSG00000065054', 'ENSG00000167552']","['ENSG00000184203', 'ENSG00000065054', 'ENSG00000167552']",0.079977974,fold_7
4.1,ann_finest_level,Lymphatic EC proliferating,28,0.19230769230769232,0.3333333333333333,0.07142857142857142,491313,4,26,2,6,"['ENSG00000136045', 'ENSG00000100242', 'ENSG00000161281', 'ENSG00000184203', 'ENSG00000066044', 'ENSG00000137100']","['ENSG00000136045', 'ENSG00000100242', 'ENSG00000161281', 'ENSG00000184203', 'ENSG00000066044', 'ENSG00000137100', 'ENSG00000065054', 'ENSG00000188529', 'ENSG00000105254', 'ENSG00000165672']",0.16062978,fold_7
4.1,ann_finest_level,Lymphatic EC differentiating,566,0.43507664562669074,0.46731234866828086,0.3409893992932862,490559,220,373,193,1,['ENSG00000153993'],"['ENSG00000153993', 'ENSG00000184203']",1.0,fold_7
4.1,ann_finest_level,Peribronchial fibroblasts,1573,0.008217096090598118,0.00659504132231405,0.5073108709472346,369570,120202,775,798,1,['ENSG00000167552'],['ENSG00000167552'],0.035503656,fold_7
4.1,ann_finest_level,Adventitial fibroblasts,10321,0.6801635583923407,0.8283400809716599,0.3964732099602752,480176,848,6229,4092,2,"['ENSG00000154096', 'ENSG00000109472']","['ENSG00000162733', 'ENSG00000154096', 'ENSG00000120913', 'ENSG00000154734', 'ENSG00000161281', 'ENSG00000109472', 'ENSG00000168710', 'ENSG00000106991', 'ENSG00000102580', 'ENSG00000105223']",0.32041767,fold_7
4.1,ann_finest_level,Alveolar fibroblasts,5182,0.2830750893921335,0.34475806451612906,0.1649942107294481,484538,1625,4327,855,2,"['ENSG00000154734', 'ENSG00000189067']","['ENSG00000154734', 'ENSG00000189067', 'ENSG00000167552']",0.09073958,fold_7
4.1,ann_finest_level,Pericytes,3032,0.02248942996791508,0.01812889645378642,0.5936675461741425,390824,97489,1232,1800,1,['ENSG00000167552'],['ENSG00000167552'],0.049844157,fold_7
4.1,ann_finest_level,Subpleural fibroblasts,276,0.05796908315565032,0.04814609850581074,0.31521739130434784,489349,1720,189,87,4,"['ENSG00000120913', 'ENSG00000154096', 'ENSG00000154734', 'ENSG00000106991']","['ENSG00000120913', 'ENSG00000154096', 'ENSG00000154734', 'ENSG00000106991', 'ENSG00000102580', 'ENSG00000105223', 'ENSG00000105254', 'ENSG00000188529', 'ENSG00000137100', 'ENSG00000165672']",0.39165246,fold_7
4.1,ann_finest_level,Myofibroblasts,716,0.008616039319108128,0.00693000693000693,0.32122905027932963,457670,32959,486,230,2,"['ENSG00000167552', 'ENSG00000177733']","['ENSG00000167552', 'ENSG00000177733']",0.048621997,fold_7
4.1,ann_finest_level,Smooth muscle,2996,0.09005763688760807,0.07638498030071561,0.3170894526034713,476862,11487,2046,950,2,"['ENSG00000161281', 'ENSG00000167552']","['ENSG00000161281', 'ENSG00000167552']",0.14459753,fold_7
4.1,ann_finest_level,Smooth muscle FAM83D+,335,0.11885895404120443,0.20270270270270271,0.04477611940298507,490951,59,320,15,1,['ENSG00000161281'],"['ENSG00000161281', 'ENSG00000167552', 'ENSG00000143198']",0.37301615,fold_7
4.1,ann_finest_level,SM activated stress response,556,0.3317901234567901,0.4648648648648649,0.15467625899280577,490690,99,470,86,4,"['ENSG00000154734', 'ENSG00000100242', 'ENSG00000161281', 'ENSG00000109472']","['ENSG00000154734', 'ENSG00000100242', 'ENSG00000161281', 'ENSG00000109472', 'ENSG00000102580', 'ENSG00000062194', 'ENSG00000105254', 'ENSG00000137100', 'ENSG00000167552', 'ENSG00000177733']",0.32464808,fold_7
4.1,ann_finest_level,Mesothelium,230,0.23166023166023167,0.3333333333333333,0.10434782608695652,491067,48,206,24,2,"['ENSG00000101000', 'ENSG00000165672']","['ENSG00000101000', 'ENSG00000109472', 'ENSG00000091640', 'ENSG00000165672', 'ENSG00000137100', 'ENSG00000102580', 'ENSG00000188529', 'ENSG00000125991', 'ENSG00000146701']",0.5346142,fold_7
4.1,ann_finest_level,Hematopoietic stem cells,60,0.1388888888888889,0.15384615384615385,0.1,491252,33,54,6,5,"['ENSG00000170891', 'ENSG00000079462', 'ENSG00000150977', 'ENSG00000048649', 'ENSG00000062194']","['ENSG00000170891', 'ENSG00000079462', 'ENSG00000150977', 'ENSG00000048649', 'ENSG00000168259', 'ENSG00000062194', 'ENSG00000188529', 'ENSG00000177733', 'ENSG00000125991']",0.11025691,fold_7
4.1,ann_finest_level,B cells,4511,0.046908811525963726,0.03875946418171229,0.2950565284859233,453825,33009,3180,1331,1,['ENSG00000062194'],['ENSG00000062194'],0.099314325,fold_7
4.1,ann_finest_level,Plasma cells,1773,0.0069260761234036464,0.005555391214317408,0.5296108291032149,321486,168086,834,939,1,['ENSG00000102580'],['ENSG00000102580'],0.0566595,fold_7
4.1,ann_finest_level,T cells proliferating,500,0.14872521246458922,0.18421052631578946,0.084,490659,186,458,42,5,"['ENSG00000130816', 'ENSG00000028137', 'ENSG00000066044', 'ENSG00000136279', 'ENSG00000171476']","['ENSG00000130816', 'ENSG00000028137', 'ENSG00000100242', 'ENSG00000066044', 'ENSG00000136279', 'ENSG00000171476', 'ENSG00000188529', 'ENSG00000137100', 'ENSG00000213619', 'ENSG00000105254']",0.19782235,fold_7
4.1,ann_finest_level,NK cells,16978,0.5063538611925709,0.6063443755121152,0.30510071857698196,471004,3363,11798,5180,2,"['ENSG00000171476', 'ENSG00000189067']","['ENSG00000171476', 'ENSG00000189067']",0.108747244,fold_7
4.1,ann_finest_level,DC1,322,0.010360861215000506,0.008425811755034936,0.12732919254658384,486198,4825,281,41,5,"['ENSG00000136279', 'ENSG00000150977', 'ENSG00000091640', 'ENSG00000184203', 'ENSG00000105254']","['ENSG00000136279', 'ENSG00000150977', 'ENSG00000091640', 'ENSG00000168259', 'ENSG00000184203', 'ENSG00000105254', 'ENSG00000062194', 'ENSG00000142634', 'ENSG00000189067', 'ENSG00000167552']",0.12218378,fold_7
4.1,ann_finest_level,DC2,9133,0.06976086922388482,0.05745654872749845,0.48647760867184936,409327,72885,4690,4443,1,['ENSG00000189067'],['ENSG00000189067'],0.06864994,fold_7
4.1,ann_finest_level,Migratory DCs,312,0.15127388535031847,0.24050632911392406,0.060897435897435896,490973,60,293,19,6,"['ENSG00000056558', 'ENSG00000115919', 'ENSG00000136279', 'ENSG00000184203', 'ENSG00000062194', 'ENSG00000105254']","['ENSG00000056558', 'ENSG00000115919', 'ENSG00000136279', 'ENSG00000184203', 'ENSG00000062194', 'ENSG00000105254', 'ENSG00000189067', 'ENSG00000167552', 'ENSG00000177733']",0.15608808,fold_7
4.1,ann_finest_level,Alveolar macrophages,31248,0.35847889269373545,0.3699469171090241,0.31893241167434716,443124,16973,21282,9966,3,"['ENSG00000111679', 'ENSG00000105223', 'ENSG00000213619']","['ENSG00000111679', 'ENSG00000078369', 'ENSG00000204103', 'ENSG00000105223', 'ENSG00000184203', 'ENSG00000213619', 'ENSG00000142634', 'ENSG00000102580', 'ENSG00000105254', 'ENSG00000189067']",0.08607728,fold_7
4.1,ann_finest_level,Alveolar Mph CCL3+,8065,0.37939179214644225,0.3873664017539052,0.35052696838189706,478809,4471,5238,2827,6,"['ENSG00000135124', 'ENSG00000115919', 'ENSG00000111679', 'ENSG00000136279', 'ENSG00000150977', 'ENSG00000078369']","['ENSG00000135124', 'ENSG00000115919', 'ENSG00000111679', 'ENSG00000136279', 'ENSG00000150977', 'ENSG00000078369', 'ENSG00000204103', 'ENSG00000106991', 'ENSG00000142634', 'ENSG00000105223']",0.20717873,fold_7
4.1,ann_finest_level,Alveolar Mph MT-positive,1203,0.03159655110964894,0.025701064838044265,0.38320864505403157,472666,17476,742,461,2,"['ENSG00000204103', 'ENSG00000142634']","['ENSG00000204103', 'ENSG00000142634', 'ENSG00000189067']",0.12892877,fold_7
4.1,ann_finest_level,Alveolar Mph proliferating,1061,0.06507088078085058,0.05671843349088454,0.1583411875589067,487490,2794,893,168,6,"['ENSG00000130816', 'ENSG00000100242', 'ENSG00000115919', 'ENSG00000273841', 'ENSG00000111679', 'ENSG00000078369']","['ENSG00000130816', 'ENSG00000100242', 'ENSG00000115919', 'ENSG00000273841', 'ENSG00000111679', 'ENSG00000078369', 'ENSG00000204103', 'ENSG00000106991', 'ENSG00000105223', 'ENSG00000137100']",0.182706,fold_7
4.1,ann_finest_level,Monocyte-derived Mph,28223,0.2756140882900836,0.2918616386824479,0.22541898451617476,447686,15436,21861,6362,3,"['ENSG00000204103', 'ENSG00000105223', 'ENSG00000189067']","['ENSG00000111679', 'ENSG00000204103', 'ENSG00000105223', 'ENSG00000142634', 'ENSG00000189067', 'ENSG00000165672']",0.083215766,fold_7
4.1,ann_finest_level,Interstitial Mph perivascular,4805,0.17814283428449518,0.19162363740676994,0.13902185223725286,483722,2818,4137,668,3,"['ENSG00000176845', 'ENSG00000204103', 'ENSG00000105223']","['ENSG00000176845', 'ENSG00000204103', 'ENSG00000105223', 'ENSG00000142634', 'ENSG00000189067']",0.2029161,fold_7
4.1,ann_finest_level,Classical monocytes,17695,0.3223454972226677,0.3475322225715184,0.24990110200621646,465348,8302,13273,4422,2,"['ENSG00000028137', 'ENSG00000204103']","['ENSG00000028137', 'ENSG00000150977', 'ENSG00000204103', 'ENSG00000142634', 'ENSG00000189067']",0.2491241,fold_7
4.1,ann_finest_level,Non-classical monocytes,8834,0.3024864944867905,0.35949868073878627,0.18508037129273264,479598,2913,7199,1635,3,"['ENSG00000028137', 'ENSG00000111679', 'ENSG00000204103']","['ENSG00000028137', 'ENSG00000111679', 'ENSG00000204103', 'ENSG00000150977', 'ENSG00000142634', 'ENSG00000189067']",0.23520081,fold_7
4.1,ann_finest_level,Mast cells,6623,0.034558489881114436,0.028327853242676268,0.28748301373999696,419413,65309,4719,1904,1,['ENSG00000189067'],['ENSG00000189067'],0.034814525,fold_7
4.1,ann_finest_level,Basal resting,31248,0.35166693948818684,0.4903471231573942,0.16500256016385048,454738,5359,26092,5156,2,"['ENSG00000100711', 'ENSG00000108602']","['ENSG00000100711', 'ENSG00000108602']",0.2670916,fold_8
4.1,ann_finest_level,Suprabasal,31248,0.4873641045203128,0.5553985763190784,0.32709293394777267,451915,8182,21027,10221,4,"['ENSG00000185033', 'ENSG00000142765', 'ENSG00000052126', 'ENSG00000100711']","['ENSG00000185033', 'ENSG00000142765', 'ENSG00000052126', 'ENSG00000100711', 'ENSG00000091140', 'ENSG00000103024', 'ENSG00000108602', 'ENSG00000054267', 'ENSG00000163634', 'ENSG00000135624']",0.46833444,fold_8
4.1,ann_finest_level,Hillock-like,4600,0.16400755746824813,0.14921809717082488,0.2717391304347826,479618,7127,3350,1250,6,"['ENSG00000149115', 'ENSG00000185033', 'ENSG00000197170', 'ENSG00000108344', 'ENSG00000137767', 'ENSG00000108602']","['ENSG00000149115', 'ENSG00000185033', 'ENSG00000197170', 'ENSG00000108344', 'ENSG00000137767', 'ENSG00000108602', 'ENSG00000115307', 'ENSG00000163634', 'ENSG00000135624', 'ENSG00000044115']",0.26649126,fold_8
4.1,ann_finest_level,Deuterosomal,1004,0.13139931740614336,0.12685337726523888,0.15338645418326693,489281,1060,850,154,6,"['ENSG00000135951', 'ENSG00000114383', 'ENSG00000053371', 'ENSG00000004838', 'ENSG00000104450', 'ENSG00000172426']","['ENSG00000135951', 'ENSG00000114383', 'ENSG00000053371', 'ENSG00000004838', 'ENSG00000104450', 'ENSG00000172426', 'ENSG00000126870', 'ENSG00000110318', 'ENSG00000163634', 'ENSG00000135624']",0.3378992,fold_8
4.1,ann_finest_level,Multiciliated (nasal),4869,0.46095314377252705,0.604516806722689,0.2363935099609776,485723,753,3718,1151,3,"['ENSG00000007933', 'ENSG00000187624', 'ENSG00000169064']","['ENSG00000007933', 'ENSG00000187624', 'ENSG00000135951', 'ENSG00000162543', 'ENSG00000169064', 'ENSG00000126870', 'ENSG00000104450', 'ENSG00000110318', 'ENSG00000172426', 'ENSG00000004838']",1.0,fold_8
4.1,ann_finest_level,Multiciliated (non-nasal),31248,0.7530089759281926,0.8202777777777778,0.5670122887864824,456215,3882,13530,17718,2,"['ENSG00000172426', 'ENSG00000004838']","['ENSG00000169064', 'ENSG00000162543', 'ENSG00000110318', 'ENSG00000126870', 'ENSG00000172426', 'ENSG00000004838', 'ENSG00000104450', 'ENSG00000108602', 'ENSG00000086065', 'ENSG00000044115']",0.3445962,fold_8
4.1,ann_finest_level,Club (non-nasal),9955,0.37836038285476487,0.36280925778132483,0.4566549472626821,473406,7984,5409,4546,2,"['ENSG00000124875', 'ENSG00000101443']","['ENSG00000124875', 'ENSG00000101443']",0.53184795,fold_8
4.1,ann_finest_level,Club (nasal),26068,0.4261451222197754,0.39804077854626796,0.5938698787785791,441865,23412,10587,15481,2,"['ENSG00000108602', 'ENSG00000101443']","['ENSG00000108602', 'ENSG00000044115', 'ENSG00000101443', 'ENSG00000130332']",0.14089742,fold_8
4.1,ann_finest_level,Goblet (nasal),31248,0.5992598932635183,0.5967661067936826,0.6094470046082949,447229,12868,12204,19044,2,"['ENSG00000108602', 'ENSG00000101443']","['ENSG00000108602', 'ENSG00000044115', 'ENSG00000101443']",0.13503,fold_8
4.1,ann_finest_level,Goblet (bronchial),1670,0.07249539326932403,0.0596052893879992,0.537125748502994,475523,14152,773,897,2,"['ENSG00000079841', 'ENSG00000101443']","['ENSG00000079841', 'ENSG00000052126', 'ENSG00000054267', 'ENSG00000101443', 'ENSG00000044115']",0.5336154,fold_8
4.1,ann_finest_level,Goblet (subsegmental),968,0.015126868312869239,0.0121414913957935,0.9183884297520661,418046,72331,79,889,1,['ENSG00000101443'],['ENSG00000101443'],0.06889868,fold_8
4.1,ann_finest_level,AT0,1440,0.008407746723878,0.00675182288635137,0.44305555555555554,396050,93855,802,638,2,"['ENSG00000101443', 'ENSG00000130332']","['ENSG00000044115', 'ENSG00000101443', 'ENSG00000130332', 'ENSG00000205352']",0.029939052,fold_8
4.1,ann_finest_level,pre-TB secretory,4393,0.03373510063965015,0.02720976499977562,0.8281356703847029,356888,130064,755,3638,1,['ENSG00000101443'],['ENSG00000101443'],0.052794516,fold_8
4.1,ann_finest_level,Ionocyte,561,0.1449953227315248,0.2440944881889764,0.05525846702317291,490688,96,530,31,5,"['ENSG00000145703', 'ENSG00000054267', 'ENSG00000086065', 'ENSG00000115306', 'ENSG00000130332']","['ENSG00000145703', 'ENSG00000054267', 'ENSG00000086065', 'ENSG00000115306', 'ENSG00000044115', 'ENSG00000130332', 'ENSG00000101443']",0.04012306,fold_8
4.1,ann_finest_level,Tuft,165,0.029585798816568046,1.0,0.006060606060606061,491180,0,164,1,1,['ENSG00000163346'],"['ENSG00000163346', 'ENSG00000091140', 'ENSG00000197170', 'ENSG00000108344', 'ENSG00000054267', 'ENSG00000102898', 'ENSG00000115307', 'ENSG00000135624', 'ENSG00000163634', 'ENSG00000086065']",0.36052632,fold_8
4.1,ann_finest_level,Neuroendocrine,159,0.7692307692307693,0.896551724137931,0.49056603773584906,491177,9,81,78,2,"['ENSG00000147488', 'ENSG00000125798']","['ENSG00000129167', 'ENSG00000147488', 'ENSG00000174469', 'ENSG00000125798', 'ENSG00000119411', 'ENSG00000138764', 'ENSG00000180354', 'ENSG00000107771', 'ENSG00000135924', 'ENSG00000050130']",1.0,fold_8
4.1,ann_finest_level,SMG serous (nasal),1472,0.008457606036167799,0.0067831449126413155,0.6725543478260869,344913,144960,482,990,1,['ENSG00000101443'],['ENSG00000101443'],0.044060834,fold_8
4.1,ann_finest_level,SMG serous (bronchial),1417,0.012501537532567735,0.010033024624883338,0.7889908256880734,379614,110314,299,1118,1,['ENSG00000101443'],['ENSG00000101443'],0.05617647,fold_8
4.1,ann_finest_level,SMG duct,1274,0.023725894153804588,0.01939803948640066,0.2205651491365777,475866,14205,993,281,6,"['ENSG00000086062', 'ENSG00000103024', 'ENSG00000137767', 'ENSG00000093144', 'ENSG00000054267', 'ENSG00000115307']","['ENSG00000086062', 'ENSG00000103024', 'ENSG00000137767', 'ENSG00000093144', 'ENSG00000054267', 'ENSG00000115307', 'ENSG00000163634', 'ENSG00000101443', 'ENSG00000104805', 'ENSG00000135624']",0.11503072,fold_8
4.1,ann_finest_level,AT1,7937,0.1883257740090712,0.17565420951425467,0.2647095880055437,473548,9860,5836,2101,2,"['ENSG00000115306', 'ENSG00000101443']","['ENSG00000115306', 'ENSG00000101443']",0.04756514,fold_8
4.1,ann_finest_level,AT2,31248,0.28423496567244966,0.29247737349309294,0.25544034818228367,440788,19309,23266,7982,3,"['ENSG00000093144', 'ENSG00000115306', 'ENSG00000101443']","['ENSG00000093144', 'ENSG00000044115', 'ENSG00000115306', 'ENSG00000101443', 'ENSG00000130332', 'ENSG00000205352']",0.02227954,fold_8
4.1,ann_finest_level,AT2 proliferating,976,0.0156702025072324,0.012872703267686214,0.11987704918032786,481397,8972,859,117,6,"['ENSG00000137767', 'ENSG00000053371', 'ENSG00000093144', 'ENSG00000102898', 'ENSG00000163634', 'ENSG00000104805']","['ENSG00000137767', 'ENSG00000053371', 'ENSG00000093144', 'ENSG00000102898', 'ENSG00000163634', 'ENSG00000104805', 'ENSG00000149923', 'ENSG00000135624', 'ENSG00000086065', 'ENSG00000044115']",0.1181537,fold_8
4.1,ann_finest_level,EC arterial,7391,0.1123254742943152,0.09799598216473125,0.2705993776214315,465545,18409,5391,2000,2,"['ENSG00000115306', 'ENSG00000148180']","['ENSG00000115306', 'ENSG00000148180']",0.048544496,fold_8
4.1,ann_finest_level,EC aerocyte capillary,7157,0.09722326140249726,0.08030829076763674,0.6172977504541008,433593,50595,2739,4418,1,['ENSG00000115306'],['ENSG00000115306'],0.082178354,fold_8
4.1,ann_finest_level,EC general capillary,16048,0.23166010668600134,0.20681384730971508,0.4459745762711864,447848,27449,8891,7157,1,['ENSG00000115306'],['ENSG00000115306'],0.07862947,fold_8
4.1,ann_finest_level,EC venous systemic,6557,0.26933672974956047,0.23698154577014435,0.5934116211682172,472260,12528,2666,3891,1,['ENSG00000162618'],"['ENSG00000162618', 'ENSG00000115306']",1.0,fold_8
4.1,ann_finest_level,EC venous pulmonary,6418,0.40544851346178384,0.5492653414001729,0.19803677157993144,483884,1043,5147,1271,2,"['ENSG00000115594', 'ENSG00000148180']","['ENSG00000115594', 'ENSG00000115306', 'ENSG00000148180']",0.24769004,fold_8
4.1,ann_finest_level,Lymphatic EC mature,4001,0.16890302946465624,0.1519412643106023,0.3051737065733567,480529,6815,2780,1221,2,"['ENSG00000115306', 'ENSG00000162511']","['ENSG00000115306', 'ENSG00000162511']",0.045672253,fold_8
4.1,ann_finest_level,Lymphatic EC proliferating,28,0.026595744680851064,0.025,0.03571428571428571,491278,39,27,1,5,"['ENSG00000166902', 'ENSG00000108344', 'ENSG00000163634', 'ENSG00000135624', 'ENSG00000086065']","['ENSG00000166902', 'ENSG00000108344', 'ENSG00000163634', 'ENSG00000135624', 'ENSG00000086065', 'ENSG00000115306', 'ENSG00000149923', 'ENSG00000104805', 'ENSG00000044115', 'ENSG00000130332']",0.0938574,fold_8
4.1,ann_finest_level,Lymphatic EC differentiating,566,0.02152521525215252,0.0174450803027506,0.3339222614840989,480134,10645,377,189,1,['ENSG00000115306'],['ENSG00000115306'],0.09252681,fold_8
4.1,ann_finest_level,Peribronchial fibroblasts,1573,0.2436559622726252,0.3013888888888889,0.13795295613477432,489269,503,1356,217,1,['ENSG00000148180'],['ENSG00000148180'],0.056083117,fold_8
4.1,ann_finest_level,Adventitial fibroblasts,10321,0.30305640742910306,0.37625668449197863,0.17042922197461485,478108,2916,8562,1759,5,"['ENSG00000115594', 'ENSG00000103024', 'ENSG00000104805', 'ENSG00000135624', 'ENSG00000115306']","['ENSG00000115594', 'ENSG00000103024', 'ENSG00000104805', 'ENSG00000135624', 'ENSG00000086065', 'ENSG00000115306', 'ENSG00000148180', 'ENSG00000044115', 'ENSG00000130332']",0.093175344,fold_8
4.1,ann_finest_level,Alveolar fibroblasts,5182,0.04324216324986977,0.0352453653217012,0.46777306059436513,419812,66351,2758,2424,1,['ENSG00000115306'],['ENSG00000115306'],0.054421887,fold_8
4.1,ann_finest_level,Subpleural fibroblasts,276,0.06766381766381767,0.0673758865248227,0.06884057971014493,490806,263,257,19,6,"['ENSG00000115594', 'ENSG00000086062', 'ENSG00000053371', 'ENSG00000103024', 'ENSG00000102898', 'ENSG00000104805']","['ENSG00000115594', 'ENSG00000086062', 'ENSG00000053371', 'ENSG00000103024', 'ENSG00000102898', 'ENSG00000104805', 'ENSG00000086065', 'ENSG00000135624', 'ENSG00000130332']",0.14013278,fold_8
4.1,ann_finest_level,Smooth muscle FAM83D+,335,0.007384019962316036,0.005940999726850587,0.25970149253731345,476453,14557,248,87,1,['ENSG00000164032'],['ENSG00000164032'],0.035825334,fold_8
4.1,ann_finest_level,SM activated stress response,556,0.004488001465469866,0.003608778907055531,0.17625899280575538,463731,27058,458,98,3,"['ENSG00000104805', 'ENSG00000135624', 'ENSG00000044115']","['ENSG00000104805', 'ENSG00000135624', 'ENSG00000044115']",0.054631762,fold_8
4.1,ann_finest_level,Mesothelium,230,0.2859960552268245,0.29591836734693877,0.25217391304347825,490977,138,172,58,3,"['ENSG00000105509', 'ENSG00000144810', 'ENSG00000103024']","['ENSG00000105509', 'ENSG00000144810', 'ENSG00000103024', 'ENSG00000104805', 'ENSG00000135624', 'ENSG00000086065', 'ENSG00000149923', 'ENSG00000101443', 'ENSG00000130332', 'ENSG00000205352']",1.0,fold_8
4.1,ann_finest_level,Hematopoietic stem cells,60,0.07911392405063292,0.078125,0.08333333333333333,491226,59,55,5,5,"['ENSG00000165997', 'ENSG00000198771', 'ENSG00000102898', 'ENSG00000163634', 'ENSG00000130332']","['ENSG00000165997', 'ENSG00000198771', 'ENSG00000166902', 'ENSG00000102898', 'ENSG00000163634', 'ENSG00000130332', 'ENSG00000135624', 'ENSG00000104805', 'ENSG00000149923', 'ENSG00000162511']",0.16672824,fold_8
4.1,ann_finest_level,B cells,4511,0.028489070014603896,0.022949567616842,0.8259809354910219,328204,158630,785,3726,1,['ENSG00000162511'],['ENSG00000162511'],0.06063924,fold_8
4.1,ann_finest_level,CD4 T cells,21285,0.10546141910510926,0.08716121248305285,0.6584449142588678,323281,146779,7270,14015,1,['ENSG00000162511'],['ENSG00000162511'],0.046454933,fold_8
4.1,ann_finest_level,CD8 T cells,29074,0.10938438140983636,0.09156429783271465,0.49377450643186355,319841,142430,14718,14356,1,['ENSG00000162511'],['ENSG00000162511'],0.027062422,fold_8
4.1,ann_finest_level,T cells proliferating,500,0.2065677966101695,0.35135135135135137,0.078,490773,72,461,39,6,"['ENSG00000198937', 'ENSG00000198771', 'ENSG00000141030', 'ENSG00000145703', 'ENSG00000136279', 'ENSG00000054267']","['ENSG00000198937', 'ENSG00000198771', 'ENSG00000141030', 'ENSG00000145703', 'ENSG00000136279', 'ENSG00000054267', 'ENSG00000102898', 'ENSG00000149923', 'ENSG00000163634', 'ENSG00000135624']",0.38122743,fold_8
4.1,ann_finest_level,NK cells,16978,0.0860832360949047,0.07073502809329915,0.6517846625044175,328990,145377,5912,11066,1,['ENSG00000162511'],['ENSG00000162511'],0.046929624,fold_8
4.1,ann_finest_level,DC1,322,0.007996106243916007,0.006444984121053615,0.21428571428571427,480386,10637,253,69,5,"['ENSG00000136279', 'ENSG00000115307', 'ENSG00000149923', 'ENSG00000162511', 'ENSG00000130332']","['ENSG00000136279', 'ENSG00000115307', 'ENSG00000149923', 'ENSG00000162511', 'ENSG00000130332', 'ENSG00000205352']",0.047007065,fold_8
4.1,ann_finest_level,DC2,9133,0.058384349153952714,0.047366761663956876,0.8389357275812986,328115,154097,1471,7662,1,['ENSG00000162511'],"['ENSG00000162511', 'ENSG00000205352']",0.058104582,fold_8
4.1,ann_finest_level,Migratory DCs,312,0.03923766816143498,0.03804347826086957,0.04487179487179487,490679,354,298,14,5,"['ENSG00000110324', 'ENSG00000136279', 'ENSG00000149923', 'ENSG00000205352', 'ENSG00000164032']","['ENSG00000110324', 'ENSG00000136279', 'ENSG00000149923', 'ENSG00000162511', 'ENSG00000205352', 'ENSG00000164032', 'ENSG00000148180']",0.053342666,fold_8
4.1,ann_finest_level,Plasmacytoid DCs,552,0.14053254437869822,0.12364425162689804,0.30978260869565216,489581,1212,381,171,2,"['ENSG00000152492', 'ENSG00000162511']","['ENSG00000152492', 'ENSG00000162511']",0.38317364,fold_8
4.1,ann_finest_level,Alveolar macrophages,31248,0.4242463878939107,0.49503962430290577,0.2698732718894009,451495,8602,22815,8433,3,"['ENSG00000104918', 'ENSG00000093144', 'ENSG00000086065']","['ENSG00000137767', 'ENSG00000104918', 'ENSG00000093144', 'ENSG00000115307', 'ENSG00000104805', 'ENSG00000086065', 'ENSG00000162511', 'ENSG00000149923', 'ENSG00000205352', 'ENSG00000130332']",0.15341778,fold_8
4.1,ann_finest_level,Alveolar Mph CCL3+,8065,0.44115061363716285,0.49263695268014923,0.3110973341599504,480696,2584,5556,2509,4,"['ENSG00000137767', 'ENSG00000104918', 'ENSG00000091140', 'ENSG00000086062']","['ENSG00000119408', 'ENSG00000110324', 'ENSG00000137767', 'ENSG00000104918', 'ENSG00000091140', 'ENSG00000086062', 'ENSG00000136279', 'ENSG00000102898', 'ENSG00000104805', 'ENSG00000086065']",0.35263938,fold_8
4.1,ann_finest_level,Alveolar Mph MT-positive,1203,0.04714707792888125,0.03869303525365434,0.3740648379052369,478962,11180,753,450,2,"['ENSG00000162511', 'ENSG00000101182']","['ENSG00000162511', 'ENSG00000205352', 'ENSG00000101182']",0.045515403,fold_8
4.1,ann_finest_level,Alveolar Mph proliferating,1061,0.05543646980560278,0.04812319538017324,0.1413760603204524,487317,2967,911,150,6,"['ENSG00000107341', 'ENSG00000122958', 'ENSG00000152492', 'ENSG00000137500', 'ENSG00000104918', 'ENSG00000137767']","['ENSG00000107341', 'ENSG00000122958', 'ENSG00000152492', 'ENSG00000137500', 'ENSG00000104918', 'ENSG00000137767', 'ENSG00000145703', 'ENSG00000093144', 'ENSG00000104805', 'ENSG00000086065']",0.33681214,fold_8
4.1,ann_finest_level,Monocyte-derived Mph,28223,0.3151813007871584,0.2892214071357119,0.49172660595967826,429016,34106,14345,13878,2,"['ENSG00000104918', 'ENSG00000162511']","['ENSG00000104918', 'ENSG00000104805', 'ENSG00000149923', 'ENSG00000162511', 'ENSG00000205352', 'ENSG00000130332']",0.11512856,fold_8
4.1,ann_finest_level,Interstitial Mph perivascular,4805,0.488657683779635,0.5378598247809763,0.35775234131113426,485063,1477,3086,1719,2,"['ENSG00000124491', 'ENSG00000010327']","['ENSG00000124491', 'ENSG00000010327', 'ENSG00000162511', 'ENSG00000205352']",1.0,fold_8
4.1,ann_finest_level,Classical monocytes,17695,0.11492718055446839,0.09450846259671088,0.8463407742300085,330164,143486,2719,14976,1,['ENSG00000162511'],"['ENSG00000162511', 'ENSG00000205352']",0.060398612,fold_8
4.1,ann_finest_level,Non-classical monocytes,8834,0.06402270440963871,0.05277102810153343,0.435136970794657,413512,68999,4990,3844,2,"['ENSG00000162511', 'ENSG00000205352']","['ENSG00000162511', 'ENSG00000205352']",0.055716604,fold_8
4.1,ann_finest_level,Mast cells,6623,0.03761335293310114,0.030401256693325687,0.736373244753133,329178,155544,1746,4877,1,['ENSG00000162511'],['ENSG00000162511'],0.05506133,fold_8
4.1,ann_finest_level,Basal resting,31248,0.27201417004048584,0.31270977847393155,0.17889144905273938,447811,12286,25658,5590,2,"['ENSG00000115457', 'ENSG00000124795']","['ENSG00000115457', 'ENSG00000124795']",0.067257084,fold_9
4.1,ann_finest_level,Suprabasal,31248,0.5026450680160347,0.5409778092122712,0.3916410650281618,449713,10384,19010,12238,3,"['ENSG00000128274', 'ENSG00000262814', 'ENSG00000163347']","['ENSG00000128274', 'ENSG00000262814', 'ENSG00000094963', 'ENSG00000136146', 'ENSG00000163347', 'ENSG00000168710', 'ENSG00000115457', 'ENSG00000118515', 'ENSG00000152291', 'ENSG00000121858']",0.44728896,fold_9
4.1,ann_finest_level,Hillock-like,4600,0.21516551193225558,0.20916744621141253,0.24304347826086956,482518,4227,3482,1118,6,"['ENSG00000233493', 'ENSG00000164062', 'ENSG00000105810', 'ENSG00000179051', 'ENSG00000163347', 'ENSG00000070010']","['ENSG00000233493', 'ENSG00000164062', 'ENSG00000105810', 'ENSG00000179051', 'ENSG00000163347', 'ENSG00000070010', 'ENSG00000115457', 'ENSG00000165916', 'ENSG00000118515', 'ENSG00000121858']",0.25970963,fold_9
4.1,ann_finest_level,Deuterosomal,1004,0.2730855855855856,0.5025906735751295,0.09661354581673307,490245,96,907,97,2,"['ENSG00000165698', 'ENSG00000167797']","['ENSG00000135951', 'ENSG00000165698', 'ENSG00000166275', 'ENSG00000110318', 'ENSG00000096093', 'ENSG00000167797', 'ENSG00000077232', 'ENSG00000165916', 'ENSG00000115457', 'ENSG00000152291']",0.31260374,fold_9
4.1,ann_finest_level,Multiciliated (nasal),4869,0.2514432679416673,0.23207070707070707,0.37749024440336826,480394,6082,3031,1838,2,"['ENSG00000185860', 'ENSG00000172578']","['ENSG00000185860', 'ENSG00000172578', 'ENSG00000135951', 'ENSG00000136918', 'ENSG00000110318', 'ENSG00000096093', 'ENSG00000166275', 'ENSG00000165698', 'ENSG00000077232', 'ENSG00000146376']",1.0,fold_9
4.1,ann_finest_level,Multiciliated (non-nasal),31248,0.7534174867637822,0.7865256255123151,0.6448412698412699,454628,5469,11098,20150,1,['ENSG00000136918'],"['ENSG00000136918', 'ENSG00000110318', 'ENSG00000096093', 'ENSG00000165698', 'ENSG00000146376', 'ENSG00000115457', 'ENSG00000115461', 'ENSG00000183011', 'ENSG00000100201']",0.59548306,fold_9
4.1,ann_finest_level,Club (non-nasal),9955,0.08678485017391223,0.0716489279654481,0.559919638372677,409168,72222,4381,5574,2,"['ENSG00000121858', 'ENSG00000109861']","['ENSG00000121858', 'ENSG00000109861']",0.051748544,fold_9
4.1,ann_finest_level,Club (nasal),26068,0.3042523542080149,0.33581915637380566,0.22111400951357987,453877,11400,20304,5764,4,"['ENSG00000118515', 'ENSG00000121858', 'ENSG00000109861', 'ENSG00000030582']","['ENSG00000118515', 'ENSG00000121858', 'ENSG00000183011', 'ENSG00000109861', 'ENSG00000030582', 'ENSG00000134248']",0.053637467,fold_9
4.1,ann_finest_level,Goblet (nasal),31248,0.32399444297433183,0.3954380298748486,0.18807603686635946,451112,8985,25371,5877,4,"['ENSG00000118515', 'ENSG00000121858', 'ENSG00000109861', 'ENSG00000030582']","['ENSG00000133703', 'ENSG00000118515', 'ENSG00000121858', 'ENSG00000109861', 'ENSG00000030582', 'ENSG00000134248']",0.052406758,fold_9
4.1,ann_finest_level,Goblet (bronchial),1670,0.04500695305746608,0.0371721247865901,0.2868263473053892,477268,12407,1191,479,4,"['ENSG00000077232', 'ENSG00000136770', 'ENSG00000121858', 'ENSG00000109861']","['ENSG00000077232', 'ENSG00000136770', 'ENSG00000118515', 'ENSG00000121858', 'ENSG00000109861']",0.067074925,fold_9
4.1,ann_finest_level,Goblet (subsegmental),968,0.022189644167863412,0.01792475630387497,0.4597107438016529,465996,24381,523,445,2,"['ENSG00000121858', 'ENSG00000109861']","['ENSG00000121858', 'ENSG00000109861']",0.06330217,fold_9
4.1,ann_finest_level,AT0,1440,0.06887456037514654,0.05781057810578106,0.29375,483011,6894,1017,423,3,"['ENSG00000168878', 'ENSG00000105701', 'ENSG00000177697']","['ENSG00000168878', 'ENSG00000105701', 'ENSG00000177697']",0.046560694,fold_9
4.1,ann_finest_level,pre-TB secretory,4393,0.5037275152178373,0.5760657019945248,0.33530616890507625,485868,1084,2920,1473,3,"['ENSG00000094963', 'ENSG00000168878', 'ENSG00000109861']","['ENSG00000094963', 'ENSG00000168878', 'ENSG00000121858', 'ENSG00000109861']",0.17681678,fold_9
4.1,ann_finest_level,Ionocyte,561,0.2562049639711769,0.37209302325581395,0.1140819964349376,490676,108,497,64,4,"['ENSG00000146376', 'ENSG00000087460', 'ENSG00000102144', 'ENSG00000134248']","['ENSG00000146376', 'ENSG00000115461', 'ENSG00000124795', 'ENSG00000087460', 'ENSG00000102144', 'ENSG00000134248']",0.043076947,fold_9
4.1,ann_finest_level,Tuft,165,0.012738853503184714,0.010358565737051793,0.15757575757575756,488696,2484,139,26,5,"['ENSG00000179051', 'ENSG00000136709', 'ENSG00000136146', 'ENSG00000070010', 'ENSG00000115457']","['ENSG00000179051', 'ENSG00000136709', 'ENSG00000262814', 'ENSG00000136146', 'ENSG00000070010', 'ENSG00000115457', 'ENSG00000152291', 'ENSG00000165916', 'ENSG00000121858', 'ENSG00000105701']",0.22171603,fold_9
4.1,ann_finest_level,Neuroendocrine,159,0.5733333333333334,0.7962962962962963,0.27044025157232704,491175,11,116,43,4,"['ENSG00000003147', 'ENSG00000184564', 'ENSG00000089876', 'ENSG00000158526']","['ENSG00000003147', 'ENSG00000184564', 'ENSG00000198589', 'ENSG00000089876', 'ENSG00000158526', 'ENSG00000146072', 'ENSG00000166275', 'ENSG00000115461', 'ENSG00000077232', 'ENSG00000136770']",1.0,fold_9
4.1,ann_finest_level,SMG serous (nasal),1472,0.005600953277784968,0.004488133714198863,0.6820652173913043,267176,222697,468,1004,1,['ENSG00000183011'],['ENSG00000183011'],0.02741519,fold_9
4.1,ann_finest_level,SMG serous (bronchial),1417,0.12881214315554937,0.12838306731436502,0.1305575158786168,488672,1256,1232,185,1,['ENSG00000087460'],['ENSG00000087460'],0.03928402,fold_9
4.1,ann_finest_level,SMG mucous,537,0.0336717258015881,0.02847428814279643,0.12476722532588454,488522,2286,470,67,3,"['ENSG00000077232', 'ENSG00000143543', 'ENSG00000183011']","['ENSG00000077232', 'ENSG00000143543', 'ENSG00000183011']",0.055904247,fold_9
4.1,ann_finest_level,SMG duct,1274,0.021407330443194438,0.01752584879372296,0.18759811616954475,476673,13398,1035,239,6,"['ENSG00000133703', 'ENSG00000136146', 'ENSG00000168710', 'ENSG00000167797', 'ENSG00000070010', 'ENSG00000152291']","['ENSG00000133703', 'ENSG00000136146', 'ENSG00000168710', 'ENSG00000167797', 'ENSG00000070010', 'ENSG00000152291', 'ENSG00000165916', 'ENSG00000121858', 'ENSG00000105701', 'ENSG00000183011']",0.09385073,fold_9
4.1,ann_finest_level,AT1,7937,0.6185485983756878,0.8471474703982778,0.29746755701146527,482982,426,5576,2361,2,"['ENSG00000168878', 'ENSG00000177697']","['ENSG00000168878', 'ENSG00000177697']",0.119082086,fold_9
4.1,ann_finest_level,AT2,31248,0.8098792713161582,0.7791201099214476,0.9617575524833589,451577,8520,1195,30053,1,['ENSG00000168878'],"['ENSG00000008853', 'ENSG00000008294', 'ENSG00000168878', 'ENSG00000167797', 'ENSG00000163513', 'ENSG00000183011', 'ENSG00000124795']",0.21506341,fold_9
4.1,ann_finest_level,AT2 proliferating,976,0.06616090331686662,0.05791505791505792,0.15368852459016394,487929,2440,826,150,6,"['ENSG00000008853', 'ENSG00000008294', 'ENSG00000168878', 'ENSG00000167797', 'ENSG00000136770', 'ENSG00000168710']","['ENSG00000008853', 'ENSG00000008294', 'ENSG00000168878', 'ENSG00000167797', 'ENSG00000136770', 'ENSG00000168710', 'ENSG00000163513', 'ENSG00000165916', 'ENSG00000124795', 'ENSG00000183011']",0.18249372,fold_9
4.1,ann_finest_level,EC arterial,7391,0.23395873026124583,0.24584323040380046,0.1960492490867271,479509,4445,5942,1449,2,"['ENSG00000121858', 'ENSG00000177697']","['ENSG00000121858', 'ENSG00000177697']",0.08451103,fold_9
4.1,ann_finest_level,EC aerocyte capillary,7157,0.4094693322761511,0.5508571428571428,0.20203996087746262,483009,1179,5711,1446,2,"['ENSG00000136770', 'ENSG00000118515']","['ENSG00000136770', 'ENSG00000118515', 'ENSG00000121858', 'ENSG00000030582', 'ENSG00000177697']",0.23210648,fold_9
4.1,ann_finest_level,EC general capillary,16048,0.5164162344259665,0.5259718156443597,0.4814307078763709,468334,6963,8322,7726,1,['ENSG00000163072'],"['ENSG00000163072', 'ENSG00000118515', 'ENSG00000121858']",0.61335325,fold_9
4.1,ann_finest_level,EC venous systemic,6557,0.20796626325062822,0.20524515393386544,0.21961262772609424,479212,5576,5117,1440,2,"['ENSG00000163072', 'ENSG00000163513']","['ENSG00000163072', 'ENSG00000163513', 'ENSG00000121858']",0.24322374,fold_9
4.1,ann_finest_level,EC venous pulmonary,6418,0.16037012177581744,0.1853185595567867,0.10423808039887815,481986,2941,5749,669,3,"['ENSG00000163513', 'ENSG00000121858', 'ENSG00000030582']","['ENSG00000163513', 'ENSG00000121858', 'ENSG00000177697', 'ENSG00000030582']",0.08219397,fold_9
4.1,ann_finest_level,Lymphatic EC mature,4001,0.15608960811545197,0.1646496815286624,0.12921769557610596,484721,2623,3484,517,3,"['ENSG00000163513', 'ENSG00000177697', 'ENSG00000030582']","['ENSG00000163513', 'ENSG00000177697', 'ENSG00000030582']",0.059273265,fold_9
4.1,ann_finest_level,Lymphatic EC proliferating,28,0.040983606557377046,0.037037037037037035,0.07142857142857142,491265,52,26,2,5,"['ENSG00000070010', 'ENSG00000163513', 'ENSG00000115461', 'ENSG00000165916', 'ENSG00000152291']","['ENSG00000070010', 'ENSG00000163513', 'ENSG00000115461', 'ENSG00000136770', 'ENSG00000165916', 'ENSG00000152291', 'ENSG00000124795', 'ENSG00000105701', 'ENSG00000183011', 'ENSG00000177697']",0.09203675,fold_9
4.1,ann_finest_level,Lymphatic EC differentiating,566,0.14285714285714285,0.19895287958115182,0.06713780918727916,490626,153,528,38,2,"['ENSG00000163513', 'ENSG00000100201']","['ENSG00000163513', 'ENSG00000100201']",0.16571623,fold_9
4.1,ann_finest_level,Adventitial fibroblasts,10321,0.5257682161037417,0.6822565091610414,0.27419823660498016,479706,1318,7491,2830,2,"['ENSG00000115461', 'ENSG00000163513']","['ENSG00000008294', 'ENSG00000168710', 'ENSG00000115461', 'ENSG00000163513', 'ENSG00000136770', 'ENSG00000152291', 'ENSG00000165916', 'ENSG00000105701', 'ENSG00000177697', 'ENSG00000124795']",0.1198702,fold_9
4.1,ann_finest_level,Alveolar fibroblasts,5182,0.1890307724513293,0.16962524654832348,0.34851408722500965,477322,8841,3376,1806,1,['ENSG00000094963'],['ENSG00000094963'],0.6452445,fold_9
4.1,ann_finest_level,Pericytes,3032,0.11455916473317865,0.16356107660455488,0.052110817941952506,487505,808,2874,158,2,"['ENSG00000115457', 'ENSG00000100201']","['ENSG00000115457', 'ENSG00000100201', 'ENSG00000177697']",0.07279194,fold_9
4.1,ann_finest_level,Subpleural fibroblasts,276,0.3942307692307692,0.6721311475409836,0.14855072463768115,491049,20,235,41,3,"['ENSG00000128283', 'ENSG00000115457', 'ENSG00000103187']","['ENSG00000128283', 'ENSG00000163347', 'ENSG00000115457', 'ENSG00000118515', 'ENSG00000103187', 'ENSG00000165916', 'ENSG00000105701', 'ENSG00000177697', 'ENSG00000183011']",0.12316908,fold_9
4.1,ann_finest_level,Myofibroblasts,716,0.15567765567765568,0.3617021276595745,0.04748603351955307,490569,60,682,34,2,"['ENSG00000115461', 'ENSG00000100201']","['ENSG00000115461', 'ENSG00000177697', 'ENSG00000100201']",0.08968971,fold_9
4.1,ann_finest_level,Smooth muscle,2996,0.530829856281873,0.6505681818181818,0.30574098798397864,487857,492,2080,916,2,"['ENSG00000163017', 'ENSG00000177697']","['ENSG00000163017', 'ENSG00000162614', 'ENSG00000115461', 'ENSG00000177697']",0.12649696,fold_9
4.1,ann_finest_level,Smooth muscle FAM83D+,335,0.7696536558548653,0.7547169811320755,0.835820895522388,490919,91,55,280,1,['ENSG00000163017'],"['ENSG00000163017', 'ENSG00000162614', 'ENSG00000177697']",0.5988682,fold_9
4.1,ann_finest_level,SM activated stress response,556,0.31436011904761907,0.3170731707317073,0.3039568345323741,490425,364,387,169,3,"['ENSG00000162614', 'ENSG00000163017', 'ENSG00000008294']","['ENSG00000162614', 'ENSG00000163017', 'ENSG00000008294', 'ENSG00000115461', 'ENSG00000165916', 'ENSG00000105701', 'ENSG00000124795', 'ENSG00000177697']",0.26857665,fold_9
4.1,ann_finest_level,Mesothelium,230,0.04201680672268908,1.0,0.008695652173913044,491115,0,228,2,1,['ENSG00000163347'],"['ENSG00000163347', 'ENSG00000118515', 'ENSG00000163513', 'ENSG00000105701', 'ENSG00000177697', 'ENSG00000183011', 'ENSG00000124795']",0.29472926,fold_9
4.1,ann_finest_level,Hematopoietic stem cells,60,0.012165450121654502,0.00980392156862745,0.3333333333333333,489265,2020,40,20,4,"['ENSG00000105810', 'ENSG00000105701', 'ENSG00000183011', 'ENSG00000124795']","['ENSG00000105810', 'ENSG00000105701', 'ENSG00000183011', 'ENSG00000124795', 'ENSG00000109861']",0.060164444,fold_9
4.1,ann_finest_level,Plasma cells,1773,0.8004530866528223,0.9625425652667423,0.47828539199097575,489539,33,925,848,2,"['ENSG00000183508', 'ENSG00000170476']","['ENSG00000183508', 'ENSG00000170476', 'ENSG00000136770']",0.812284,fold_9
4.1,ann_finest_level,CD4 T cells,21285,0.18600626854676738,0.17463787028578887,0.2514916607939864,444761,25299,15932,5353,2,"['ENSG00000118503', 'ENSG00000103187']","['ENSG00000118503', 'ENSG00000103187']",0.13654464,fold_9
4.1,ann_finest_level,CD8 T cells,29074,0.6239113962665197,0.5824491295760416,0.8722913943729793,444090,18181,3713,25361,1,['ENSG00000271503'],"['ENSG00000271503', 'ENSG00000275302']",0.39357167,fold_9
4.1,ann_finest_level,T cells proliferating,500,0.2702702702702703,0.417910447761194,0.112,490767,78,444,56,5,"['ENSG00000160654', 'ENSG00000162645', 'ENSG00000166801', 'ENSG00000133703', 'ENSG00000167797']","['ENSG00000160654', 'ENSG00000162645', 'ENSG00000166801', 'ENSG00000271503', 'ENSG00000133703', 'ENSG00000167797', 'ENSG00000070010', 'ENSG00000118503', 'ENSG00000103187', 'ENSG00000165916']",0.3510583,fold_9
4.1,ann_finest_level,NK cells,16978,0.44410109449987917,0.502588649018267,0.3030392272352456,469275,5092,11833,5145,3,"['ENSG00000275302', 'ENSG00000271503', 'ENSG00000109861']","['ENSG00000275302', 'ENSG00000271503', 'ENSG00000109861']",0.3312081,fold_9
4.1,ann_finest_level,DC1,322,0.0480225988700565,0.0408981555733761,0.15838509316770186,489827,1196,271,51,6,"['ENSG00000167797', 'ENSG00000118515', 'ENSG00000103187', 'ENSG00000105701', 'ENSG00000124795', 'ENSG00000030582']","['ENSG00000167797', 'ENSG00000118515', 'ENSG00000103187', 'ENSG00000105701', 'ENSG00000124795', 'ENSG00000030582']",0.07389337,fold_9
4.1,ann_finest_level,DC2,9133,0.21149520386793186,0.2215001353912808,0.17913062520529946,476462,5750,7497,1636,3,"['ENSG00000118515', 'ENSG00000103187', 'ENSG00000030582']","['ENSG00000118515', 'ENSG00000103187', 'ENSG00000030582', 'ENSG00000109861', 'ENSG00000124795']",0.07891584,fold_9
4.1,ann_finest_level,Migratory DCs,312,0.4329268292682927,0.5590551181102362,0.22756410256410256,490977,56,241,71,3,"['ENSG00000107551', 'ENSG00000102871', 'ENSG00000103187']","['ENSG00000107551', 'ENSG00000102871', 'ENSG00000136560', 'ENSG00000118503', 'ENSG00000103187', 'ENSG00000105701', 'ENSG00000109861', 'ENSG00000030582', 'ENSG00000124795']",0.732687,fold_9
4.1,ann_finest_level,Plasmacytoid DCs,552,0.4376163873370577,0.47117794486215536,0.34057971014492755,490582,211,364,188,2,"['ENSG00000170476', 'ENSG00000030582']","['ENSG00000170476', 'ENSG00000109861', 'ENSG00000030582']",0.20966712,fold_9
4.1,ann_finest_level,Alveolar macrophages,31248,0.49232716342350896,0.5231790862858824,0.3983614951356887,448752,11345,18800,12448,3,"['ENSG00000152291', 'ENSG00000109861', 'ENSG00000030582']","['ENSG00000160131', 'ENSG00000146376', 'ENSG00000152291', 'ENSG00000103187', 'ENSG00000109861', 'ENSG00000030582', 'ENSG00000105701', 'ENSG00000124795', 'ENSG00000102144']",0.07427032,fold_9
4.1,ann_finest_level,Alveolar Mph CCL3+,8065,0.5836324769088049,0.6920133907221425,0.35883446993180407,481992,1288,5171,2894,3,"['ENSG00000162645', 'ENSG00000275302', 'ENSG00000146376']","['ENSG00000165312', 'ENSG00000162645', 'ENSG00000102871', 'ENSG00000275302', 'ENSG00000118503', 'ENSG00000146376', 'ENSG00000152291', 'ENSG00000103187', 'ENSG00000030582', 'ENSG00000165916']",0.31485042,fold_9
4.1,ann_finest_level,Alveolar Mph MT-positive,1203,0.09442276218053632,0.08902077151335312,0.12468827930174564,488607,1535,1053,150,4,"['ENSG00000160131', 'ENSG00000168878', 'ENSG00000030582', 'ENSG00000134248']","['ENSG00000160131', 'ENSG00000168878', 'ENSG00000103187', 'ENSG00000030582', 'ENSG00000134248', 'ENSG00000109861', 'ENSG00000124795', 'ENSG00000143543']",0.046181664,fold_9
4.1,ann_finest_level,Alveolar Mph proliferating,1061,0.15867265613679177,0.15,0.2064090480678605,489043,1241,842,219,6,"['ENSG00000166801', 'ENSG00000163320', 'ENSG00000160131', 'ENSG00000136770', 'ENSG00000070010', 'ENSG00000146376']","['ENSG00000166801', 'ENSG00000163320', 'ENSG00000160131', 'ENSG00000136770', 'ENSG00000070010', 'ENSG00000146376', 'ENSG00000152291', 'ENSG00000124795', 'ENSG00000165916', 'ENSG00000103187']",0.2223351,fold_9
4.1,ann_finest_level,Monocyte-derived Mph,28223,0.3201459236375538,0.330599291072459,0.28420082911100875,446881,16241,20202,8021,3,"['ENSG00000146376', 'ENSG00000118515', 'ENSG00000103187']","['ENSG00000118503', 'ENSG00000146376', 'ENSG00000152291', 'ENSG00000118515', 'ENSG00000103187', 'ENSG00000030582', 'ENSG00000109861', 'ENSG00000124795', 'ENSG00000102144']",0.06671595,fold_9
4.1,ann_finest_level,Interstitial Mph perivascular,4805,0.09893366311221037,0.08914117523389047,0.1764828303850156,477875,8665,3957,848,3,"['ENSG00000118503', 'ENSG00000146376', 'ENSG00000109861']","['ENSG00000118503', 'ENSG00000146376', 'ENSG00000152291', 'ENSG00000103187', 'ENSG00000109861', 'ENSG00000030582', 'ENSG00000124795', 'ENSG00000102144']",0.1103409,fold_9
4.1,ann_finest_level,Classical monocytes,17695,0.33513379715167213,0.3178236083165661,0.42848262220966377,457376,16274,10113,7582,2,"['ENSG00000103187', 'ENSG00000030582']","['ENSG00000118503', 'ENSG00000103187', 'ENSG00000030582', 'ENSG00000102144']",0.07161172,fold_9
4.1,ann_finest_level,Non-classical monocytes,8834,0.38469062657201947,0.4086388600267181,0.3116368575956532,478527,3984,6081,2753,2,"['ENSG00000103187', 'ENSG00000109861']","['ENSG00000103187', 'ENSG00000109861', 'ENSG00000030582', 'ENSG00000102144']",0.07780378,fold_9
4.1,ann_finest_level,Basal resting,31248,0.2164994315654194,0.2821483211208632,0.11213517665130568,451182,8915,27744,3504,2,"['ENSG00000104823', 'ENSG00000120885']","['ENSG00000104823', 'ENSG00000120885']",0.029199341,fold_10
4.1,ann_finest_level,Suprabasal,31248,0.419769324160259,0.4910640312463013,0.26555299539170507,451497,8600,22950,8298,5,"['ENSG00000162496', 'ENSG00000186260', 'ENSG00000158470', 'ENSG00000198561', 'ENSG00000182944']","['ENSG00000162496', 'ENSG00000186260', 'ENSG00000158470', 'ENSG00000198561', 'ENSG00000073803', 'ENSG00000182944', 'ENSG00000086065', 'ENSG00000104823', 'ENSG00000119707', 'ENSG00000062716']",0.2482858,fold_10
4.1,ann_finest_level,Hillock-like,4600,0.1579249617151608,0.14196601419660143,0.28695652173913044,478767,7978,3280,1320,6,"['ENSG00000273749', 'ENSG00000130985', 'ENSG00000104341', 'ENSG00000136830', 'ENSG00000161057', 'ENSG00000198561']","['ENSG00000273749', 'ENSG00000130985', 'ENSG00000104341', 'ENSG00000136830', 'ENSG00000161057', 'ENSG00000198561', 'ENSG00000130202', 'ENSG00000182944', 'ENSG00000145912', 'ENSG00000047410']",0.35863942,fold_10
4.1,ann_finest_level,Deuterosomal,1004,0.1650943396226415,0.19959266802443992,0.09760956175298804,489948,393,906,98,5,"['ENSG00000198887', 'ENSG00000084463', 'ENSG00000172301', 'ENSG00000182944', 'ENSG00000047410']","['ENSG00000198887', 'ENSG00000084463', 'ENSG00000116885', 'ENSG00000172301', 'ENSG00000182944', 'ENSG00000047410', 'ENSG00000134056', 'ENSG00000086065', 'ENSG00000169021', 'ENSG00000145912']",0.25945708,fold_10
4.1,ann_finest_level,Multiciliated (nasal),4869,0.22225702651137624,0.20642687119809575,0.3205997124666256,480475,6001,3308,1561,3,"['ENSG00000106012', 'ENSG00000128536', 'ENSG00000010404']","['ENSG00000106012', 'ENSG00000179813', 'ENSG00000128536', 'ENSG00000151023', 'ENSG00000116885', 'ENSG00000010404', 'ENSG00000172301', 'ENSG00000146376', 'ENSG00000073803', 'ENSG00000047410']",0.44407067,fold_10
4.1,ann_finest_level,Multiciliated (non-nasal),31248,0.7585973173515982,0.8413452027695351,0.5444188428059396,456889,3208,14236,17012,2,"['ENSG00000128536', 'ENSG00000179813']","['ENSG00000128536', 'ENSG00000179813', 'ENSG00000151023', 'ENSG00000116885', 'ENSG00000172301', 'ENSG00000146376', 'ENSG00000086065', 'ENSG00000103811', 'ENSG00000047410', 'ENSG00000120885']",0.55259746,fold_10
4.1,ann_finest_level,Club (non-nasal),9955,0.1293877225792239,0.10857637318334677,0.5545956805625314,436062,45328,4434,5521,1,['ENSG00000153446'],['ENSG00000153446'],0.090583794,fold_10
4.1,ann_finest_level,Club (nasal),26068,0.12878266850068776,0.12112228121715225,0.1723952738990333,432668,32609,21574,4494,2,"['ENSG00000169021', 'ENSG00000145912']","['ENSG00000169021', 'ENSG00000145912', 'ENSG00000165678', 'ENSG00000107581']",0.042096246,fold_10
4.1,ann_finest_level,Goblet (nasal),31248,0.44570739968733714,0.5396293375394322,0.26276881720430106,453092,7005,23037,8211,2,"['ENSG00000176945', 'ENSG00000177666']","['ENSG00000176945', 'ENSG00000177666', 'ENSG00000165678', 'ENSG00000107581']",0.2263839,fold_10
4.1,ann_finest_level,Goblet (bronchial),1670,0.06917253980683895,0.05967348470632389,0.19041916167664671,484664,5011,1352,318,5,"['ENSG00000256870', 'ENSG00000135842', 'ENSG00000062716', 'ENSG00000182944', 'ENSG00000119707']","['ENSG00000256870', 'ENSG00000135842', 'ENSG00000062716', 'ENSG00000182944', 'ENSG00000119707', 'ENSG00000047410', 'ENSG00000107581']",0.07083603,fold_10
4.1,ann_finest_level,Goblet (subsegmental),968,0.032537837345003644,0.026320641652069696,0.5898760330578512,469254,21123,397,571,2,"['ENSG00000153446', 'ENSG00000120885']","['ENSG00000153446', 'ENSG00000120885']",0.102464125,fold_10
4.1,ann_finest_level,AT0,1440,0.142721217887726,0.1736613603473227,0.08333333333333333,489334,571,1320,120,2,"['ENSG00000153446', 'ENSG00000136830']","['ENSG00000153446', 'ENSG00000136830', 'ENSG00000103811', 'ENSG00000104823']",0.18529634,fold_10
4.1,ann_finest_level,pre-TB secretory,4393,0.14660388376051386,0.124053826745164,0.5372183018438424,470288,16664,2033,2360,2,"['ENSG00000153446', 'ENSG00000120885']","['ENSG00000153446', 'ENSG00000120885', 'ENSG00000103811']",0.0983313,fold_10
4.1,ann_finest_level,Ionocyte,561,0.12726054922973878,0.1630901287553648,0.0677361853832442,490589,195,523,38,5,"['ENSG00000101460', 'ENSG00000176945', 'ENSG00000146376', 'ENSG00000134056', 'ENSG00000165678']","['ENSG00000101460', 'ENSG00000176945', 'ENSG00000146376', 'ENSG00000134056', 'ENSG00000047410', 'ENSG00000165678', 'ENSG00000169021', 'ENSG00000086065', 'ENSG00000119707', 'ENSG00000107581']",0.18926314,fold_10
4.1,ann_finest_level,Tuft,165,0.026569572918716786,0.021969080553295363,0.16363636363636364,489978,1202,138,27,6,"['ENSG00000176945', 'ENSG00000162496', 'ENSG00000158470', 'ENSG00000198561', 'ENSG00000135446', 'ENSG00000134056']","['ENSG00000176945', 'ENSG00000162496', 'ENSG00000158470', 'ENSG00000198561', 'ENSG00000135446', 'ENSG00000134056', 'ENSG00000073803', 'ENSG00000182944', 'ENSG00000145912', 'ENSG00000119707']",0.23605123,fold_10
4.1,ann_finest_level,Neuroendocrine,159,0.6422018348623854,1.0,0.2641509433962264,491186,0,117,42,4,"['ENSG00000137502', 'ENSG00000121653', 'ENSG00000104381', 'ENSG00000262246']","['ENSG00000129167', 'ENSG00000137502', 'ENSG00000121653', 'ENSG00000104381', 'ENSG00000262246', 'ENSG00000134709', 'ENSG00000165475', 'ENSG00000104341', 'ENSG00000101460', 'ENSG00000010404']",1.0,fold_10
4.1,ann_finest_level,SMG serous (nasal),1472,0.0013088374079508428,0.0010497310064296024,0.10326086956521739,345226,144647,1320,152,1,['ENSG00000169021'],"['ENSG00000145912', 'ENSG00000169021']",0.013542531,fold_10
4.1,ann_finest_level,SMG mucous,537,0.0022103555620499524,0.001770042584706536,0.4450651769087523,356022,134786,298,239,1,['ENSG00000145912'],['ENSG00000145912'],0.04234779,fold_10
4.1,ann_finest_level,SMG duct,1274,0.28535534816941854,0.42063492063492064,0.12480376766091052,489852,219,1115,159,2,"['ENSG00000073803', 'ENSG00000120885']","['ENSG00000198561', 'ENSG00000136830', 'ENSG00000135842', 'ENSG00000073803', 'ENSG00000134056', 'ENSG00000120885', 'ENSG00000086065', 'ENSG00000104823', 'ENSG00000119707', 'ENSG00000062716']",0.075767666,fold_10
4.1,ann_finest_level,AT2,31248,0.8257244938467646,0.9575325123719646,0.5325140809011777,459359,738,14608,16640,2,"['ENSG00000153446', 'ENSG00000103811']","['ENSG00000143418', 'ENSG00000153446', 'ENSG00000103811', 'ENSG00000134056', 'ENSG00000104823', 'ENSG00000169021', 'ENSG00000165678', 'ENSG00000107581']",0.16270266,fold_10
4.1,ann_finest_level,AT2 proliferating,976,0.051780752715332154,0.04414535666218035,0.1680327868852459,486818,3551,812,164,4,"['ENSG00000143418', 'ENSG00000136830', 'ENSG00000135446', 'ENSG00000103811']","['ENSG00000143418', 'ENSG00000136830', 'ENSG00000135446', 'ENSG00000153446', 'ENSG00000103811', 'ENSG00000134056', 'ENSG00000182944', 'ENSG00000104823', 'ENSG00000145912', 'ENSG00000047410']",0.27055746,fold_10
4.1,ann_finest_level,EC arterial,7391,0.12790863668807995,0.11006920273535073,0.3636855635232039,462221,21733,4703,2688,2,"['ENSG00000078596', 'ENSG00000196126']","['ENSG00000078596', 'ENSG00000196126']",0.11190074,fold_10
4.1,ann_finest_level,EC aerocyte capillary,7157,0.7665429659260687,0.9361389052383755,0.4444599692608635,483971,217,3976,3181,2,"['ENSG00000171243', 'ENSG00000196126']","['ENSG00000171243', 'ENSG00000078596', 'ENSG00000196126']",0.52199996,fold_10
4.1,ann_finest_level,EC general capillary,16048,0.09617222920194461,0.07910477099772542,0.7021435692921236,344121,131176,4780,11268,1,['ENSG00000196126'],['ENSG00000196126'],0.040109415,fold_10
4.1,ann_finest_level,EC venous systemic,6557,0.4170692431561997,0.5776092774308653,0.1974988561842306,483841,947,5262,1295,3,"['ENSG00000078596', 'ENSG00000120885', 'ENSG00000196126']","['ENSG00000078596', 'ENSG00000120885', 'ENSG00000196126']",0.054215875,fold_10
4.1,ann_finest_level,EC venous pulmonary,6418,0.2668392136936708,0.2376944837340877,0.5236833904643191,474148,10779,3057,3361,1,['ENSG00000120885'],['ENSG00000120885'],0.07161782,fold_10
4.1,ann_finest_level,Lymphatic EC mature,4001,0.4075255950006648,0.696590909090909,0.15321169707573107,487077,267,3388,613,2,"['ENSG00000136732', 'ENSG00000120885']","['ENSG00000136732', 'ENSG00000120885']",0.08950599,fold_10
4.1,ann_finest_level,Lymphatic EC proliferating,28,0.03333333333333333,0.029411764705882353,0.07142857142857142,491251,66,26,2,5,"['ENSG00000130202', 'ENSG00000177666', 'ENSG00000135446', 'ENSG00000132334', 'ENSG00000136732']","['ENSG00000130202', 'ENSG00000177666', 'ENSG00000135446', 'ENSG00000132334', 'ENSG00000136732', 'ENSG00000086065', 'ENSG00000047410', 'ENSG00000145912', 'ENSG00000182944', 'ENSG00000104823']",0.12765034,fold_10
4.1,ann_finest_level,Lymphatic EC differentiating,566,0.0029920088430483585,0.0023964253322127827,0.508833922261484,370888,119891,278,288,1,['ENSG00000120885'],['ENSG00000120885'],0.03168381,fold_10
4.1,ann_finest_level,Peribronchial fibroblasts,1573,0.12354624159328206,0.10497237569060773,0.4227590591226955,484102,5670,908,665,1,['ENSG00000106624'],"['ENSG00000106624', 'ENSG00000120885']",0.17483611,fold_10
4.1,ann_finest_level,Adventitial fibroblasts,10321,0.6822655033635909,0.7833052276559865,0.4500532894099409,479739,1285,5676,4645,2,"['ENSG00000180447', 'ENSG00000106624']","['ENSG00000180447', 'ENSG00000078596', 'ENSG00000168386', 'ENSG00000106624', 'ENSG00000136732', 'ENSG00000120885', 'ENSG00000086065', 'ENSG00000104823', 'ENSG00000047410', 'ENSG00000119707']",0.28389847,fold_10
4.1,ann_finest_level,Alveolar fibroblasts,5182,0.2770195342489124,0.2844940867279895,0.2506754148977229,482896,3267,3883,1299,2,"['ENSG00000106624', 'ENSG00000062716']","['ENSG00000106624', 'ENSG00000136732', 'ENSG00000062716', 'ENSG00000120885']",0.092549965,fold_10
4.1,ann_finest_level,Pericytes,3032,0.30319614711033277,0.7213541666666666,0.09135883905013192,488206,107,2755,277,2,"['ENSG00000171862', 'ENSG00000168386']","['ENSG00000171862', 'ENSG00000168386']",0.5862948,fold_10
4.1,ann_finest_level,Subpleural fibroblasts,276,0.06357965451055662,0.05447070914696814,0.19202898550724637,490149,920,223,53,6,"['ENSG00000180447', 'ENSG00000135446', 'ENSG00000197321', 'ENSG00000106624', 'ENSG00000136732', 'ENSG00000104823']","['ENSG00000180447', 'ENSG00000135446', 'ENSG00000197321', 'ENSG00000106624', 'ENSG00000136732', 'ENSG00000104823', 'ENSG00000086065', 'ENSG00000145912', 'ENSG00000062716', 'ENSG00000047410']",0.13187824,fold_10
4.1,ann_finest_level,Myofibroblasts,716,0.27298850574712646,0.6951219512195121,0.07960893854748603,490604,25,659,57,2,"['ENSG00000106624', 'ENSG00000120885']","['ENSG00000168386', 'ENSG00000106624', 'ENSG00000120885']",0.1176413,fold_10
4.1,ann_finest_level,Smooth muscle,2996,0.17708061570571354,0.17607003891050585,0.18124165554072097,485808,2541,2453,543,2,"['ENSG00000168386', 'ENSG00000106624']","['ENSG00000168386', 'ENSG00000106624']",0.12317707,fold_10
4.1,ann_finest_level,Smooth muscle FAM83D+,335,0.35749751737835156,0.42857142857142855,0.21492537313432836,490914,96,263,72,2,"['ENSG00000145936', 'ENSG00000120885']","['ENSG00000145936', 'ENSG00000168386', 'ENSG00000106624', 'ENSG00000120885']",0.5264657,fold_10
4.1,ann_finest_level,SM activated stress response,556,0.25236593059936907,0.2585858585858586,0.2302158273381295,490422,367,428,128,3,"['ENSG00000162458', 'ENSG00000135842', 'ENSG00000168386']","['ENSG00000162458', 'ENSG00000135842', 'ENSG00000197321', 'ENSG00000168386', 'ENSG00000106624', 'ENSG00000182944', 'ENSG00000047410', 'ENSG00000104823', 'ENSG00000119707', 'ENSG00000062716']",0.4042223,fold_10
4.1,ann_finest_level,Mesothelium,230,0.04821327283040272,0.0412621359223301,0.14782608695652175,490325,790,196,34,5,"['ENSG00000180447', 'ENSG00000136732', 'ENSG00000086065', 'ENSG00000145912', 'ENSG00000104823']","['ENSG00000180447', 'ENSG00000136732', 'ENSG00000086065', 'ENSG00000145912', 'ENSG00000104823', 'ENSG00000047410', 'ENSG00000169021', 'ENSG00000119707', 'ENSG00000120885', 'ENSG00000165678']",0.05195222,fold_10
4.1,ann_finest_level,Hematopoietic stem cells,60,0.008992805755395683,0.007306889352818371,0.11666666666666667,490334,951,53,7,6,"['ENSG00000078596', 'ENSG00000135446', 'ENSG00000136732', 'ENSG00000182944', 'ENSG00000145912', 'ENSG00000104823']","['ENSG00000078596', 'ENSG00000135446', 'ENSG00000136732', 'ENSG00000182944', 'ENSG00000145912', 'ENSG00000104823', 'ENSG00000047410', 'ENSG00000169021', 'ENSG00000107581', 'ENSG00000062716']",0.070873454,fold_10
4.1,ann_finest_level,B cells,4511,0.14972164693811632,0.1310058187863674,0.3493682110396808,476380,10454,2935,1576,2,"['ENSG00000101109', 'ENSG00000196126']","['ENSG00000101109', 'ENSG00000196126']",0.13178101,fold_10
4.1,ann_finest_level,Plasma cells,1773,0.009378697935512895,0.007529068169863315,0.5408911449520587,363158,126414,814,959,1,['ENSG00000136732'],"['ENSG00000136732', 'ENSG00000103811']",0.027355783,fold_10
4.1,ann_finest_level,CD4 T cells,21285,0.20191890603459012,0.1777874416230218,0.4417665022316185,426574,43486,11882,9403,1,['ENSG00000101109'],['ENSG00000101109'],0.1598702,fold_10
4.1,ann_finest_level,T cells proliferating,500,0.14511873350923482,0.1732283464566929,0.088,490635,210,456,44,6,"['ENSG00000156127', 'ENSG00000066379', 'ENSG00000101109', 'ENSG00000241553', 'ENSG00000182944', 'ENSG00000136732']","['ENSG00000156127', 'ENSG00000066379', 'ENSG00000101109', 'ENSG00000241553', 'ENSG00000182944', 'ENSG00000136732', 'ENSG00000047410', 'ENSG00000119707', 'ENSG00000104823', 'ENSG00000169021']",0.13473439,fold_10
4.1,ann_finest_level,NK cells,16978,0.5521234632326985,0.5078709586333474,0.84750854046413,460424,13943,2589,14389,1,['ENSG00000134539'],['ENSG00000134539'],1.0,fold_10
4.1,ann_finest_level,DC1,322,0.0970873786407767,0.09053497942386832,0.13664596273291926,490581,442,278,44,6,"['ENSG00000095794', 'ENSG00000135842', 'ENSG00000132334', 'ENSG00000101109', 'ENSG00000241553', 'ENSG00000073803']","['ENSG00000095794', 'ENSG00000135842', 'ENSG00000132334', 'ENSG00000101109', 'ENSG00000241553', 'ENSG00000073803', 'ENSG00000136732', 'ENSG00000196126', 'ENSG00000119707', 'ENSG00000062716']",0.16929798,fold_10
4.1,ann_finest_level,DC2,9133,0.3778555944638986,0.43468252445808553,0.24811124493594658,479265,2947,6867,2266,1,['ENSG00000196126'],"['ENSG00000159189', 'ENSG00000173369', 'ENSG00000103811', 'ENSG00000196126']",0.057741467,fold_10
4.1,ann_finest_level,Migratory DCs,312,0.2,0.28865979381443296,0.08974358974358974,490964,69,284,28,5,"['ENSG00000101109', 'ENSG00000130202', 'ENSG00000073803', 'ENSG00000103811', 'ENSG00000196126']","['ENSG00000101109', 'ENSG00000130202', 'ENSG00000241553', 'ENSG00000073803', 'ENSG00000103811', 'ENSG00000196126']",0.14142665,fold_10
4.1,ann_finest_level,Plasmacytoid DCs,552,0.03291694800810263,0.026961631524369166,0.2826086956521739,485163,5630,396,156,2,"['ENSG00000132334', 'ENSG00000196126']","['ENSG00000132334', 'ENSG00000196126']",0.12875119,fold_10
4.1,ann_finest_level,Alveolar macrophages,31248,0.5937261102230871,0.6519603167032338,0.43743599590373783,452800,7297,17579,13669,2,"['ENSG00000197321', 'ENSG00000173369']","['ENSG00000110446', 'ENSG00000197321', 'ENSG00000173369', 'ENSG00000159189', 'ENSG00000000938', 'ENSG00000241553', 'ENSG00000146376', 'ENSG00000136732', 'ENSG00000086065', 'ENSG00000104823']",0.15555695,fold_10
4.1,ann_finest_level,Alveolar Mph CCL3+,8065,0.47380668075074245,0.5033338754268987,0.38375697458152513,480226,3054,4970,3095,3,"['ENSG00000139211', 'ENSG00000158470', 'ENSG00000159189']","['ENSG00000139211', 'ENSG00000110446', 'ENSG00000158470', 'ENSG00000197321', 'ENSG00000159189', 'ENSG00000173369', 'ENSG00000000938', 'ENSG00000241553', 'ENSG00000146376', 'ENSG00000136732']",0.3677388,fold_10
4.1,ann_finest_level,Alveolar Mph MT-positive,1203,0.024094762756380998,0.01945090458787641,0.5353283458021613,457677,32465,559,644,2,"['ENSG00000000938', 'ENSG00000173369']","['ENSG00000000938', 'ENSG00000173369', 'ENSG00000159189', 'ENSG00000103811']",0.16209887,fold_10
4.1,ann_finest_level,Alveolar Mph proliferating,1061,0.09361755961793915,0.08028207214537564,0.27898209236569277,486893,3391,765,296,4,"['ENSG00000135446', 'ENSG00000135842', 'ENSG00000172301', 'ENSG00000173369']","['ENSG00000135446', 'ENSG00000135842', 'ENSG00000172301', 'ENSG00000173369', 'ENSG00000159189', 'ENSG00000000938', 'ENSG00000146376', 'ENSG00000134056', 'ENSG00000073803', 'ENSG00000136732']",0.15671769,fold_10
4.1,ann_finest_level,Monocyte-derived Mph,28223,0.28499129867973605,0.27587130569362184,0.32842008291110086,438792,24330,18954,9269,3,"['ENSG00000159189', 'ENSG00000146376', 'ENSG00000103811']","['ENSG00000000938', 'ENSG00000159189', 'ENSG00000173369', 'ENSG00000146376', 'ENSG00000103811', 'ENSG00000169021', 'ENSG00000165678', 'ENSG00000196126', 'ENSG00000107581']",0.093205795,fold_10
4.1,ann_finest_level,Interstitial Mph perivascular,4805,0.16564266404521996,0.1734877734877735,0.14027055150884496,483329,3211,4131,674,4,"['ENSG00000132334', 'ENSG00000159189', 'ENSG00000146376', 'ENSG00000241553']","['ENSG00000132334', 'ENSG00000159189', 'ENSG00000173369', 'ENSG00000146376', 'ENSG00000241553', 'ENSG00000103811', 'ENSG00000062716', 'ENSG00000196126', 'ENSG00000107581']",0.13821638,fold_10
4.1,ann_finest_level,Classical monocytes,17695,0.3051714491247702,0.34043691484618815,0.21576716586606387,466253,7397,13877,3818,2,"['ENSG00000132334', 'ENSG00000000938']","['ENSG00000132334', 'ENSG00000000938', 'ENSG00000062716']",0.13549483,fold_10
4.1,ann_finest_level,Non-classical monocytes,8834,0.21310950056697728,0.21795033404764907,0.19572107765451663,476307,6204,7105,1729,3,"['ENSG00000132334', 'ENSG00000000938', 'ENSG00000062716']","['ENSG00000132334', 'ENSG00000000938', 'ENSG00000173369', 'ENSG00000159189', 'ENSG00000062716', 'ENSG00000103811', 'ENSG00000196126']",0.17035818,fold_10
4.1,ann_finest_level,Mast cells,6623,0.8097304246514805,0.8826363039194219,0.6086365695304243,484186,536,2592,4031,1,['ENSG00000165646'],"['ENSG00000165646', 'ENSG00000095794', 'ENSG00000120885']",1.0,fold_10
4.1,ann_finest_level,Basal resting,31248,0.6540881011675669,0.7001774354091833,0.5177611367127496,453169,6928,15069,16179,1,['ENSG00000171462'],"['ENSG00000171462', 'ENSG00000072210', 'ENSG00000132386', 'ENSG00000155366']",1.0,fold_11
4.1,ann_finest_level,Suprabasal,31248,0.4213258133071767,0.45268519738286567,0.3299091141833077,447633,12464,20939,10309,4,"['ENSG00000072210', 'ENSG00000111615', 'ENSG00000115561', 'ENSG00000145113']","['ENSG00000072210', 'ENSG00000111615', 'ENSG00000119541', 'ENSG00000183828', 'ENSG00000115561', 'ENSG00000145113', 'ENSG00000163993', 'ENSG00000136522', 'ENSG00000058272', 'ENSG00000132386']",0.21604057,fold_11
4.1,ann_finest_level,Hillock-like,4600,0.2057959593064909,0.1971178589809573,0.24978260869565216,482065,4680,3451,1149,6,"['ENSG00000091483', 'ENSG00000113407', 'ENSG00000275832', 'ENSG00000161642', 'ENSG00000164543', 'ENSG00000141867']","['ENSG00000091483', 'ENSG00000113407', 'ENSG00000275832', 'ENSG00000161642', 'ENSG00000164543', 'ENSG00000141867', 'ENSG00000136522', 'ENSG00000145113', 'ENSG00000163993', 'ENSG00000272398']",1.0,fold_11
4.1,ann_finest_level,Deuterosomal,1004,0.08527965580823602,0.0806686046511628,0.11055776892430279,489076,1265,893,111,6,"['ENSG00000082898', 'ENSG00000074696', 'ENSG00000145113', 'ENSG00000136522', 'ENSG00000272398', 'ENSG00000125304']","['ENSG00000082898', 'ENSG00000074696', 'ENSG00000145113', 'ENSG00000136522', 'ENSG00000272398', 'ENSG00000125304', 'ENSG00000122359', 'ENSG00000115541']",0.1236328,fold_11
4.1,ann_finest_level,Multiciliated (nasal),4869,0.36771564632529824,0.3865806451612903,0.3076607106181968,484099,2377,3371,1498,4,"['ENSG00000124939', 'ENSG00000145113', 'ENSG00000272398', 'ENSG00000163993']","['ENSG00000124939', 'ENSG00000166946', 'ENSG00000145113', 'ENSG00000272398', 'ENSG00000163993', 'ENSG00000125304', 'ENSG00000122359']",0.17081615,fold_11
4.1,ann_finest_level,Multiciliated (non-nasal),31248,0.5458205221741623,0.7364858925903138,0.26814516129032256,457099,2998,22869,8379,2,"['ENSG00000183828', 'ENSG00000272398']","['ENSG00000183828', 'ENSG00000145113', 'ENSG00000272398', 'ENSG00000125304', 'ENSG00000122359']",0.15041557,fold_11
4.1,ann_finest_level,Club (non-nasal),9955,0.11192554188539822,0.09464473865041917,0.41506780512305375,441864,39526,5823,4132,2,"['ENSG00000163993', 'ENSG00000155366']","['ENSG00000163993', 'ENSG00000155366', 'ENSG00000122359']",0.08088728,fold_11
4.1,ann_finest_level,Club (nasal),26068,0.24627961727035141,0.22929968327384245,0.34993094982353845,434617,30660,16946,9122,2,"['ENSG00000163993', 'ENSG00000122359']","['ENSG00000163993', 'ENSG00000122359']",0.10059982,fold_11
4.1,ann_finest_level,Goblet (nasal),31248,0.6835343401462192,0.6908245129104025,0.6558499743983615,450925,9172,10754,20494,1,['ENSG00000105388'],"['ENSG00000105388', 'ENSG00000145113', 'ENSG00000163993', 'ENSG00000125304', 'ENSG00000272398', 'ENSG00000122359']",1.0,fold_11
4.1,ann_finest_level,Goblet (bronchial),1670,0.08573448824465264,0.07213683688646505,0.34850299401197604,482189,7486,1088,582,4,"['ENSG00000155850', 'ENSG00000145113', 'ENSG00000163993', 'ENSG00000132386']","['ENSG00000155850', 'ENSG00000164292', 'ENSG00000145113', 'ENSG00000163993', 'ENSG00000132386', 'ENSG00000155366', 'ENSG00000122359']",0.18458933,fold_11
4.1,ann_finest_level,Goblet (subsegmental),968,0.006763985534796948,0.005422791674419841,0.6322314049586777,378132,112245,356,612,1,['ENSG00000132386'],['ENSG00000132386'],0.0411274,fold_11
4.1,ann_finest_level,AT0,1440,0.004449940463568597,0.003565186141104595,0.60625,245910,243995,567,873,1,['ENSG00000122359'],['ENSG00000122359'],0.039437223,fold_11
4.1,ann_finest_level,pre-TB secretory,4393,0.026876200891766826,0.0217070637421337,0.5661279307989984,374868,112084,1906,2487,1,['ENSG00000132386'],"['ENSG00000132386', 'ENSG00000122359']",0.0361694,fold_11
4.1,ann_finest_level,Ionocyte,561,0.5606198723792161,0.917910447761194,0.2192513368983957,490773,11,438,123,3,"['ENSG00000171791', 'ENSG00000157404', 'ENSG00000272398']","['ENSG00000171791', 'ENSG00000167703', 'ENSG00000157404', 'ENSG00000074696', 'ENSG00000272398', 'ENSG00000125304', 'ENSG00000132386']",0.20795234,fold_11
4.1,ann_finest_level,Tuft,165,0.1271571298819255,0.11965811965811966,0.1696969696969697,490974,206,137,28,6,"['ENSG00000189241', 'ENSG00000157404', 'ENSG00000123636', 'ENSG00000147853', 'ENSG00000119541', 'ENSG00000074696']","['ENSG00000189241', 'ENSG00000157404', 'ENSG00000123636', 'ENSG00000147853', 'ENSG00000119541', 'ENSG00000074696', 'ENSG00000115561', 'ENSG00000136522', 'ENSG00000272398', 'ENSG00000125304']",0.22308126,fold_11
4.1,ann_finest_level,Neuroendocrine,159,0.513595166163142,0.7906976744186046,0.2138364779874214,491177,9,125,34,5,"['ENSG00000169432', 'ENSG00000166086', 'ENSG00000214113', 'ENSG00000176102', 'ENSG00000138771']","['ENSG00000169432', 'ENSG00000166086', 'ENSG00000214113', 'ENSG00000176102', 'ENSG00000138771', 'ENSG00000189241', 'ENSG00000164292', 'ENSG00000073849', 'ENSG00000183828', 'ENSG00000123636']",1.0,fold_11
4.1,ann_finest_level,SMG serous (nasal),1472,0.21739130434782608,0.19130434782608696,0.4782608695652174,486897,2976,768,704,1,['ENSG00000134827'],['ENSG00000134827'],0.25890473,fold_11
4.1,ann_finest_level,SMG serous (bronchial),1417,0.1683453237410072,0.1558614564831261,0.24770642201834864,488027,1901,1066,351,2,"['ENSG00000134827', 'ENSG00000272398']","['ENSG00000134827', 'ENSG00000272398']",0.13120526,fold_11
4.1,ann_finest_level,SMG mucous,537,0.40728831725616294,0.7676767676767676,0.14152700186219738,490785,23,461,76,2,"['ENSG00000124939', 'ENSG00000134827']","['ENSG00000155850', 'ENSG00000124939', 'ENSG00000134827', 'ENSG00000163993', 'ENSG00000272398']",0.31523556,fold_11
4.1,ann_finest_level,SMG duct,1274,0.26513525118076425,0.2919621749408983,0.19387755102040816,489472,599,1027,247,5,"['ENSG00000123636', 'ENSG00000134827', 'ENSG00000197223', 'ENSG00000115561', 'ENSG00000007168']","['ENSG00000073849', 'ENSG00000123636', 'ENSG00000134827', 'ENSG00000197223', 'ENSG00000115561', 'ENSG00000007168', 'ENSG00000272398', 'ENSG00000125304', 'ENSG00000108774', 'ENSG00000155366']",0.13954937,fold_11
4.1,ann_finest_level,AT1,7937,0.05792478971747794,0.04753603580163397,0.46037545672168323,410194,73214,4283,3654,1,['ENSG00000067082'],['ENSG00000067082'],0.036037665,fold_11
4.1,ann_finest_level,AT2,31248,0.35983122516676996,0.33565690483274535,0.5054403481822837,428837,31260,15454,15794,1,['ENSG00000068650'],['ENSG00000068650'],0.6496341,fold_11
4.1,ann_finest_level,AT2 proliferating,976,0.04082137555665512,0.03475513428120063,0.13524590163934427,486703,3666,844,132,5,"['ENSG00000068650', 'ENSG00000183828', 'ENSG00000074696', 'ENSG00000115561', 'ENSG00000122359']","['ENSG00000068650', 'ENSG00000183828', 'ENSG00000074696', 'ENSG00000115561', 'ENSG00000108774', 'ENSG00000122359']",0.16050239,fold_11
4.1,ann_finest_level,EC arterial,7391,0.17218895313920968,0.15775821411727717,0.2715464754431065,473239,10715,5384,2007,2,"['ENSG00000141753', 'ENSG00000155366']","['ENSG00000141753', 'ENSG00000155366']",0.08649543,fold_11
4.1,ann_finest_level,EC aerocyte capillary,7157,0.32216889615031147,0.30185610409491004,0.44082716221880675,476891,7297,4002,3155,2,"['ENSG00000154133', 'ENSG00000141753']","['ENSG00000154133', 'ENSG00000141753', 'ENSG00000155366']",0.3732732,fold_11
4.1,ann_finest_level,EC general capillary,16048,0.3370335147897947,0.3659101023587005,0.2561689930209372,468173,7124,11937,4111,2,"['ENSG00000141753', 'ENSG00000155366']","['ENSG00000141753', 'ENSG00000155366']",0.083506525,fold_11
4.1,ann_finest_level,EC venous systemic,6557,0.09217536011065365,0.07936360253070339,0.26017996034772,464998,19790,4851,1706,2,"['ENSG00000141753', 'ENSG00000155366']","['ENSG00000141753', 'ENSG00000155366']",0.06372529,fold_11
4.1,ann_finest_level,EC venous pulmonary,6418,0.08689511893368193,0.07514509210194298,0.2320037394827049,466601,18326,4929,1489,2,"['ENSG00000141753', 'ENSG00000155366']","['ENSG00000141753', 'ENSG00000155366']",0.06346244,fold_11
4.1,ann_finest_level,Lymphatic EC mature,4001,0.09037962706168327,0.07735269477799497,0.27693076730817295,474128,13216,2893,1108,2,"['ENSG00000141753', 'ENSG00000155366']","['ENSG00000141753', 'ENSG00000155366']",0.07876806,fold_11
4.1,ann_finest_level,Lymphatic EC proliferating,28,0.14705882352941177,0.14814814814814814,0.14285714285714285,491294,23,24,4,5,"['ENSG00000154133', 'ENSG00000178573', 'ENSG00000145782', 'ENSG00000129534', 'ENSG00000082898']","['ENSG00000120833', 'ENSG00000154133', 'ENSG00000178573', 'ENSG00000145782', 'ENSG00000129534', 'ENSG00000082898', 'ENSG00000074696', 'ENSG00000155366', 'ENSG00000108774', 'ENSG00000141753']",0.23673584,fold_11
4.1,ann_finest_level,Lymphatic EC differentiating,566,0.2858176555716353,0.3872549019607843,0.13957597173144876,490654,125,487,79,2,"['ENSG00000178573', 'ENSG00000141753']","['ENSG00000178573', 'ENSG00000141753', 'ENSG00000067082']",0.41505617,fold_11
4.1,ann_finest_level,Peribronchial fibroblasts,1573,0.43876337693222356,0.560790273556231,0.23458359821996186,489483,289,1204,369,2,"['ENSG00000106819', 'ENSG00000132386']","['ENSG00000106819', 'ENSG00000132386', 'ENSG00000141753']",0.2174987,fold_11
4.1,ann_finest_level,Adventitial fibroblasts,10321,0.7441704412011407,0.9106959556559228,0.4298033136324,480589,435,5885,4436,2,"['ENSG00000141753', 'ENSG00000132386']","['ENSG00000116194', 'ENSG00000177879', 'ENSG00000141753', 'ENSG00000132386', 'ENSG00000131446', 'ENSG00000108774', 'ENSG00000155366', 'ENSG00000122359']",0.12336002,fold_11
4.1,ann_finest_level,Alveolar fibroblasts,5182,0.48883301286791897,0.634052757793765,0.2551138556541876,485400,763,3860,1322,2,"['ENSG00000118526', 'ENSG00000241399']","['ENSG00000118526', 'ENSG00000241399', 'ENSG00000132386']",0.35977906,fold_11
4.1,ann_finest_level,Pericytes,3032,0.5758871989860583,0.8865853658536585,0.23977572559366755,488220,93,2305,727,2,"['ENSG00000118526', 'ENSG00000135916']","['ENSG00000118526', 'ENSG00000135916', 'ENSG00000076706', 'ENSG00000058272']",0.36987418,fold_11
4.1,ann_finest_level,Subpleural fibroblasts,276,0.07932446264073695,0.06828193832599119,0.2246376811594203,490223,846,214,62,4,"['ENSG00000165030', 'ENSG00000135916', 'ENSG00000141753', 'ENSG00000108774']","['ENSG00000165030', 'ENSG00000135916', 'ENSG00000177879', 'ENSG00000141753', 'ENSG00000132386', 'ENSG00000108774', 'ENSG00000155366', 'ENSG00000122359', 'ENSG00000115541']",0.08717151,fold_11
4.1,ann_finest_level,Myofibroblasts,716,0.32863145258103243,0.3348623853211009,0.3058659217877095,490194,435,497,219,2,"['ENSG00000106819', 'ENSG00000155366']","['ENSG00000106819', 'ENSG00000155366']",0.36639196,fold_11
4.1,ann_finest_level,Smooth muscle,2996,0.2620725854829034,0.27040618955512574,0.23331108144192256,486463,1886,2297,699,2,"['ENSG00000076706', 'ENSG00000058272']","['ENSG00000076706', 'ENSG00000058272']",0.2088947,fold_11
4.1,ann_finest_level,Smooth muscle FAM83D+,335,0.010562951126037674,0.00848887195951461,0.46567164179104475,472789,18221,179,156,1,['ENSG00000058272'],['ENSG00000058272'],0.21363789,fold_11
4.1,ann_finest_level,SM activated stress response,556,0.3576294277929155,0.4605263157894737,0.18884892086330934,490666,123,451,105,3,"['ENSG00000165655', 'ENSG00000076706', 'ENSG00000058272']","['ENSG00000165655', 'ENSG00000076706', 'ENSG00000141867', 'ENSG00000007168', 'ENSG00000058272', 'ENSG00000177879', 'ENSG00000141753', 'ENSG00000108774', 'ENSG00000155366', 'ENSG00000122359']",0.47995478,fold_11
4.1,ann_finest_level,Mesothelium,230,0.0031847133757961785,0.002550964787964679,0.508695652173913,445367,45748,113,117,2,"['ENSG00000141753', 'ENSG00000155366']","['ENSG00000141753', 'ENSG00000155366', 'ENSG00000122359']",0.05550793,fold_11
4.1,ann_finest_level,Hematopoietic stem cells,60,0.04716981132075472,0.04060913705583756,0.13333333333333333,491096,189,52,8,4,"['ENSG00000120833', 'ENSG00000166946', 'ENSG00000175390', 'ENSG00000115541']","['ENSG00000120833', 'ENSG00000166946', 'ENSG00000175390', 'ENSG00000115541']",0.088049866,fold_11
4.1,ann_finest_level,B cells,4511,0.050136311525317744,0.041126709863210945,0.405231655952117,444214,42620,2683,1828,1,['ENSG00000164543'],['ENSG00000164543'],0.38577226,fold_11
4.1,ann_finest_level,Plasma cells,1773,0.054750511872037645,0.04469686475504456,0.5459672870840383,468883,20689,805,968,1,['ENSG00000135916'],['ENSG00000135916'],0.22057463,fold_11
4.1,ann_finest_level,T cells proliferating,500,0.37291169451073986,0.42517006802721086,0.25,490676,169,375,125,3,"['ENSG00000213658', 'ENSG00000167513', 'ENSG00000164543']","['ENSG00000213658', 'ENSG00000167513', 'ENSG00000164543', 'ENSG00000005059', 'ENSG00000129534', 'ENSG00000197223', 'ENSG00000058272', 'ENSG00000136522', 'ENSG00000108774', 'ENSG00000122359']",0.5661579,fold_11
4.1,ann_finest_level,NK cells,16978,0.31494216942794623,0.2928555037099365,0.45099540581929554,455878,18489,9321,7657,1,['ENSG00000101474'],['ENSG00000101474'],0.7402182,fold_11
4.1,ann_finest_level,DC1,322,0.5428954423592494,0.7641509433962265,0.2515527950310559,490998,25,241,81,3,"['ENSG00000132386', 'ENSG00000108774', 'ENSG00000112335']","['ENSG00000131446', 'ENSG00000132386', 'ENSG00000108774', 'ENSG00000112335', 'ENSG00000155366', 'ENSG00000122359']",0.05313111,fold_11
4.1,ann_finest_level,DC2,9133,0.0453274935467935,0.03698436518461646,0.46414102704478266,371835,110377,4894,4239,1,['ENSG00000131446'],['ENSG00000131446'],0.08290692,fold_11
4.1,ann_finest_level,Migratory DCs,312,0.030231335436382754,0.026345933562428408,0.07371794871794872,490183,850,289,23,5,"['ENSG00000108669', 'ENSG00000131446', 'ENSG00000132386', 'ENSG00000108774', 'ENSG00000155366']","['ENSG00000108669', 'ENSG00000131446', 'ENSG00000132386', 'ENSG00000108774', 'ENSG00000155366', 'ENSG00000122359', 'ENSG00000067082']",0.05315043,fold_11
4.1,ann_finest_level,Plasmacytoid DCs,552,0.5029296875,0.8728813559322034,0.18659420289855072,490778,15,449,103,2,"['ENSG00000135916', 'ENSG00000132386']","['ENSG00000135916', 'ENSG00000132386', 'ENSG00000125304']",0.24395017,fold_11
4.1,ann_finest_level,Alveolar macrophages,31248,0.4526755180044257,0.5281347180660682,0.28805043522785456,452055,8042,22247,9001,3,"['ENSG00000129534', 'ENSG00000197223', 'ENSG00000155465']","['ENSG00000129534', 'ENSG00000241399', 'ENSG00000197223', 'ENSG00000155465', 'ENSG00000177879', 'ENSG00000115561', 'ENSG00000131446', 'ENSG00000108774', 'ENSG00000122359']",0.1757919,fold_11
4.1,ann_finest_level,Alveolar Mph CCL3+,8065,0.290437890974084,0.33838841104572204,0.18536887786732795,480357,2923,6570,1495,5,"['ENSG00000163719', 'ENSG00000103365', 'ENSG00000167703', 'ENSG00000148450', 'ENSG00000197223']","['ENSG00000163719', 'ENSG00000103365', 'ENSG00000167703', 'ENSG00000148450', 'ENSG00000005059', 'ENSG00000197223', 'ENSG00000241399', 'ENSG00000155465', 'ENSG00000177879', 'ENSG00000007168']",0.46864247,fold_11
4.1,ann_finest_level,Alveolar Mph MT-positive,1203,0.011164232913345524,0.0089714166492802,0.5004156275976724,423642,66500,601,602,1,['ENSG00000155465'],"['ENSG00000155465', 'ENSG00000108774']",0.11563912,fold_11
4.1,ann_finest_level,Alveolar Mph proliferating,1061,0.2698564593301435,0.27089337175792505,0.26578699340245054,489525,759,779,282,4,"['ENSG00000163320', 'ENSG00000167513', 'ENSG00000129534', 'ENSG00000005059']","['ENSG00000163320', 'ENSG00000167513', 'ENSG00000129534', 'ENSG00000005059', 'ENSG00000143155', 'ENSG00000147853', 'ENSG00000197223', 'ENSG00000241399', 'ENSG00000155465', 'ENSG00000177879']",0.41641355,fold_11
4.1,ann_finest_level,Monocyte-derived Mph,28223,0.3234346806967842,0.3075360769641903,0.4077525422527726,437210,25912,16715,11508,2,"['ENSG00000155465', 'ENSG00000131446']","['ENSG00000155465', 'ENSG00000131446', 'ENSG00000108774', 'ENSG00000122359']",0.15195699,fold_11
4.1,ann_finest_level,Interstitial Mph perivascular,4805,0.06919647573369393,0.06161226601448594,0.13631633714880334,476564,9976,4150,655,3,"['ENSG00000241399', 'ENSG00000131446', 'ENSG00000108774']","['ENSG00000241399', 'ENSG00000131446', 'ENSG00000108774', 'ENSG00000122359']",0.11196689,fold_11
4.1,ann_finest_level,Non-classical monocytes,8834,0.11093735190977158,0.09685961355455336,0.26499886800996153,460683,21828,6493,2341,2,"['ENSG00000155465', 'ENSG00000131446']","['ENSG00000155465', 'ENSG00000131446']",0.14656678,fold_11
4.1,ann_finest_level,Mast cells,6623,0.6102228896151695,0.6064374542794441,0.625849313000151,482032,2690,2478,4145,1,['ENSG00000157404'],['ENSG00000157404'],0.51206934,fold_11
4.1,ann_finest_level,Basal resting,31248,0.12931937320969622,0.1082424156271841,0.5848374295954941,309538,150559,12973,18275,1,['ENSG00000116016'],['ENSG00000116016'],0.04493757,fold_12
4.1,ann_finest_level,Suprabasal,31248,0.44162063346977704,0.5123623998616794,0.28449820788530467,451636,8461,22358,8890,4,"['ENSG00000069011', 'ENSG00000116539', 'ENSG00000128989', 'ENSG00000100644']","['ENSG00000069011', 'ENSG00000065613', 'ENSG00000171421', 'ENSG00000116539', 'ENSG00000128989', 'ENSG00000100644', 'ENSG00000163694', 'ENSG00000126247', 'ENSG00000116016', 'ENSG00000184900']",0.104057536,fold_12
4.1,ann_finest_level,Hillock-like,4600,0.19860354618148104,0.18331327717609305,0.2980434782608696,480637,6108,3229,1371,6,"['ENSG00000069011', 'ENSG00000065613', 'ENSG00000171421', 'ENSG00000167656', 'ENSG00000134108', 'ENSG00000105355']","['ENSG00000069011', 'ENSG00000065613', 'ENSG00000171421', 'ENSG00000167656', 'ENSG00000134108', 'ENSG00000105355', 'ENSG00000091527', 'ENSG00000100644', 'ENSG00000126247', 'ENSG00000136930']",0.44747096,fold_12
4.1,ann_finest_level,Deuterosomal,1004,0.05091649694501019,0.04452690166975881,0.11952191235059761,487766,2575,884,120,5,"['ENSG00000157778', 'ENSG00000213123', 'ENSG00000101161', 'ENSG00000185808', 'ENSG00000120686']","['ENSG00000157778', 'ENSG00000213123', 'ENSG00000101161', 'ENSG00000185808', 'ENSG00000120686', 'ENSG00000163694', 'ENSG00000068912', 'ENSG00000136930', 'ENSG00000167088', 'ENSG00000005075']",0.15825042,fold_12
4.1,ann_finest_level,Multiciliated (nasal),4869,0.4714084156361524,0.6328690807799443,0.2333127952351612,485817,659,3733,1136,3,"['ENSG00000007933', 'ENSG00000170324', 'ENSG00000213123']","['ENSG00000007933', 'ENSG00000170324', 'ENSG00000213123', 'ENSG00000185808', 'ENSG00000129657', 'ENSG00000120686', 'ENSG00000163694', 'ENSG00000068912', 'ENSG00000138279', 'ENSG00000126247']",1.0,fold_12
4.1,ann_finest_level,Multiciliated (non-nasal),31248,0.6184630738522954,0.6246346134462252,0.5949500768049155,448925,11172,12657,18591,1,['ENSG00000213123'],['ENSG00000213123'],0.35506144,fold_12
4.1,ann_finest_level,Club (non-nasal),9955,0.03962742414187802,0.032104382600179546,0.632245102963335,291636,189754,3661,6294,1,['ENSG00000116016'],['ENSG00000116016'],0.036231473,fold_12
4.1,ann_finest_level,Club (nasal),26068,0.4319957162655915,0.43486187626332684,0.4208991867423661,451018,14259,15096,10972,2,"['ENSG00000167656', 'ENSG00000116016']","['ENSG00000167656', 'ENSG00000116016', 'ENSG00000167088', 'ENSG00000162368', 'ENSG00000103769']",0.17037195,fold_12
4.1,ann_finest_level,Goblet (nasal),31248,0.44702891242225584,0.5324074074074074,0.2723374295954941,452623,7474,22738,8510,2,"['ENSG00000167656', 'ENSG00000163694']","['ENSG00000167656', 'ENSG00000163694', 'ENSG00000116016', 'ENSG00000126247', 'ENSG00000162368']",0.22182153,fold_12
4.1,ann_finest_level,Goblet (bronchial),1670,0.09601536245799328,0.08865903213889915,0.1437125748502994,487208,2467,1430,240,4,"['ENSG00000080493', 'ENSG00000206072', 'ENSG00000068912', 'ENSG00000171988']","['ENSG00000080493', 'ENSG00000206072', 'ENSG00000116539', 'ENSG00000068912', 'ENSG00000163694', 'ENSG00000171988', 'ENSG00000116016', 'ENSG00000162368']",0.5433029,fold_12
4.1,ann_finest_level,Ionocyte,561,0.4695837780149413,0.9361702127659575,0.1568627450980392,490778,6,473,88,2,"['ENSG00000087128', 'ENSG00000167703']","['ENSG00000087128', 'ENSG00000167703', 'ENSG00000129657', 'ENSG00000068912', 'ENSG00000126247', 'ENSG00000138279', 'ENSG00000136930', 'ENSG00000167088']",0.7950976,fold_12
4.1,ann_finest_level,Tuft,165,0.43543543543543545,0.6904761904761905,0.17575757575757575,491167,13,136,29,4,"['ENSG00000134986', 'ENSG00000051128', 'ENSG00000114796', 'ENSG00000122257']","['ENSG00000134986', 'ENSG00000051128', 'ENSG00000114796', 'ENSG00000101161', 'ENSG00000122257', 'ENSG00000129657', 'ENSG00000116539', 'ENSG00000128989', 'ENSG00000163694', 'ENSG00000136930']",0.80051833,fold_12
4.1,ann_finest_level,Neuroendocrine,159,0.632183908045977,0.7971014492753623,0.34591194968553457,491172,14,104,55,3,"['ENSG00000135476', 'ENSG00000163738', 'ENSG00000185808']","['ENSG00000135476', 'ENSG00000154265', 'ENSG00000163738', 'ENSG00000186063', 'ENSG00000109854', 'ENSG00000185808', 'ENSG00000129657', 'ENSG00000214194', 'ENSG00000128989', 'ENSG00000068912']",1.0,fold_12
4.1,ann_finest_level,SMG serous (nasal),1472,0.9321785085143863,0.951310861423221,0.8627717391304348,489808,65,202,1270,1,['ENSG00000126549'],"['ENSG00000126549', 'ENSG00000163694', 'ENSG00000005075', 'ENSG00000162368', 'ENSG00000136930', 'ENSG00000115738']",1.0,fold_12
4.1,ann_finest_level,SMG serous (bronchial),1417,0.007048068759377072,0.005657101249043147,0.42766407904022585,383412,106516,811,606,1,['ENSG00000162368'],['ENSG00000162368'],0.060851134,fold_12
4.1,ann_finest_level,SMG mucous,537,0.0092109303039607,0.007506255212677231,0.1005586592178771,483668,7140,483,54,3,"['ENSG00000162368', 'ENSG00000068912', 'ENSG00000163694']","['ENSG00000162368', 'ENSG00000068912', 'ENSG00000163694']",0.07250978,fold_12
4.1,ann_finest_level,SMG duct,1274,0.023954773387843752,0.019561815336463225,0.23547880690737832,475035,15036,974,300,6,"['ENSG00000116539', 'ENSG00000128595', 'ENSG00000120686', 'ENSG00000163694', 'ENSG00000171988', 'ENSG00000068912']","['ENSG00000116539', 'ENSG00000128595', 'ENSG00000120686', 'ENSG00000163694', 'ENSG00000171988', 'ENSG00000068912', 'ENSG00000184900', 'ENSG00000162368', 'ENSG00000126247', 'ENSG00000005075']",0.0728874,fold_12
4.1,ann_finest_level,AT2,31248,0.7264598359845865,0.7824930158307836,0.5647081413210445,455192,4905,13602,17646,1,['ENSG00000144331'],"['ENSG00000144331', 'ENSG00000165175', 'ENSG00000157110', 'ENSG00000068912', 'ENSG00000119655']",1.0,fold_12
4.1,ann_finest_level,AT2 proliferating,976,0.04951820128479657,0.04339327599687256,0.11372950819672131,487922,2447,865,111,6,"['ENSG00000139428', 'ENSG00000165175', 'ENSG00000157110', 'ENSG00000128989', 'ENSG00000128595', 'ENSG00000068912']","['ENSG00000139428', 'ENSG00000165175', 'ENSG00000157110', 'ENSG00000128989', 'ENSG00000128595', 'ENSG00000068912', 'ENSG00000161921', 'ENSG00000184900', 'ENSG00000005075', 'ENSG00000126247']",0.1715746,fold_12
4.1,ann_finest_level,EC arterial,7391,0.2153869522290575,0.19410033536376703,0.3837099174671898,472179,11775,4555,2836,2,"['ENSG00000116016', 'ENSG00000177469']","['ENSG00000116016', 'ENSG00000177469', 'ENSG00000089327']",0.10072121,fold_12
4.1,ann_finest_level,EC aerocyte capillary,7157,0.3149700123128252,0.3520532741398446,0.22160122956546038,481269,2919,5571,1586,3,"['ENSG00000116016', 'ENSG00000103769', 'ENSG00000122786']","['ENSG00000129657', 'ENSG00000116016', 'ENSG00000177469', 'ENSG00000103769', 'ENSG00000122786', 'ENSG00000089327', 'ENSG00000172270']",0.07118588,fold_12
4.1,ann_finest_level,EC general capillary,16048,0.4995706311721769,0.6097209485130355,0.2900049850448654,472318,2979,11394,4654,2,"['ENSG00000129657', 'ENSG00000116016']","['ENSG00000129657', 'ENSG00000116016', 'ENSG00000177469', 'ENSG00000103769']",0.18164618,fold_12
4.1,ann_finest_level,EC venous systemic,6557,0.2653287664624439,0.31047135196161446,0.16775964617965533,482345,2443,5457,1100,3,"['ENSG00000137509', 'ENSG00000177469', 'ENSG00000089327']","['ENSG00000137509', 'ENSG00000116016', 'ENSG00000177469', 'ENSG00000103769', 'ENSG00000089327']",0.07458831,fold_12
4.1,ann_finest_level,EC venous pulmonary,6418,0.3351612670466845,0.3489201877934272,0.28949828607042694,481460,3467,4560,1858,2,"['ENSG00000137509', 'ENSG00000116016']","['ENSG00000137509', 'ENSG00000116016', 'ENSG00000177469', 'ENSG00000103769', 'ENSG00000089327']",0.24756536,fold_12
4.1,ann_finest_level,Lymphatic EC mature,4001,0.23074516347708193,0.23326304691618344,0.22119470132466884,484435,2909,3116,885,3,"['ENSG00000103769', 'ENSG00000122786', 'ENSG00000089327']","['ENSG00000103769', 'ENSG00000122786', 'ENSG00000177469', 'ENSG00000089327', 'ENSG00000140612']",0.048367526,fold_12
4.1,ann_finest_level,Lymphatic EC proliferating,28,0.1388888888888889,0.18181818181818182,0.07142857142857142,491308,9,26,2,6,"['ENSG00000157110', 'ENSG00000129534', 'ENSG00000091527', 'ENSG00000128595', 'ENSG00000171988', 'ENSG00000184900']","['ENSG00000157110', 'ENSG00000129534', 'ENSG00000091527', 'ENSG00000128595', 'ENSG00000171988', 'ENSG00000184900', 'ENSG00000005075', 'ENSG00000068912', 'ENSG00000177469', 'ENSG00000138279']",0.21968925,fold_12
4.1,ann_finest_level,Lymphatic EC differentiating,566,0.09208731241473397,0.12,0.04770318021201413,490581,198,539,27,3,"['ENSG00000171988', 'ENSG00000122786', 'ENSG00000103769']","['ENSG00000171988', 'ENSG00000122786', 'ENSG00000103769']",0.070939906,fold_12
4.1,ann_finest_level,Peribronchial fibroblasts,1573,0.362116991643454,0.48148148148148145,0.18181818181818182,489464,308,1287,286,3,"['ENSG00000143387', 'ENSG00000139329', 'ENSG00000122786']","['ENSG00000143387', 'ENSG00000139329', 'ENSG00000122786']",0.29109386,fold_12
4.1,ann_finest_level,Adventitial fibroblasts,10321,0.7277539643501276,0.767824045471395,0.6020734424958821,479145,1879,4107,6214,2,"['ENSG00000143387', 'ENSG00000139329']","['ENSG00000090863', 'ENSG00000143387', 'ENSG00000139329', 'ENSG00000128595', 'ENSG00000171988', 'ENSG00000068912', 'ENSG00000122786', 'ENSG00000177469', 'ENSG00000138279', 'ENSG00000126247']",0.29201758,fold_12
4.1,ann_finest_level,Alveolar fibroblasts,5182,0.36495077137762616,0.3653473030655801,0.36337321497491315,482892,3271,3299,1883,2,"['ENSG00000139329', 'ENSG00000115738']","['ENSG00000139329', 'ENSG00000122786', 'ENSG00000177469', 'ENSG00000115738']",0.16246164,fold_12
4.1,ann_finest_level,Pericytes,3032,0.7000517598343685,0.9216354344122658,0.35686015831134565,488221,92,1950,1082,2,"['ENSG00000185633', 'ENSG00000181104']","['ENSG00000185633', 'ENSG00000213160', 'ENSG00000181104', 'ENSG00000122786', 'ENSG00000116016', 'ENSG00000172270']",0.8025435,fold_12
4.1,ann_finest_level,Subpleural fibroblasts,276,0.04381161007667032,0.037914691943127965,0.11594202898550725,490257,812,244,32,5,"['ENSG00000143387', 'ENSG00000105355', 'ENSG00000128595', 'ENSG00000100644', 'ENSG00000115738']","['ENSG00000143387', 'ENSG00000105355', 'ENSG00000139329', 'ENSG00000128595', 'ENSG00000100644', 'ENSG00000115738', 'ENSG00000122786', 'ENSG00000184900', 'ENSG00000177469', 'ENSG00000005075']",0.15577698,fold_12
4.1,ann_finest_level,Myofibroblasts,716,0.17657992565055763,0.2116991643454039,0.10614525139664804,490346,283,640,76,3,"['ENSG00000181104', 'ENSG00000122786', 'ENSG00000115738']","['ENSG00000181104', 'ENSG00000139329', 'ENSG00000122786', 'ENSG00000177469', 'ENSG00000115738']",0.08012221,fold_12
4.1,ann_finest_level,Smooth muscle,2996,0.40669014084507044,0.4123527311674402,0.3855140186915888,486703,1646,1841,1155,2,"['ENSG00000122786', 'ENSG00000177469']","['ENSG00000122786', 'ENSG00000177469', 'ENSG00000116016']",0.08785115,fold_12
4.1,ann_finest_level,Smooth muscle FAM83D+,335,0.024108268040107392,0.019647242688100024,0.2626865671641791,486619,4391,247,88,2,"['ENSG00000122786', 'ENSG00000177469']","['ENSG00000122786', 'ENSG00000177469']",0.062695466,fold_12
4.1,ann_finest_level,SM activated stress response,556,0.3173374613003096,0.44565217391304346,0.1474820143884892,490687,102,474,82,4,"['ENSG00000213160', 'ENSG00000157110', 'ENSG00000122257', 'ENSG00000100644']","['ENSG00000213160', 'ENSG00000157110', 'ENSG00000122257', 'ENSG00000116539', 'ENSG00000128595', 'ENSG00000100644', 'ENSG00000122786', 'ENSG00000177469', 'ENSG00000116016', 'ENSG00000115738']",0.33286676,fold_12
4.1,ann_finest_level,Mesothelium,230,0.02264720684448918,0.01847417037290455,0.23478260869565218,488246,2869,176,54,6,"['ENSG00000100644', 'ENSG00000122786', 'ENSG00000177469', 'ENSG00000115738', 'ENSG00000167088', 'ENSG00000143870']","['ENSG00000100644', 'ENSG00000122786', 'ENSG00000177469', 'ENSG00000115738', 'ENSG00000167088', 'ENSG00000143870', 'ENSG00000140612', 'ENSG00000089327']",0.04665418,fold_12
4.1,ann_finest_level,Hematopoietic stem cells,60,0.001605480038531521,0.001286449399656947,0.2,481969,9316,48,12,5,"['ENSG00000122257', 'ENSG00000167088', 'ENSG00000136930', 'ENSG00000005075', 'ENSG00000162368']","['ENSG00000122257', 'ENSG00000167088', 'ENSG00000136930', 'ENSG00000138279', 'ENSG00000005075', 'ENSG00000162368', 'ENSG00000089327']",0.05760482,fold_12
4.1,ann_finest_level,Plasma cells,1773,0.04129859066244421,0.03416053921568627,0.251551043429216,476962,12610,1327,446,3,"['ENSG00000120686', 'ENSG00000068912', 'ENSG00000143870']","['ENSG00000120686', 'ENSG00000068912', 'ENSG00000143870']",0.110130906,fold_12
4.1,ann_finest_level,CD4 T cells,21285,0.1645283971658066,0.14110163756935987,0.48982851773549446,406596,63464,10859,10426,1,['ENSG00000089327'],['ENSG00000089327'],0.055384275,fold_12
4.1,ann_finest_level,CD8 T cells,29074,0.44712739842141763,0.4258492346403858,0.5588154364724496,440366,21905,12827,16247,1,['ENSG00000145649'],"['ENSG00000145649', 'ENSG00000115738']",0.27623996,fold_12
4.1,ann_finest_level,T cells proliferating,500,0.22140221402214022,0.3287671232876712,0.096,490747,98,452,48,5,"['ENSG00000145649', 'ENSG00000129534', 'ENSG00000128989', 'ENSG00000184900', 'ENSG00000167088']","['ENSG00000009954', 'ENSG00000145649', 'ENSG00000129534', 'ENSG00000128989', 'ENSG00000184900', 'ENSG00000167088', 'ENSG00000005075', 'ENSG00000136930', 'ENSG00000115738', 'ENSG00000138279']",0.10922374,fold_12
4.1,ann_finest_level,NK cells,16978,0.5036919067612567,0.5342854948936497,0.4098244787371893,468302,6065,10020,6958,2,"['ENSG00000145649', 'ENSG00000115738']","['ENSG00000145649', 'ENSG00000115738', 'ENSG00000089327']",0.24930142,fold_12
4.1,ann_finest_level,DC1,322,0.03450608930987822,0.028862478777589132,0.15838509316770186,489307,1716,271,51,5,"['ENSG00000137509', 'ENSG00000171988', 'ENSG00000161921', 'ENSG00000115738', 'ENSG00000184900']","['ENSG00000137509', 'ENSG00000171988', 'ENSG00000161921', 'ENSG00000115738', 'ENSG00000184900', 'ENSG00000126247', 'ENSG00000136930', 'ENSG00000167088']",0.109675705,fold_12
4.1,ann_finest_level,DC2,9133,0.13058691739354805,0.11803856874680016,0.22719807292236943,466708,15504,7058,2075,3,"['ENSG00000100644', 'ENSG00000161921', 'ENSG00000089327']","['ENSG00000100644', 'ENSG00000161921', 'ENSG00000089327']",0.07160384,fold_12
4.1,ann_finest_level,Migratory DCs,312,0.15625,0.18518518518518517,0.09615384615384616,490901,132,282,30,4,"['ENSG00000115738', 'ENSG00000161921', 'ENSG00000138279', 'ENSG00000184900']","['ENSG00000115738', 'ENSG00000161921', 'ENSG00000138279', 'ENSG00000184900']",0.07538443,fold_12
4.1,ann_finest_level,Plasmacytoid DCs,552,0.14037911301859798,0.1246031746031746,0.28442028985507245,489690,1103,395,157,1,['ENSG00000106803'],['ENSG00000106803'],0.044611376,fold_12
4.1,ann_finest_level,Alveolar macrophages,31248,0.5914821193122192,0.5991277980307315,0.5627560163850487,448331,11766,13663,17585,2,"['ENSG00000122641', 'ENSG00000161921']","['ENSG00000122641', 'ENSG00000214194', 'ENSG00000129534', 'ENSG00000091527', 'ENSG00000161921', 'ENSG00000171988', 'ENSG00000184900', 'ENSG00000163694', 'ENSG00000126247', 'ENSG00000005075']",0.23868503,fold_12
4.1,ann_finest_level,Alveolar Mph CCL3+,8065,0.3983940704138357,0.4319703912583715,0.30390576565406074,480057,3223,5614,2451,5,"['ENSG00000095970', 'ENSG00000166825', 'ENSG00000167703', 'ENSG00000122641', 'ENSG00000214194']","['ENSG00000095970', 'ENSG00000166825', 'ENSG00000167703', 'ENSG00000122641', 'ENSG00000214194', 'ENSG00000109854', 'ENSG00000105355', 'ENSG00000120686', 'ENSG00000161921', 'ENSG00000184900']",0.40980488,fold_12
4.1,ann_finest_level,Alveolar Mph MT-positive,1203,0.028352773039509473,0.024014057008980867,0.10224438902743142,485143,4999,1080,123,3,"['ENSG00000184900', 'ENSG00000161921', 'ENSG00000005075']","['ENSG00000184900', 'ENSG00000161921', 'ENSG00000005075', 'ENSG00000140612']",0.085757144,fold_12
4.1,ann_finest_level,Alveolar Mph proliferating,1061,0.07161305470767786,0.06247866165926937,0.17247879359095195,487538,2746,878,183,6,"['ENSG00000095970', 'ENSG00000166825', 'ENSG00000129534', 'ENSG00000109854', 'ENSG00000122641', 'ENSG00000214194']","['ENSG00000095970', 'ENSG00000166825', 'ENSG00000129534', 'ENSG00000109854', 'ENSG00000122641', 'ENSG00000214194', 'ENSG00000128595', 'ENSG00000128989', 'ENSG00000161921', 'ENSG00000184900']",0.37192607,fold_12
4.1,ann_finest_level,Monocyte-derived Mph,28223,0.3122434804571573,0.3351081852945447,0.24529638946958154,449386,13736,21300,6923,3,"['ENSG00000100644', 'ENSG00000161921', 'ENSG00000089327']","['ENSG00000100644', 'ENSG00000161921', 'ENSG00000184900', 'ENSG00000115738', 'ENSG00000089327', 'ENSG00000140612']",0.093369864,fold_12
4.1,ann_finest_level,Interstitial Mph perivascular,4805,0.07148889083020296,0.06649512459371615,0.10218522372528616,479647,6893,4314,491,4,"['ENSG00000100644', 'ENSG00000171988', 'ENSG00000161921', 'ENSG00000089327']","['ENSG00000100644', 'ENSG00000171988', 'ENSG00000161921', 'ENSG00000089327']",0.08064829,fold_12
4.1,ann_finest_level,Classical monocytes,17695,0.08502751364170101,0.06992111076049227,0.6261090703588584,326279,147371,6616,11079,1,['ENSG00000089327'],['ENSG00000089327'],0.043663017,fold_12
4.1,ann_finest_level,Non-classical monocytes,8834,0.06801857076979592,0.056360604245260106,0.3940457323975549,424229,58282,5353,3481,2,"['ENSG00000161921', 'ENSG00000089327']","['ENSG00000161921', 'ENSG00000089327', 'ENSG00000140612']",0.057015806,fold_12
4.1,ann_finest_level,Mast cells,6623,0.10419706462964552,0.09405020142547257,0.183300619054809,473028,11694,5409,1214,2,"['ENSG00000115738', 'ENSG00000089327']","['ENSG00000115738', 'ENSG00000089327']",0.062161643,fold_12
4.1,ann_finest_level,Basal resting,31248,0.5829407806191117,0.7467672413793104,0.31048387096774194,456807,3290,21546,9702,2,"['ENSG00000072210', 'ENSG00000187244']","['ENSG00000072210', 'ENSG00000187244']",0.36135745,fold_13
4.1,ann_finest_level,Suprabasal,31248,0.48132593981896765,0.5650352997487137,0.3022273425499232,452827,7270,21804,9444,4,"['ENSG00000185033', 'ENSG00000262814', 'ENSG00000198561', 'ENSG00000105755']","['ENSG00000185033', 'ENSG00000262814', 'ENSG00000072210', 'ENSG00000198561', 'ENSG00000105755', 'ENSG00000187244', 'ENSG00000145860', 'ENSG00000102054', 'ENSG00000188643', 'ENSG00000124762']",0.34778738,fold_13
4.1,ann_finest_level,Hillock-like,4600,0.1927228854457709,0.18054729327781083,0.2639130434782609,481235,5510,3386,1214,6,"['ENSG00000048162', 'ENSG00000175984', 'ENSG00000185033', 'ENSG00000141279', 'ENSG00000205339', 'ENSG00000198561']","['ENSG00000048162', 'ENSG00000175984', 'ENSG00000185033', 'ENSG00000141279', 'ENSG00000205339', 'ENSG00000198561', 'ENSG00000197345', 'ENSG00000105755', 'ENSG00000132646', 'ENSG00000188643']",0.46739644,fold_13
4.1,ann_finest_level,Deuterosomal,1004,0.20300511508951408,0.2391713747645951,0.12649402390438247,489937,404,877,127,4,"['ENSG00000117724', 'ENSG00000178467', 'ENSG00000165416', 'ENSG00000125611']","['ENSG00000119139', 'ENSG00000117724', 'ENSG00000178467', 'ENSG00000165416', 'ENSG00000125611', 'ENSG00000120686', 'ENSG00000106399', 'ENSG00000102054', 'ENSG00000134440', 'ENSG00000128463']",0.18620938,fold_13
4.1,ann_finest_level,Multiciliated (nasal),4869,0.18113465481886534,0.20776906628652886,0.119737112343397,484253,2223,4286,583,4,"['ENSG00000119139', 'ENSG00000176597', 'ENSG00000178467', 'ENSG00000125611']","['ENSG00000119139', 'ENSG00000176597', 'ENSG00000178467', 'ENSG00000125611', 'ENSG00000120686', 'ENSG00000121691', 'ENSG00000106399', 'ENSG00000134440', 'ENSG00000122694', 'ENSG00000124214']",0.2794348,fold_13
4.1,ann_finest_level,Multiciliated (non-nasal),31248,0.5642929677583143,0.748211731044349,0.28453020993343575,457105,2992,22357,8891,2,"['ENSG00000178467', 'ENSG00000106399']","['ENSG00000178467', 'ENSG00000106399', 'ENSG00000125611', 'ENSG00000213145', 'ENSG00000103811']",0.21984425,fold_13
4.1,ann_finest_level,Club (nasal),26068,0.28513383274192844,0.3192519926425506,0.19974681601964095,454174,11103,20861,5207,3,"['ENSG00000188643', 'ENSG00000145860', 'ENSG00000114125']","['ENSG00000188643', 'ENSG00000145860', 'ENSG00000134851', 'ENSG00000114125']",0.081705645,fold_13
4.1,ann_finest_level,Goblet (nasal),31248,0.29167603891356914,0.2990199610866902,0.26558499743983616,440642,19455,22949,8299,2,"['ENSG00000188643', 'ENSG00000134851']","['ENSG00000188643', 'ENSG00000134851', 'ENSG00000114125']",0.08421613,fold_13
4.1,ann_finest_level,Goblet (bronchial),1670,0.044994183261479505,0.03817680359994194,0.15748502994011976,483049,6626,1407,263,6,"['ENSG00000167799', 'ENSG00000104522', 'ENSG00000145860', 'ENSG00000197766', 'ENSG00000188643', 'ENSG00000225921']","['ENSG00000167799', 'ENSG00000104522', 'ENSG00000145860', 'ENSG00000197766', 'ENSG00000188643', 'ENSG00000225921', 'ENSG00000134851', 'ENSG00000105438']",0.0710331,fold_13
4.1,ann_finest_level,Goblet (subsegmental),968,0.006266604796739091,0.005024346652563238,0.5692148760330579,381262,109115,417,551,1,['ENSG00000197766'],['ENSG00000197766'],0.052286495,fold_13
4.1,ann_finest_level,AT0,1440,0.050799827064418504,0.04406938584153774,0.13055555555555556,485827,4078,1252,188,4,"['ENSG00000187244', 'ENSG00000145860', 'ENSG00000103811', 'ENSG00000105438']","['ENSG00000187244', 'ENSG00000145860', 'ENSG00000103811', 'ENSG00000105438']",0.086093396,fold_13
4.1,ann_finest_level,pre-TB secretory,4393,0.057975095808896454,0.04901656314699793,0.21557022535852494,468579,18373,3446,947,3,"['ENSG00000081041', 'ENSG00000187244', 'ENSG00000145860']","['ENSG00000081041', 'ENSG00000187244', 'ENSG00000145860', 'ENSG00000105438']",0.07074045,fold_13
4.1,ann_finest_level,Ionocyte,561,0.01733102253032929,0.5,0.0035650623885918,490782,2,559,2,1,['ENSG00000181061'],"['ENSG00000181061', 'ENSG00000134440', 'ENSG00000225921', 'ENSG00000105438']",0.19081138,fold_13
4.1,ann_finest_level,Tuft,165,0.03989920201595968,0.03429602888086643,0.11515151515151516,490645,535,146,19,6,"['ENSG00000183734', 'ENSG00000047315', 'ENSG00000119139', 'ENSG00000262814', 'ENSG00000198561', 'ENSG00000170035']","['ENSG00000183734', 'ENSG00000047315', 'ENSG00000119139', 'ENSG00000262814', 'ENSG00000198561', 'ENSG00000170035', 'ENSG00000197345', 'ENSG00000105755', 'ENSG00000124214', 'ENSG00000134440']",0.30343258,fold_13
4.1,ann_finest_level,Neuroendocrine,159,0.7241379310344828,0.9130434782608695,0.39622641509433965,491180,6,96,63,2,"['ENSG00000089199', 'ENSG00000137726']","['ENSG00000089199', 'ENSG00000261115', 'ENSG00000154265', 'ENSG00000198911', 'ENSG00000171303', 'ENSG00000137726', 'ENSG00000181061', 'ENSG00000170035', 'ENSG00000178467', 'ENSG00000104522']",0.65100104,fold_13
4.1,ann_finest_level,SMG duct,1274,0.021211680953072787,0.01728935993842146,0.22919937205651492,473474,16597,982,292,5,"['ENSG00000198561', 'ENSG00000104522', 'ENSG00000170035', 'ENSG00000197345', 'ENSG00000124214']","['ENSG00000198561', 'ENSG00000104522', 'ENSG00000170035', 'ENSG00000197345', 'ENSG00000124214', 'ENSG00000125611', 'ENSG00000102054', 'ENSG00000134440', 'ENSG00000145860', 'ENSG00000130731']",0.11099912,fold_13
4.1,ann_finest_level,AT1,7937,0.08106901746359427,0.06682815398531283,0.5491999496031246,422540,60868,3578,4359,1,['ENSG00000187244'],['ENSG00000187244'],0.12634148,fold_13
4.1,ann_finest_level,AT2,31248,0.7764646464646464,0.907663242413508,0.4919994879672299,458533,1564,15874,15374,2,"['ENSG00000145860', 'ENSG00000103811']","['ENSG00000121691', 'ENSG00000145860', 'ENSG00000103811', 'ENSG00000081041', 'ENSG00000130731', 'ENSG00000105438']",0.12147324,fold_13
4.1,ann_finest_level,AT2 proliferating,976,0.15160183066361557,0.16825396825396827,0.10860655737704918,489845,524,870,106,5,"['ENSG00000132646', 'ENSG00000121691', 'ENSG00000130731', 'ENSG00000106399', 'ENSG00000124214']","['ENSG00000205339', 'ENSG00000132646', 'ENSG00000121691', 'ENSG00000130731', 'ENSG00000106399', 'ENSG00000124214', 'ENSG00000125611', 'ENSG00000102054', 'ENSG00000081041', 'ENSG00000145860']",0.11819619,fold_13
4.1,ann_finest_level,EC arterial,7391,0.12449941040087044,0.10397735382273181,0.5913949397916385,446287,37667,3020,4371,1,['ENSG00000125148'],['ENSG00000125148'],0.050212428,fold_13
4.1,ann_finest_level,EC aerocyte capillary,7157,0.4082461938559896,0.5334513274336283,0.2105630850915188,482870,1318,5650,1507,3,"['ENSG00000135111', 'ENSG00000187244', 'ENSG00000157514']","['ENSG00000135111', 'ENSG00000187244', 'ENSG00000188643', 'ENSG00000157514']",0.12279511,fold_13
4.1,ann_finest_level,EC general capillary,16048,0.2895936742467967,0.2553240210670941,0.6253115653040877,446029,29268,6013,10035,1,['ENSG00000125148'],['ENSG00000125148'],0.052025482,fold_13
4.1,ann_finest_level,EC venous systemic,6557,0.0795964623794498,0.06761807679238872,0.2731432057343297,460092,24696,4766,1791,2,"['ENSG00000187244', 'ENSG00000188643']","['ENSG00000187244', 'ENSG00000188643']",0.076874055,fold_13
4.1,ann_finest_level,EC venous pulmonary,6418,0.10054304845257553,0.08325147883788445,0.5942661265191649,442928,41999,2604,3814,1,['ENSG00000125148'],['ENSG00000125148'],0.049318757,fold_13
4.1,ann_finest_level,Lymphatic EC mature,4001,0.4513251115192863,0.5554359526372443,0.25793551612096977,486518,826,2969,1032,2,"['ENSG00000163762', 'ENSG00000137726']","['ENSG00000163762', 'ENSG00000137726', 'ENSG00000188643']",0.41396907,fold_13
4.1,ann_finest_level,Lymphatic EC proliferating,28,0.4411764705882353,0.6,0.21428571428571427,491313,4,22,6,3,"['ENSG00000163762', 'ENSG00000117724', 'ENSG00000137726']","['ENSG00000112984', 'ENSG00000163762', 'ENSG00000117724', 'ENSG00000104067', 'ENSG00000104522', 'ENSG00000137726', 'ENSG00000136436', 'ENSG00000165416', 'ENSG00000132646', 'ENSG00000102054']",0.493731,fold_13
4.1,ann_finest_level,Lymphatic EC differentiating,566,0.12396694214876033,0.1062753036437247,0.3710247349823322,489013,1766,356,210,1,['ENSG00000175745'],['ENSG00000175745'],0.7001896,fold_13
4.1,ann_finest_level,Peribronchial fibroblasts,1573,0.2709284627092846,0.4158878504672897,0.11315956770502225,489522,250,1395,178,2,"['ENSG00000162407', 'ENSG00000182492']","['ENSG00000162407', 'ENSG00000182492', 'ENSG00000197766']",0.23545335,fold_13
4.1,ann_finest_level,Adventitial fibroblasts,10321,0.7299681953421565,0.9025369978858351,0.41362271097761844,480563,461,6052,4269,2,"['ENSG00000197766', 'ENSG00000181061']","['ENSG00000162407', 'ENSG00000197766', 'ENSG00000181061', 'ENSG00000136436', 'ENSG00000165416', 'ENSG00000182492', 'ENSG00000124214', 'ENSG00000128463', 'ENSG00000105438', 'ENSG00000188643']",0.20389578,fold_13
4.1,ann_finest_level,Alveolar fibroblasts,5182,0.6787483115713643,0.8885068762278978,0.3490930142802007,485936,227,3373,1809,2,"['ENSG00000154188', 'ENSG00000197766']","['ENSG00000154188', 'ENSG00000162407', 'ENSG00000197766', 'ENSG00000182492', 'ENSG00000134851', 'ENSG00000221869']",0.41281077,fold_13
4.1,ann_finest_level,Pericytes,3032,0.8228234336859235,0.951764705882353,0.533641160949868,488231,82,1414,1618,2,"['ENSG00000171303', 'ENSG00000182492']","['ENSG00000171303', 'ENSG00000135111', 'ENSG00000104067', 'ENSG00000182492', 'ENSG00000221869']",0.5535401,fold_13
4.1,ann_finest_level,Subpleural fibroblasts,276,0.2426470588235294,0.32673267326732675,0.11956521739130435,491001,68,243,33,6,"['ENSG00000105825', 'ENSG00000175745', 'ENSG00000162407', 'ENSG00000182492', 'ENSG00000081041', 'ENSG00000124762']","['ENSG00000105825', 'ENSG00000175745', 'ENSG00000162407', 'ENSG00000182492', 'ENSG00000081041', 'ENSG00000124762', 'ENSG00000130731', 'ENSG00000188643', 'ENSG00000145860', 'ENSG00000128463']",0.1157919,fold_13
4.1,ann_finest_level,Myofibroblasts,716,0.0903010033444816,0.08206686930091185,0.15083798882681565,489421,1208,608,108,2,"['ENSG00000136436', 'ENSG00000182492']","['ENSG00000136436', 'ENSG00000182492']",0.21898365,fold_13
4.1,ann_finest_level,Smooth muscle,2996,0.36048822026681804,0.36625811103100214,0.3391188251001335,486591,1758,1980,1016,2,"['ENSG00000182492', 'ENSG00000213145']","['ENSG00000182492', 'ENSG00000213145']",0.1078866,fold_13
4.1,ann_finest_level,Smooth muscle FAM83D+,335,0.3358561967833491,0.3004231311706629,0.6358208955223881,490514,496,122,213,1,['ENSG00000175084'],['ENSG00000175084'],0.6403563,fold_13
4.1,ann_finest_level,SM activated stress response,556,0.3504043126684636,0.4482758620689655,0.18705035971223022,490661,128,452,104,4,"['ENSG00000175084', 'ENSG00000154188', 'ENSG00000104067', 'ENSG00000136436']","['ENSG00000126261', 'ENSG00000175084', 'ENSG00000154188', 'ENSG00000104067', 'ENSG00000136436', 'ENSG00000007168', 'ENSG00000162407', 'ENSG00000124762', 'ENSG00000182492', 'ENSG00000102054']",0.28401703,fold_13
4.1,ann_finest_level,Mesothelium,230,0.27292576419213976,0.43859649122807015,0.10869565217391304,491083,32,205,25,3,"['ENSG00000105825', 'ENSG00000130731', 'ENSG00000105438']","['ENSG00000105825', 'ENSG00000175745', 'ENSG00000130731', 'ENSG00000106399', 'ENSG00000124762', 'ENSG00000105438', 'ENSG00000188643', 'ENSG00000213145', 'ENSG00000134851', 'ENSG00000125148']",0.13943511,fold_13
4.1,ann_finest_level,Hematopoietic stem cells,60,0.0040192926045016075,0.0032310177705977385,0.16666666666666666,488200,3085,50,10,5,"['ENSG00000121691', 'ENSG00000130731', 'ENSG00000081041', 'ENSG00000225921', 'ENSG00000149357']","['ENSG00000121691', 'ENSG00000130731', 'ENSG00000081041', 'ENSG00000225921', 'ENSG00000105438', 'ENSG00000149357']",0.08075872,fold_13
4.1,ann_finest_level,B cells,4511,0.03822875215732643,0.0309531731295547,0.6393260917756595,396545,90289,1627,2884,1,['ENSG00000157514'],['ENSG00000157514'],0.05533022,fold_13
4.1,ann_finest_level,Plasma cells,1773,0.009317408353014365,0.007491314827597914,0.3733784545967287,401865,87707,1111,662,2,"['ENSG00000120686', 'ENSG00000105438']","['ENSG00000120686', 'ENSG00000105438', 'ENSG00000103811']",0.0807403,fold_13
4.1,ann_finest_level,CD4 T cells,21285,0.2953390741516074,0.31123300739327453,0.2452431289640592,458508,11552,16065,5220,2,"['ENSG00000213145', 'ENSG00000157514']","['ENSG00000213145', 'ENSG00000157514']",0.05292643,fold_13
4.1,ann_finest_level,CD8 T cells,29074,0.23806715719470717,0.21414027342881098,0.43045332599573505,416343,45928,16559,12515,1,['ENSG00000157514'],['ENSG00000157514'],0.051539354,fold_13
4.1,ann_finest_level,T cells proliferating,500,0.2777777777777778,0.47706422018348627,0.104,490788,57,448,52,4,"['ENSG00000126261', 'ENSG00000117724', 'ENSG00000147443', 'ENSG00000106399']","['ENSG00000126261', 'ENSG00000132646', 'ENSG00000117724', 'ENSG00000147443', 'ENSG00000022277', 'ENSG00000106399', 'ENSG00000102054', 'ENSG00000122694', 'ENSG00000130731', 'ENSG00000213145']",0.19978528,fold_13
4.1,ann_finest_level,NK cells,16978,0.11703134473291173,0.097713803605235,0.5593709506420073,386672,87695,7481,9497,1,['ENSG00000157514'],['ENSG00000157514'],0.05022859,fold_13
4.1,ann_finest_level,DC1,322,0.010985255346157602,0.008928571428571428,0.13975155279503104,486028,4995,277,45,4,"['ENSG00000151461', 'ENSG00000110077', 'ENSG00000124762', 'ENSG00000213145']","['ENSG00000151461', 'ENSG00000110077', 'ENSG00000124762', 'ENSG00000213145', 'ENSG00000103811', 'ENSG00000134851', 'ENSG00000149357']",0.05743412,fold_13
4.1,ann_finest_level,DC2,9133,0.25303780886272265,0.23470670391061452,0.3680061316106427,471253,10959,5772,3361,2,"['ENSG00000110077', 'ENSG00000103811']","['ENSG00000110077', 'ENSG00000124762', 'ENSG00000103811']",0.12197548,fold_13
4.1,ann_finest_level,Migratory DCs,312,0.16447368421052633,0.4166666666666667,0.04807692307692308,491012,21,297,15,3,"['ENSG00000124762', 'ENSG00000213145', 'ENSG00000103811']","['ENSG00000124762', 'ENSG00000122694', 'ENSG00000145860', 'ENSG00000213145', 'ENSG00000103811']",0.08128309,fold_13
4.1,ann_finest_level,Plasmacytoid DCs,552,0.008105673971780246,0.006511515736163029,0.391304347826087,457837,32956,336,216,1,['ENSG00000110077'],['ENSG00000110077'],0.085968696,fold_13
4.1,ann_finest_level,Alveolar macrophages,31248,0.5333289680460974,0.5143669087464477,0.6255760368663594,441641,18456,11700,19548,2,"['ENSG00000147443', 'ENSG00000019169']","['ENSG00000213614', 'ENSG00000147443', 'ENSG00000176597', 'ENSG00000019169', 'ENSG00000122694', 'ENSG00000105755', 'ENSG00000121691', 'ENSG00000197766', 'ENSG00000134440', 'ENSG00000130731']",0.23833574,fold_13
4.1,ann_finest_level,Alveolar Mph CCL3+,8065,0.5149923396804552,0.6368064952638701,0.29175449473031617,481938,1342,5712,2353,4,"['ENSG00000173846', 'ENSG00000019169', 'ENSG00000122694', 'ENSG00000105755']","['ENSG00000173846', 'ENSG00000213614', 'ENSG00000019169', 'ENSG00000147443', 'ENSG00000122694', 'ENSG00000105755', 'ENSG00000121691', 'ENSG00000197766', 'ENSG00000110077', 'ENSG00000213145']",0.24508,fold_13
4.1,ann_finest_level,Alveolar Mph MT-positive,1203,0.29016277423920733,0.3241106719367589,0.20448877805486285,489629,513,957,246,3,"['ENSG00000125144', 'ENSG00000122694', 'ENSG00000125148']","['ENSG00000125144', 'ENSG00000019169', 'ENSG00000122694', 'ENSG00000213145', 'ENSG00000149357', 'ENSG00000125148', 'ENSG00000114125', 'ENSG00000172428', 'ENSG00000103811']",0.1687646,fold_13
4.1,ann_finest_level,Alveolar Mph proliferating,1061,0.5432098765432098,0.9128630705394191,0.20735155513666353,490263,21,841,220,3,"['ENSG00000117724', 'ENSG00000132646', 'ENSG00000019169']","['ENSG00000213614', 'ENSG00000117724', 'ENSG00000132646', 'ENSG00000019169', 'ENSG00000170035', 'ENSG00000147443', 'ENSG00000122694', 'ENSG00000121691', 'ENSG00000106399', 'ENSG00000110077']",0.22498918,fold_13
4.1,ann_finest_level,Monocyte-derived Mph,28223,0.37770322706801834,0.36513468809073724,0.4380115508627715,441628,21494,15861,12362,2,"['ENSG00000019169', 'ENSG00000081041']","['ENSG00000019169', 'ENSG00000122694', 'ENSG00000110077', 'ENSG00000081041', 'ENSG00000197766', 'ENSG00000124762', 'ENSG00000103811', 'ENSG00000213145', 'ENSG00000149357', 'ENSG00000114125']",0.13500182,fold_13
4.1,ann_finest_level,Interstitial Mph perivascular,4805,0.226984188050629,0.2227676043043232,0.24557752341311134,482423,4117,3625,1180,3,"['ENSG00000110077', 'ENSG00000147443', 'ENSG00000103811']","['ENSG00000110077', 'ENSG00000147443', 'ENSG00000081041', 'ENSG00000124762', 'ENSG00000197766', 'ENSG00000103811', 'ENSG00000149357']",0.15531215,fold_13
4.1,ann_finest_level,Classical monocytes,17695,0.31081134906198965,0.3250034707760655,0.2645945182254874,463926,9724,13013,4682,2,"['ENSG00000110077', 'ENSG00000081041']","['ENSG00000110077', 'ENSG00000081041', 'ENSG00000197766', 'ENSG00000124762']",0.1432906,fold_13
4.1,ann_finest_level,Non-classical monocytes,8834,0.13279696257457965,0.1264308460280575,0.16628933665383744,472361,10150,7365,1469,3,"['ENSG00000110077', 'ENSG00000197766', 'ENSG00000124762']","['ENSG00000110077', 'ENSG00000197766', 'ENSG00000124762', 'ENSG00000103811']",0.077298455,fold_13
4.1,ann_finest_level,Mast cells,6623,0.057240415269267535,0.04753165718480455,0.3128491620111732,443202,41520,4551,2072,1,['ENSG00000157514'],['ENSG00000157514'],0.045844443,fold_13
4.1,ann_finest_level,Basal resting,31248,0.17146487694341286,0.1563980192335295,0.27896185355862774,413078,47019,22531,8717,1,['ENSG00000010256'],['ENSG00000010256'],0.06787489,fold_14
4.1,ann_finest_level,Suprabasal,31248,0.4991701017765294,0.5584919136778735,0.350326420890937,451443,8654,20301,10947,3,"['ENSG00000137440', 'ENSG00000167969', 'ENSG00000171603']","['ENSG00000137440', 'ENSG00000146674', 'ENSG00000167969', 'ENSG00000187257', 'ENSG00000171603', 'ENSG00000266412', 'ENSG00000145860', 'ENSG00000010256', 'ENSG00000160752', 'ENSG00000106537']",0.22189869,fold_14
4.1,ann_finest_level,Hillock-like,4600,0.23420973103656695,0.22677395757132407,0.26956521739130435,482517,4228,3360,1240,5,"['ENSG00000137440', 'ENSG00000135698', 'ENSG00000171603', 'ENSG00000170248', 'ENSG00000173207']","['ENSG00000137440', 'ENSG00000167969', 'ENSG00000135698', 'ENSG00000171603', 'ENSG00000170248', 'ENSG00000173207', 'ENSG00000266412', 'ENSG00000106244', 'ENSG00000010256', 'ENSG00000145860']",0.14663945,fold_14
4.1,ann_finest_level,Deuterosomal,1004,0.32657657657657657,0.6010362694300518,0.11553784860557768,490264,77,888,116,4,"['ENSG00000138193', 'ENSG00000165309', 'ENSG00000079616', 'ENSG00000173207']","['ENSG00000138193', 'ENSG00000165309', 'ENSG00000077327', 'ENSG00000023287', 'ENSG00000079616', 'ENSG00000173207', 'ENSG00000069329', 'ENSG00000106244', 'ENSG00000106400', 'ENSG00000141002']",0.16504472,fold_14
4.1,ann_finest_level,Multiciliated (nasal),4869,0.18834523785018834,0.1674597364568082,0.3758471965495995,477378,9098,3039,1830,3,"['ENSG00000077327', 'ENSG00000165309', 'ENSG00000170248']","['ENSG00000156042', 'ENSG00000077327', 'ENSG00000165309', 'ENSG00000023287', 'ENSG00000171603', 'ENSG00000170248', 'ENSG00000069329', 'ENSG00000044115', 'ENSG00000182154', 'ENSG00000106400']",0.3907049,fold_14
4.1,ann_finest_level,Multiciliated (non-nasal),31248,0.7312902558647993,0.7605823154336637,0.6336725550435228,453864,6233,11447,19801,1,['ENSG00000165309'],"['ENSG00000156042', 'ENSG00000165309', 'ENSG00000077327', 'ENSG00000023287', 'ENSG00000069329', 'ENSG00000044115', 'ENSG00000182154', 'ENSG00000109390']",0.40226683,fold_14
4.1,ann_finest_level,Club (non-nasal),9955,0.06371646017326499,0.05206433855152245,0.6080361627322953,371183,110207,3902,6053,1,['ENSG00000106537'],['ENSG00000106537'],0.05229288,fold_14
4.1,ann_finest_level,Club (nasal),26068,0.2414181047307349,0.2549212115261892,0.19920975909160657,450099,15178,20875,5193,2,"['ENSG00000266412', 'ENSG00000106537']","['ENSG00000266412', 'ENSG00000145860', 'ENSG00000044115', 'ENSG00000010256', 'ENSG00000106537', 'ENSG00000116171', 'ENSG00000182154', 'ENSG00000111639']",0.09101752,fold_14
4.1,ann_finest_level,Goblet (nasal),31248,0.3198214086808005,0.360389100988442,0.22052611367127495,447867,12230,24357,6891,2,"['ENSG00000044115', 'ENSG00000106537']","['ENSG00000044115', 'ENSG00000106537']",0.07793253,fold_14
4.1,ann_finest_level,Goblet (bronchial),1670,0.03389459873168598,0.02814344076259646,0.18562874251497005,478970,10705,1360,310,6,"['ENSG00000138674', 'ENSG00000187257', 'ENSG00000145860', 'ENSG00000160752', 'ENSG00000106537', 'ENSG00000141002']","['ENSG00000138674', 'ENSG00000187257', 'ENSG00000145860', 'ENSG00000160752', 'ENSG00000106537', 'ENSG00000141002', 'ENSG00000044115', 'ENSG00000172216']",0.080933355,fold_14
4.1,ann_finest_level,Goblet (subsegmental),968,0.00723718219841158,0.005802944806081787,0.6363636363636364,384840,105537,352,616,1,['ENSG00000106537'],['ENSG00000106537'],0.061889373,fold_14
4.1,ann_finest_level,AT0,1440,0.017660335326533005,0.014432866211522339,0.1673611111111111,473448,16457,1199,241,3,"['ENSG00000145860', 'ENSG00000044115', 'ENSG00000107372']","['ENSG00000145860', 'ENSG00000044115', 'ENSG00000107372', 'ENSG00000172216']",0.04411007,fold_14
4.1,ann_finest_level,pre-TB secretory,4393,0.018846346396152958,0.015179165947372316,0.5604370589574322,327218,159734,1931,2462,1,['ENSG00000145860'],['ENSG00000145860'],0.07074045,fold_14
4.1,ann_finest_level,Ionocyte,561,0.3560371517027864,0.6764705882352942,0.12299465240641712,490751,33,492,69,3,"['ENSG00000143882', 'ENSG00000167085', 'ENSG00000160752']","['ENSG00000143882', 'ENSG00000143799', 'ENSG00000167085', 'ENSG00000160752', 'ENSG00000106244', 'ENSG00000010256', 'ENSG00000126698', 'ENSG00000044115', 'ENSG00000141002', 'ENSG00000116171']",0.08873924,fold_14
4.1,ann_finest_level,Tuft,165,0.011470925615459279,0.009312320916905445,0.15757575757575756,488414,2766,139,26,6,"['ENSG00000114126', 'ENSG00000122257', 'ENSG00000023287', 'ENSG00000013275', 'ENSG00000143799', 'ENSG00000106244']","['ENSG00000114126', 'ENSG00000122257', 'ENSG00000023287', 'ENSG00000013275', 'ENSG00000143799', 'ENSG00000106244', 'ENSG00000010256', 'ENSG00000106537', 'ENSG00000044115', 'ENSG00000126698']",0.18839988,fold_14
4.1,ann_finest_level,Neuroendocrine,159,0.1604032997250229,0.15021459227467812,0.22012578616352202,490988,198,124,35,6,"['ENSG00000079102', 'ENSG00000185420', 'ENSG00000242259', 'ENSG00000035141', 'ENSG00000135698', 'ENSG00000171603']","['ENSG00000079102', 'ENSG00000185420', 'ENSG00000242259', 'ENSG00000035141', 'ENSG00000135698', 'ENSG00000171603', 'ENSG00000128590', 'ENSG00000143799', 'ENSG00000106244', 'ENSG00000167085']",0.796353,fold_14
4.1,ann_finest_level,SMG serous (nasal),1472,0.2552204176334107,0.28540540540540543,0.1793478260869565,489212,661,1208,264,4,"['ENSG00000159231', 'ENSG00000128590', 'ENSG00000167085', 'ENSG00000106537']","['ENSG00000159231', 'ENSG00000128590', 'ENSG00000167085', 'ENSG00000106537']",0.11918518,fold_14
4.1,ann_finest_level,SMG serous (bronchial),1417,0.41076487252124644,0.5931818181818181,0.18419195483415668,489749,179,1156,261,2,"['ENSG00000167085', 'ENSG00000106537']","['ENSG00000167085', 'ENSG00000106537']",0.10998158,fold_14
4.1,ann_finest_level,SMG mucous,537,0.21158690176322417,0.23204419889502761,0.1564245810055866,490530,278,453,84,3,"['ENSG00000159231', 'ENSG00000106537', 'ENSG00000116171']","['ENSG00000159231', 'ENSG00000106537', 'ENSG00000116171', 'ENSG00000106400', 'ENSG00000182154']",0.11155694,fold_14
4.1,ann_finest_level,SMG duct,1274,0.01991887585107924,0.01623472460003542,0.21585557299843014,473407,16664,999,275,6,"['ENSG00000171603', 'ENSG00000138674', 'ENSG00000266412', 'ENSG00000082996', 'ENSG00000160752', 'ENSG00000145860']","['ENSG00000171603', 'ENSG00000138674', 'ENSG00000266412', 'ENSG00000082996', 'ENSG00000160752', 'ENSG00000145860', 'ENSG00000106537', 'ENSG00000126698', 'ENSG00000167085', 'ENSG00000010256']",0.07044615,fold_14
4.1,ann_finest_level,AT1,7937,0.4455558340358632,0.4351357365376057,0.49275544916215197,478331,5077,4026,3911,1,['ENSG00000106537'],['ENSG00000106537'],0.15339324,fold_14
4.1,ann_finest_level,AT2,31248,0.6683979974968711,0.8781550604291705,0.3418138760880696,458615,1482,20567,10681,2,"['ENSG00000119535', 'ENSG00000106537']","['ENSG00000119535', 'ENSG00000145860', 'ENSG00000160752', 'ENSG00000106537', 'ENSG00000044115', 'ENSG00000107372', 'ENSG00000116171', 'ENSG00000106400']",0.517616,fold_14
4.1,ann_finest_level,AT2 proliferating,976,0.152766308835673,0.15305067218200621,0.15163934426229508,489550,819,828,148,5,"['ENSG00000079616', 'ENSG00000173207', 'ENSG00000143799', 'ENSG00000160752', 'ENSG00000145860']","['ENSG00000079616', 'ENSG00000173207', 'ENSG00000013306', 'ENSG00000143799', 'ENSG00000160752', 'ENSG00000145860', 'ENSG00000106244', 'ENSG00000126698', 'ENSG00000106537', 'ENSG00000010256']",0.11844083,fold_14
4.1,ann_finest_level,EC arterial,7391,0.5519206939281289,0.6968085106382979,0.30131240698146394,482985,969,5164,2227,1,['ENSG00000146674'],"['ENSG00000166265', 'ENSG00000146674', 'ENSG00000179776']",0.7933237,fold_14
4.1,ann_finest_level,EC aerocyte capillary,7157,0.4082947549276953,0.49608582197738477,0.23906664803688696,482450,1738,5446,1711,3,"['ENSG00000154133', 'ENSG00000179776', 'ENSG00000172216']","['ENSG00000154133', 'ENSG00000179776', 'ENSG00000141522', 'ENSG00000172216']",0.38621056,fold_14
4.1,ann_finest_level,EC general capillary,16048,0.4294680215182307,0.4089550822937912,0.5372632103688934,462836,12461,7426,8622,1,['ENSG00000179776'],['ENSG00000179776'],0.3415483,fold_14
4.1,ann_finest_level,Lymphatic EC mature,4001,0.027277323373452424,0.022169488286164774,0.34791302174456384,425947,61397,2609,1392,1,['ENSG00000160752'],['ENSG00000160752'],0.06679517,fold_14
4.1,ann_finest_level,Lymphatic EC proliferating,28,0.45454545454545453,1.0,0.14285714285714285,491317,0,24,4,4,"['ENSG00000138778', 'ENSG00000154133', 'ENSG00000104714', 'ENSG00000173207']","['ENSG00000112984', 'ENSG00000138778', 'ENSG00000154133', 'ENSG00000104714', 'ENSG00000173207', 'ENSG00000013306', 'ENSG00000160752', 'ENSG00000126698', 'ENSG00000069329', 'ENSG00000106244']",0.286537,fold_14
4.1,ann_finest_level,Lymphatic EC differentiating,566,0.12396694214876033,0.1062753036437247,0.3710247349823322,489013,1766,356,210,1,['ENSG00000175745'],['ENSG00000175745'],0.7001896,fold_14
4.1,ann_finest_level,Peribronchial fibroblasts,1573,0.03644362729003874,0.029769886820790646,0.35282898919262556,471684,18088,1018,555,1,['ENSG00000123384'],['ENSG00000123384'],0.13862118,fold_14
4.1,ann_finest_level,Adventitial fibroblasts,10321,0.40366085627864917,0.4761817178591135,0.25084778606724156,478176,2848,7732,2589,3,"['ENSG00000138674', 'ENSG00000123384', 'ENSG00000106244']","['ENSG00000138674', 'ENSG00000123384', 'ENSG00000004799', 'ENSG00000082996', 'ENSG00000106244', 'ENSG00000126698', 'ENSG00000167085', 'ENSG00000141522', 'ENSG00000044115', 'ENSG00000106400']",0.18793584,fold_14
4.1,ann_finest_level,Alveolar fibroblasts,5182,0.1245105716523101,0.1676331049024776,0.06136626785025087,484584,1579,4864,318,2,"['ENSG00000123384', 'ENSG00000172216']","['ENSG00000123384', 'ENSG00000172216', 'ENSG00000107372']",0.10900222,fold_14
4.1,ann_finest_level,Pericytes,3032,0.7326642335766423,0.7186754176610979,0.7945250659630607,487370,943,623,2409,1,['ENSG00000131097'],"['ENSG00000131097', 'ENSG00000004799', 'ENSG00000172216']",1.0,fold_14
4.1,ann_finest_level,Subpleural fibroblasts,276,0.0688976377952756,0.06378132118451026,0.10144927536231885,490658,411,248,28,6,"['ENSG00000175745', 'ENSG00000128590', 'ENSG00000138674', 'ENSG00000123384', 'ENSG00000145860', 'ENSG00000126698']","['ENSG00000175745', 'ENSG00000128590', 'ENSG00000138674', 'ENSG00000123384', 'ENSG00000145860', 'ENSG00000126698', 'ENSG00000106244', 'ENSG00000172216', 'ENSG00000167085', 'ENSG00000106400']",0.12447437,fold_14
4.1,ann_finest_level,Myofibroblasts,716,0.01593484419263456,0.013610586011342156,0.05027932960893855,488020,2609,680,36,2,"['ENSG00000004799', 'ENSG00000172216']","['ENSG00000004799', 'ENSG00000172216']",0.11506532,fold_14
4.1,ann_finest_level,SM activated stress response,556,0.5104501607717041,0.7383720930232558,0.22841726618705036,490744,45,429,127,3,"['ENSG00000111404', 'ENSG00000122257', 'ENSG00000172216']","['ENSG00000111404', 'ENSG00000122257', 'ENSG00000004799', 'ENSG00000106244', 'ENSG00000126698', 'ENSG00000172216', 'ENSG00000107372', 'ENSG00000044115', 'ENSG00000141002', 'ENSG00000141522']",0.33331153,fold_14
4.1,ann_finest_level,Mesothelium,230,0.04324450677886863,0.036561264822134384,0.1608695652173913,490140,975,193,37,5,"['ENSG00000257923', 'ENSG00000175745', 'ENSG00000123384', 'ENSG00000106400', 'ENSG00000167085']","['ENSG00000257923', 'ENSG00000175745', 'ENSG00000123384', 'ENSG00000106400', 'ENSG00000167085', 'ENSG00000010256', 'ENSG00000172216', 'ENSG00000141522', 'ENSG00000116171']",0.056637723,fold_14
4.1,ann_finest_level,Hematopoietic stem cells,60,0.021551724137931036,0.018018018018018018,0.1,490958,327,54,6,6,"['ENSG00000114126', 'ENSG00000122257', 'ENSG00000266412', 'ENSG00000143799', 'ENSG00000130592', 'ENSG00000167085']","['ENSG00000114126', 'ENSG00000122257', 'ENSG00000266412', 'ENSG00000143799', 'ENSG00000130592', 'ENSG00000167085', 'ENSG00000126698', 'ENSG00000141522', 'ENSG00000106400', 'ENSG00000141002']",0.11904138,fold_14
4.1,ann_finest_level,B cells,4511,0.050136311525317744,0.041126709863210945,0.405231655952117,444214,42620,2683,1828,1,['ENSG00000164543'],['ENSG00000164543'],0.38577226,fold_14
4.1,ann_finest_level,Plasma cells,1773,0.02774216241362486,0.022649374710514127,0.27580372250423013,468471,21101,1284,489,2,"['ENSG00000128590', 'ENSG00000130592']","['ENSG00000128590', 'ENSG00000130592']",0.19757974,fold_14
4.1,ann_finest_level,CD8 T cells,29074,0.3915107383168956,0.3679967269926839,0.5259338240352205,436010,26261,13783,15291,1,['ENSG00000077984'],['ENSG00000077984'],0.1904342,fold_14
4.1,ann_finest_level,T cells proliferating,500,0.32155797101449274,0.47019867549668876,0.142,490765,80,429,71,3,"['ENSG00000160654', 'ENSG00000079616', 'ENSG00000173207']","['ENSG00000160654', 'ENSG00000205220', 'ENSG00000164543', 'ENSG00000079616', 'ENSG00000143799', 'ENSG00000173207', 'ENSG00000130592', 'ENSG00000126698', 'ENSG00000160752', 'ENSG00000106244']",0.31148142,fold_14
4.1,ann_finest_level,NK cells,16978,0.5489561459833747,0.5150405014857329,0.7452585699140064,462453,11914,4325,12653,1,['ENSG00000077984'],"['ENSG00000077984', 'ENSG00000130592']",0.34949172,fold_14
4.1,ann_finest_level,DC1,322,0.11290322580645161,0.13815789473684212,0.06521739130434782,490892,131,301,21,6,"['ENSG00000077984', 'ENSG00000128590', 'ENSG00000130592', 'ENSG00000010256', 'ENSG00000141522', 'ENSG00000130429']","['ENSG00000077984', 'ENSG00000128590', 'ENSG00000130592', 'ENSG00000010256', 'ENSG00000141522', 'ENSG00000130429', 'ENSG00000107372']",0.05997107,fold_14
4.1,ann_finest_level,DC2,9133,0.11216429699842022,0.10807664756446991,0.13215810796014454,472251,9961,7926,1207,3,"['ENSG00000130592', 'ENSG00000107372', 'ENSG00000130429']","['ENSG00000130592', 'ENSG00000107372', 'ENSG00000172216', 'ENSG00000130429']",0.04325336,fold_14
4.1,ann_finest_level,Migratory DCs,312,0.34274193548387094,0.7391304347826086,0.10897435897435898,491021,12,278,34,3,"['ENSG00000163389', 'ENSG00000104714', 'ENSG00000130592']","['ENSG00000163389', 'ENSG00000104714', 'ENSG00000077984', 'ENSG00000130592', 'ENSG00000145860', 'ENSG00000107372', 'ENSG00000141522']",0.8419503,fold_14
4.1,ann_finest_level,Plasmacytoid DCs,552,0.2442781690140845,0.25813953488372093,0.20108695652173914,490474,319,441,111,2,"['ENSG00000106537', 'ENSG00000130592']","['ENSG00000106537', 'ENSG00000130592']",0.1140389,fold_14
4.1,ann_finest_level,Alveolar macrophages,31248,0.4709299882333165,0.5608733733733734,0.2868983614951357,453078,7019,22283,8965,3,"['ENSG00000137824', 'ENSG00000004799', 'ENSG00000082996']","['ENSG00000137824', 'ENSG00000170248', 'ENSG00000004799', 'ENSG00000082996', 'ENSG00000123384', 'ENSG00000130592', 'ENSG00000126698', 'ENSG00000172216', 'ENSG00000167085', 'ENSG00000010256']",0.17039357,fold_14
4.1,ann_finest_level,Alveolar Mph CCL3+,8065,0.3370175140282265,0.37150890346766635,0.24575325480471172,479927,3353,6083,1982,6,"['ENSG00000138496', 'ENSG00000135698', 'ENSG00000137824', 'ENSG00000205220', 'ENSG00000170248', 'ENSG00000082996']","['ENSG00000138496', 'ENSG00000135698', 'ENSG00000137824', 'ENSG00000205220', 'ENSG00000170248', 'ENSG00000082996', 'ENSG00000123384', 'ENSG00000126698', 'ENSG00000130592', 'ENSG00000141522']",0.32304204,fold_14
4.1,ann_finest_level,Alveolar Mph MT-positive,1203,0.01764998932460323,0.014365985054741355,0.20615128844555278,473127,17015,955,248,3,"['ENSG00000182154', 'ENSG00000172216', 'ENSG00000111639']","['ENSG00000182154', 'ENSG00000172216', 'ENSG00000111639']",0.0454982,fold_14
4.1,ann_finest_level,Alveolar Mph proliferating,1061,0.39658848614072495,0.5794392523364486,0.17530631479736097,490149,135,875,186,4,"['ENSG00000147251', 'ENSG00000137824', 'ENSG00000079616', 'ENSG00000173207']","['ENSG00000147251', 'ENSG00000090581', 'ENSG00000153879', 'ENSG00000137824', 'ENSG00000079616', 'ENSG00000173207', 'ENSG00000004799', 'ENSG00000082996', 'ENSG00000123384', 'ENSG00000143799']",0.25214803,fold_14
4.1,ann_finest_level,Monocyte-derived Mph,28223,0.27324763521707496,0.301020680810132,0.19958898770506325,450042,13080,22590,5633,3,"['ENSG00000123384', 'ENSG00000130592', 'ENSG00000172216']","['ENSG00000082996', 'ENSG00000123384', 'ENSG00000130592', 'ENSG00000172216', 'ENSG00000010256', 'ENSG00000141522', 'ENSG00000107372', 'ENSG00000106400', 'ENSG00000130429']",0.0618163,fold_14
4.1,ann_finest_level,Interstitial Mph perivascular,4805,0.07530084594304778,0.06803013993541443,0.1315296566077003,477882,8658,4173,632,4,"['ENSG00000172216', 'ENSG00000141522', 'ENSG00000107372', 'ENSG00000130429']","['ENSG00000082996', 'ENSG00000172216', 'ENSG00000141522', 'ENSG00000107372', 'ENSG00000130429']",0.05630407,fold_14
4.1,ann_finest_level,Classical monocytes,17695,0.1886240864315221,0.19468678255165628,0.16773099745690873,461373,12277,14727,2968,2,"['ENSG00000107372', 'ENSG00000130429']","['ENSG00000130592', 'ENSG00000172216', 'ENSG00000107372', 'ENSG00000130429']",0.049480617,fold_14
4.1,ann_finest_level,Non-classical monocytes,8834,0.1789230664765397,0.20446168768186226,0.1193117500565995,478410,4101,7780,1054,3,"['ENSG00000130592', 'ENSG00000107372', 'ENSG00000130429']","['ENSG00000082996', 'ENSG00000130592', 'ENSG00000107372', 'ENSG00000172216', 'ENSG00000141522', 'ENSG00000130429']",0.06529867,fold_14
4.1,ann_finest_level,Basal resting,31248,0.14063361641116134,0.12311424364575539,0.32645289298515107,387440,72657,21047,10201,1,['ENSG00000147274'],['ENSG00000147274'],0.048279744,fold_15
4.1,ann_finest_level,Suprabasal,31248,0.47055438707885233,0.5455800310576868,0.30357142857142855,452196,7901,21762,9486,4,"['ENSG00000176153', 'ENSG00000204574', 'ENSG00000132780', 'ENSG00000031698']","['ENSG00000176153', 'ENSG00000204574', 'ENSG00000109689', 'ENSG00000154639', 'ENSG00000132780', 'ENSG00000031698', 'ENSG00000114023', 'ENSG00000197894', 'ENSG00000141741', 'ENSG00000145833']",0.15103471,fold_15
4.1,ann_finest_level,Hillock-like,4600,0.19359288779889638,0.1802997858672377,0.27456521739130435,481003,5742,3337,1263,6,"['ENSG00000179051', 'ENSG00000060688', 'ENSG00000143537', 'ENSG00000176153', 'ENSG00000119541', 'ENSG00000132305']","['ENSG00000179051', 'ENSG00000060688', 'ENSG00000143537', 'ENSG00000176153', 'ENSG00000119541', 'ENSG00000132305', 'ENSG00000065135', 'ENSG00000109689', 'ENSG00000135926', 'ENSG00000114023']",0.2555483,fold_15
4.1,ann_finest_level,Deuterosomal,1004,0.08769633507853403,0.0807715491259795,0.13346613545816732,488816,1525,870,134,5,"['ENSG00000143537', 'ENSG00000159713', 'ENSG00000109689', 'ENSG00000141741', 'ENSG00000145833']","['ENSG00000143537', 'ENSG00000159713', 'ENSG00000109689', 'ENSG00000141741', 'ENSG00000146425', 'ENSG00000145833', 'ENSG00000143183', 'ENSG00000125835', 'ENSG00000147274', 'ENSG00000141552']",0.18424262,fold_15
4.1,ann_finest_level,Multiciliated (nasal),4869,0.25634948848599753,0.25391236306729265,0.2665845142739782,482662,3814,3571,1298,4,"['ENSG00000187624', 'ENSG00000159713', 'ENSG00000163714', 'ENSG00000101347']","['ENSG00000187624', 'ENSG00000112530', 'ENSG00000159713', 'ENSG00000109689', 'ENSG00000163714', 'ENSG00000101347', 'ENSG00000146425', 'ENSG00000141741', 'ENSG00000143183', 'ENSG00000145833']",0.24736553,fold_15
4.1,ann_finest_level,Multiciliated (non-nasal),31248,0.7123645202422697,0.8274704929414487,0.4576932923707117,457115,2982,16946,14302,2,"['ENSG00000112530', 'ENSG00000159713']","['ENSG00000112530', 'ENSG00000159713', 'ENSG00000101347', 'ENSG00000146425']",0.39355347,fold_15
4.1,ann_finest_level,Club (nasal),26068,0.2959432118240115,0.3048931284225402,0.26484578793923585,449537,15740,19164,6904,2,"['ENSG00000176153', 'ENSG00000141552']","['ENSG00000176153', 'ENSG00000114023', 'ENSG00000146425', 'ENSG00000141552']",0.08325703,fold_15
4.1,ann_finest_level,Goblet (nasal),31248,0.6395816316111905,0.6391085320749904,0.6414810547875064,448778,11319,11203,20045,1,['ENSG00000180155'],"['ENSG00000180155', 'ENSG00000146425']",1.0,fold_15
4.1,ann_finest_level,Goblet (bronchial),1670,0.024214806792406562,0.01970812024448048,0.2838323353293413,466098,23577,1196,474,3,"['ENSG00000179889', 'ENSG00000109689', 'ENSG00000125740']","['ENSG00000179889', 'ENSG00000109689', 'ENSG00000145833', 'ENSG00000143183', 'ENSG00000125740']",0.1966152,fold_15
4.1,ann_finest_level,AT0,1440,0.03680652091495008,0.03084866940288627,0.16180555555555556,482585,7320,1207,233,3,"['ENSG00000064042', 'ENSG00000125740', 'ENSG00000221869']","['ENSG00000064042', 'ENSG00000125740', 'ENSG00000221869', 'ENSG00000146425']",0.053190473,fold_15
4.1,ann_finest_level,pre-TB secretory,4393,0.016881822072966197,0.013582616747558927,0.5943546551331664,297332,189620,1782,2611,1,['ENSG00000125740'],['ENSG00000125740'],0.0366618,fold_15
4.1,ann_finest_level,Ionocyte,561,0.7977839335180056,0.9260450160771704,0.5133689839572193,490761,23,273,288,2,"['ENSG00000184908', 'ENSG00000017427']","['ENSG00000184908', 'ENSG00000186510', 'ENSG00000017427', 'ENSG00000157404', 'ENSG00000141741', 'ENSG00000145833', 'ENSG00000114023', 'ENSG00000143183', 'ENSG00000147274', 'ENSG00000125835']",0.7352983,fold_15
4.1,ann_finest_level,Tuft,165,0.25164113785557984,0.3150684931506849,0.1393939393939394,491130,50,142,23,6,"['ENSG00000179051', 'ENSG00000157404', 'ENSG00000128739', 'ENSG00000204574', 'ENSG00000132305', 'ENSG00000154639']","['ENSG00000179051', 'ENSG00000157404', 'ENSG00000128739', 'ENSG00000204574', 'ENSG00000132305', 'ENSG00000154639', 'ENSG00000135446', 'ENSG00000132780', 'ENSG00000145833', 'ENSG00000197894']",0.2398789,fold_15
4.1,ann_finest_level,Neuroendocrine,159,0.6064690026954178,0.8490566037735849,0.2830188679245283,491178,8,114,45,3,"['ENSG00000160050', 'ENSG00000261115', 'ENSG00000099840']","['ENSG00000174502', 'ENSG00000160050', 'ENSG00000261115', 'ENSG00000167106', 'ENSG00000141854', 'ENSG00000099840', 'ENSG00000129158', 'ENSG00000253719', 'ENSG00000203879', 'ENSG00000152377']",1.0,fold_15
4.1,ann_finest_level,SMG serous (nasal),1472,0.5483716475095786,0.5325581395348837,0.6222826086956522,489069,804,556,916,2,"['ENSG00000184530', 'ENSG00000104267']","['ENSG00000184530', 'ENSG00000104267']",0.41216147,fold_15
4.1,ann_finest_level,SMG serous (bronchial),1417,0.509137105443174,0.4727767695099819,0.7353563867325336,488766,1162,375,1042,1,['ENSG00000184530'],"['ENSG00000184530', 'ENSG00000104267']",0.5296974,fold_15
4.1,ann_finest_level,SMG mucous,537,0.06962739932254422,0.06981132075471698,0.06890130353817504,490315,493,500,37,2,"['ENSG00000104267', 'ENSG00000141552']","['ENSG00000104267', 'ENSG00000141552']",0.05857163,fold_15
4.1,ann_finest_level,SMG duct,1274,0.03937397034596376,0.03287935066721695,0.18759811616954475,483041,7030,1035,239,6,"['ENSG00000128739', 'ENSG00000179889', 'ENSG00000154639', 'ENSG00000167397', 'ENSG00000049449', 'ENSG00000163714']","['ENSG00000128739', 'ENSG00000179889', 'ENSG00000154639', 'ENSG00000167397', 'ENSG00000049449', 'ENSG00000163714', 'ENSG00000141741', 'ENSG00000143183', 'ENSG00000114023', 'ENSG00000197894']",0.12308484,fold_15
4.1,ann_finest_level,AT1,7937,0.30395054118244286,0.2840321897501059,0.42245180798790477,474956,8452,4584,3353,1,['ENSG00000064042'],['ENSG00000064042'],0.28687707,fold_15
4.1,ann_finest_level,AT2,31248,0.6564397773279352,0.8685135587546032,0.3320852534562212,458526,1571,20871,10377,2,"['ENSG00000104267', 'ENSG00000064042']","['ENSG00000104267', 'ENSG00000064042', 'ENSG00000031698', 'ENSG00000141741', 'ENSG00000197894', 'ENSG00000147274', 'ENSG00000125740', 'ENSG00000146425', 'ENSG00000221869']",0.14691135,fold_15
4.1,ann_finest_level,AT2 proliferating,976,0.414426523297491,0.589171974522293,0.18954918032786885,490240,129,791,185,3,"['ENSG00000171848', 'ENSG00000104267', 'ENSG00000064042']","['ENSG00000135446', 'ENSG00000171848', 'ENSG00000104267', 'ENSG00000064042', 'ENSG00000132780', 'ENSG00000031698', 'ENSG00000167397', 'ENSG00000141741', 'ENSG00000145833', 'ENSG00000125835']",0.0969709,fold_15
4.1,ann_finest_level,EC general capillary,16048,0.18474899569376607,0.16718428193141324,0.3186689930209372,449822,25475,10934,5114,1,['ENSG00000221869'],['ENSG00000221869'],0.042207424,fold_15
4.1,ann_finest_level,EC venous pulmonary,6418,0.05044678203823097,0.04135820595644715,0.4169523215955126,422900,62027,3742,2676,1,['ENSG00000221869'],['ENSG00000221869'],0.039705675,fold_15
4.1,ann_finest_level,Lymphatic EC proliferating,28,0.2777777777777778,1.0,0.07142857142857142,491317,0,26,2,4,"['ENSG00000129355', 'ENSG00000143537', 'ENSG00000171848', 'ENSG00000049449']","['ENSG00000066056', 'ENSG00000129355', 'ENSG00000143537', 'ENSG00000171848', 'ENSG00000049449', 'ENSG00000135446', 'ENSG00000156587', 'ENSG00000132780', 'ENSG00000125835', 'ENSG00000145833']",0.30498958,fold_15
4.1,ann_finest_level,Lymphatic EC differentiating,566,0.01540008800050286,0.012543197235376936,0.17314487632508835,483064,7715,468,98,1,['ENSG00000125740'],['ENSG00000125740'],0.06735067,fold_15
4.1,ann_finest_level,Adventitial fibroblasts,10321,0.7450762443989024,0.9291747888239116,0.41565739753899816,480697,327,6031,4290,2,"['ENSG00000152377', 'ENSG00000017427']","['ENSG00000152377', 'ENSG00000017427', 'ENSG00000138080', 'ENSG00000167397', 'ENSG00000135926', 'ENSG00000049449', 'ENSG00000197894', 'ENSG00000031698', 'ENSG00000101347', 'ENSG00000114023']",0.3410303,fold_15
4.1,ann_finest_level,Alveolar fibroblasts,5182,0.5208128804241116,0.8481215027977618,0.2047472018525666,485973,190,4121,1061,2,"['ENSG00000138080', 'ENSG00000064042']","['ENSG00000138080', 'ENSG00000064042', 'ENSG00000125740', 'ENSG00000221869']",0.3371699,fold_15
4.1,ann_finest_level,Pericytes,3032,0.22957639939485627,0.23831959167648215,0.20019788918205805,486373,1940,2425,607,1,['ENSG00000221869'],['ENSG00000221869'],0.057079736,fold_15
4.1,ann_finest_level,Subpleural fibroblasts,276,0.11513157894736842,0.10852713178294573,0.15217391304347827,490724,345,234,42,5,"['ENSG00000127990', 'ENSG00000138080', 'ENSG00000130844', 'ENSG00000017427', 'ENSG00000049449']","['ENSG00000127990', 'ENSG00000138080', 'ENSG00000130844', 'ENSG00000017427', 'ENSG00000049449', 'ENSG00000167397', 'ENSG00000135446', 'ENSG00000156587', 'ENSG00000168461', 'ENSG00000197894']",0.26121148,fold_15
4.1,ann_finest_level,Myofibroblasts,716,0.006091008467196561,0.004889021080417891,0.36731843575418993,437098,53531,453,263,1,['ENSG00000221869'],['ENSG00000221869'],0.03855655,fold_15
4.1,ann_finest_level,SM activated stress response,556,0.5601092896174863,0.7224669603524229,0.2949640287769784,490726,63,392,164,3,"['ENSG00000111404', 'ENSG00000172348', 'ENSG00000130844']","['ENSG00000111404', 'ENSG00000172348', 'ENSG00000061918', 'ENSG00000130844', 'ENSG00000138080', 'ENSG00000132780', 'ENSG00000031698', 'ENSG00000197894', 'ENSG00000125740', 'ENSG00000147274']",1.0,fold_15
4.1,ann_finest_level,Mesothelium,230,0.022271714922048998,0.018779342723004695,0.08695652173913043,490070,1045,210,20,6,"['ENSG00000154639', 'ENSG00000049449', 'ENSG00000156587', 'ENSG00000114023', 'ENSG00000168461', 'ENSG00000197894']","['ENSG00000154639', 'ENSG00000049449', 'ENSG00000156587', 'ENSG00000114023', 'ENSG00000168461', 'ENSG00000197894', 'ENSG00000143183', 'ENSG00000125835', 'ENSG00000147274', 'ENSG00000240972']",0.08773595,fold_15
4.1,ann_finest_level,Hematopoietic stem cells,60,0.004818281938325991,0.003886729594669628,0.11666666666666667,489491,1794,53,7,5,"['ENSG00000135446', 'ENSG00000132780', 'ENSG00000156587', 'ENSG00000145833', 'ENSG00000147274']","['ENSG00000135446', 'ENSG00000132780', 'ENSG00000156587', 'ENSG00000145833', 'ENSG00000147274', 'ENSG00000197894', 'ENSG00000125835', 'ENSG00000125740']",0.11144902,fold_15
4.1,ann_finest_level,CD4 T cells,21285,0.2922715126824551,0.26624273539912957,0.4799624148461358,441905,28155,11069,10216,1,['ENSG00000072818'],['ENSG00000072818'],0.56618655,fold_15
4.1,ann_finest_level,T cells proliferating,500,0.44510385756676557,0.5660377358490566,0.24,490753,92,380,120,2,"['ENSG00000009790', 'ENSG00000171848']","['ENSG00000009790', 'ENSG00000060688', 'ENSG00000072818', 'ENSG00000171848', 'ENSG00000090104', 'ENSG00000065135', 'ENSG00000132780', 'ENSG00000156587', 'ENSG00000141741', 'ENSG00000125835']",0.71383756,fold_15
4.1,ann_finest_level,DC1,322,0.5826558265582655,0.8269230769230769,0.2670807453416149,491005,18,236,86,3,"['ENSG00000126860', 'ENSG00000101347', 'ENSG00000112335']","['ENSG00000126860', 'ENSG00000090104', 'ENSG00000168461', 'ENSG00000101347', 'ENSG00000114023', 'ENSG00000112335', 'ENSG00000147274', 'ENSG00000125835', 'ENSG00000125740']",0.09086415,fold_15
4.1,ann_finest_level,DC2,9133,0.2847498701748312,0.2763415772281848,0.3242089127340414,474458,7754,6172,2961,2,"['ENSG00000090104', 'ENSG00000168461']","['ENSG00000090104', 'ENSG00000168461', 'ENSG00000101347', 'ENSG00000125740']",0.14559454,fold_15
4.1,ann_finest_level,Migratory DCs,312,0.08771929824561403,0.07631874298540965,0.21794871794871795,490210,823,244,68,3,"['ENSG00000109320', 'ENSG00000090104', 'ENSG00000114023']","['ENSG00000109320', 'ENSG00000090104', 'ENSG00000114023']",0.29751202,fold_15
4.1,ann_finest_level,Plasmacytoid DCs,552,0.009869184921433547,0.007980596197480636,0.18478260869565216,478114,12679,450,102,1,['ENSG00000101347'],['ENSG00000101347'],0.074999884,fold_15
4.1,ann_finest_level,Alveolar macrophages,31248,0.3621894745953432,0.4377533673335949,0.21425371223758322,451498,8599,24553,6695,5,"['ENSG00000135926', 'ENSG00000156587', 'ENSG00000168461', 'ENSG00000101347', 'ENSG00000114023']","['ENSG00000135926', 'ENSG00000156587', 'ENSG00000168461', 'ENSG00000101347', 'ENSG00000114023', 'ENSG00000145833', 'ENSG00000143183', 'ENSG00000125835', 'ENSG00000147274']",0.08982112,fold_15
4.1,ann_finest_level,Alveolar Mph CCL3+,8065,0.24091228713809654,0.2558026294432722,0.1954122752634842,478695,4585,6489,1576,4,"['ENSG00000197343', 'ENSG00000119321', 'ENSG00000109320', 'ENSG00000167397']","['ENSG00000197343', 'ENSG00000109133', 'ENSG00000119321', 'ENSG00000109320', 'ENSG00000135926', 'ENSG00000167397', 'ENSG00000156587', 'ENSG00000168461', 'ENSG00000101347', 'ENSG00000114023']",0.40625846,fold_15
4.1,ann_finest_level,Alveolar Mph MT-positive,1203,0.1445950272116103,0.1327130264446621,0.22527015793848712,488371,1771,932,271,2,"['ENSG00000167468', 'ENSG00000141552']","['ENSG00000167468', 'ENSG00000141552']",0.040547054,fold_15
4.1,ann_finest_level,Alveolar Mph proliferating,1061,0.43499511241446726,0.5318725099601593,0.25164938737040526,490049,235,794,267,3,"['ENSG00000126860', 'ENSG00000171848', 'ENSG00000167397']","['ENSG00000129355', 'ENSG00000119321', 'ENSG00000126860', 'ENSG00000171848', 'ENSG00000135446', 'ENSG00000167397', 'ENSG00000156587', 'ENSG00000132780', 'ENSG00000168461', 'ENSG00000101347']",0.26426858,fold_15
4.1,ann_finest_level,Monocyte-derived Mph,28223,0.31589293469565016,0.3219444013045504,0.2938029266909967,445658,17464,19931,8292,3,"['ENSG00000168461', 'ENSG00000101347', 'ENSG00000125740']","['ENSG00000168461', 'ENSG00000101347', 'ENSG00000125740', 'ENSG00000125835']",0.09204616,fold_15
4.1,ann_finest_level,Interstitial Mph perivascular,4805,0.1880726113924771,0.20708020050125314,0.13756503642039541,484009,2531,4144,661,4,"['ENSG00000130844', 'ENSG00000168461', 'ENSG00000101347', 'ENSG00000221869']","['ENSG00000130844', 'ENSG00000168461', 'ENSG00000101347', 'ENSG00000125740', 'ENSG00000221869']",0.13528189,fold_15
4.1,ann_finest_level,Classical monocytes,17695,0.2069530339461775,0.20334261838440112,0.22277479513987003,458206,15444,13753,3942,2,"['ENSG00000168461', 'ENSG00000125740']","['ENSG00000168461', 'ENSG00000125740']",0.073640525,fold_15
4.1,ann_finest_level,Non-classical monocytes,8834,0.21530107876032759,0.20489270386266095,0.27020602218700474,473248,9263,6447,2387,2,"['ENSG00000125740', 'ENSG00000197746']","['ENSG00000168461', 'ENSG00000101347', 'ENSG00000125740', 'ENSG00000197746']",0.035246596,fold_15
4.1,ann_finest_level,Mast cells,6623,0.7636373767203433,0.9682091133874956,0.41386078816246413,484632,90,3882,2741,2,"['ENSG00000157404', 'ENSG00000090104']","['ENSG00000157404', 'ENSG00000090104', 'ENSG00000125740']",0.406713,fold_15
