software_version,cluster_header,clusterName,clusterSize,f_score,precision,recall,TN,FP,FN,TP,marker_count,NSForest_markers,binary_genes,onTarget,fold
4.1,author_cell_type,AII,7454,0.5859065716547902,0.8103245991396167,0.2779715588945533,501102,485,5382,2072,2,"['ENSG00000173175', 'ENSG00000112964']","['ENSG00000141753', 'ENSG00000135750', 'ENSG00000173175', 'ENSG00000112964', 'ENSG00000136111', 'ENSG00000177990', 'ENSG00000117643', 'ENSG00000050748', 'ENSG00000115896', 'ENSG00000101349']",0.17514895,fold_1
4.1,author_cell_type,AII*,1057,0.13086208738382651,0.11801541425818883,0.23178807947019867,506153,1831,812,245,5,"['ENSG00000141753', 'ENSG00000135750', 'ENSG00000112964', 'ENSG00000136111', 'ENSG00000177990']","['ENSG00000141753', 'ENSG00000135750', 'ENSG00000173175', 'ENSG00000112964', 'ENSG00000136111', 'ENSG00000177990', 'ENSG00000188107', 'ENSG00000198691', 'ENSG00000147488', 'ENSG00000115896']",0.07983094,fold_1
4.1,author_cell_type,Astrocyte,7454,0.8682737169517885,0.9042759961127308,0.7489938288167427,500996,591,1871,5583,1,['ENSG00000196092'],"['ENSG00000196092', 'ENSG00000041982', 'ENSG00000125618', 'ENSG00000103260', 'ENSG00000048540', 'ENSG00000196569', 'ENSG00000047365', 'ENSG00000144677', 'ENSG00000134121', 'ENSG00000163110']",1.0,fold_1
4.1,author_cell_type,BB,2931,0.6006968641114983,0.8124410933081998,0.2940975776185602,505911,199,2069,862,2,"['ENSG00000183662', 'ENSG00000080200']","['ENSG00000183662', 'ENSG00000152784', 'ENSG00000162706', 'ENSG00000080200', 'ENSG00000064933', 'ENSG00000122786', 'ENSG00000171055', 'ENSG00000125944', 'ENSG00000266028', 'ENSG00000171385']",0.08671316,fold_1
4.1,author_cell_type,CAI,450,0.4892367906066536,0.6993006993006993,0.2222222222222222,508548,43,350,100,3,"['ENSG00000131979', 'ENSG00000145248', 'ENSG00000165434']","['ENSG00000131979', 'ENSG00000145248', 'ENSG00000185551', 'ENSG00000172380', 'ENSG00000172020', 'ENSG00000165434', 'ENSG00000164326', 'ENSG00000074966', 'ENSG00000070808', 'ENSG00000134121']",1.0,fold_1
4.1,author_cell_type,CAII,3865,0.76347727914197,0.9597871082199881,0.4199223803363519,505108,68,2242,1623,3,"['ENSG00000185551', 'ENSG00000173157', 'ENSG00000111218']","['ENSG00000171126', 'ENSG00000185551', 'ENSG00000173157', 'ENSG00000172380', 'ENSG00000111218', 'ENSG00000074966', 'ENSG00000120907', 'ENSG00000179981', 'ENSG00000183662', 'ENSG00000099715']",0.28440213,fold_1
4.1,author_cell_type,DB1,7454,0.5922103452512594,0.8739800543970988,0.25865307217601285,501309,278,5526,1928,3,"['ENSG00000080200', 'ENSG00000162631', 'ENSG00000044524']","['ENSG00000065882', 'ENSG00000080200', 'ENSG00000150394', 'ENSG00000162631', 'ENSG00000044524', 'ENSG00000171385', 'ENSG00000151693', 'ENSG00000151322', 'ENSG00000185518', 'ENSG00000076554']",0.073510274,fold_1
4.1,author_cell_type,DB2,7454,0.4687359626268979,0.5637493246893571,0.27998390126106787,499972,1615,5367,2087,3,"['ENSG00000080200', 'ENSG00000119900', 'ENSG00000147488']","['ENSG00000166569', 'ENSG00000080200', 'ENSG00000119900', 'ENSG00000162706', 'ENSG00000147488', 'ENSG00000105507', 'ENSG00000076554', 'ENSG00000266028', 'ENSG00000143924', 'ENSG00000171385']",0.08412489,fold_1
4.1,author_cell_type,DB3a,7454,0.6469139994906189,0.7570789865871833,0.4089079688757714,500609,978,4406,3048,2,"['ENSG00000087245', 'ENSG00000044524']","['ENSG00000087245', 'ENSG00000017427', 'ENSG00000105507', 'ENSG00000044524', 'ENSG00000179981', 'ENSG00000173757', 'ENSG00000162706', 'ENSG00000175470', 'ENSG00000162631', 'ENSG00000129595']",0.33237723,fold_1
4.1,author_cell_type,DB3b,7454,0.5712369783544383,0.5954161248374512,0.49141400590287093,499098,2489,3791,3663,3,"['ENSG00000105507', 'ENSG00000080200', 'ENSG00000198691']","['ENSG00000166569', 'ENSG00000105507', 'ENSG00000121957', 'ENSG00000080200', 'ENSG00000044524', 'ENSG00000198691', 'ENSG00000147488', 'ENSG00000119900', 'ENSG00000076554', 'ENSG00000162706']",0.071784735,fold_1
4.1,author_cell_type,DB4a,7454,0.6048338730958378,0.8750542299349241,0.270592970217333,501299,288,5437,2017,2,"['ENSG00000118271', 'ENSG00000147488']","['ENSG00000141540', 'ENSG00000118271', 'ENSG00000196569', 'ENSG00000105507', 'ENSG00000090097', 'ENSG00000147488', 'ENSG00000132321', 'ENSG00000164483', 'ENSG00000198691', 'ENSG00000044524']",0.18704766,fold_1
4.1,author_cell_type,DB4b,4553,0.5148418920109222,0.6876470588235294,0.25675378871074017,503957,531,3384,1169,2,"['ENSG00000122778', 'ENSG00000196569']","['ENSG00000141540', 'ENSG00000122778', 'ENSG00000196569', 'ENSG00000090097', 'ENSG00000105507', 'ENSG00000100316', 'ENSG00000044524', 'ENSG00000229117', 'ENSG00000132321', 'ENSG00000147488']",0.37073633,fold_1
4.1,author_cell_type,DB5,7454,0.5649642055775189,0.7510653409090909,0.28374027367856186,500886,701,5339,2115,2,"['ENSG00000173157', 'ENSG00000105507']","['ENSG00000122778', 'ENSG00000173157', 'ENSG00000080200', 'ENSG00000090097', 'ENSG00000147488', 'ENSG00000105507', 'ENSG00000150394', 'ENSG00000164483', 'ENSG00000151693', 'ENSG00000118733']",0.10633445,fold_1
4.1,author_cell_type,DB6,7454,0.7543083586766197,0.9191465468837732,0.4392272605312584,501299,288,4180,3274,2,"['ENSG00000165025', 'ENSG00000162631']","['ENSG00000165025', 'ENSG00000080200', 'ENSG00000150394', 'ENSG00000164483', 'ENSG00000162631', 'ENSG00000221914', 'ENSG00000151693', 'ENSG00000151322', 'ENSG00000185518', 'ENSG00000076554']",0.28522328,fold_1
4.1,author_cell_type,FMB,7454,0.5733992712129099,0.7495746852670977,0.2955460155621143,500851,736,5251,2203,3,"['ENSG00000080200', 'ENSG00000147488', 'ENSG00000033867']","['ENSG00000017427', 'ENSG00000080200', 'ENSG00000119900', 'ENSG00000147488', 'ENSG00000033867', 'ENSG00000154153', 'ENSG00000149269', 'ENSG00000076554', 'ENSG00000143924', 'ENSG00000184156']",0.048803784,fold_1
4.1,author_cell_type,GB,7454,0.32905045440300845,0.43106397536777286,0.16903675878722835,499924,1663,6194,1260,3,"['ENSG00000080200', 'ENSG00000171055', 'ENSG00000171385']","['ENSG00000080200', 'ENSG00000152784', 'ENSG00000064933', 'ENSG00000171055', 'ENSG00000171385', 'ENSG00000076554', 'ENSG00000185518', 'ENSG00000266028']",0.047338217,fold_1
4.1,author_cell_type,H1,7454,0.487732194298202,0.6195583596214511,0.263482693855648,500381,1206,5490,1964,2,"['ENSG00000135355', 'ENSG00000135750']","['ENSG00000065809', 'ENSG00000183092', 'ENSG00000135355', 'ENSG00000166033', 'ENSG00000135750', 'ENSG00000103056', 'ENSG00000044524', 'ENSG00000144426', 'ENSG00000140600', 'ENSG00000101349']",0.38279068,fold_1
4.1,author_cell_type,H2,7454,0.6203155818540433,0.9731820526044352,0.2531526697075396,501535,52,5567,1887,2,"['ENSG00000135355', 'ENSG00000099715']","['ENSG00000135355', 'ENSG00000167291', 'ENSG00000166033', 'ENSG00000183092', 'ENSG00000103056', 'ENSG00000099715', 'ENSG00000178904', 'ENSG00000140945', 'ENSG00000082269', 'ENSG00000140600']",0.3814989,fold_1
4.1,author_cell_type,HAC2,7454,0.46750619861672976,0.728150406504065,0.19224577408103033,501052,535,6021,1433,3,"['ENSG00000144366', 'ENSG00000162631', 'ENSG00000080709']","['ENSG00000106799', 'ENSG00000136111', 'ENSG00000144366', 'ENSG00000162631', 'ENSG00000155966', 'ENSG00000080709', 'ENSG00000132669', 'ENSG00000152910', 'ENSG00000185518', 'ENSG00000182168']",0.04867614,fold_1
4.1,author_cell_type,HAC3,7454,0.42319325915523387,0.5667269439421339,0.2102226992218943,500389,1198,5887,1567,3,"['ENSG00000171246', 'ENSG00000133816', 'ENSG00000155966']","['ENSG00000171246', 'ENSG00000163931', 'ENSG00000133816', 'ENSG00000169122', 'ENSG00000110435', 'ENSG00000155966', 'ENSG00000026652', 'ENSG00000106688', 'ENSG00000134369', 'ENSG00000077063']",0.057260685,fold_1
4.1,author_cell_type,HAC4,7454,0.47720398790187074,0.6553846153846153,0.22860209283606117,500691,896,5750,1704,4,"['ENSG00000204767', 'ENSG00000165194', 'ENSG00000163285', 'ENSG00000129595']","['ENSG00000204767', 'ENSG00000112964', 'ENSG00000137266', 'ENSG00000165194', 'ENSG00000163285', 'ENSG00000129595', 'ENSG00000118733', 'ENSG00000183166', 'ENSG00000132334', 'ENSG00000103489']",0.05907073,fold_1
4.1,author_cell_type,HAC5,7454,0.4725972994440032,0.6551317341722375,0.2235041588408908,500710,877,5788,1666,3,"['ENSG00000144366', 'ENSG00000152784', 'ENSG00000163110']","['ENSG00000166426', 'ENSG00000111218', 'ENSG00000144366', 'ENSG00000127329', 'ENSG00000152784', 'ENSG00000163110', 'ENSG00000182534', 'ENSG00000153823', 'ENSG00000136002', 'ENSG00000183654']",0.06478436,fold_1
4.1,author_cell_type,HAC6,7454,0.37627962740938853,0.45868465430016864,0.218942849476791,499661,1926,5822,1632,3,"['ENSG00000101605', 'ENSG00000153823', 'ENSG00000162989']","['ENSG00000101605', 'ENSG00000153823', 'ENSG00000136002', 'ENSG00000171055', 'ENSG00000183654', 'ENSG00000162989', 'ENSG00000007402', 'ENSG00000143919', 'ENSG00000115896', 'ENSG00000080224']",0.037347734,fold_1
4.1,author_cell_type,HAC8,7454,0.4473062087843723,0.6672853828306264,0.19291655486986853,500870,717,6016,1438,3,"['ENSG00000164483', 'ENSG00000106278', 'ENSG00000077063']","['ENSG00000164483', 'ENSG00000178904', 'ENSG00000119771', 'ENSG00000106278', 'ENSG00000077063', 'ENSG00000106688', 'ENSG00000273079', 'ENSG00000145012', 'ENSG00000133134', 'ENSG00000148123']",0.031767417,fold_1
4.1,author_cell_type,HAC9,7454,0.5750291221010272,0.7599720083974808,0.2913871746713174,500901,686,5282,2172,3,"['ENSG00000113100', 'ENSG00000164326', 'ENSG00000204767']","['ENSG00000113100', 'ENSG00000164326', 'ENSG00000204767', 'ENSG00000112964', 'ENSG00000163285', 'ENSG00000137266', 'ENSG00000133816', 'ENSG00000150394', 'ENSG00000129595', 'ENSG00000118733']",0.11177479,fold_1
4.1,author_cell_type,HAC11,7454,0.47579368385967835,0.5520908871162679,0.3064126643412933,499734,1853,5170,2284,3,"['ENSG00000127329', 'ENSG00000152784', 'ENSG00000140945']","['ENSG00000127329', 'ENSG00000152784', 'ENSG00000144366', 'ENSG00000140945', 'ENSG00000130522', 'ENSG00000099715', 'ENSG00000136111', 'ENSG00000153823', 'ENSG00000099331', 'ENSG00000152910']",0.07158788,fold_1
4.1,author_cell_type,HAC12,7454,0.5853453116226839,0.8053302433371958,0.2797155889455326,501083,504,5369,2085,2,"['ENSG00000008441', 'ENSG00000171385']","['ENSG00000008441', 'ENSG00000147488', 'ENSG00000171385', 'ENSG00000106278', 'ENSG00000154153', 'ENSG00000185052', 'ENSG00000183166', 'ENSG00000134369', 'ENSG00000033867', 'ENSG00000162989']",0.14591712,fold_1
4.1,author_cell_type,HAC13,7454,0.6997918834547346,0.7978553502167465,0.46914408371344246,500701,886,3957,3497,2,"['ENSG00000140945', 'ENSG00000164326']","['ENSG00000148737', 'ENSG00000198108', 'ENSG00000140945', 'ENSG00000164326', 'ENSG00000127329', 'ENSG00000183662', 'ENSG00000119900', 'ENSG00000136002', 'ENSG00000119771', 'ENSG00000171055']",0.097298175,fold_1
4.1,author_cell_type,HAC14,7454,0.4557102424845101,0.5099507810828162,0.3196941239602898,499297,2290,5071,2383,2,"['ENSG00000008441', 'ENSG00000132321']","['ENSG00000008441', 'ENSG00000132321', 'ENSG00000188107', 'ENSG00000147488', 'ENSG00000106278', 'ENSG00000112851', 'ENSG00000115896', 'ENSG00000185518', 'ENSG00000033867', 'ENSG00000132669']",0.17206156,fold_1
4.1,author_cell_type,HAC15,7454,0.5288668677294269,0.9103831891223733,0.19761202039173598,501442,145,5981,1473,3,"['ENSG00000138653', 'ENSG00000118946', 'ENSG00000163110']","['ENSG00000138653', 'ENSG00000118946', 'ENSG00000111218', 'ENSG00000163110', 'ENSG00000130522', 'ENSG00000153823', 'ENSG00000152910', 'ENSG00000171055', 'ENSG00000183654', 'ENSG00000143919']",0.120151095,fold_1
4.1,author_cell_type,HAC17,7454,0.583062370676914,0.7371535347243849,0.3175476254360075,500743,844,5087,2367,2,"['ENSG00000125844', 'ENSG00000162631']","['ENSG00000125844', 'ENSG00000132321', 'ENSG00000155966', 'ENSG00000162631', 'ENSG00000132334', 'ENSG00000106278', 'ENSG00000182168', 'ENSG00000119771', 'ENSG00000134369', 'ENSG00000185518']",0.33815923,fold_1
4.1,author_cell_type,HAC18,7454,0.34616664817485854,0.47219069239500566,0.16742688489401664,500192,1395,6206,1248,4,"['ENSG00000185742', 'ENSG00000183166', 'ENSG00000137266', 'ENSG00000106688']","['ENSG00000185742', 'ENSG00000188290', 'ENSG00000183166', 'ENSG00000137266', 'ENSG00000107731', 'ENSG00000106688', 'ENSG00000080709', 'ENSG00000137872', 'ENSG00000110675', 'ENSG00000118733']",0.051642105,fold_1
4.1,author_cell_type,HAC19,7454,0.6653155761436016,0.9364303178484108,0.30829085055004024,501431,156,5156,2298,2,"['ENSG00000164326', 'ENSG00000179981']","['ENSG00000134207', 'ENSG00000172380', 'ENSG00000154447', 'ENSG00000164326', 'ENSG00000179981', 'ENSG00000138378', 'ENSG00000122786', 'ENSG00000106278', 'ENSG00000137872', 'ENSG00000111879']",0.1562925,fold_1
4.1,author_cell_type,HAC20,7454,0.6211021367958286,0.8027750247770069,0.32599946337536895,500990,597,5024,2430,2,"['ENSG00000132321', 'ENSG00000183166']","['ENSG00000106799', 'ENSG00000138378', 'ENSG00000132321', 'ENSG00000183166', 'ENSG00000155966', 'ENSG00000073711', 'ENSG00000171385', 'ENSG00000110675']",0.070439205,fold_1
4.1,author_cell_type,HAC21,7454,0.5273181764075705,0.7582370560547711,0.2377247115642608,501022,565,5682,1772,3,"['ENSG00000113721', 'ENSG00000047662', 'ENSG00000164483']","['ENSG00000113721', 'ENSG00000170365', 'ENSG00000047662', 'ENSG00000196369', 'ENSG00000163328', 'ENSG00000164483', 'ENSG00000147488', 'ENSG00000106278', 'ENSG00000179832', 'ENSG00000185052']",0.2823194,fold_1
4.1,author_cell_type,HAC23,6583,0.5967607172697474,0.8275401069518716,0.28209023241683123,502071,387,4726,1857,3,"['ENSG00000113100', 'ENSG00000110975', 'ENSG00000150394']","['ENSG00000113100', 'ENSG00000110975', 'ENSG00000099715', 'ENSG00000137266', 'ENSG00000150394', 'ENSG00000163285', 'ENSG00000044524', 'ENSG00000137872', 'ENSG00000136002', 'ENSG00000151693']",0.1833593,fold_1
4.1,author_cell_type,HAC24,6337,0.4644915775924786,0.5757891085674645,0.26195360580716426,501481,1223,4677,1660,3,"['ENSG00000141753', 'ENSG00000185551', 'ENSG00000110975']","['ENSG00000141753', 'ENSG00000185551', 'ENSG00000065809', 'ENSG00000188290', 'ENSG00000110975', 'ENSG00000070808', 'ENSG00000150394', 'ENSG00000183166', 'ENSG00000152910', 'ENSG00000137872']",0.23073952,fold_1
4.1,author_cell_type,HAC26,5929,0.55884111901123,0.737719298245614,0.2836903356383876,502514,598,4247,1682,3,"['ENSG00000198108', 'ENSG00000179981', 'ENSG00000204767']","['ENSG00000198108', 'ENSG00000179981', 'ENSG00000138378', 'ENSG00000204767', 'ENSG00000120907', 'ENSG00000101605', 'ENSG00000183662', 'ENSG00000140945', 'ENSG00000162631', 'ENSG00000133794']",0.09714059,fold_1
4.1,author_cell_type,HAC27,5887,0.37452066467831274,0.6012311901504788,0.14931204348564633,502571,583,5008,879,3,"['ENSG00000138653', 'ENSG00000110975', 'ENSG00000120907']","['ENSG00000138653', 'ENSG00000110975', 'ENSG00000120907', 'ENSG00000111879', 'ENSG00000137267', 'ENSG00000137872', 'ENSG00000152910', 'ENSG00000183654', 'ENSG00000146350', 'ENSG00000154277']",0.069845274,fold_1
4.1,author_cell_type,HAC28,5622,0.5275854239981836,0.6198732910970324,0.3306652436855212,502279,1140,3763,1859,2,"['ENSG00000185742', 'ENSG00000152910']","['ENSG00000185742', 'ENSG00000110975', 'ENSG00000163931', 'ENSG00000107731', 'ENSG00000183166', 'ENSG00000152910', 'ENSG00000137872', 'ENSG00000115896', 'ENSG00000118733', 'ENSG00000080709']",0.13411802,fold_1
4.1,author_cell_type,HAC29,5021,0.41514125854804174,0.5084602368866328,0.2393945429197371,502858,1162,3819,1202,2,"['ENSG00000163285', 'ENSG00000153823']","['ENSG00000163285', 'ENSG00000101605', 'ENSG00000153823', 'ENSG00000106688', 'ENSG00000137267', 'ENSG00000154380', 'ENSG00000152910', 'ENSG00000080709', 'ENSG00000151322', 'ENSG00000198712']",0.057579473,fold_1
4.1,author_cell_type,HAC30,4936,0.6204663212435233,0.8651414810355208,0.2911264181523501,503881,224,3499,1437,3,"['ENSG00000050628', 'ENSG00000110975', 'ENSG00000152910']","['ENSG00000050628', 'ENSG00000110975', 'ENSG00000112964', 'ENSG00000165194', 'ENSG00000183166', 'ENSG00000152910', 'ENSG00000137267', 'ENSG00000137872', 'ENSG00000104432', 'ENSG00000198712']",0.112472326,fold_1
4.1,author_cell_type,HAC32,4645,0.5755580701573912,0.8817966903073287,0.2409041980624327,504246,150,3526,1119,3,"['ENSG00000070808', 'ENSG00000147488', 'ENSG00000150394']","['ENSG00000070808', 'ENSG00000147488', 'ENSG00000150394', 'ENSG00000196369', 'ENSG00000171385', 'ENSG00000106278', 'ENSG00000183166', 'ENSG00000185052', 'ENSG00000080709', 'ENSG00000151693']",0.05730754,fold_1
4.1,author_cell_type,HAC33,4613,0.7464343667264497,0.9853438556933484,0.3789291133752439,504402,26,2865,1748,3,"['ENSG00000154864', 'ENSG00000173157', 'ENSG00000164619']","['ENSG00000154864', 'ENSG00000171126', 'ENSG00000180777', 'ENSG00000113494', 'ENSG00000173157', 'ENSG00000164619', 'ENSG00000106123', 'ENSG00000204767', 'ENSG00000112964', 'ENSG00000158258']",0.1925757,fold_1
4.1,author_cell_type,HAC34,4222,0.3282106266380748,0.5282837967401726,0.1305068687825675,504327,492,3671,551,4,"['ENSG00000159788', 'ENSG00000077092', 'ENSG00000172020', 'ENSG00000099715']","['ENSG00000196208', 'ENSG00000171867', 'ENSG00000159788', 'ENSG00000077092', 'ENSG00000172020', 'ENSG00000099715', 'ENSG00000107731', 'ENSG00000119900', 'ENSG00000169122', 'ENSG00000129595']",0.09419258,fold_1
4.1,author_cell_type,HAC35,3872,0.5558879846816659,0.8287243532560215,0.23992768595041322,504977,192,2943,929,3,"['ENSG00000185742', 'ENSG00000132321', 'ENSG00000163285']","['ENSG00000125844', 'ENSG00000185742', 'ENSG00000173175', 'ENSG00000132321', 'ENSG00000163285', 'ENSG00000164483', 'ENSG00000182168', 'ENSG00000108091', 'ENSG00000155966', 'ENSG00000183166']",0.079890236,fold_1
4.1,author_cell_type,HAC37,3831,0.34303636185435654,0.4394224733207784,0.18271991647089533,504317,893,3131,700,5,"['ENSG00000164619', 'ENSG00000110975', 'ENSG00000165194', 'ENSG00000141664', 'ENSG00000150394']","['ENSG00000164619', 'ENSG00000110975', 'ENSG00000172020', 'ENSG00000165194', 'ENSG00000141664', 'ENSG00000150394', 'ENSG00000137266', 'ENSG00000171055', 'ENSG00000137872', 'ENSG00000136002']",0.109511875,fold_1
4.1,author_cell_type,HAC38,3814,0.24177602013302174,0.29431072210065645,0.14105925537493444,503937,1290,3276,538,4,"['ENSG00000136002', 'ENSG00000133816', 'ENSG00000101605', 'ENSG00000124588']","['ENSG00000136002', 'ENSG00000133816', 'ENSG00000101605', 'ENSG00000124588', 'ENSG00000171055', 'ENSG00000104432', 'ENSG00000026652', 'ENSG00000155966', 'ENSG00000007402', 'ENSG00000140600']",0.04180626,fold_1
4.1,author_cell_type,HAC39,3140,0.4523657289002558,0.5438821268417681,0.27038216560509554,505189,712,2291,849,4,"['ENSG00000110975', 'ENSG00000144366', 'ENSG00000165194', 'ENSG00000153823']","['ENSG00000110975', 'ENSG00000144366', 'ENSG00000165194', 'ENSG00000099715', 'ENSG00000136002', 'ENSG00000153823', 'ENSG00000156976', 'ENSG00000137872', 'ENSG00000183654', 'ENSG00000154277']",0.06541878,fold_1
4.1,author_cell_type,HAC40,3095,0.2975866448920341,0.543046357615894,0.10597738287560582,505670,276,2767,328,6,"['ENSG00000134207', 'ENSG00000106123', 'ENSG00000163931', 'ENSG00000070808', 'ENSG00000140945', 'ENSG00000163285']","['ENSG00000134207', 'ENSG00000106123', 'ENSG00000163931', 'ENSG00000070808', 'ENSG00000140945', 'ENSG00000163285', 'ENSG00000150394', 'ENSG00000101605', 'ENSG00000127314', 'ENSG00000122786']",0.05673121,fold_1
4.1,author_cell_type,HAC41,3032,0.43370607028753994,0.6728624535315985,0.179089709762533,505745,264,2489,543,3,"['ENSG00000118495', 'ENSG00000134207', 'ENSG00000112964']","['ENSG00000118495', 'ENSG00000134207', 'ENSG00000164619', 'ENSG00000112964', 'ENSG00000130522', 'ENSG00000099715', 'ENSG00000163285', 'ENSG00000044524', 'ENSG00000137872', 'ENSG00000155966']",0.11980895,fold_1
4.1,author_cell_type,HAC42,2695,0.374607861229009,0.5961820851688693,0.15064935064935064,506071,275,2289,406,3,"['ENSG00000152784', 'ENSG00000155966', 'ENSG00000185052']","['ENSG00000152784', 'ENSG00000164483', 'ENSG00000155966', 'ENSG00000106278', 'ENSG00000162706', 'ENSG00000185052', 'ENSG00000080709', 'ENSG00000162989', 'ENSG00000152910', 'ENSG00000151693']",0.04647837,fold_1
4.1,author_cell_type,HAC44,2576,0.4943003144654088,0.8009554140127388,0.1952639751552795,506340,125,2073,503,3,"['ENSG00000183662', 'ENSG00000132321', 'ENSG00000099715']","['ENSG00000134121', 'ENSG00000183662', 'ENSG00000132321', 'ENSG00000099715', 'ENSG00000164483', 'ENSG00000074800', 'ENSG00000119771', 'ENSG00000106278', 'ENSG00000110675', 'ENSG00000151322']",0.07902193,fold_1
4.1,author_cell_type,HAC45,2312,0.5472350230414746,0.7066950053134963,0.2876297577854671,506453,276,1647,665,3,"['ENSG00000079308', 'ENSG00000204767', 'ENSG00000179981']","['ENSG00000079308', 'ENSG00000135750', 'ENSG00000204767', 'ENSG00000164638', 'ENSG00000112964', 'ENSG00000179981', 'ENSG00000080709', 'ENSG00000163285', 'ENSG00000132334', 'ENSG00000101605']",0.14000182,fold_1
4.1,author_cell_type,HAC46,2299,0.6437389770723104,0.9372325249643366,0.28577642453240537,506698,44,1642,657,3,"['ENSG00000112562', 'ENSG00000134121', 'ENSG00000183662']","['ENSG00000112562', 'ENSG00000134121', 'ENSG00000138378', 'ENSG00000183662', 'ENSG00000173726', 'ENSG00000106278', 'ENSG00000044524', 'ENSG00000080709', 'ENSG00000137872', 'ENSG00000182168']",0.123565406,fold_1
4.1,author_cell_type,HAC48,2215,0.4016252539459291,0.491395793499044,0.23205417607223477,506294,532,1701,514,3,"['ENSG00000164619', 'ENSG00000120907', 'ENSG00000171385']","['ENSG00000164619', 'ENSG00000120907', 'ENSG00000163931', 'ENSG00000111879', 'ENSG00000074800', 'ENSG00000171385', 'ENSG00000122786', 'ENSG00000106688', 'ENSG00000152910', 'ENSG00000080224']",0.11278373,fold_1
4.1,author_cell_type,HAC49,2031,0.2491136406045904,0.32091346153846156,0.13146233382570163,506445,565,1764,267,4,"['ENSG00000166426', 'ENSG00000144366', 'ENSG00000136002', 'ENSG00000133816']","['ENSG00000166426', 'ENSG00000144366', 'ENSG00000152784', 'ENSG00000136002', 'ENSG00000133816', 'ENSG00000153823', 'ENSG00000104432', 'ENSG00000132334', 'ENSG00000183654', 'ENSG00000140600']",0.08318176,fold_1
4.1,author_cell_type,HAC50,1561,0.5086686293752044,0.8315508021390374,0.19923126201153107,507417,63,1250,311,3,"['ENSG00000120907', 'ENSG00000127329', 'ENSG00000044524']","['ENSG00000169857', 'ENSG00000120907', 'ENSG00000127329', 'ENSG00000044524', 'ENSG00000026652', 'ENSG00000163328', 'ENSG00000106278', 'ENSG00000153233', 'ENSG00000076554', 'ENSG00000033170']",0.075334504,fold_1
4.1,author_cell_type,HAC51,1453,0.4250525683388405,0.603411513859275,0.194769442532691,507402,186,1170,283,4,"['ENSG00000111859', 'ENSG00000050628', 'ENSG00000110975', 'ENSG00000158258']","['ENSG00000111859', 'ENSG00000050628', 'ENSG00000110975', 'ENSG00000099715', 'ENSG00000158258', 'ENSG00000132321', 'ENSG00000129595', 'ENSG00000137872', 'ENSG00000183166', 'ENSG00000151693']",0.18969922,fold_1
4.1,author_cell_type,HAC52,1278,0.5921395106715253,0.7098283931357254,0.35602503912363065,507577,186,823,455,3,"['ENSG00000140945', 'ENSG00000150394', 'ENSG00000158258']","['ENSG00000118946', 'ENSG00000140945', 'ENSG00000204767', 'ENSG00000179981', 'ENSG00000150394', 'ENSG00000158258', 'ENSG00000183166', 'ENSG00000133816', 'ENSG00000132334', 'ENSG00000044524']",0.06546532,fold_1
4.1,author_cell_type,HAC53,1238,0.5090006207324643,0.6612903225806451,0.2649434571890145,507635,168,910,328,2,"['ENSG00000112964', 'ENSG00000140945']","['ENSG00000112964', 'ENSG00000204767', 'ENSG00000140945', 'ENSG00000164638', 'ENSG00000179981', 'ENSG00000136111', 'ENSG00000133816', 'ENSG00000183166', 'ENSG00000080709', 'ENSG00000137872']",0.12469539,fold_1
4.1,author_cell_type,HAC54,1194,0.6412190706095353,0.8018867924528302,0.3559463986599665,507742,105,769,425,3,"['ENSG00000050628', 'ENSG00000164326', 'ENSG00000134121']","['ENSG00000113494', 'ENSG00000050628', 'ENSG00000164619', 'ENSG00000164326', 'ENSG00000165434', 'ENSG00000134121', 'ENSG00000198108', 'ENSG00000183662', 'ENSG00000099715', 'ENSG00000144366']",0.112018086,fold_1
4.1,author_cell_type,HAC55,1157,0.1938726663475347,0.34763948497854075,0.07000864304235091,507732,152,1076,81,2,"['ENSG00000120907', 'ENSG00000106688']","['ENSG00000028277', 'ENSG00000173175', 'ENSG00000120907', 'ENSG00000144677', 'ENSG00000153823', 'ENSG00000106688', 'ENSG00000026652', 'ENSG00000166532', 'ENSG00000152910', 'ENSG00000119771']",0.053637676,fold_1
4.1,author_cell_type,HAC56,1133,0.08246289169873557,0.08325624421831637,0.0794351279788173,506917,991,1043,90,5,"['ENSG00000163285', 'ENSG00000101605', 'ENSG00000026652', 'ENSG00000136002', 'ENSG00000171055']","['ENSG00000163285', 'ENSG00000101605', 'ENSG00000026652', 'ENSG00000136002', 'ENSG00000171055', 'ENSG00000137267', 'ENSG00000137872', 'ENSG00000106688', 'ENSG00000007402', 'ENSG00000122786']",0.032317016,fold_1
4.1,author_cell_type,HAC57,1119,0.24276606179499755,0.43043478260869567,0.08847184986595175,507791,131,1020,99,3,"['ENSG00000112562', 'ENSG00000127329', 'ENSG00000158258']","['ENSG00000112562', 'ENSG00000173726', 'ENSG00000127329', 'ENSG00000183662', 'ENSG00000130522', 'ENSG00000158258', 'ENSG00000171055', 'ENSG00000136002', 'ENSG00000127314', 'ENSG00000080709']",0.10310664,fold_1
4.1,author_cell_type,HAC59,990,0.5293159609120521,0.9154929577464789,0.19696969696969696,508033,18,795,195,3,"['ENSG00000077092', 'ENSG00000183662', 'ENSG00000047365']","['ENSG00000113100', 'ENSG00000077092', 'ENSG00000164619', 'ENSG00000183662', 'ENSG00000047365', 'ENSG00000134121', 'ENSG00000112964', 'ENSG00000150394', 'ENSG00000152784', 'ENSG00000080709']",0.14146993,fold_1
4.1,author_cell_type,HAC60,876,0.4469086021505376,0.869281045751634,0.15182648401826485,508145,20,743,133,3,"['ENSG00000183662', 'ENSG00000138378', 'ENSG00000164326']","['ENSG00000183662', 'ENSG00000138378', 'ENSG00000179981', 'ENSG00000140945', 'ENSG00000164326', 'ENSG00000165194', 'ENSG00000163285', 'ENSG00000132321', 'ENSG00000155966', 'ENSG00000183166']",0.12247136,fold_1
4.1,author_cell_type,HAC62,864,0.43103448275862066,0.8074534161490683,0.15046296296296297,508146,31,734,130,4,"['ENSG00000165434', 'ENSG00000198108', 'ENSG00000140945', 'ENSG00000165194']","['ENSG00000165434', 'ENSG00000198108', 'ENSG00000140945', 'ENSG00000165194', 'ENSG00000164326', 'ENSG00000127329', 'ENSG00000144366', 'ENSG00000150394', 'ENSG00000156976', 'ENSG00000155966']",0.08605347,fold_1
4.1,author_cell_type,HAC63,677,0.10251018530687343,0.09001731102135026,0.23042836041358936,506787,1577,521,156,5,"['ENSG00000204767', 'ENSG00000164326', 'ENSG00000112964', 'ENSG00000163285', 'ENSG00000115556']","['ENSG00000204767', 'ENSG00000164326', 'ENSG00000112964', 'ENSG00000137266', 'ENSG00000163285', 'ENSG00000115556', 'ENSG00000150394', 'ENSG00000129595', 'ENSG00000118733', 'ENSG00000183166']",0.05660546,fold_1
4.1,author_cell_type,HAC64,668,0.19954819277108435,0.3212121212121212,0.07934131736526946,508261,112,615,53,3,"['ENSG00000175354', 'ENSG00000163285', 'ENSG00000127329']","['ENSG00000154447', 'ENSG00000175354', 'ENSG00000163285', 'ENSG00000127329', 'ENSG00000130522', 'ENSG00000169122', 'ENSG00000164483', 'ENSG00000152910', 'ENSG00000164684', 'ENSG00000182168']",0.07666593,fold_1
4.1,author_cell_type,HAC65,595,0.299625468164794,0.43243243243243246,0.13445378151260504,508341,105,515,80,3,"['ENSG00000206557', 'ENSG00000120907', 'ENSG00000070808']","['ENSG00000206557', 'ENSG00000120907', 'ENSG00000163624', 'ENSG00000163931', 'ENSG00000070808', 'ENSG00000144677', 'ENSG00000140945', 'ENSG00000158258', 'ENSG00000111879', 'ENSG00000171385']",0.18144256,fold_1
4.1,author_cell_type,HAC66,588,0.4853951890034364,0.7847222222222222,0.1921768707482993,508422,31,475,113,4,"['ENSG00000185742', 'ENSG00000110975', 'ENSG00000188107', 'ENSG00000198691']","['ENSG00000185551', 'ENSG00000185742', 'ENSG00000110975', 'ENSG00000163914', 'ENSG00000188107', 'ENSG00000198691', 'ENSG00000183166', 'ENSG00000152910', 'ENSG00000137872', 'ENSG00000106688']",0.058563456,fold_1
4.1,author_cell_type,HAC68,542,0.21048451151707703,0.2145748987854251,0.19557195571955718,508111,388,436,106,5,"['ENSG00000090376', 'ENSG00000134207', 'ENSG00000154447', 'ENSG00000179981', 'ENSG00000163914']","['ENSG00000090376', 'ENSG00000134207', 'ENSG00000154447', 'ENSG00000164326', 'ENSG00000179981', 'ENSG00000163914', 'ENSG00000188107', 'ENSG00000198691', 'ENSG00000122786', 'ENSG00000106278']",0.18541807,fold_1
4.1,author_cell_type,HAC71,502,0.31573498964803315,0.5258620689655172,0.12151394422310757,508484,55,441,61,5,"['ENSG00000171246', 'ENSG00000173157', 'ENSG00000163931', 'ENSG00000080200', 'ENSG00000133816']","['ENSG00000171246', 'ENSG00000173157', 'ENSG00000163931', 'ENSG00000080200', 'ENSG00000133816', 'ENSG00000110435', 'ENSG00000196369', 'ENSG00000064933', 'ENSG00000155966', 'ENSG00000183166']",0.069872186,fold_1
4.1,author_cell_type,HAC72,483,0.2907488986784141,0.4049079754601227,0.13664596273291926,508461,97,417,66,5,"['ENSG00000147485', 'ENSG00000137573', 'ENSG00000077092', 'ENSG00000173175', 'ENSG00000134121']","['ENSG00000164300', 'ENSG00000147485', 'ENSG00000137573', 'ENSG00000077092', 'ENSG00000173175', 'ENSG00000134121', 'ENSG00000162390', 'ENSG00000112964', 'ENSG00000144366', 'ENSG00000136111']",0.11467846,fold_1
4.1,author_cell_type,HAC74,412,0.12339055793991416,0.17692307692307693,0.055825242718446605,508522,107,389,23,6,"['ENSG00000080200', 'ENSG00000106799', 'ENSG00000147488', 'ENSG00000173757', 'ENSG00000162631', 'ENSG00000162706']","['ENSG00000080200', 'ENSG00000106799', 'ENSG00000147488', 'ENSG00000173757', 'ENSG00000162631', 'ENSG00000162706', 'ENSG00000106278', 'ENSG00000155966', 'ENSG00000171385', 'ENSG00000185518']",0.039194234,fold_1
4.1,author_cell_type,HAC75,387,0.09789380005932957,0.08847184986595175,0.17054263565891473,507974,680,321,66,5,"['ENSG00000144366', 'ENSG00000127329', 'ENSG00000152784', 'ENSG00000163110', 'ENSG00000115556']","['ENSG00000166426', 'ENSG00000144366', 'ENSG00000127329', 'ENSG00000152784', 'ENSG00000163110', 'ENSG00000115556', 'ENSG00000153823', 'ENSG00000136002', 'ENSG00000183654', 'ENSG00000152910']",0.060479112,fold_1
4.1,author_cell_type,HAC77,246,0.02440214738897023,0.020768431983385256,0.08130081300813008,507852,943,226,20,6,"['ENSG00000178904', 'ENSG00000144677', 'ENSG00000171130', 'ENSG00000164483', 'ENSG00000136261', 'ENSG00000115556']","['ENSG00000178904', 'ENSG00000144677', 'ENSG00000171130', 'ENSG00000164483', 'ENSG00000136261', 'ENSG00000115556', 'ENSG00000119771', 'ENSG00000106278', 'ENSG00000107731', 'ENSG00000143924']",0.048314214,fold_1
4.1,author_cell_type,HAC78,241,0.3435114503816794,0.7105263157894737,0.11203319502074689,508789,11,214,27,4,"['ENSG00000074966', 'ENSG00000204767', 'ENSG00000163285', 'ENSG00000112964']","['ENSG00000074966', 'ENSG00000204767', 'ENSG00000163285', 'ENSG00000112964', 'ENSG00000070808', 'ENSG00000099715', 'ENSG00000101605', 'ENSG00000153823', 'ENSG00000154380', 'ENSG00000137872']",0.08246775,fold_1
4.1,author_cell_type,HAC79,186,0.33248081841432225,0.348993288590604,0.27956989247311825,508758,97,134,52,5,"['ENSG00000171246', 'ENSG00000188107', 'ENSG00000198691', 'ENSG00000133816', 'ENSG00000155966']","['ENSG00000171246', 'ENSG00000163914', 'ENSG00000188107', 'ENSG00000198691', 'ENSG00000133816', 'ENSG00000155966', 'ENSG00000169122', 'ENSG00000026652', 'ENSG00000139132', 'ENSG00000106688']",0.047194194,fold_1
4.1,author_cell_type,HAC80,165,0.056032872618602916,0.04777070063694268,0.18181818181818182,508278,598,135,30,5,"['ENSG00000188042', 'ENSG00000164326', 'ENSG00000106799', 'ENSG00000138378', 'ENSG00000117643']","['ENSG00000188042', 'ENSG00000164326', 'ENSG00000106799', 'ENSG00000138378', 'ENSG00000132321', 'ENSG00000117643', 'ENSG00000147488', 'ENSG00000183166', 'ENSG00000155966', 'ENSG00000171385']",0.044292103,fold_1
4.1,author_cell_type,HAC81,159,0.047765267826680315,0.04040404040404041,0.1761006289308176,508217,665,131,28,5,"['ENSG00000196557', 'ENSG00000118946', 'ENSG00000152784', 'ENSG00000127329', 'ENSG00000099715']","['ENSG00000196557', 'ENSG00000169860', 'ENSG00000118946', 'ENSG00000152784', 'ENSG00000127329', 'ENSG00000099715', 'ENSG00000080200', 'ENSG00000140945', 'ENSG00000144366', 'ENSG00000153823']",0.089098044,fold_1
4.1,author_cell_type,HAC82,151,0.18890200708382526,0.1839080459770115,0.2119205298013245,508748,142,119,32,5,"['ENSG00000050628', 'ENSG00000148737', 'ENSG00000198108', 'ENSG00000140945', 'ENSG00000163914']","['ENSG00000050628', 'ENSG00000148737', 'ENSG00000198108', 'ENSG00000164326', 'ENSG00000140945', 'ENSG00000163914', 'ENSG00000127329', 'ENSG00000183662', 'ENSG00000188107', 'ENSG00000105507']",0.11802064,fold_1
4.1,author_cell_type,HAC84,117,0.5172413793103449,0.75,0.23076923076923078,508915,9,90,27,5,"['ENSG00000188107', 'ENSG00000070808', 'ENSG00000198691', 'ENSG00000147488', 'ENSG00000150394']","['ENSG00000188107', 'ENSG00000070808', 'ENSG00000105507', 'ENSG00000198691', 'ENSG00000147488', 'ENSG00000150394', 'ENSG00000171385', 'ENSG00000183166', 'ENSG00000106278', 'ENSG00000185052']",0.04639185,fold_1
4.1,author_cell_type,HAC86,94,0.2347417840375587,0.24096385542168675,0.2127659574468085,508884,63,74,20,6,"['ENSG00000150907', 'ENSG00000101144', 'ENSG00000198108', 'ENSG00000179981', 'ENSG00000204767', 'ENSG00000163914']","['ENSG00000150907', 'ENSG00000101144', 'ENSG00000198108', 'ENSG00000179981', 'ENSG00000204767', 'ENSG00000163914', 'ENSG00000101605', 'ENSG00000188107', 'ENSG00000140945', 'ENSG00000198691']",0.10090834,fold_1
4.1,author_cell_type,HAC87,90,0.01774622892635315,0.014787430683918669,0.08888888888888889,508418,533,82,8,5,"['ENSG00000036672', 'ENSG00000107554', 'ENSG00000103056', 'ENSG00000185742', 'ENSG00000164638']","['ENSG00000166164', 'ENSG00000036672', 'ENSG00000107554', 'ENSG00000103056', 'ENSG00000185742', 'ENSG00000164638', 'ENSG00000152784', 'ENSG00000080200', 'ENSG00000119900', 'ENSG00000183166']",0.121831484,fold_1
4.1,author_cell_type,HAC88,87,0.03451251078515962,0.029850746268656716,0.09195402298850575,508694,260,79,8,6,"['ENSG00000144366', 'ENSG00000158258', 'ENSG00000150394', 'ENSG00000163328', 'ENSG00000162631', 'ENSG00000164070']","['ENSG00000144366', 'ENSG00000158258', 'ENSG00000150394', 'ENSG00000163328', 'ENSG00000162631', 'ENSG00000164070', 'ENSG00000026652', 'ENSG00000155966', 'ENSG00000151322', 'ENSG00000106278']",0.04288859,fold_1
4.1,author_cell_type,HAC89,84,0.10638297872340426,0.1,0.14285714285714285,508849,108,72,12,5,"['ENSG00000138653', 'ENSG00000166426', 'ENSG00000118946', 'ENSG00000120693', 'ENSG00000163914']","['ENSG00000138653', 'ENSG00000166426', 'ENSG00000118946', 'ENSG00000120693', 'ENSG00000163914', 'ENSG00000120907', 'ENSG00000163110', 'ENSG00000188107', 'ENSG00000144366', 'ENSG00000198691']",0.13616474,fold_1
4.1,author_cell_type,HAC90,79,0.44025157232704404,0.7,0.17721518987341772,508956,6,65,14,5,"['ENSG00000106799', 'ENSG00000188107', 'ENSG00000136111', 'ENSG00000198691', 'ENSG00000144366']","['ENSG00000106799', 'ENSG00000188107', 'ENSG00000136111', 'ENSG00000198691', 'ENSG00000144366', 'ENSG00000105507', 'ENSG00000162631', 'ENSG00000155966', 'ENSG00000139132', 'ENSG00000033867']",0.069656536,fold_1
4.1,author_cell_type,HAC91,74,0.10188087774294671,0.09219858156028368,0.17567567567567569,508839,128,61,13,5,"['ENSG00000106799', 'ENSG00000070808', 'ENSG00000162706', 'ENSG00000136111', 'ENSG00000147488']","['ENSG00000169857', 'ENSG00000106799', 'ENSG00000070808', 'ENSG00000162706', 'ENSG00000136111', 'ENSG00000147488', 'ENSG00000150394', 'ENSG00000162631', 'ENSG00000171385', 'ENSG00000183166']",0.04974531,fold_1
4.1,author_cell_type,HAC92,65,0.060882800608828,0.05405405405405406,0.12307692307692308,508836,140,57,8,5,"['ENSG00000138386', 'ENSG00000173157', 'ENSG00000138378', 'ENSG00000163914', 'ENSG00000164326']","['ENSG00000138386', 'ENSG00000173157', 'ENSG00000138378', 'ENSG00000163914', 'ENSG00000179981', 'ENSG00000164326', 'ENSG00000106799', 'ENSG00000188107', 'ENSG00000132321', 'ENSG00000198691']",0.085549824,fold_1
4.1,author_cell_type,HAC93,55,0.5555555555555556,0.6551724137931034,0.34545454545454546,508976,10,36,19,5,"['ENSG00000008441', 'ENSG00000183662', 'ENSG00000188107', 'ENSG00000198691', 'ENSG00000132321']","['ENSG00000008441', 'ENSG00000183662', 'ENSG00000188107', 'ENSG00000165194', 'ENSG00000198691', 'ENSG00000132321', 'ENSG00000140945', 'ENSG00000129595', 'ENSG00000158258', 'ENSG00000033867']",0.061465807,fold_1
4.1,author_cell_type,HAC95,39,0.5172413793103449,0.75,0.23076923076923078,508999,3,30,9,5,"['ENSG00000169857', 'ENSG00000138653', 'ENSG00000163914', 'ENSG00000127329', 'ENSG00000188107']","['ENSG00000169857', 'ENSG00000138653', 'ENSG00000120907', 'ENSG00000163914', 'ENSG00000127329', 'ENSG00000188107', 'ENSG00000198691', 'ENSG00000044524', 'ENSG00000106278', 'ENSG00000033867']",0.078821555,fold_1
4.1,author_cell_type,HRGC3,7454,0.604911906033102,0.8038311457963817,0.30399785350147573,501034,553,5188,2266,2,"['ENSG00000164305', 'ENSG00000172020']","['ENSG00000164305', 'ENSG00000087076', 'ENSG00000118495', 'ENSG00000188290', 'ENSG00000172020', 'ENSG00000155980', 'ENSG00000158258', 'ENSG00000105784', 'ENSG00000026652', 'ENSG00000171385']",0.6136686,fold_1
4.1,author_cell_type,HRGC4,7454,0.28687535205600706,0.327816091954023,0.19130668097665682,498663,2924,6028,1426,1,['ENSG00000179832'],"['ENSG00000155980', 'ENSG00000133816', 'ENSG00000179832', 'ENSG00000117643', 'ENSG00000129595', 'ENSG00000127481', 'ENSG00000158258', 'ENSG00000154153', 'ENSG00000088367', 'ENSG00000105784']",0.06780273,fold_1
4.1,author_cell_type,HRGC5,6657,0.3175891501282924,0.390032154340836,0.1822142106053778,500487,1897,5444,1213,2,"['ENSG00000104432', 'ENSG00000162631']","['ENSG00000173267', 'ENSG00000104432', 'ENSG00000123416', 'ENSG00000154277', 'ENSG00000117616', 'ENSG00000162631', 'ENSG00000143919', 'ENSG00000145012']",0.052894816,fold_1
4.1,author_cell_type,HRGC9,2890,0.3789659224441833,0.45907473309608543,0.2231833910034602,505391,760,2245,645,3,"['ENSG00000118495', 'ENSG00000196569', 'ENSG00000172020']","['ENSG00000118495', 'ENSG00000106789', 'ENSG00000196569', 'ENSG00000100364', 'ENSG00000198108', 'ENSG00000172020', 'ENSG00000136068', 'ENSG00000129595', 'ENSG00000143919', 'ENSG00000154277']",0.05323774,fold_1
4.1,author_cell_type,HRGC10,2309,0.13268080478520936,0.11584111410033233,0.3170203551320918,501145,5587,1577,732,6,"['ENSG00000106789', 'ENSG00000047365', 'ENSG00000074966', 'ENSG00000133816', 'ENSG00000163110', 'ENSG00000129595']","['ENSG00000106789', 'ENSG00000047365', 'ENSG00000074966', 'ENSG00000133816', 'ENSG00000163110', 'ENSG00000129595', 'ENSG00000188107', 'ENSG00000158258', 'ENSG00000154153', 'ENSG00000164483']",0.087316304,fold_1
4.1,author_cell_type,HRGC11,1869,0.39093242087254065,0.4597585513078471,0.24451578384162653,506635,537,1412,457,6,"['ENSG00000160801', 'ENSG00000237289', 'ENSG00000258986', 'ENSG00000138386', 'ENSG00000198840', 'ENSG00000047365']","['ENSG00000160801', 'ENSG00000237289', 'ENSG00000258986', 'ENSG00000138386', 'ENSG00000198840', 'ENSG00000047365', 'ENSG00000074966', 'ENSG00000162390', 'ENSG00000133816', 'ENSG00000198712']",0.3634053,fold_1
4.1,author_cell_type,IMB,7454,0.6956949187622892,0.9059973045822103,0.3607459082371881,501308,279,4765,2689,2,"['ENSG00000113100', 'ENSG00000017427']","['ENSG00000163297', 'ENSG00000179833', 'ENSG00000113100', 'ENSG00000017427', 'ENSG00000173157', 'ENSG00000152784', 'ENSG00000177990', 'ENSG00000080200', 'ENSG00000147488', 'ENSG00000115556']",0.3614238,fold_1
4.1,author_cell_type,MG,7454,0.6995402298850575,0.8514269725797425,0.4082371880869332,501056,531,4411,3043,2,"['ENSG00000137573', 'ENSG00000196569']","['ENSG00000164300', 'ENSG00000147485', 'ENSG00000137573', 'ENSG00000077092', 'ENSG00000196569', 'ENSG00000148737', 'ENSG00000166426', 'ENSG00000134121', 'ENSG00000162390', 'ENSG00000144366']",0.24996424,fold_1
4.1,author_cell_type,MG_OFF,7454,0.2722699023379698,0.27946537059538273,0.24684733029246042,496843,4744,5614,1840,4,"['ENSG00000173267', 'ENSG00000047365', 'ENSG00000125772', 'ENSG00000133816']","['ENSG00000173267', 'ENSG00000047365', 'ENSG00000074966', 'ENSG00000125772', 'ENSG00000133816', 'ENSG00000163110', 'ENSG00000129595', 'ENSG00000104432', 'ENSG00000154153', 'ENSG00000158258']",0.12727457,fold_1
4.1,author_cell_type,MG_ON,7454,0.2916251246261216,0.2900195694716243,0.29822913871746715,496145,5442,5231,2223,4,"['ENSG00000074966', 'ENSG00000133816', 'ENSG00000158258', 'ENSG00000129595']","['ENSG00000173267', 'ENSG00000074966', 'ENSG00000133816', 'ENSG00000163110', 'ENSG00000158258', 'ENSG00000129595', 'ENSG00000104432', 'ENSG00000164483', 'ENSG00000162631', 'ENSG00000183654']",0.06894715,fold_1
4.1,author_cell_type,ML_Cone,7454,0.6465465823690802,0.9312714776632303,0.29085055004024685,501427,160,5286,2168,2,"['ENSG00000178105', 'ENSG00000188107']","['ENSG00000143774', 'ENSG00000139053', 'ENSG00000178105', 'ENSG00000168263', 'ENSG00000077092', 'ENSG00000188107', 'ENSG00000132953', 'ENSG00000088367', 'ENSG00000198691', 'ENSG00000033867']",0.2550761,fold_1
4.1,author_cell_type,Microglia,4894,0.8510891560528508,0.9606986899563319,0.5843890478136494,504030,117,2034,2860,1,['ENSG00000140678'],"['ENSG00000140678', 'ENSG00000059377', 'ENSG00000142583', 'ENSG00000107719', 'ENSG00000120063', 'ENSG00000090376', 'ENSG00000059804', 'ENSG00000165025', 'ENSG00000171943', 'ENSG00000196369']",1.0,fold_1
4.1,author_cell_type,OFF-SAC,4647,0.3340888932689465,0.4930909090909091,0.1459005810200129,503697,697,3969,678,2,"['ENSG00000106123', 'ENSG00000131069']","['ENSG00000157927', 'ENSG00000106123', 'ENSG00000131069', 'ENSG00000165434', 'ENSG00000136068', 'ENSG00000178904', 'ENSG00000099715', 'ENSG00000101605', 'ENSG00000166532', 'ENSG00000110675']",0.22184736,fold_1
4.1,author_cell_type,OFF-SAC*,274,0.05295178008111762,0.04514889529298751,0.17153284671532848,507773,994,227,47,6,"['ENSG00000157927', 'ENSG00000106123', 'ENSG00000047662', 'ENSG00000104324', 'ENSG00000131069', 'ENSG00000165434']","['ENSG00000157927', 'ENSG00000106123', 'ENSG00000047662', 'ENSG00000104324', 'ENSG00000131069', 'ENSG00000165434', 'ENSG00000178904', 'ENSG00000099715', 'ENSG00000115556', 'ENSG00000129595']",0.1723964,fold_1
4.1,author_cell_type,OFFx,7454,0.40077080690799105,0.5038331800061331,0.22041856721223504,499969,1618,5811,1643,2,"['ENSG00000152784', 'ENSG00000162631']","['ENSG00000152784', 'ENSG00000105507', 'ENSG00000162631', 'ENSG00000154153', 'ENSG00000147488', 'ENSG00000076554', 'ENSG00000184156', 'ENSG00000171385', 'ENSG00000185052', 'ENSG00000153233']",0.09749392,fold_1
4.1,author_cell_type,ON-SAC,7454,0.4810609343850221,0.5685019206145967,0.2978266702441642,499902,1685,5234,2220,2,"['ENSG00000106123', 'ENSG00000099715']","['ENSG00000157927', 'ENSG00000106123', 'ENSG00000131069', 'ENSG00000165434', 'ENSG00000178904', 'ENSG00000099715', 'ENSG00000140945', 'ENSG00000101605', 'ENSG00000129595', 'ENSG00000110675']",0.18502507,fold_1
4.1,author_cell_type,PENK,6329,0.3789553464283459,0.5050505050505051,0.1896034128614315,501536,1176,5129,1200,3,"['ENSG00000165186', 'ENSG00000153823', 'ENSG00000162631']","['ENSG00000165186', 'ENSG00000118946', 'ENSG00000099715', 'ENSG00000153823', 'ENSG00000171055', 'ENSG00000162631', 'ENSG00000183654', 'ENSG00000136002', 'ENSG00000111879', 'ENSG00000162989']",0.037610743,fold_1
4.1,author_cell_type,PG_OFF,7454,0.5803528850739151,0.7203314590115418,0.3265360880064395,500642,945,5020,2434,6,"['ENSG00000074966', 'ENSG00000198108', 'ENSG00000117643', 'ENSG00000158258', 'ENSG00000136111', 'ENSG00000106799']","['ENSG00000074966', 'ENSG00000198108', 'ENSG00000117643', 'ENSG00000158258', 'ENSG00000136111', 'ENSG00000106799', 'ENSG00000144366', 'ENSG00000101605', 'ENSG00000129595', 'ENSG00000133816']",0.07846537,fold_1
4.1,author_cell_type,PG_ON,6184,0.6674967518406236,0.802734375,0.398771021992238,502251,606,3718,2466,4,"['ENSG00000154447', 'ENSG00000120907', 'ENSG00000198108', 'ENSG00000158258']","['ENSG00000120693', 'ENSG00000154447', 'ENSG00000120907', 'ENSG00000198108', 'ENSG00000162390', 'ENSG00000158258', 'ENSG00000144366', 'ENSG00000179832', 'ENSG00000129595', 'ENSG00000101605']",0.09165065,fold_1
4.1,author_cell_type,RB,7454,0.6352055587724378,0.8940505297473512,0.2943386101422055,501327,260,5260,2194,2,"['ENSG00000107968', 'ENSG00000115556']","['ENSG00000107968', 'ENSG00000017427', 'ENSG00000103056', 'ENSG00000115556', 'ENSG00000152784', 'ENSG00000177990', 'ENSG00000105507', 'ENSG00000147488', 'ENSG00000162631', 'ENSG00000169122']",0.5831959,fold_1
4.1,author_cell_type,RPE,863,0.7825706791023025,0.8364485981308412,0.6222479721900348,508073,105,326,537,1,['ENSG00000142611'],"['ENSG00000142611', 'ENSG00000135697', 'ENSG00000152078', 'ENSG00000164949', 'ENSG00000162733', 'ENSG00000183273', 'ENSG00000101144', 'ENSG00000137573', 'ENSG00000118271', 'ENSG00000112562']",1.0,fold_1
4.1,author_cell_type,Rod,7454,0.8017177250287415,0.8575045207956601,0.6361685001341562,500799,788,2712,4742,2,"['ENSG00000105507', 'ENSG00000188107']","['ENSG00000168263', 'ENSG00000163914', 'ENSG00000169020', 'ENSG00000198691', 'ENSG00000105507', 'ENSG00000188107', 'ENSG00000139132', 'ENSG00000033867', 'ENSG00000044524', 'ENSG00000129595']",0.08167817,fold_1
4.1,author_cell_type,SEG,7454,0.3751279903192777,0.45952109464082097,0.21625972632143817,499691,1896,5842,1612,3,"['ENSG00000008441', 'ENSG00000147488', 'ENSG00000158258']","['ENSG00000047662', 'ENSG00000008441', 'ENSG00000147488', 'ENSG00000158258', 'ENSG00000106278', 'ENSG00000154153', 'ENSG00000112851', 'ENSG00000185052', 'ENSG00000134369', 'ENSG00000033867']",0.04464078,fold_1
4.1,author_cell_type,SEG*,234,0.4878048780487805,0.5269461077844312,0.37606837606837606,508728,79,146,88,5,"['ENSG00000008441', 'ENSG00000163914', 'ENSG00000188107', 'ENSG00000198691', 'ENSG00000147488']","['ENSG00000008441', 'ENSG00000163914', 'ENSG00000188107', 'ENSG00000105507', 'ENSG00000198691', 'ENSG00000147488', 'ENSG00000106278', 'ENSG00000033867', 'ENSG00000139132', 'ENSG00000183166']",0.06466089,fold_1
4.1,author_cell_type,S_Cone,7454,0.7318738780925622,0.8256658595641646,0.5032197477864234,500795,792,3703,3751,2,"['ENSG00000048540', 'ENSG00000118271']","['ENSG00000143514', 'ENSG00000139053', 'ENSG00000048540', 'ENSG00000118271', 'ENSG00000168263', 'ENSG00000164638', 'ENSG00000188107', 'ENSG00000198691', 'ENSG00000136111', 'ENSG00000033867']",0.31987032,fold_1
4.1,author_cell_type,VG3,7454,0.512297913500069,0.845014245014245,0.1989535819694124,501315,272,5971,1483,3,"['ENSG00000120693', 'ENSG00000163285', 'ENSG00000162631']","['ENSG00000120693', 'ENSG00000106799', 'ENSG00000132321', 'ENSG00000163285', 'ENSG00000162631', 'ENSG00000182168', 'ENSG00000147601', 'ENSG00000185052', 'ENSG00000080709', 'ENSG00000266028']",0.04387478,fold_1
4.1,author_cell_type,VG3*,584,0.13559850374064839,0.1326219512195122,0.14897260273972604,507888,569,497,87,6,"['ENSG00000120693', 'ENSG00000106799', 'ENSG00000132321', 'ENSG00000163285', 'ENSG00000100316', 'ENSG00000162631']","['ENSG00000120693', 'ENSG00000106799', 'ENSG00000132321', 'ENSG00000163285', 'ENSG00000100316', 'ENSG00000162631', 'ENSG00000182168', 'ENSG00000155966', 'ENSG00000185052', 'ENSG00000076554']",0.04182116,fold_1
4.1,author_cell_type,VIP,7454,0.537553787977572,0.8366311516996449,0.2212235041588409,501265,322,5805,1649,3,"['ENSG00000065809', 'ENSG00000118946', 'ENSG00000134121']","['ENSG00000180777', 'ENSG00000065809', 'ENSG00000118946', 'ENSG00000077092', 'ENSG00000134121', 'ENSG00000070808', 'ENSG00000137266', 'ENSG00000150394', 'ENSG00000044524', 'ENSG00000164483']",0.15441334,fold_1
4.1,author_cell_type,ipRGC,1292,0.4667207792207792,0.5740432612312812,0.26702786377708976,507493,256,947,345,3,"['ENSG00000106789', 'ENSG00000138653', 'ENSG00000134121']","['ENSG00000106789', 'ENSG00000138653', 'ENSG00000173267', 'ENSG00000134121', 'ENSG00000099194', 'ENSG00000100364', 'ENSG00000158258', 'ENSG00000155980', 'ENSG00000070808', 'ENSG00000104432']",0.15827654,fold_1
4.1,author_cell_type,nNOS,5919,0.2499158936896237,0.27941966684578184,0.1757053556343977,500440,2682,4879,1040,4,"['ENSG00000198108', 'ENSG00000196369', 'ENSG00000137266', 'ENSG00000155966']","['ENSG00000198108', 'ENSG00000196369', 'ENSG00000137266', 'ENSG00000155966', 'ENSG00000163328', 'ENSG00000141429', 'ENSG00000151322', 'ENSG00000156976', 'ENSG00000106688', 'ENSG00000183654']",0.031174049,fold_1
4.1,author_cell_type,AII,7454,0.5540252910980343,0.8309859154929577,0.23745639924872552,501227,360,5684,1770,2,"['ENSG00000170382', 'ENSG00000172403']","['ENSG00000159248', 'ENSG00000141753', 'ENSG00000170382', 'ENSG00000172403', 'ENSG00000075884', 'ENSG00000141750', 'ENSG00000128536', 'ENSG00000011677', 'ENSG00000165959', 'ENSG00000101463']",0.28742474,fold_2
4.1,author_cell_type,AII*,1057,0.13434396236278098,0.12082745651151858,0.24314096499526963,506114,1870,800,257,3,"['ENSG00000159248', 'ENSG00000141753', 'ENSG00000075884']","['ENSG00000159248', 'ENSG00000141753', 'ENSG00000075884', 'ENSG00000172403', 'ENSG00000141750', 'ENSG00000128536', 'ENSG00000011677', 'ENSG00000165959', 'ENSG00000101463', 'ENSG00000080823']",0.31815484,fold_2
4.1,author_cell_type,Astrocyte,7454,0.7209221096751659,0.7797506611258028,0.5537966192648243,500421,1166,3326,4128,1,['ENSG00000013297'],"['ENSG00000013297', 'ENSG00000008394', 'ENSG00000100767', 'ENSG00000064300', 'ENSG00000124225', 'ENSG00000170345', 'ENSG00000075884', 'ENSG00000196569', 'ENSG00000111962', 'ENSG00000144677']",1.0,fold_2
4.1,author_cell_type,BB,2931,0.4246575342465753,0.7311320754716981,0.1586489252814739,505939,171,2466,465,2,"['ENSG00000172071', 'ENSG00000070159']","['ENSG00000172071', 'ENSG00000070159', 'ENSG00000080573', 'ENSG00000080200', 'ENSG00000148655', 'ENSG00000165588', 'ENSG00000118515', 'ENSG00000164292', 'ENSG00000182771', 'ENSG00000109586']",0.30021882,fold_2
4.1,author_cell_type,CAI,450,0.6198347107438017,0.7894736842105263,0.3333333333333333,508551,40,300,150,3,"['ENSG00000069535', 'ENSG00000106018', 'ENSG00000179399']","['ENSG00000069535', 'ENSG00000106018', 'ENSG00000165084', 'ENSG00000139211', 'ENSG00000179399', 'ENSG00000135324', 'ENSG00000138378', 'ENSG00000070808', 'ENSG00000198300', 'ENSG00000150394']",0.31800726,fold_2
4.1,author_cell_type,CAII,3865,0.8229803872106956,0.8705803869246164,0.6752910737386805,504788,388,1255,2610,2,"['ENSG00000179399', 'ENSG00000149403']","['ENSG00000150051', 'ENSG00000171126', 'ENSG00000196562', 'ENSG00000166960', 'ENSG00000179399', 'ENSG00000149403', 'ENSG00000128641', 'ENSG00000138378', 'ENSG00000148541', 'ENSG00000163285']",0.15195622,fold_2
4.1,author_cell_type,DB1,7454,0.7704699716470487,0.9067239635995955,0.4812181379125302,501218,369,3867,3587,2,"['ENSG00000144227', 'ENSG00000080200']","['ENSG00000164161', 'ENSG00000104361', 'ENSG00000144227', 'ENSG00000080200', 'ENSG00000150394', 'ENSG00000109189', 'ENSG00000163527', 'ENSG00000165588', 'ENSG00000156273', 'ENSG00000145147']",0.10977673,fold_2
4.1,author_cell_type,DB2,7454,0.50671834625323,0.6593813046402152,0.26308022538234505,500574,1013,5493,1961,3,"['ENSG00000080200', 'ENSG00000173452', 'ENSG00000156273']","['ENSG00000158711', 'ENSG00000166569', 'ENSG00000080200', 'ENSG00000165959', 'ENSG00000173452', 'ENSG00000156273', 'ENSG00000102900', 'ENSG00000165588', 'ENSG00000109586', 'ENSG00000135074']",0.06850889,fold_2
4.1,author_cell_type,DB3a,7454,0.48007991538371136,0.6833960685905479,0.21921116179232628,500830,757,5820,1634,2,"['ENSG00000170381', 'ENSG00000163527']","['ENSG00000080573', 'ENSG00000140391', 'ENSG00000170381', 'ENSG00000134115', 'ENSG00000163527', 'ENSG00000163536', 'ENSG00000184611', 'ENSG00000156273', 'ENSG00000165588', 'ENSG00000102900']",0.10002303,fold_2
4.1,author_cell_type,DB3b,7454,0.6722787326084415,0.9531703273932863,0.30855916286557555,501474,113,5154,2300,2,"['ENSG00000129167', 'ENSG00000165084']","['ENSG00000129167', 'ENSG00000197971', 'ENSG00000165084', 'ENSG00000187123', 'ENSG00000080573', 'ENSG00000166569', 'ENSG00000165959', 'ENSG00000080200', 'ENSG00000174099', 'ENSG00000173452']",0.69336283,fold_2
4.1,author_cell_type,DB4a,7454,0.4707274879359009,0.5700110253583242,0.2774349342634827,500027,1560,5386,2068,3,"['ENSG00000196569', 'ENSG00000170381', 'ENSG00000165959']","['ENSG00000196569', 'ENSG00000166569', 'ENSG00000104361', 'ENSG00000186314', 'ENSG00000170381', 'ENSG00000165959', 'ENSG00000132321', 'ENSG00000080200', 'ENSG00000174099', 'ENSG00000101463']",0.10510627,fold_2
4.1,author_cell_type,DB4b,4553,0.5763728295378826,0.5612595419847328,0.6459477267735559,502189,2299,1612,2941,2,"['ENSG00000196569', 'ENSG00000186314']","['ENSG00000196569', 'ENSG00000104361', 'ENSG00000186314', 'ENSG00000170381', 'ENSG00000165959', 'ENSG00000174099', 'ENSG00000132321', 'ENSG00000165588', 'ENSG00000131773', 'ENSG00000173452']",0.21927306,fold_2
4.1,author_cell_type,DB5,7454,0.6642851408846432,0.7583046964490263,0.44405688221089346,500532,1055,4144,3310,3,"['ENSG00000186314', 'ENSG00000080200', 'ENSG00000170381']","['ENSG00000104361', 'ENSG00000186314', 'ENSG00000080200', 'ENSG00000170381', 'ENSG00000165959', 'ENSG00000173452', 'ENSG00000174099', 'ENSG00000150394', 'ENSG00000165588', 'ENSG00000163536']",0.12277873,fold_2
4.1,author_cell_type,DB6,7454,0.5427408412483039,0.8036529680365296,0.2361148376710491,501157,430,5694,1760,2,"['ENSG00000065675', 'ENSG00000150394']","['ENSG00000065675', 'ENSG00000080200', 'ENSG00000150394', 'ENSG00000165588', 'ENSG00000109586', 'ENSG00000221914', 'ENSG00000111052', 'ENSG00000131773', 'ENSG00000173926', 'ENSG00000198648']",0.2935966,fold_2
4.1,author_cell_type,FMB,7454,0.43469011487732234,0.7376654632972323,0.16447544942312853,501151,436,6228,1226,2,"['ENSG00000163491', 'ENSG00000080200']","['ENSG00000163491', 'ENSG00000164161', 'ENSG00000162885', 'ENSG00000080200', 'ENSG00000156273', 'ENSG00000165023', 'ENSG00000154153', 'ENSG00000165588', 'ENSG00000131773', 'ENSG00000102900']",0.19576147,fold_2
4.1,author_cell_type,GB,7454,0.5133670139985265,0.6757880152407343,0.26173866380466865,500651,936,5503,1951,2,"['ENSG00000080573', 'ENSG00000111962']","['ENSG00000131378', 'ENSG00000158711', 'ENSG00000172071', 'ENSG00000080573', 'ENSG00000111962', 'ENSG00000162885', 'ENSG00000080200', 'ENSG00000165588', 'ENSG00000109189', 'ENSG00000118515']",0.21859345,fold_2
4.1,author_cell_type,H1,7454,0.3530201342281879,0.4237379162191192,0.21169841695733835,499441,2146,5876,1578,2,"['ENSG00000114923', 'ENSG00000078246']","['ENSG00000114923', 'ENSG00000170382', 'ENSG00000078246', 'ENSG00000164983', 'ENSG00000152413', 'ENSG00000007047', 'ENSG00000150764', 'ENSG00000154153', 'ENSG00000184611', 'ENSG00000106278']",0.34833854,fold_2
4.1,author_cell_type,H2,7454,0.442325485761283,0.5736666666666667,0.23088274751811108,500308,1279,5733,1721,2,"['ENSG00000170382', 'ENSG00000164983']","['ENSG00000114923', 'ENSG00000170382', 'ENSG00000215612', 'ENSG00000164983', 'ENSG00000104361', 'ENSG00000165959', 'ENSG00000179399', 'ENSG00000007047', 'ENSG00000090975', 'ENSG00000154153']",0.23807737,fold_2
4.1,author_cell_type,HAC2,7454,0.6382183693296465,0.7076859332918998,0.4582774349342635,500176,1411,4038,3416,2,"['ENSG00000144227', 'ENSG00000160145']","['ENSG00000182463', 'ENSG00000144227', 'ENSG00000101463', 'ENSG00000173452', 'ENSG00000118515', 'ENSG00000160145', 'ENSG00000040731', 'ENSG00000184611', 'ENSG00000131773', 'ENSG00000137177']",0.06268562,fold_2
4.1,author_cell_type,HAC3,7454,0.6331987891019173,0.8701848998459168,0.3030587603971022,501250,337,5195,2259,2,"['ENSG00000133454', 'ENSG00000182771']","['ENSG00000133454', 'ENSG00000107679', 'ENSG00000133816', 'ENSG00000144119', 'ENSG00000182771', 'ENSG00000145335', 'ENSG00000040731', 'ENSG00000160145', 'ENSG00000099250', 'ENSG00000185532']",0.21718259,fold_2
4.1,author_cell_type,HAC4,7454,0.43799288696458943,0.4337118795457445,0.4559967802522136,497149,4438,4055,3399,2,"['ENSG00000140287', 'ENSG00000135324']","['ENSG00000187123', 'ENSG00000140287', 'ENSG00000159685', 'ENSG00000135324', 'ENSG00000154065', 'ENSG00000214193', 'ENSG00000039560', 'ENSG00000163285', 'ENSG00000139083', 'ENSG00000144119']",0.18774351,fold_2
4.1,author_cell_type,HAC5,7454,0.3891954022988506,0.4736989367655288,0.22712637510061712,499706,1881,5761,1693,3,"['ENSG00000172403', 'ENSG00000125247', 'ENSG00000134115']","['ENSG00000110237', 'ENSG00000172403', 'ENSG00000169116', 'ENSG00000125247', 'ENSG00000127329', 'ENSG00000134115', 'ENSG00000039560', 'ENSG00000150938', 'ENSG00000118515', 'ENSG00000152154']",0.09357875,fold_2
4.1,author_cell_type,HAC6,7454,0.3167742831354579,0.3418883476957662,0.2448349879259458,498074,3513,5629,1825,3,"['ENSG00000169116', 'ENSG00000150938', 'ENSG00000185274']","['ENSG00000169116', 'ENSG00000039560', 'ENSG00000144119', 'ENSG00000150938', 'ENSG00000185274', 'ENSG00000147010', 'ENSG00000164292', 'ENSG00000135074', 'ENSG00000040731', 'ENSG00000152154']",0.042484626,fold_2
4.1,author_cell_type,HAC8,7454,0.4581056466302368,0.6694764862466726,0.20244164207137108,500842,745,5945,1509,2,"['ENSG00000138650', 'ENSG00000101463']","['ENSG00000138650', 'ENSG00000122870', 'ENSG00000165023', 'ENSG00000101463', 'ENSG00000163536', 'ENSG00000163527', 'ENSG00000196935', 'ENSG00000174080', 'ENSG00000099250', 'ENSG00000106278']",0.09482068,fold_2
4.1,author_cell_type,HAC9,7454,0.4938094990376112,0.49006195147134746,0.5093909310437349,497636,3951,3657,3797,2,"['ENSG00000187123', 'ENSG00000140287']","['ENSG00000187123', 'ENSG00000140287', 'ENSG00000077782', 'ENSG00000163285', 'ENSG00000139083', 'ENSG00000144119', 'ENSG00000039560', 'ENSG00000109189', 'ENSG00000133816', 'ENSG00000150394']",0.24200863,fold_2
4.1,author_cell_type,HAC11,7454,0.45730607336139506,0.6630340017436792,0.20405151596458276,500814,773,5933,1521,4,"['ENSG00000127329', 'ENSG00000134115', 'ENSG00000173452', 'ENSG00000040731']","['ENSG00000127329', 'ENSG00000011677', 'ENSG00000134115', 'ENSG00000039560', 'ENSG00000173452', 'ENSG00000040731', 'ENSG00000139364', 'ENSG00000150938', 'ENSG00000164292', 'ENSG00000185274']",0.054277577,fold_2
4.1,author_cell_type,HAC12,7454,0.534740749333024,0.7535758071107479,0.247383954923531,500984,603,5610,1844,2,"['ENSG00000119866', 'ENSG00000164292']","['ENSG00000119866', 'ENSG00000134115', 'ENSG00000164292', 'ENSG00000123552', 'ENSG00000106278', 'ENSG00000112379', 'ENSG00000154153', 'ENSG00000164418', 'ENSG00000145335', 'ENSG00000064309']",0.10049275,fold_2
4.1,author_cell_type,HAC13,7454,0.46290039194485744,0.7461873638344226,0.1837939361416689,501121,466,6084,1370,3,"['ENSG00000165675', 'ENSG00000143340', 'ENSG00000125247']","['ENSG00000030419', 'ENSG00000165675', 'ENSG00000089250', 'ENSG00000143340', 'ENSG00000125247', 'ENSG00000135862', 'ENSG00000127329', 'ENSG00000138650', 'ENSG00000198785', 'ENSG00000150938']",0.10810532,fold_2
4.1,author_cell_type,HAC14,7454,0.6901253807466176,0.7501443695861405,0.5228065468204991,500289,1298,3557,3897,2,"['ENSG00000128918', 'ENSG00000182463']","['ENSG00000128918', 'ENSG00000182463', 'ENSG00000148655', 'ENSG00000132321', 'ENSG00000112379', 'ENSG00000101463', 'ENSG00000164292', 'ENSG00000106278', 'ENSG00000184611', 'ENSG00000164418']",0.17069986,fold_2
4.1,author_cell_type,HAC15,7454,0.27013094133415816,0.35097119892833223,0.14059565334048832,499649,1938,6406,1048,5,"['ENSG00000011677', 'ENSG00000150938', 'ENSG00000139364', 'ENSG00000152154', 'ENSG00000145335']","['ENSG00000011677', 'ENSG00000150938', 'ENSG00000139364', 'ENSG00000152154', 'ENSG00000147010', 'ENSG00000145335', 'ENSG00000152894', 'ENSG00000040731', 'ENSG00000185274', 'ENSG00000145147']",0.02920719,fold_2
4.1,author_cell_type,HAC17,7454,0.6580608146873207,0.9198075380914194,0.30775422591896967,501387,200,5160,2294,3,"['ENSG00000182463', 'ENSG00000144227', 'ENSG00000132321']","['ENSG00000182463', 'ENSG00000144227', 'ENSG00000101463', 'ENSG00000132321', 'ENSG00000118515', 'ENSG00000106278', 'ENSG00000111110', 'ENSG00000185274', 'ENSG00000184349']",0.1026918,fold_2
4.1,author_cell_type,HAC18,7454,0.6876774559909142,0.9539188656951556,0.3249262141132278,501470,117,5032,2422,2,"['ENSG00000146477', 'ENSG00000122870']","['ENSG00000146477', 'ENSG00000140287', 'ENSG00000122870', 'ENSG00000154065', 'ENSG00000011677', 'ENSG00000070808', 'ENSG00000144119', 'ENSG00000163536', 'ENSG00000160145', 'ENSG00000131773']",0.37303418,fold_2
4.1,author_cell_type,HAC19,7454,0.6933514246947082,0.8367903930131004,0.41132277971558895,500989,598,4388,3066,2,"['ENSG00000154146', 'ENSG00000144119']","['ENSG00000154146', 'ENSG00000106080', 'ENSG00000134207', 'ENSG00000101493', 'ENSG00000144119', 'ENSG00000091136', 'ENSG00000122870', 'ENSG00000173452', 'ENSG00000163285', 'ENSG00000185532']",0.31690177,fold_2
4.1,author_cell_type,HAC20,7454,0.5091207412411929,0.6361169731685258,0.28306949288972366,500380,1207,5344,2110,3,"['ENSG00000132321', 'ENSG00000185532', 'ENSG00000099250']","['ENSG00000138378', 'ENSG00000132321', 'ENSG00000173452', 'ENSG00000185532', 'ENSG00000099250', 'ENSG00000141431', 'ENSG00000182771', 'ENSG00000040731', 'ENSG00000105738']",0.033464633,fold_2
4.1,author_cell_type,HAC21,7454,0.6260592164290699,0.7969543147208121,0.33700026831231555,500947,640,4942,2512,3,"['ENSG00000047662', 'ENSG00000119866', 'ENSG00000170381']","['ENSG00000196581', 'ENSG00000047662', 'ENSG00000119866', 'ENSG00000170381', 'ENSG00000148541', 'ENSG00000196369', 'ENSG00000134115', 'ENSG00000123552', 'ENSG00000101463', 'ENSG00000106278']",0.1387956,fold_2
4.1,author_cell_type,HAC23,6583,0.33756432246998286,0.4924924924924925,0.14947592283153577,501444,1014,5599,984,5,"['ENSG00000139211', 'ENSG00000070808', 'ENSG00000150394', 'ENSG00000144119', 'ENSG00000169122']","['ENSG00000139211', 'ENSG00000070808', 'ENSG00000109189', 'ENSG00000150394', 'ENSG00000144119', 'ENSG00000169122', 'ENSG00000150938', 'ENSG00000112379', 'ENSG00000131773', 'ENSG00000145335']",0.04261094,fold_2
4.1,author_cell_type,HAC24,6337,0.3957240555076024,0.5465382851902797,0.18810162537478303,501715,989,5145,1192,5,"['ENSG00000141753', 'ENSG00000198785', 'ENSG00000070808', 'ENSG00000148541', 'ENSG00000039560']","['ENSG00000141753', 'ENSG00000172817', 'ENSG00000198785', 'ENSG00000070808', 'ENSG00000148541', 'ENSG00000039560', 'ENSG00000150394', 'ENSG00000131773', 'ENSG00000145147', 'ENSG00000152894']",0.06609993,fold_2
4.1,author_cell_type,HAC26,5929,0.31644389182468136,0.40094525403702247,0.17169843143869118,501591,1521,4911,1018,4,"['ENSG00000179399', 'ENSG00000138378', 'ENSG00000112379', 'ENSG00000173452']","['ENSG00000179399', 'ENSG00000138378', 'ENSG00000163285', 'ENSG00000150593', 'ENSG00000112379', 'ENSG00000173452', 'ENSG00000101856', 'ENSG00000187323', 'ENSG00000106278', 'ENSG00000111110']",0.05449036,fold_2
4.1,author_cell_type,HAC27,5887,0.6759151744790075,0.8445971744940817,0.375743162901308,502747,407,3675,2212,2,"['ENSG00000106018', 'ENSG00000145147']","['ENSG00000106018', 'ENSG00000198300', 'ENSG00000174080', 'ENSG00000145147', 'ENSG00000145335', 'ENSG00000185532', 'ENSG00000174482', 'ENSG00000099250', 'ENSG00000146350', 'ENSG00000160145']",0.35779592,fold_2
4.1,author_cell_type,HAC28,5622,0.4063534605076462,0.5838052095130238,0.18338669512628958,502684,735,4591,1031,3,"['ENSG00000172817', 'ENSG00000136811', 'ENSG00000122870']","['ENSG00000172817', 'ENSG00000136811', 'ENSG00000214193', 'ENSG00000122870', 'ENSG00000148541', 'ENSG00000039560', 'ENSG00000198785', 'ENSG00000148655', 'ENSG00000090975', 'ENSG00000101463']",0.1420259,fold_2
4.1,author_cell_type,HAC29,5021,0.5525352848928384,0.9304577464788732,0.21051583349930292,503941,79,3964,1057,3,"['ENSG00000128655', 'ENSG00000163285', 'ENSG00000118515']","['ENSG00000128655', 'ENSG00000138650', 'ENSG00000163536', 'ENSG00000163285', 'ENSG00000091136', 'ENSG00000118515', 'ENSG00000198300', 'ENSG00000145147', 'ENSG00000040731', 'ENSG00000150938']",0.059733737,fold_2
4.1,author_cell_type,HAC30,4936,0.3691301607311692,0.48323878287777206,0.1898298217179903,503103,1002,3999,937,4,"['ENSG00000172817', 'ENSG00000077782', 'ENSG00000122870', 'ENSG00000147010']","['ENSG00000172817', 'ENSG00000077782', 'ENSG00000122870', 'ENSG00000091136', 'ENSG00000151376', 'ENSG00000147010', 'ENSG00000145147', 'ENSG00000152894', 'ENSG00000152154', 'ENSG00000187323']",0.07898241,fold_2
4.1,author_cell_type,HAC32,4645,0.5492188248825841,0.7919834139599171,0.24671689989235737,504095,301,3499,1146,3,"['ENSG00000119866', 'ENSG00000151812', 'ENSG00000150394']","['ENSG00000119866', 'ENSG00000070808', 'ENSG00000151812', 'ENSG00000150394', 'ENSG00000123552', 'ENSG00000196369', 'ENSG00000163536', 'ENSG00000106278', 'ENSG00000117632', 'ENSG00000164292']",0.051990744,fold_2
4.1,author_cell_type,HAC33,4613,0.6725991507814617,0.9225526641883519,0.32278343810969,504303,125,3124,1489,3,"['ENSG00000135272', 'ENSG00000149403', 'ENSG00000119866']","['ENSG00000171126', 'ENSG00000135272', 'ENSG00000149403', 'ENSG00000162374', 'ENSG00000119866', 'ENSG00000169116', 'ENSG00000182463', 'ENSG00000170381', 'ENSG00000134115', 'ENSG00000163536']",0.13583414,fold_2
4.1,author_cell_type,HAC34,4222,0.6276425134859309,0.7253580454928391,0.4078635717669351,504167,652,2500,1722,2,"['ENSG00000165675', 'ENSG00000179399']","['ENSG00000165675', 'ENSG00000179399', 'ENSG00000159788', 'ENSG00000138769', 'ENSG00000091136', 'ENSG00000169122', 'ENSG00000150394', 'ENSG00000090975', 'ENSG00000134333', 'ENSG00000131773']",0.17813508,fold_2
4.1,author_cell_type,HAC35,3872,0.5613317757009346,0.8199658703071673,0.24819214876033058,504958,211,2911,961,4,"['ENSG00000144227', 'ENSG00000132321', 'ENSG00000163285', 'ENSG00000173452']","['ENSG00000144227', 'ENSG00000132321', 'ENSG00000163285', 'ENSG00000163536', 'ENSG00000173452', 'ENSG00000196935', 'ENSG00000108091', 'ENSG00000058091', 'ENSG00000111110', 'ENSG00000139364']",0.06813885,fold_2
4.1,author_cell_type,HAC37,3831,0.3434847728407389,0.445019404915912,0.17958757504568,504352,858,3143,688,4,"['ENSG00000143340', 'ENSG00000198785', 'ENSG00000150394', 'ENSG00000145335']","['ENSG00000109738', 'ENSG00000143340', 'ENSG00000198785', 'ENSG00000150394', 'ENSG00000198300', 'ENSG00000145335', 'ENSG00000150938', 'ENSG00000185532', 'ENSG00000174482', 'ENSG00000147010']",0.04863179,fold_2
4.1,author_cell_type,HAC38,3814,0.5918757268649277,0.6930933852140078,0.37362349239643416,504596,631,2389,1425,3,"['ENSG00000139263', 'ENSG00000182463', 'ENSG00000144119']","['ENSG00000139263', 'ENSG00000169116', 'ENSG00000182463', 'ENSG00000125247', 'ENSG00000144119', 'ENSG00000133816', 'ENSG00000133216', 'ENSG00000104432', 'ENSG00000150938', 'ENSG00000185274']",0.06826241,fold_2
4.1,author_cell_type,HAC39,3140,0.15232811931611495,0.1705702647657841,0.10668789808917198,504272,1629,2805,335,6,"['ENSG00000169764', 'ENSG00000109738', 'ENSG00000162374', 'ENSG00000144119', 'ENSG00000134333', 'ENSG00000104432']","['ENSG00000169764', 'ENSG00000109738', 'ENSG00000162374', 'ENSG00000144119', 'ENSG00000134333', 'ENSG00000104432', 'ENSG00000150938', 'ENSG00000139364', 'ENSG00000040731', 'ENSG00000187323']",0.054574937,fold_2
4.1,author_cell_type,HAC40,3095,0.32363224038552396,0.3659188034188034,0.22132471728594508,504759,1187,2410,685,5,"['ENSG00000134207', 'ENSG00000135862', 'ENSG00000139083', 'ENSG00000163285', 'ENSG00000150394']","['ENSG00000134207', 'ENSG00000135862', 'ENSG00000144119', 'ENSG00000139083', 'ENSG00000163285', 'ENSG00000150394', 'ENSG00000156273', 'ENSG00000187323', 'ENSG00000141622', 'ENSG00000152894']",0.05481919,fold_2
4.1,author_cell_type,HAC41,3032,0.4990942028985507,0.8858520900321544,0.1817282321899736,505938,71,2481,551,3,"['ENSG00000128641', 'ENSG00000135324', 'ENSG00000179399']","['ENSG00000205542', 'ENSG00000128641', 'ENSG00000166960', 'ENSG00000139211', 'ENSG00000135324', 'ENSG00000179399', 'ENSG00000120162', 'ENSG00000144119', 'ENSG00000131773', 'ENSG00000152154']",0.1255393,fold_2
4.1,author_cell_type,HAC42,2695,0.26049700085689803,0.3872611464968153,0.11280148423005566,505865,481,2391,304,3,"['ENSG00000163536', 'ENSG00000117632', 'ENSG00000106278']","['ENSG00000134115', 'ENSG00000163536', 'ENSG00000123552', 'ENSG00000117632', 'ENSG00000106278', 'ENSG00000184611', 'ENSG00000164418']",0.048469666,fold_2
4.1,author_cell_type,HAC44,2576,0.44218372280419016,0.7353433835845896,0.1704192546583851,506307,158,2137,439,4,"['ENSG00000138650', 'ENSG00000132321', 'ENSG00000151812', 'ENSG00000196935']","['ENSG00000138650', 'ENSG00000127329', 'ENSG00000132321', 'ENSG00000198785', 'ENSG00000151812', 'ENSG00000196935', 'ENSG00000156273', 'ENSG00000066629', 'ENSG00000184611', 'ENSG00000106278']",0.06337526,fold_2
4.1,author_cell_type,HAC45,2312,0.4670762444864524,0.5877106045589693,0.2564878892733564,506313,416,1719,593,3,"['ENSG00000166960', 'ENSG00000120162', 'ENSG00000122870']","['ENSG00000166960', 'ENSG00000120162', 'ENSG00000154065', 'ENSG00000135324', 'ENSG00000214193', 'ENSG00000122870', 'ENSG00000163285', 'ENSG00000101463', 'ENSG00000196935', 'ENSG00000118515']",0.14463162,fold_2
4.1,author_cell_type,HAC46,2299,0.3915268356539331,0.43119266055045874,0.28621139625924313,505874,868,1641,658,4,"['ENSG00000138378', 'ENSG00000198785', 'ENSG00000106278', 'ENSG00000185532']","['ENSG00000138378', 'ENSG00000198785', 'ENSG00000132321', 'ENSG00000106278', 'ENSG00000185532', 'ENSG00000173452', 'ENSG00000185274', 'ENSG00000156273', 'ENSG00000187323', 'ENSG00000040731']",0.06010834,fold_2
4.1,author_cell_type,HAC48,2215,0.3901494189263973,0.41348973607038125,0.3182844243792325,505826,1000,1510,705,2,"['ENSG00000196935', 'ENSG00000145147']","['ENSG00000174672', 'ENSG00000196935', 'ENSG00000099250', 'ENSG00000145147', 'ENSG00000145194', 'ENSG00000109586', 'ENSG00000145335', 'ENSG00000187323', 'ENSG00000146350', 'ENSG00000165392']",0.033924513,fold_2
4.1,author_cell_type,HAC49,2031,0.5890029580650774,0.728740581270183,0.3333333333333333,506758,252,1354,677,4,"['ENSG00000182463', 'ENSG00000134115', 'ENSG00000144119', 'ENSG00000151376']","['ENSG00000172403', 'ENSG00000182463', 'ENSG00000134115', 'ENSG00000139437', 'ENSG00000144119', 'ENSG00000151376', 'ENSG00000185274', 'ENSG00000139364', 'ENSG00000187323', 'ENSG00000135074']",0.061429292,fold_2
4.1,author_cell_type,HAC50,1561,0.3656327824315146,0.4523809523809524,0.20691864189622036,507089,391,1238,323,4,"['ENSG00000119866', 'ENSG00000144227', 'ENSG00000127329', 'ENSG00000106278']","['ENSG00000119866', 'ENSG00000144227', 'ENSG00000127329', 'ENSG00000123552', 'ENSG00000173452', 'ENSG00000106278', 'ENSG00000196935', 'ENSG00000033170', 'ENSG00000145335', 'ENSG00000184611']",0.08448914,fold_2
4.1,author_cell_type,HAC51,1453,0.3507440024293957,0.5021739130434782,0.15898141775636615,507359,229,1222,231,4,"['ENSG00000077782', 'ENSG00000166960', 'ENSG00000070808', 'ENSG00000132321']","['ENSG00000077782', 'ENSG00000166960', 'ENSG00000214193', 'ENSG00000070808', 'ENSG00000091136', 'ENSG00000132321', 'ENSG00000148655', 'ENSG00000131773', 'ENSG00000150938', 'ENSG00000112379']",0.124416985,fold_2
4.1,author_cell_type,HAC52,1278,0.28753993610223644,0.38876889848812096,0.14084507042253522,507480,283,1098,180,3,"['ENSG00000120162', 'ENSG00000150394', 'ENSG00000133816']","['ENSG00000120162', 'ENSG00000138650', 'ENSG00000145990', 'ENSG00000150394', 'ENSG00000133816', 'ENSG00000118515', 'ENSG00000152154', 'ENSG00000147010', 'ENSG00000173926', 'ENSG00000102900']",0.06546532,fold_2
4.1,author_cell_type,HAC53,1238,0.18892149669845928,0.2768817204301075,0.08319870759289176,507534,269,1135,103,4,"['ENSG00000135324', 'ENSG00000154065', 'ENSG00000120162', 'ENSG00000133816']","['ENSG00000135324', 'ENSG00000154065', 'ENSG00000120162', 'ENSG00000139083', 'ENSG00000133816', 'ENSG00000196369', 'ENSG00000154153', 'ENSG00000152154', 'ENSG00000147010', 'ENSG00000173926']",0.11712524,fold_2
4.1,author_cell_type,HAC54,1194,0.5239043824701195,0.7993920972644377,0.2202680067001675,507781,66,931,263,4,"['ENSG00000135549', 'ENSG00000089250', 'ENSG00000182463', 'ENSG00000173452']","['ENSG00000135549', 'ENSG00000089250', 'ENSG00000164983', 'ENSG00000182463', 'ENSG00000112379', 'ENSG00000173452', 'ENSG00000187323', 'ENSG00000118515', 'ENSG00000168016', 'ENSG00000185274']",0.12531862,fold_2
4.1,author_cell_type,HAC55,1157,0.24371472550025655,0.4797979797979798,0.08210890233362143,507781,103,1062,95,4,"['ENSG00000109684', 'ENSG00000156564', 'ENSG00000138650', 'ENSG00000091136']","['ENSG00000109684', 'ENSG00000156564', 'ENSG00000138650', 'ENSG00000144677', 'ENSG00000091136', 'ENSG00000133216', 'ENSG00000198300', 'ENSG00000118515', 'ENSG00000145335', 'ENSG00000180776']",0.10503461,fold_2
4.1,author_cell_type,HAC56,1133,0.24721603563474387,0.39928057553956836,0.09796999117387467,507741,167,1022,111,4,"['ENSG00000077782', 'ENSG00000166960', 'ENSG00000125247', 'ENSG00000163285']","['ENSG00000077782', 'ENSG00000166960', 'ENSG00000135324', 'ENSG00000125247', 'ENSG00000163285', 'ENSG00000144119', 'ENSG00000133216', 'ENSG00000163536', 'ENSG00000150938', 'ENSG00000131773']",0.101116985,fold_2
4.1,author_cell_type,HAC57,1119,0.11650804069576633,0.14730290456431536,0.06344950848972297,507511,411,1048,71,4,"['ENSG00000127329', 'ENSG00000125247', 'ENSG00000198785', 'ENSG00000150764']","['ENSG00000174672', 'ENSG00000127329', 'ENSG00000125247', 'ENSG00000198785', 'ENSG00000147010', 'ENSG00000150764', 'ENSG00000150938', 'ENSG00000185532', 'ENSG00000185274', 'ENSG00000140836']",0.080946594,fold_2
4.1,author_cell_type,HAC59,990,0.49010367577756836,0.734982332155477,0.2101010101010101,507976,75,782,208,4,"['ENSG00000165675', 'ENSG00000128641', 'ENSG00000120162', 'ENSG00000150394']","['ENSG00000165675', 'ENSG00000128641', 'ENSG00000120162', 'ENSG00000179399', 'ENSG00000138378', 'ENSG00000150394', 'ENSG00000091136', 'ENSG00000122870', 'ENSG00000178177', 'ENSG00000118515']",0.111533195,fold_2
4.1,author_cell_type,HAC60,876,0.3232189973614776,0.6125,0.11187214611872145,508103,62,778,98,3,"['ENSG00000135324', 'ENSG00000138378', 'ENSG00000163285']","['ENSG00000154065', 'ENSG00000135324', 'ENSG00000138378', 'ENSG00000163285', 'ENSG00000132321', 'ENSG00000198300', 'ENSG00000185532', 'ENSG00000040731', 'ENSG00000152154', 'ENSG00000139364']",0.117399246,fold_2
4.1,author_cell_type,HAC62,864,0.5698198198198198,0.7463126843657817,0.29282407407407407,508091,86,611,253,3,"['ENSG00000112038', 'ENSG00000127329', 'ENSG00000150394']","['ENSG00000181744', 'ENSG00000112038', 'ENSG00000127329', 'ENSG00000182463', 'ENSG00000150394', 'ENSG00000118515', 'ENSG00000187323', 'ENSG00000040731', 'ENSG00000117632', 'ENSG00000104723']",0.073557414,fold_2
4.1,author_cell_type,HAC63,677,0.10569918583059563,0.09361163820366857,0.21861152141802068,506931,1433,529,148,5,"['ENSG00000187123', 'ENSG00000140287', 'ENSG00000164161', 'ENSG00000135324', 'ENSG00000039560']","['ENSG00000187123', 'ENSG00000140287', 'ENSG00000164161', 'ENSG00000077782', 'ENSG00000135324', 'ENSG00000039560', 'ENSG00000163285', 'ENSG00000144119', 'ENSG00000150394', 'ENSG00000111052']",0.103954755,fold_2
4.1,author_cell_type,HAC64,668,0.5016181229773463,0.8732394366197183,0.18562874251497005,508355,18,544,124,3,"['ENSG00000150760', 'ENSG00000143340', 'ENSG00000163285']","['ENSG00000150760', 'ENSG00000143340', 'ENSG00000109189', 'ENSG00000128536', 'ENSG00000163536', 'ENSG00000163285', 'ENSG00000127329', 'ENSG00000107679', 'ENSG00000169122', 'ENSG00000118515']",0.12195484,fold_2
4.1,author_cell_type,HAC65,595,0.3091684434968017,0.42857142857142855,0.146218487394958,508330,116,508,87,3,"['ENSG00000109684', 'ENSG00000196781', 'ENSG00000118515']","['ENSG00000109684', 'ENSG00000196781', 'ENSG00000196218', 'ENSG00000070808', 'ENSG00000101463', 'ENSG00000118515', 'ENSG00000173166', 'ENSG00000156273', 'ENSG00000099250', 'ENSG00000187323']",0.4118043,fold_2
4.1,author_cell_type,HAC66,588,0.1335725677830941,0.12104787714543812,0.22789115646258504,507480,973,454,134,6,"['ENSG00000172817', 'ENSG00000116703', 'ENSG00000198785', 'ENSG00000122870', 'ENSG00000148541', 'ENSG00000039560']","['ENSG00000172817', 'ENSG00000116703', 'ENSG00000198785', 'ENSG00000122870', 'ENSG00000148541', 'ENSG00000039560', 'ENSG00000166402', 'ENSG00000080823', 'ENSG00000142655', 'ENSG00000150593']",0.058464434,fold_2
4.1,author_cell_type,HAC68,542,0.28748180494905384,0.3798076923076923,0.14575645756457564,508370,129,463,79,6,"['ENSG00000154146', 'ENSG00000134207', 'ENSG00000101493', 'ENSG00000058453', 'ENSG00000080823', 'ENSG00000166402']","['ENSG00000154146', 'ENSG00000134207', 'ENSG00000101493', 'ENSG00000058453', 'ENSG00000080823', 'ENSG00000166402', 'ENSG00000142655', 'ENSG00000144119', 'ENSG00000185532', 'ENSG00000106278']",0.06600704,fold_2
4.1,author_cell_type,HAC71,502,0.40852575488454707,0.5897435897435898,0.18326693227091634,508475,64,410,92,4,"['ENSG00000133454', 'ENSG00000013619', 'ENSG00000107679', 'ENSG00000080200']","['ENSG00000133454', 'ENSG00000013619', 'ENSG00000116819', 'ENSG00000107679', 'ENSG00000080200', 'ENSG00000144119', 'ENSG00000173452', 'ENSG00000182771', 'ENSG00000145335', 'ENSG00000040731']",0.1714505,fold_2
4.1,author_cell_type,HAC72,483,0.05960531614981877,0.0496144820650352,0.3064182194616977,505723,2835,335,148,3,"['ENSG00000164300', 'ENSG00000178878', 'ENSG00000128918']","['ENSG00000164300', 'ENSG00000178878', 'ENSG00000141750', 'ENSG00000128918', 'ENSG00000106078', 'ENSG00000111962', 'ENSG00000120162', 'ENSG00000128536', 'ENSG00000011677', 'ENSG00000182463']",0.12873006,fold_2
4.1,author_cell_type,HAC74,412,0.3277439024390244,0.38222222222222224,0.2087378640776699,508490,139,326,86,5,"['ENSG00000144227', 'ENSG00000182463', 'ENSG00000080200', 'ENSG00000101463', 'ENSG00000173452']","['ENSG00000119866', 'ENSG00000144227', 'ENSG00000182463', 'ENSG00000080200', 'ENSG00000101463', 'ENSG00000173452', 'ENSG00000123552', 'ENSG00000118515', 'ENSG00000165588', 'ENSG00000164292']",0.03444396,fold_2
4.1,author_cell_type,HAC75,387,0.08578075021808665,0.07732634338138926,0.1524547803617571,507950,704,328,59,6,"['ENSG00000172403', 'ENSG00000169116', 'ENSG00000127329', 'ENSG00000125247', 'ENSG00000058453', 'ENSG00000134115']","['ENSG00000172403', 'ENSG00000169116', 'ENSG00000127329', 'ENSG00000125247', 'ENSG00000058453', 'ENSG00000134115', 'ENSG00000122299', 'ENSG00000150938', 'ENSG00000150593', 'ENSG00000118515']",0.08189402,fold_2
4.1,author_cell_type,HAC77,246,0.057971014492753624,0.05263157894736842,0.0975609756097561,508363,432,222,24,5,"['ENSG00000001626', 'ENSG00000138650', 'ENSG00000128641', 'ENSG00000165023', 'ENSG00000122870']","['ENSG00000001626', 'ENSG00000109684', 'ENSG00000138650', 'ENSG00000128641', 'ENSG00000165023', 'ENSG00000122870', 'ENSG00000163536', 'ENSG00000101463', 'ENSG00000163527', 'ENSG00000196935']",0.07865942,fold_2
4.1,author_cell_type,HAC78,241,0.41575492341356673,0.7037037037037037,0.15767634854771784,508784,16,203,38,4,"['ENSG00000143340', 'ENSG00000163285', 'ENSG00000138650', 'ENSG00000070808']","['ENSG00000143340', 'ENSG00000139211', 'ENSG00000163285', 'ENSG00000138650', 'ENSG00000125247', 'ENSG00000070808', 'ENSG00000138780', 'ENSG00000163536', 'ENSG00000139364', 'ENSG00000152154']",0.07739149,fold_2
4.1,author_cell_type,HAC79,186,0.29141104294478526,0.5428571428571428,0.10215053763440861,508839,16,167,19,5,"['ENSG00000133454', 'ENSG00000129535', 'ENSG00000143340', 'ENSG00000116703', 'ENSG00000080823']","['ENSG00000013619', 'ENSG00000133454', 'ENSG00000129535', 'ENSG00000143340', 'ENSG00000116703', 'ENSG00000080823', 'ENSG00000142655', 'ENSG00000166402', 'ENSG00000150593', 'ENSG00000182771']",0.06541125,fold_2
4.1,author_cell_type,HAC80,165,0.02373685995252628,0.020114942528735632,0.08484848484848485,508194,682,151,14,5,"['ENSG00000166441', 'ENSG00000178852', 'ENSG00000166598', 'ENSG00000116819', 'ENSG00000138378']","['ENSG00000166441', 'ENSG00000178852', 'ENSG00000161970', 'ENSG00000166598', 'ENSG00000116819', 'ENSG00000138378', 'ENSG00000011677', 'ENSG00000132321', 'ENSG00000134115', 'ENSG00000101463']",0.5921143,fold_2
4.1,author_cell_type,HAC81,159,0.17035775127768313,0.18691588785046728,0.12578616352201258,508795,87,139,20,6,"['ENSG00000008311', 'ENSG00000127329', 'ENSG00000011677', 'ENSG00000135862', 'ENSG00000134115', 'ENSG00000080200']","['ENSG00000008311', 'ENSG00000127329', 'ENSG00000011677', 'ENSG00000135862', 'ENSG00000134115', 'ENSG00000080200', 'ENSG00000070808', 'ENSG00000039560', 'ENSG00000173452', 'ENSG00000165588']",0.06857969,fold_2
4.1,author_cell_type,HAC82,151,0.36553524804177545,0.4827586206896552,0.18543046357615894,508860,30,123,28,5,"['ENSG00000165675', 'ENSG00000157423', 'ENSG00000129535', 'ENSG00000143340', 'ENSG00000127329']","['ENSG00000165675', 'ENSG00000089250', 'ENSG00000157423', 'ENSG00000129535', 'ENSG00000143340', 'ENSG00000127329', 'ENSG00000116703', 'ENSG00000166402', 'ENSG00000080823', 'ENSG00000142655']",0.08360603,fold_2
4.1,author_cell_type,HAC84,117,0.12064343163538874,0.140625,0.07692307692307693,508869,55,108,9,6,"['ENSG00000119866', 'ENSG00000116703', 'ENSG00000186314', 'ENSG00000166402', 'ENSG00000080823', 'ENSG00000151812']","['ENSG00000119866', 'ENSG00000116703', 'ENSG00000186314', 'ENSG00000166402', 'ENSG00000080823', 'ENSG00000151812', 'ENSG00000150394', 'ENSG00000142655', 'ENSG00000165588', 'ENSG00000150593']",0.041266084,fold_2
4.1,author_cell_type,HAC86,94,0.11194029850746269,0.10416666666666667,0.1595744680851064,508818,129,79,15,5,"['ENSG00000196581', 'ENSG00000129535', 'ENSG00000179399', 'ENSG00000116703', 'ENSG00000186314']","['ENSG00000196581', 'ENSG00000157423', 'ENSG00000129535', 'ENSG00000179399', 'ENSG00000116703', 'ENSG00000186314', 'ENSG00000080823', 'ENSG00000142655', 'ENSG00000150593', 'ENSG00000163285']",0.073652044,fold_2
4.1,author_cell_type,HAC87,90,0.024324324324324326,0.020454545454545454,0.1,508520,431,81,9,5,"['ENSG00000036672', 'ENSG00000140287', 'ENSG00000154065', 'ENSG00000122870', 'ENSG00000011677']","['ENSG00000146477', 'ENSG00000036672', 'ENSG00000140287', 'ENSG00000154065', 'ENSG00000122870', 'ENSG00000011677', 'ENSG00000080200', 'ENSG00000163536', 'ENSG00000160145', 'ENSG00000165588']",0.11474327,fold_2
4.1,author_cell_type,HAC88,87,0.2845528455284553,0.7777777777777778,0.08045977011494253,508952,2,80,7,4,"['ENSG00000179399', 'ENSG00000198785', 'ENSG00000151812', 'ENSG00000117600']","['ENSG00000179399', 'ENSG00000198785', 'ENSG00000182463', 'ENSG00000151812', 'ENSG00000150394', 'ENSG00000117600', 'ENSG00000198300', 'ENSG00000106278', 'ENSG00000134333', 'ENSG00000143198']",0.045841847,fold_2
4.1,author_cell_type,HAC89,84,0.14285714285714285,0.14285714285714285,0.14285714285714285,508885,72,72,12,6,"['ENSG00000129535', 'ENSG00000172403', 'ENSG00000120693', 'ENSG00000058453', 'ENSG00000116703', 'ENSG00000166402']","['ENSG00000129535', 'ENSG00000172403', 'ENSG00000120693', 'ENSG00000058453', 'ENSG00000116703', 'ENSG00000166402', 'ENSG00000186314', 'ENSG00000080823', 'ENSG00000142655', 'ENSG00000165588']",0.06801157,fold_2
4.1,author_cell_type,HAC90,79,0.46798029556650245,0.6129032258064516,0.24050632911392406,508950,12,60,19,4,"['ENSG00000106078', 'ENSG00000182463', 'ENSG00000144227', 'ENSG00000186314']","['ENSG00000106078', 'ENSG00000119866', 'ENSG00000116703', 'ENSG00000182463', 'ENSG00000144227', 'ENSG00000186314', 'ENSG00000080823', 'ENSG00000142655', 'ENSG00000101463', 'ENSG00000165588']",0.07467136,fold_2
4.1,author_cell_type,HAC91,74,0.08017492711370262,0.0718954248366013,0.14864864864864866,508825,142,63,11,6,"['ENSG00000119866', 'ENSG00000168734', 'ENSG00000011677', 'ENSG00000182463', 'ENSG00000144227', 'ENSG00000070808']","['ENSG00000119866', 'ENSG00000168734', 'ENSG00000011677', 'ENSG00000182463', 'ENSG00000144227', 'ENSG00000070808', 'ENSG00000150394', 'ENSG00000123552', 'ENSG00000101463', 'ENSG00000151812']",0.07433453,fold_2
4.1,author_cell_type,HAC92,65,0.21897810218978103,0.3333333333333333,0.09230769230769231,508964,12,59,6,5,"['ENSG00000157423', 'ENSG00000143340', 'ENSG00000138378', 'ENSG00000116703', 'ENSG00000166402']","['ENSG00000157423', 'ENSG00000143340', 'ENSG00000138378', 'ENSG00000058453', 'ENSG00000116703', 'ENSG00000166402', 'ENSG00000080823', 'ENSG00000132321', 'ENSG00000150593', 'ENSG00000173452']",0.07903561,fold_2
4.1,author_cell_type,HAC93,55,0.37815126050420167,0.5625,0.16363636363636364,508979,7,46,9,4,"['ENSG00000165084', 'ENSG00000128918', 'ENSG00000106078', 'ENSG00000116703']","['ENSG00000165084', 'ENSG00000128918', 'ENSG00000106078', 'ENSG00000116703', 'ENSG00000148655', 'ENSG00000182463', 'ENSG00000080823', 'ENSG00000186314', 'ENSG00000166402', 'ENSG00000132321']",0.15240675,fold_2
4.1,author_cell_type,HAC95,39,0.18716577540106952,0.1891891891891892,0.1794871794871795,508972,30,32,7,5,"['ENSG00000111490', 'ENSG00000144227', 'ENSG00000116703', 'ENSG00000127329', 'ENSG00000166402']","['ENSG00000111490', 'ENSG00000119866', 'ENSG00000144227', 'ENSG00000116703', 'ENSG00000127329', 'ENSG00000166402', 'ENSG00000186314', 'ENSG00000080823', 'ENSG00000123552', 'ENSG00000151812']",0.07238725,fold_2
4.1,author_cell_type,HRGC3,7454,0.6047630698964196,0.6951019451605344,0.3979071639388248,500286,1301,4488,2966,3,"['ENSG00000121769', 'ENSG00000135047', 'ENSG00000136383']","['ENSG00000121769', 'ENSG00000135047', 'ENSG00000136383', 'ENSG00000172071', 'ENSG00000128918', 'ENSG00000106868', 'ENSG00000170381', 'ENSG00000111962', 'ENSG00000152413', 'ENSG00000162374']",1.0,fold_2
4.1,author_cell_type,HRGC4,7454,0.28546177640300485,0.34053769109119664,0.17332975583579285,499085,2502,6162,1292,1,['ENSG00000168016'],"['ENSG00000133816', 'ENSG00000118515', 'ENSG00000127481', 'ENSG00000154153', 'ENSG00000090975', 'ENSG00000168016', 'ENSG00000185532', 'ENSG00000188191', 'ENSG00000160209', 'ENSG00000138834']",0.04343207,fold_2
4.1,author_cell_type,HRGC5,6657,0.36397248837116847,0.395977508650519,0.2750488207901457,499591,2793,4826,1831,2,"['ENSG00000104432', 'ENSG00000185532']","['ENSG00000124785', 'ENSG00000104432', 'ENSG00000134333', 'ENSG00000118515', 'ENSG00000196935', 'ENSG00000185532', 'ENSG00000114480', 'ENSG00000139793', 'ENSG00000173517']",0.06071336,fold_2
4.1,author_cell_type,HRGC9,2890,0.27681945128963364,0.29039207238259374,0.23321799307958477,504504,1647,2216,674,3,"['ENSG00000196569', 'ENSG00000070159', 'ENSG00000104361']","['ENSG00000186862', 'ENSG00000196569', 'ENSG00000070159', 'ENSG00000124785', 'ENSG00000106868', 'ENSG00000104361', 'ENSG00000186314', 'ENSG00000196935', 'ENSG00000151812', 'ENSG00000118515']",0.051851656,fold_2
4.1,author_cell_type,HRGC10,2309,0.1640454875393177,0.14774460666811942,0.29363360762234736,502821,3911,1631,678,6,"['ENSG00000135678', 'ENSG00000196562', 'ENSG00000170571', 'ENSG00000070159', 'ENSG00000111962', 'ENSG00000164983']","['ENSG00000135678', 'ENSG00000196562', 'ENSG00000170571', 'ENSG00000070159', 'ENSG00000111962', 'ENSG00000164983', 'ENSG00000124785', 'ENSG00000165959', 'ENSG00000133816', 'ENSG00000080823']",0.109017074,fold_2
4.1,author_cell_type,HRGC11,1869,0.29086828931469016,0.3435270132517839,0.1803103263777421,506528,644,1532,337,6,"['ENSG00000112576', 'ENSG00000135596', 'ENSG00000237289', 'ENSG00000135678', 'ENSG00000196562', 'ENSG00000169570']","['ENSG00000112576', 'ENSG00000135596', 'ENSG00000237289', 'ENSG00000135678', 'ENSG00000196562', 'ENSG00000169570', 'ENSG00000111962', 'ENSG00000116819', 'ENSG00000123159', 'ENSG00000144677']",0.54635656,fold_2
4.1,author_cell_type,IMB,7454,0.6461068243310953,0.8250159948816379,0.3459887308827475,501040,547,4875,2579,3,"['ENSG00000165959', 'ENSG00000151812', 'ENSG00000080200']","['ENSG00000168418', 'ENSG00000165959', 'ENSG00000151812', 'ENSG00000080200', 'ENSG00000090975', 'ENSG00000165588', 'ENSG00000131773', 'ENSG00000184611', 'ENSG00000182771', 'ENSG00000135074']",0.09526316,fold_2
4.1,author_cell_type,MG,7454,0.6539287565726135,0.7225859247135843,0.4738395492353099,500231,1356,3922,3532,1,['ENSG00000141750'],"['ENSG00000135540', 'ENSG00000164300', 'ENSG00000170345', 'ENSG00000135272', 'ENSG00000141750', 'ENSG00000106078', 'ENSG00000196569', 'ENSG00000111962', 'ENSG00000128918', 'ENSG00000182463']",0.32898608,fold_2
4.1,author_cell_type,MG_OFF,7454,0.312124280199962,0.32676382908247764,0.26469009927555676,497522,4065,5481,1973,4,"['ENSG00000135549', 'ENSG00000196562', 'ENSG00000170571', 'ENSG00000124785']","['ENSG00000135549', 'ENSG00000135678', 'ENSG00000196562', 'ENSG00000170571', 'ENSG00000070159', 'ENSG00000124785', 'ENSG00000164983', 'ENSG00000111962', 'ENSG00000133816', 'ENSG00000118515']",0.16282195,fold_2
4.1,author_cell_type,MG_ON,7454,0.35271317829457366,0.3768455167446885,0.28078883820767375,498126,3461,5361,2093,5,"['ENSG00000196562', 'ENSG00000170571', 'ENSG00000070159', 'ENSG00000149403', 'ENSG00000164983']","['ENSG00000196562', 'ENSG00000170571', 'ENSG00000070159', 'ENSG00000124785', 'ENSG00000149403', 'ENSG00000164983', 'ENSG00000111962', 'ENSG00000128536', 'ENSG00000133816', 'ENSG00000104432']",0.12324271,fold_2
4.1,author_cell_type,ML_Cone,7454,0.6124255118296065,0.6280441688095598,0.5570163670512477,499128,2459,3302,4152,2,"['ENSG00000173706', 'ENSG00000120500']","['ENSG00000173706', 'ENSG00000069869', 'ENSG00000120500', 'ENSG00000050405', 'ENSG00000156564', 'ENSG00000021300', 'ENSG00000166569', 'ENSG00000170571', 'ENSG00000149403', 'ENSG00000116703']",0.5489067,fold_2
4.1,author_cell_type,Microglia,4894,0.873478572159149,0.9320600272851296,0.6979975480179812,503898,249,1478,3416,1,['ENSG00000168918'],"['ENSG00000168918', 'ENSG00000124126', 'ENSG00000051108', 'ENSG00000254087', 'ENSG00000027697', 'ENSG00000130066', 'ENSG00000075884', 'ENSG00000005020', 'ENSG00000148655', 'ENSG00000139083']",1.0,fold_2
4.1,author_cell_type,OFF-SAC,4647,0.5770497976089617,0.820615796519411,0.2638261243813213,504126,268,3421,1226,2,"['ENSG00000130147', 'ENSG00000151812']","['ENSG00000130147', 'ENSG00000128641', 'ENSG00000143340', 'ENSG00000151812', 'ENSG00000163104', 'ENSG00000168769', 'ENSG00000111110', 'ENSG00000109586', 'ENSG00000164684', 'ENSG00000140836']",0.5493484,fold_2
4.1,author_cell_type,OFF-SAC*,274,0.0645366060093102,0.05480682839173405,0.22262773722627738,507715,1052,213,61,5,"['ENSG00000139219', 'ENSG00000128655', 'ENSG00000047662', 'ENSG00000128641', 'ENSG00000143340']","['ENSG00000139219', 'ENSG00000128655', 'ENSG00000047662', 'ENSG00000128641', 'ENSG00000143340', 'ENSG00000151812', 'ENSG00000165588', 'ENSG00000109586', 'ENSG00000111110', 'ENSG00000150593']",0.21099219,fold_2
4.1,author_cell_type,OFFx,7454,0.4865888922125835,0.6194858774992066,0.2618728199624363,500388,1199,5502,1952,2,"['ENSG00000144227', 'ENSG00000131773']","['ENSG00000144227', 'ENSG00000151376', 'ENSG00000154153', 'ENSG00000156273', 'ENSG00000131773', 'ENSG00000182771', 'ENSG00000109586']",0.04725798,fold_2
4.1,author_cell_type,ON-SAC,7454,0.6195191644496995,0.7832450949859857,0.33740273678561844,500891,696,4939,2515,2,"['ENSG00000139219', 'ENSG00000128655']","['ENSG00000139219', 'ENSG00000128655', 'ENSG00000047662', 'ENSG00000100425', 'ENSG00000143340', 'ENSG00000128641', 'ENSG00000151812', 'ENSG00000165023', 'ENSG00000164684', 'ENSG00000109586']",0.4478953,fold_2
4.1,author_cell_type,PENK,6329,0.34645271046944687,0.39092088197146563,0.23811028598514775,500364,2348,4822,1507,3,"['ENSG00000139083', 'ENSG00000150938', 'ENSG00000185274']","['ENSG00000011677', 'ENSG00000139083', 'ENSG00000039560', 'ENSG00000150938', 'ENSG00000185274', 'ENSG00000040731', 'ENSG00000198300', 'ENSG00000147010', 'ENSG00000152154', 'ENSG00000101856']",0.04039486,fold_2
4.1,author_cell_type,PG_OFF,7454,0.7178457369592568,0.8982742960944596,0.39804132009659243,501251,336,4487,2967,4,"['ENSG00000165084', 'ENSG00000196781', 'ENSG00000135678', 'ENSG00000149403']","['ENSG00000165084', 'ENSG00000196781', 'ENSG00000135678', 'ENSG00000172403', 'ENSG00000149403', 'ENSG00000141750', 'ENSG00000154065', 'ENSG00000124785', 'ENSG00000148655', 'ENSG00000134115']",0.24351837,fold_2
4.1,author_cell_type,PG_ON,6184,0.41729480737018426,0.450497287522604,0.3222833117723157,500426,2431,4191,1993,5,"['ENSG00000156564', 'ENSG00000120693', 'ENSG00000124785', 'ENSG00000128536', 'ENSG00000170381']","['ENSG00000156564', 'ENSG00000005020', 'ENSG00000120693', 'ENSG00000124785', 'ENSG00000128536', 'ENSG00000170381', 'ENSG00000114480', 'ENSG00000150394', 'ENSG00000118515', 'ENSG00000196935']",0.09759244,fold_2
4.1,author_cell_type,RB,7454,0.802935370354476,0.9444724886421,0.5020123423665146,501367,220,3712,3742,2,"['ENSG00000128536', 'ENSG00000186314']","['ENSG00000128536', 'ENSG00000186314', 'ENSG00000139211', 'ENSG00000165959', 'ENSG00000170381', 'ENSG00000173452', 'ENSG00000163536', 'ENSG00000165588', 'ENSG00000169122', 'ENSG00000131773']",0.14060515,fold_2
4.1,author_cell_type,RPE,863,0.5746176105828855,0.7146529562982005,0.32213209733487835,508067,111,585,278,1,['ENSG00000135437'],"['ENSG00000100344', 'ENSG00000135437', 'ENSG00000178445', 'ENSG00000018408', 'ENSG00000178878', 'ENSG00000065675', 'ENSG00000197119', 'ENSG00000003402', 'ENSG00000148655', 'ENSG00000104205']",1.0,fold_2
4.1,author_cell_type,Rod,7454,0.5418664288103467,0.7417016405951927,0.26079957070029514,500910,677,5510,1944,2,"['ENSG00000129535', 'ENSG00000116703']","['ENSG00000129535', 'ENSG00000106078', 'ENSG00000058453', 'ENSG00000116703', 'ENSG00000166402', 'ENSG00000142655', 'ENSG00000080823', 'ENSG00000150593', 'ENSG00000108799', 'ENSG00000139793']",0.21528423,fold_2
4.1,author_cell_type,SEG,7454,0.3606713820590547,0.49613899613899615,0.17239066273141937,500282,1305,6169,1285,3,"['ENSG00000047662', 'ENSG00000128918', 'ENSG00000101463']","['ENSG00000047662', 'ENSG00000128918', 'ENSG00000101294', 'ENSG00000101463', 'ENSG00000123552', 'ENSG00000164292', 'ENSG00000106278', 'ENSG00000154153', 'ENSG00000064309', 'ENSG00000164418']",0.14627476,fold_2
4.1,author_cell_type,SEG*,234,0.26018099547511314,0.4423076923076923,0.09829059829059829,508778,29,211,23,5,"['ENSG00000128918', 'ENSG00000106078', 'ENSG00000116703', 'ENSG00000058453', 'ENSG00000134115']","['ENSG00000128918', 'ENSG00000106078', 'ENSG00000116703', 'ENSG00000058453', 'ENSG00000134115', 'ENSG00000166402', 'ENSG00000080823', 'ENSG00000142655', 'ENSG00000150593', 'ENSG00000165588']",0.059977908,fold_2
4.1,author_cell_type,S_Cone,7454,0.7732564076381089,0.9986811737553577,0.4063590018781862,501583,4,4425,3029,2,"['ENSG00000074803', 'ENSG00000120500']","['ENSG00000074803', 'ENSG00000135773', 'ENSG00000120500', 'ENSG00000173706', 'ENSG00000069869', 'ENSG00000156564', 'ENSG00000021300', 'ENSG00000116703', 'ENSG00000186314', 'ENSG00000179399']",0.75123286,fold_2
4.1,author_cell_type,VG3,7454,0.5451476234608764,0.8609513852587559,0.22095519184330562,501321,266,5807,1647,3,"['ENSG00000120693', 'ENSG00000144227', 'ENSG00000163285']","['ENSG00000196218', 'ENSG00000120693', 'ENSG00000116819', 'ENSG00000144227', 'ENSG00000132321', 'ENSG00000163285', 'ENSG00000182771', 'ENSG00000058091', 'ENSG00000099250', 'ENSG00000168916']",0.098103456,fold_2
4.1,author_cell_type,VG3*,584,0.1705237515225335,0.16592592592592592,0.1917808219178082,507894,563,472,112,5,"['ENSG00000120693', 'ENSG00000144227', 'ENSG00000163285', 'ENSG00000151812', 'ENSG00000150593']","['ENSG00000120693', 'ENSG00000144227', 'ENSG00000132321', 'ENSG00000163285', 'ENSG00000151812', 'ENSG00000150593', 'ENSG00000165588', 'ENSG00000182771', 'ENSG00000058091', 'ENSG00000168916']",0.033764467,fold_2
4.1,author_cell_type,VIP,7454,0.6318029960125013,0.8447406340057637,0.3145961899651194,501156,431,5109,2345,2,"['ENSG00000128655', 'ENSG00000134115']","['ENSG00000196781', 'ENSG00000128655', 'ENSG00000134115', 'ENSG00000070808', 'ENSG00000149403', 'ENSG00000163536', 'ENSG00000170381', 'ENSG00000198785', 'ENSG00000138650', 'ENSG00000144677']",0.15521392,fold_2
4.1,author_cell_type,ipRGC,1292,0.5504032258064516,0.9191919191919192,0.21130030959752322,507725,24,1019,273,3,"['ENSG00000112038', 'ENSG00000170381', 'ENSG00000128536']","['ENSG00000112038', 'ENSG00000124785', 'ENSG00000106868', 'ENSG00000170381', 'ENSG00000128536', 'ENSG00000186314', 'ENSG00000196935', 'ENSG00000070808', 'ENSG00000104432', 'ENSG00000165023']",0.064927936,fold_2
4.1,author_cell_type,nNOS,5919,0.6439332577352989,0.7571428571428571,0.40293968575772937,502357,765,3534,2385,2,"['ENSG00000089250', 'ENSG00000185274']","['ENSG00000089250', 'ENSG00000145990', 'ENSG00000198785', 'ENSG00000109189', 'ENSG00000117600', 'ENSG00000185274', 'ENSG00000187323', 'ENSG00000139364', 'ENSG00000198300', 'ENSG00000101856']",0.25960976,fold_2
4.1,author_cell_type,AII,7454,0.5965319632447387,0.7553956834532374,0.3239871210088543,500805,782,5039,2415,2,"['ENSG00000112964', 'ENSG00000101349']","['ENSG00000159251', 'ENSG00000150630', 'ENSG00000112964', 'ENSG00000073417', 'ENSG00000101349', 'ENSG00000154822', 'ENSG00000112851', 'ENSG00000064393', 'ENSG00000198597', 'ENSG00000099204']",0.0696626,fold_3
4.1,author_cell_type,AII*,1057,0.4581955597543694,0.7320754716981132,0.18353831598864712,507913,71,863,194,4,"['ENSG00000150630', 'ENSG00000112964', 'ENSG00000198691', 'ENSG00000150593']","['ENSG00000159251', 'ENSG00000150630', 'ENSG00000112964', 'ENSG00000073417', 'ENSG00000198691', 'ENSG00000150593', 'ENSG00000101349', 'ENSG00000111837', 'ENSG00000154822', 'ENSG00000154240']",0.053628005,fold_3
4.1,author_cell_type,Astrocyte,7454,0.6985510660855224,0.996220075598488,0.3182184062248457,501578,9,5082,2372,2,"['ENSG00000092758', 'ENSG00000048540']","['ENSG00000092758', 'ENSG00000172379', 'ENSG00000048540', 'ENSG00000172201', 'ENSG00000148180', 'ENSG00000182957', 'ENSG00000154175', 'ENSG00000163873', 'ENSG00000104490', 'ENSG00000112851']",0.7944113,fold_3
4.1,author_cell_type,BB,2931,0.3998275676258217,0.4675488342785129,0.25315591948140564,505265,845,2189,742,2,"['ENSG00000070159', 'ENSG00000119614']","['ENSG00000070159', 'ENSG00000170525', 'ENSG00000119614', 'ENSG00000113441', 'ENSG00000117154', 'ENSG00000100836', 'ENSG00000148143', 'ENSG00000075711', 'ENSG00000143156', 'ENSG00000184985']",0.2042379,fold_3
4.1,author_cell_type,CAI,450,0.6517311608961304,0.9624060150375939,0.28444444444444444,508586,5,322,128,4,"['ENSG00000041353', 'ENSG00000162595', 'ENSG00000237515', 'ENSG00000185760']","['ENSG00000041353', 'ENSG00000162595', 'ENSG00000172995', 'ENSG00000113532', 'ENSG00000237515', 'ENSG00000185760', 'ENSG00000221866', 'ENSG00000162670', 'ENSG00000091136', 'ENSG00000154277']",0.3157183,fold_3
4.1,author_cell_type,CAII,3865,0.7853952046676999,0.9701576576576577,0.4457956015523933,505123,53,2142,1723,2,"['ENSG00000144749', 'ENSG00000172995']","['ENSG00000144749', 'ENSG00000172995', 'ENSG00000162595', 'ENSG00000079689', 'ENSG00000178538', 'ENSG00000171126', 'ENSG00000006128', 'ENSG00000115756', 'ENSG00000178031', 'ENSG00000111799']",0.7786843,fold_3
4.1,author_cell_type,DB1,7454,0.7312419466745961,0.9276956931782459,0.39589482157231015,501357,230,4503,2951,3,"['ENSG00000080200', 'ENSG00000117154', 'ENSG00000164330']","['ENSG00000136237', 'ENSG00000104361', 'ENSG00000080200', 'ENSG00000117154', 'ENSG00000149212', 'ENSG00000164330', 'ENSG00000156273', 'ENSG00000154240', 'ENSG00000184985', 'ENSG00000196090']",0.074665286,fold_3
4.1,author_cell_type,DB2,7454,0.4982734434013165,0.6667870036101083,0.2477864233968339,500664,923,5607,1847,3,"['ENSG00000161270', 'ENSG00000080200', 'ENSG00000156273']","['ENSG00000161270', 'ENSG00000166569', 'ENSG00000155657', 'ENSG00000080200', 'ENSG00000156273', 'ENSG00000149212', 'ENSG00000221866', 'ENSG00000143924', 'ENSG00000171385', 'ENSG00000152495']",0.120708145,fold_3
4.1,author_cell_type,DB3a,7454,0.394647568790049,0.4390857622143007,0.2809229943654414,498912,2675,5360,2094,2,"['ENSG00000161270', 'ENSG00000132970']","['ENSG00000161270', 'ENSG00000155657', 'ENSG00000136237', 'ENSG00000132970', 'ENSG00000117154', 'ENSG00000221866', 'ENSG00000156273', 'ENSG00000149212', 'ENSG00000198964', 'ENSG00000182674']",0.13603485,fold_3
4.1,author_cell_type,DB3b,7454,0.4064771976206213,0.44772497472194134,0.2970217332975584,498856,2731,5240,2214,3,"['ENSG00000166569', 'ENSG00000080200', 'ENSG00000221866']","['ENSG00000161270', 'ENSG00000166569', 'ENSG00000136237', 'ENSG00000119614', 'ENSG00000080200', 'ENSG00000221866', 'ENSG00000117154', 'ENSG00000198691', 'ENSG00000156273', 'ENSG00000149212']",0.071784735,fold_3
4.1,author_cell_type,DB4a,7454,0.45662412122039453,0.4899304284145002,0.35900187818620877,498801,2786,4778,2676,2,"['ENSG00000175985', 'ENSG00000198691']","['ENSG00000175985', 'ENSG00000112367', 'ENSG00000104361', 'ENSG00000090097', 'ENSG00000080200', 'ENSG00000198691', 'ENSG00000149571', 'ENSG00000198964', 'ENSG00000184588', 'ENSG00000152495']",0.107851975,fold_3
4.1,author_cell_type,DB4b,4553,0.48269504734769125,0.624390243902439,0.2530199868218757,503795,693,3401,1152,2,"['ENSG00000104361', 'ENSG00000198691']","['ENSG00000112367', 'ENSG00000104361', 'ENSG00000090097', 'ENSG00000117154', 'ENSG00000198691', 'ENSG00000149571', 'ENSG00000198964', 'ENSG00000182674', 'ENSG00000184588', 'ENSG00000152495']",0.13184103,fold_3
4.1,author_cell_type,DB5,7454,0.8031169063141913,0.9630522088353414,0.4825596994902066,501449,138,3857,3597,2,"['ENSG00000082293', 'ENSG00000080200']","['ENSG00000082293', 'ENSG00000112367', 'ENSG00000104361', 'ENSG00000080200', 'ENSG00000119614', 'ENSG00000197584', 'ENSG00000117154', 'ENSG00000154240', 'ENSG00000184985', 'ENSG00000182674']",0.56316054,fold_3
4.1,author_cell_type,DB6,7454,0.5552315408841713,0.7858027238959967,0.2554333243895895,501068,519,5550,1904,2,"['ENSG00000065675', 'ENSG00000140563']","['ENSG00000065675', 'ENSG00000140563', 'ENSG00000119614', 'ENSG00000080200', 'ENSG00000117154', 'ENSG00000149212', 'ENSG00000151322', 'ENSG00000160746', 'ENSG00000148143', 'ENSG00000196090']",0.44692242,fold_3
4.1,author_cell_type,FMB,7454,0.3819209585467195,0.4774992449411054,0.21210088543064126,499857,1730,5873,1581,3,"['ENSG00000155657', 'ENSG00000117154', 'ENSG00000221866']","['ENSG00000155657', 'ENSG00000136237', 'ENSG00000119614', 'ENSG00000080200', 'ENSG00000117154', 'ENSG00000221866', 'ENSG00000156273', 'ENSG00000171951', 'ENSG00000075711', 'ENSG00000184985']",0.07799301,fold_3
4.1,author_cell_type,GB,7454,0.3114364859517214,0.35339021104625057,0.21116179232626778,498707,2880,5880,1574,2,"['ENSG00000080200', 'ENSG00000071794']","['ENSG00000080200', 'ENSG00000119614', 'ENSG00000117154', 'ENSG00000171385', 'ENSG00000071794', 'ENSG00000100836', 'ENSG00000148143', 'ENSG00000122884', 'ENSG00000184985', 'ENSG00000196090']",0.06408472,fold_3
4.1,author_cell_type,H1,7454,0.4878440182941507,0.5567765567765568,0.3262677756909042,499651,1936,5022,2432,2,"['ENSG00000175985', 'ENSG00000147408']","['ENSG00000175985', 'ENSG00000115756', 'ENSG00000103056', 'ENSG00000143549', 'ENSG00000119715', 'ENSG00000147408', 'ENSG00000152413', 'ENSG00000131094', 'ENSG00000140600', 'ENSG00000198010']",0.23096704,fold_3
4.1,author_cell_type,H2,7454,0.7067137809187279,0.853625170998632,0.41856721223504156,501052,535,4334,3120,2,"['ENSG00000136842', 'ENSG00000143549']","['ENSG00000136842', 'ENSG00000175985', 'ENSG00000103056', 'ENSG00000143549', 'ENSG00000099715', 'ENSG00000119715', 'ENSG00000198010', 'ENSG00000140600', 'ENSG00000196353', 'ENSG00000101349']",0.60922676,fold_3
4.1,author_cell_type,HAC2,7454,0.3988018324914836,0.5674885081487673,0.1821840622484572,500552,1035,6096,1358,4,"['ENSG00000185760', 'ENSG00000149571', 'ENSG00000152910', 'ENSG00000152495']","['ENSG00000104490', 'ENSG00000185760', 'ENSG00000149571', 'ENSG00000152910', 'ENSG00000152495', 'ENSG00000154822', 'ENSG00000164684', 'ENSG00000273079', 'ENSG00000182621']",0.025808059,fold_3
4.1,author_cell_type,HAC3,7454,0.6459366460884526,0.8297042573935651,0.34250067078078883,501063,524,4901,2553,2,"['ENSG00000134853', 'ENSG00000184828']","['ENSG00000134853', 'ENSG00000182957', 'ENSG00000204624', 'ENSG00000110435', 'ENSG00000184828', 'ENSG00000167508', 'ENSG00000122477', 'ENSG00000152154', 'ENSG00000149571', 'ENSG00000198597']",0.16493073,fold_3
4.1,author_cell_type,HAC4,7454,0.5116472545757071,0.5443441317047265,0.4125301851354977,499013,2574,4379,3075,3,"['ENSG00000112964', 'ENSG00000182871', 'ENSG00000168386']","['ENSG00000150867', 'ENSG00000112964', 'ENSG00000182871', 'ENSG00000075420', 'ENSG00000078725', 'ENSG00000168386', 'ENSG00000092421', 'ENSG00000184985', 'ENSG00000186231', 'ENSG00000134775']",0.07200369,fold_3
4.1,author_cell_type,HAC5,7454,0.2794053344993441,0.33160352880124544,0.17145156962704589,499011,2576,6176,1278,4,"['ENSG00000182871', 'ENSG00000138821', 'ENSG00000141905', 'ENSG00000152910']","['ENSG00000182871', 'ENSG00000131094', 'ENSG00000138821', 'ENSG00000141905', 'ENSG00000152910', 'ENSG00000152154', 'ENSG00000185274', 'ENSG00000086015', 'ENSG00000106536', 'ENSG00000116793']",0.03710316,fold_3
4.1,author_cell_type,HAC6,7454,0.2944325481798715,0.4061406917994559,0.1401931848671854,500059,1528,6409,1045,3,"['ENSG00000139117', 'ENSG00000122477', 'ENSG00000116793']","['ENSG00000182871', 'ENSG00000131094', 'ENSG00000139117', 'ENSG00000138821', 'ENSG00000122477', 'ENSG00000116793', 'ENSG00000185274', 'ENSG00000141905', 'ENSG00000162989', 'ENSG00000152154']",0.034173273,fold_3
4.1,author_cell_type,HAC8,7454,0.46755815048497973,0.5763203714451538,0.2664341293265361,500127,1460,5468,1986,3,"['ENSG00000204624', 'ENSG00000221866', 'ENSG00000162670']","['ENSG00000204624', 'ENSG00000165023', 'ENSG00000221866', 'ENSG00000182871', 'ENSG00000162670', 'ENSG00000196353', 'ENSG00000138821', 'ENSG00000160746', 'ENSG00000064393', 'ENSG00000127663']",0.06915482,fold_3
4.1,author_cell_type,HAC9,7454,0.35676832998339597,0.4232763089683774,0.21907700563455862,499362,2225,5821,1633,5,"['ENSG00000112964', 'ENSG00000162852', 'ENSG00000182871', 'ENSG00000131094', 'ENSG00000075420']","['ENSG00000150867', 'ENSG00000112964', 'ENSG00000162852', 'ENSG00000182871', 'ENSG00000131094', 'ENSG00000075420', 'ENSG00000078725', 'ENSG00000092421', 'ENSG00000168386', 'ENSG00000081052']",0.0629159,fold_3
4.1,author_cell_type,HAC11,7454,0.5926527700721249,0.6728908886389201,0.40126106788301585,500133,1454,4463,2991,2,"['ENSG00000103227', 'ENSG00000139117']","['ENSG00000275832', 'ENSG00000103227', 'ENSG00000122966', 'ENSG00000099715', 'ENSG00000139117', 'ENSG00000095951', 'ENSG00000167508', 'ENSG00000184828', 'ENSG00000152910', 'ENSG00000151322']",0.12837924,fold_3
4.1,author_cell_type,HAC12,7454,0.32707450030284674,0.38620689655172413,0.202844110544674,499184,2403,5942,1512,3,"['ENSG00000197584', 'ENSG00000171385', 'ENSG00000196090']","['ENSG00000197584', 'ENSG00000134504', 'ENSG00000171385', 'ENSG00000164330', 'ENSG00000154822', 'ENSG00000196090', 'ENSG00000156011', 'ENSG00000162989', 'ENSG00000112851', 'ENSG00000182674']",0.04660997,fold_3
4.1,author_cell_type,HAC13,7454,0.676286330491938,0.8765391014975041,0.3533673195599678,501216,371,4820,2634,3,"['ENSG00000106689', 'ENSG00000143340', 'ENSG00000162670']","['ENSG00000154783', 'ENSG00000148737', 'ENSG00000106689', 'ENSG00000198108', 'ENSG00000143340', 'ENSG00000162670', 'ENSG00000185053', 'ENSG00000185760', 'ENSG00000168386', 'ENSG00000106536']",0.1026972,fold_3
4.1,author_cell_type,HAC14,7454,0.3735241654633483,0.43723589361173254,0.23598068151328147,499323,2264,5695,1759,3,"['ENSG00000162670', 'ENSG00000112851', 'ENSG00000182674']","['ENSG00000162670', 'ENSG00000154822', 'ENSG00000164330', 'ENSG00000112851', 'ENSG00000196090', 'ENSG00000182674', 'ENSG00000078725', 'ENSG00000156011', 'ENSG00000198597', 'ENSG00000185274']",0.032671206,fold_3
4.1,author_cell_type,HAC15,7454,0.36212352045001756,0.5143570536828964,0.16581701100080493,500420,1167,6218,1236,3,"['ENSG00000122966', 'ENSG00000185760', 'ENSG00000081052']","['ENSG00000122966', 'ENSG00000103227', 'ENSG00000185760', 'ENSG00000182871', 'ENSG00000081052', 'ENSG00000139117', 'ENSG00000170160', 'ENSG00000152910', 'ENSG00000152154', 'ENSG00000106536']",0.04208405,fold_3
4.1,author_cell_type,HAC17,7454,0.6855517070757051,0.8689244277202884,0.3717467131741347,501169,418,4683,2771,3,"['ENSG00000185053', 'ENSG00000149571', 'ENSG00000182674']","['ENSG00000185053', 'ENSG00000149571', 'ENSG00000182674', 'ENSG00000185274', 'ENSG00000152495', 'ENSG00000183715', 'ENSG00000151322', 'ENSG00000154822', 'ENSG00000123607', 'ENSG00000078725']",0.031751856,fold_3
4.1,author_cell_type,HAC18,7454,0.6976094247140768,0.821311060491015,0.43533673195599676,500881,706,4209,3245,2,"['ENSG00000178031', 'ENSG00000168386']","['ENSG00000178031', 'ENSG00000143549', 'ENSG00000110400', 'ENSG00000131094', 'ENSG00000168386', 'ENSG00000184828', 'ENSG00000167508', 'ENSG00000122477', 'ENSG00000198010', 'ENSG00000092421']",0.14888647,fold_3
4.1,author_cell_type,HAC19,7454,0.6600762267746546,0.818853427895981,0.3717467131741347,500974,613,4683,2771,2,"['ENSG00000154146', 'ENSG00000196353']","['ENSG00000154146', 'ENSG00000171951', 'ENSG00000113441', 'ENSG00000221866', 'ENSG00000091136', 'ENSG00000196353', 'ENSG00000149557', 'ENSG00000182674', 'ENSG00000092421', 'ENSG00000149571']",0.3143987,fold_3
4.1,author_cell_type,HAC20,7454,0.3732206920495313,0.525030525030525,0.17306144352025757,500420,1167,6164,1290,4,"['ENSG00000196353', 'ENSG00000196090', 'ENSG00000171385', 'ENSG00000182674']","['ENSG00000196353', 'ENSG00000073711', 'ENSG00000196090', 'ENSG00000167508', 'ENSG00000171385', 'ENSG00000182674', 'ENSG00000154822', 'ENSG00000148143', 'ENSG00000079459', 'ENSG00000186231']",0.029436301,fold_3
4.1,author_cell_type,HAC21,7454,0.6450844521437852,0.7620874904067536,0.39965119398980414,500657,930,4475,2979,2,"['ENSG00000113721', 'ENSG00000237515']","['ENSG00000113721', 'ENSG00000204525', 'ENSG00000072182', 'ENSG00000143333', 'ENSG00000237515', 'ENSG00000197584', 'ENSG00000164330', 'ENSG00000134504', 'ENSG00000171385', 'ENSG00000154822']",0.5521289,fold_3
4.1,author_cell_type,HAC23,6583,0.3626079190235189,0.4770857814336075,0.18502202643171806,501123,1335,5365,1218,2,"['ENSG00000163873', 'ENSG00000099715']","['ENSG00000163873', 'ENSG00000072858', 'ENSG00000160310', 'ENSG00000099715', 'ENSG00000107105', 'ENSG00000171951', 'ENSG00000131094', 'ENSG00000151883', 'ENSG00000198010', 'ENSG00000081052']",0.09070049,fold_3
4.1,author_cell_type,HAC24,6337,0.6075986939744732,0.7792158355538638,0.32302351270317187,502124,580,4290,2047,3,"['ENSG00000111799', 'ENSG00000147408', 'ENSG00000162670']","['ENSG00000106236', 'ENSG00000111799', 'ENSG00000174944', 'ENSG00000147408', 'ENSG00000104490', 'ENSG00000162670', 'ENSG00000144893', 'ENSG00000185760', 'ENSG00000171951', 'ENSG00000152910']",0.06855758,fold_3
4.1,author_cell_type,HAC26,5929,0.450200656694637,0.6347736625514403,0.2081295328048575,502402,710,4695,1234,4,"['ENSG00000170745', 'ENSG00000198108', 'ENSG00000174944', 'ENSG00000116497']","['ENSG00000170745', 'ENSG00000198108', 'ENSG00000149091', 'ENSG00000103227', 'ENSG00000174944', 'ENSG00000116497', 'ENSG00000171951', 'ENSG00000196090', 'ENSG00000168386', 'ENSG00000144893']",0.09173319,fold_3
4.1,author_cell_type,HAC27,5887,0.4012400354295837,0.49203475742215785,0.23084763037200612,501751,1403,4528,1359,4,"['ENSG00000185760', 'ENSG00000081052', 'ENSG00000106536', 'ENSG00000182674']","['ENSG00000185760', 'ENSG00000081052', 'ENSG00000151883', 'ENSG00000106536', 'ENSG00000182674', 'ENSG00000152910', 'ENSG00000174482', 'ENSG00000144893', 'ENSG00000154277', 'ENSG00000149571']",0.03972979,fold_3
4.1,author_cell_type,HAC28,5622,0.5370688421353943,0.7188697318007663,0.2669868374244041,502832,587,4121,1501,3,"['ENSG00000106236', 'ENSG00000136237', 'ENSG00000147408']","['ENSG00000187730', 'ENSG00000106236', 'ENSG00000174944', 'ENSG00000136237', 'ENSG00000147408', 'ENSG00000144893', 'ENSG00000110400', 'ENSG00000152910', 'ENSG00000131094', 'ENSG00000162670']",0.07299246,fold_3
4.1,author_cell_type,HAC29,5021,0.5787492514329712,0.8116376724655069,0.26946823341963755,503706,314,3668,1353,2,"['ENSG00000237515', 'ENSG00000170160']","['ENSG00000237515', 'ENSG00000091136', 'ENSG00000170160', 'ENSG00000106536', 'ENSG00000149571', 'ENSG00000152910', 'ENSG00000114480', 'ENSG00000184985', 'ENSG00000151322', 'ENSG00000196776']",0.06561471,fold_3
4.1,author_cell_type,HAC30,4936,0.4873375541486171,0.6621392190152802,0.23703403565640194,503508,597,3766,1170,3,"['ENSG00000147408', 'ENSG00000112964', 'ENSG00000151883']","['ENSG00000147408', 'ENSG00000112964', 'ENSG00000091136', 'ENSG00000151883', 'ENSG00000171951', 'ENSG00000075420', 'ENSG00000196353', 'ENSG00000078725', 'ENSG00000152910', 'ENSG00000081052']",0.09015263,fold_3
4.1,author_cell_type,HAC32,4645,0.6233297219212712,0.7504347826086957,0.37158234660925726,503822,574,2919,1726,2,"['ENSG00000161270', 'ENSG00000113645']","['ENSG00000161270', 'ENSG00000113645', 'ENSG00000116106', 'ENSG00000197584', 'ENSG00000134504', 'ENSG00000171385', 'ENSG00000164330', 'ENSG00000196090', 'ENSG00000154822', 'ENSG00000174482']",0.13453388,fold_3
4.1,author_cell_type,HAC33,4613,0.7374003251528993,0.9176300578034682,0.4129633644049426,504257,171,2708,1905,3,"['ENSG00000171126', 'ENSG00000112964', 'ENSG00000114541']","['ENSG00000171126', 'ENSG00000172379', 'ENSG00000163082', 'ENSG00000112964', 'ENSG00000147408', 'ENSG00000114541', 'ENSG00000221866', 'ENSG00000196353', 'ENSG00000107105', 'ENSG00000185053']",0.07746708,fold_3
4.1,author_cell_type,HAC34,4222,0.4980540014594989,0.819,0.19398389388915205,504638,181,3403,819,3,"['ENSG00000135299', 'ENSG00000130720', 'ENSG00000185760']","['ENSG00000135299', 'ENSG00000130720', 'ENSG00000072858', 'ENSG00000099715', 'ENSG00000188517', 'ENSG00000185760', 'ENSG00000171951', 'ENSG00000091136', 'ENSG00000107105', 'ENSG00000139117']",0.3654049,fold_3
4.1,author_cell_type,HAC35,3872,0.8158682634730539,0.9190556492411467,0.5630165289256198,504977,192,1692,2180,2,"['ENSG00000185053', 'ENSG00000149571']","['ENSG00000237515', 'ENSG00000185053', 'ENSG00000095951', 'ENSG00000196353', 'ENSG00000149571', 'ENSG00000073417', 'ENSG00000114480', 'ENSG00000078725', 'ENSG00000185274', 'ENSG00000154822']",0.059876427,fold_3
4.1,author_cell_type,HAC37,3831,0.5538505802244174,0.7004244996967859,0.3014878621769773,504716,494,2676,1155,4,"['ENSG00000111799', 'ENSG00000188517', 'ENSG00000104490', 'ENSG00000185760']","['ENSG00000106236', 'ENSG00000111799', 'ENSG00000143340', 'ENSG00000188517', 'ENSG00000104490', 'ENSG00000185760', 'ENSG00000107105', 'ENSG00000151883', 'ENSG00000171951', 'ENSG00000185053']",0.078464046,fold_3
4.1,author_cell_type,HAC38,3814,0.39403620873269435,0.5308464849354376,0.19402202412165706,504573,654,3074,740,4,"['ENSG00000131094', 'ENSG00000078725', 'ENSG00000122477', 'ENSG00000185274']","['ENSG00000182871', 'ENSG00000131094', 'ENSG00000078725', 'ENSG00000122477', 'ENSG00000138821', 'ENSG00000185274', 'ENSG00000116793', 'ENSG00000073417', 'ENSG00000140600', 'ENSG00000149571']",0.0379022,fold_3
4.1,author_cell_type,HAC39,3140,0.25206881533101044,0.3064195896757114,0.14745222929936305,504853,1048,2677,463,6,"['ENSG00000148484', 'ENSG00000072110', 'ENSG00000099715', 'ENSG00000107105', 'ENSG00000185760', 'ENSG00000075420']","['ENSG00000148484', 'ENSG00000072110', 'ENSG00000099715', 'ENSG00000107105', 'ENSG00000185760', 'ENSG00000075420', 'ENSG00000185053', 'ENSG00000081052', 'ENSG00000106536', 'ENSG00000152910']",0.052057702,fold_3
4.1,author_cell_type,HAC40,3095,0.43982356647763077,0.5768595041322314,0.22552504038772214,505434,512,2397,698,5,"['ENSG00000147408', 'ENSG00000185760', 'ENSG00000131094', 'ENSG00000184828', 'ENSG00000078725']","['ENSG00000147408', 'ENSG00000185760', 'ENSG00000131094', 'ENSG00000184828', 'ENSG00000168386', 'ENSG00000078725', 'ENSG00000156273', 'ENSG00000092421', 'ENSG00000185070', 'ENSG00000106536']",0.0480882,fold_3
4.1,author_cell_type,HAC41,3032,0.6479494515975203,0.8117998506348021,0.35850923482849606,505757,252,1945,1087,2,"['ENSG00000006128', 'ENSG00000197584']","['ENSG00000172201', 'ENSG00000006128', 'ENSG00000197584', 'ENSG00000188517', 'ENSG00000237515', 'ENSG00000112964', 'ENSG00000114541', 'ENSG00000171951', 'ENSG00000122477', 'ENSG00000092421']",0.17545575,fold_3
4.1,author_cell_type,HAC42,2695,0.3362992007238727,0.4532520325203252,0.16549165120593692,505808,538,2249,446,3,"['ENSG00000196353', 'ENSG00000196090', 'ENSG00000162989']","['ENSG00000197584', 'ENSG00000196353', 'ENSG00000196090', 'ENSG00000164330', 'ENSG00000120963', 'ENSG00000162989', 'ENSG00000184985', 'ENSG00000154822', 'ENSG00000152910', 'ENSG00000171385']",0.045258917,fold_3
4.1,author_cell_type,HAC44,2576,0.5909214830970556,0.7285714285714285,0.33656832298136646,506142,323,1709,867,3,"['ENSG00000134853', 'ENSG00000106689', 'ENSG00000147408']","['ENSG00000134853', 'ENSG00000106689', 'ENSG00000147408', 'ENSG00000104047', 'ENSG00000099715', 'ENSG00000139117', 'ENSG00000185053', 'ENSG00000138821', 'ENSG00000196090', 'ENSG00000156273']",0.16346924,fold_3
4.1,author_cell_type,HAC45,2312,0.5040607344632768,0.6813842482100239,0.24697231833910036,506462,267,1741,571,3,"['ENSG00000113532', 'ENSG00000111799', 'ENSG00000147408']","['ENSG00000113532', 'ENSG00000111799', 'ENSG00000147408', 'ENSG00000072858', 'ENSG00000112964', 'ENSG00000110400', 'ENSG00000196090', 'ENSG00000152910', 'ENSG00000168386', 'ENSG00000170091']",0.2140693,fold_3
4.1,author_cell_type,HAC46,2299,0.7261410788381742,0.8982889733840305,0.41104828186167897,506635,107,1354,945,3,"['ENSG00000147408', 'ENSG00000185053', 'ENSG00000162670']","['ENSG00000079689', 'ENSG00000147408', 'ENSG00000103227', 'ENSG00000185053', 'ENSG00000162670', 'ENSG00000139117', 'ENSG00000138821', 'ENSG00000196090', 'ENSG00000185274', 'ENSG00000148143']",0.0651439,fold_3
4.1,author_cell_type,HAC48,2215,0.3579474342928661,0.6426966292134831,0.1291196388261851,506667,159,1929,286,3,"['ENSG00000105926', 'ENSG00000237515', 'ENSG00000184828']","['ENSG00000105926', 'ENSG00000174672', 'ENSG00000237515', 'ENSG00000160310', 'ENSG00000151883', 'ENSG00000184828', 'ENSG00000171385', 'ENSG00000182674', 'ENSG00000149571', 'ENSG00000152910']",0.07977401,fold_3
4.1,author_cell_type,HAC49,2031,0.3506849315068493,0.445993031358885,0.18906942392909898,506533,477,1647,384,4,"['ENSG00000154175', 'ENSG00000107105', 'ENSG00000073417', 'ENSG00000185274']","['ENSG00000154175', 'ENSG00000106344', 'ENSG00000107105', 'ENSG00000131094', 'ENSG00000073417', 'ENSG00000185274', 'ENSG00000122477', 'ENSG00000106536', 'ENSG00000140600', 'ENSG00000149571']",0.03091653,fold_3
4.1,author_cell_type,HAC50,1561,0.4473257698541329,0.7244094488188977,0.17680973734785393,507375,105,1285,276,4,"['ENSG00000163873', 'ENSG00000140873', 'ENSG00000196353', 'ENSG00000164330']","['ENSG00000163873', 'ENSG00000140873', 'ENSG00000197584', 'ENSG00000196353', 'ENSG00000162670', 'ENSG00000164330', 'ENSG00000196090', 'ENSG00000156011', 'ENSG00000154822', 'ENSG00000171385']",0.087334454,fold_3
4.1,author_cell_type,HAC51,1453,0.48748921484037966,0.6699604743083004,0.23331039229181005,507421,167,1114,339,3,"['ENSG00000178031', 'ENSG00000147408', 'ENSG00000099715']","['ENSG00000178031', 'ENSG00000072858', 'ENSG00000147408', 'ENSG00000160310', 'ENSG00000099715', 'ENSG00000188517', 'ENSG00000110400', 'ENSG00000107105', 'ENSG00000139117', 'ENSG00000078725']",0.09331126,fold_3
4.1,author_cell_type,HAC52,1278,0.41642816256439613,0.5252707581227437,0.22769953051643194,507500,263,987,291,4,"['ENSG00000103227', 'ENSG00000196090', 'ENSG00000149571', 'ENSG00000152910']","['ENSG00000103227', 'ENSG00000116497', 'ENSG00000196090', 'ENSG00000152154', 'ENSG00000149571', 'ENSG00000152910', 'ENSG00000171853', 'ENSG00000140600', 'ENSG00000182674', 'ENSG00000170091']",0.028044704,fold_3
4.1,author_cell_type,HAC53,1238,0.4234665166010129,0.5198618307426598,0.2431340872374798,507525,278,937,301,3,"['ENSG00000112964', 'ENSG00000168386', 'ENSG00000196090']","['ENSG00000113532', 'ENSG00000112964', 'ENSG00000147408', 'ENSG00000168386', 'ENSG00000152154', 'ENSG00000196090', 'ENSG00000149571', 'ENSG00000185070', 'ENSG00000140600', 'ENSG00000185274']",0.032869875,fold_3
4.1,author_cell_type,HAC54,1194,0.4779735682819383,0.8066914498141264,0.18174204355108878,507795,52,977,217,5,"['ENSG00000165300', 'ENSG00000198108', 'ENSG00000237515', 'ENSG00000181804', 'ENSG00000099715']","['ENSG00000165300', 'ENSG00000198108', 'ENSG00000237515', 'ENSG00000181804', 'ENSG00000171951', 'ENSG00000099715', 'ENSG00000162670', 'ENSG00000185053', 'ENSG00000107105', 'ENSG00000139117']",0.09229238,fold_3
4.1,author_cell_type,HAC55,1157,0.3548508871272178,0.5040214477211796,0.16248919619706137,507699,185,969,188,4,"['ENSG00000028277', 'ENSG00000182957', 'ENSG00000184828', 'ENSG00000149571']","['ENSG00000028277', 'ENSG00000182957', 'ENSG00000091136', 'ENSG00000196353', 'ENSG00000184828', 'ENSG00000149571', 'ENSG00000106536', 'ENSG00000149557', 'ENSG00000152910', 'ENSG00000184985']",0.09500867,fold_3
4.1,author_cell_type,HAC56,1133,0.10381953345296079,0.11705202312138728,0.07149161518093557,507297,611,1052,81,5,"['ENSG00000149091', 'ENSG00000131370', 'ENSG00000139117', 'ENSG00000168386', 'ENSG00000078725']","['ENSG00000149091', 'ENSG00000160310', 'ENSG00000131370', 'ENSG00000139117', 'ENSG00000168386', 'ENSG00000078725', 'ENSG00000126217', 'ENSG00000122477', 'ENSG00000092421', 'ENSG00000152154']",0.030377666,fold_3
4.1,author_cell_type,HAC57,1119,0.5490941623797808,0.5859188544152745,0.4387846291331546,507575,347,628,491,2,"['ENSG00000006128', 'ENSG00000185053']","['ENSG00000006128', 'ENSG00000015592', 'ENSG00000106689', 'ENSG00000174672', 'ENSG00000185053', 'ENSG00000139117', 'ENSG00000151883', 'ENSG00000075711', 'ENSG00000106536', 'ENSG00000167508']",0.17554061,fold_3
4.1,author_cell_type,HAC59,990,0.4286827747466875,0.5583756345177665,0.2222222222222222,507877,174,770,220,4,"['ENSG00000103154', 'ENSG00000072858', 'ENSG00000188517', 'ENSG00000112964']","['ENSG00000103154', 'ENSG00000072858', 'ENSG00000106689', 'ENSG00000188517', 'ENSG00000112964', 'ENSG00000091136', 'ENSG00000139117', 'ENSG00000131094', 'ENSG00000114861', 'ENSG00000185053']",0.15109096,fold_3
4.1,author_cell_type,HAC60,876,0.2609682299546142,0.31221719457013575,0.15753424657534246,507861,304,738,138,4,"['ENSG00000114541', 'ENSG00000196353', 'ENSG00000139117', 'ENSG00000092421']","['ENSG00000114541', 'ENSG00000221866', 'ENSG00000196353', 'ENSG00000139117', 'ENSG00000149557', 'ENSG00000092421', 'ENSG00000182674', 'ENSG00000152154', 'ENSG00000167508', 'ENSG00000170091']",0.040109076,fold_3
4.1,author_cell_type,HAC62,864,0.5842696629213483,0.9082969432314411,0.24074074074074073,508156,21,656,208,3,"['ENSG00000112038', 'ENSG00000136237', 'ENSG00000198108']","['ENSG00000112038', 'ENSG00000175356', 'ENSG00000143333', 'ENSG00000136237', 'ENSG00000198108', 'ENSG00000103227', 'ENSG00000171951', 'ENSG00000162670', 'ENSG00000185053', 'ENSG00000170160']",0.11666016,fold_3
4.1,author_cell_type,HAC63,677,0.1003928415539066,0.08908973531310523,0.2038404726735598,506953,1411,539,138,6,"['ENSG00000150867', 'ENSG00000155657', 'ENSG00000112964', 'ENSG00000165023', 'ENSG00000075420', 'ENSG00000078725']","['ENSG00000150867', 'ENSG00000155657', 'ENSG00000112964', 'ENSG00000165023', 'ENSG00000075420', 'ENSG00000078725', 'ENSG00000168386', 'ENSG00000092421', 'ENSG00000132970', 'ENSG00000184985']",0.053330287,fold_3
4.1,author_cell_type,HAC64,668,0.5633802816901409,0.851063829787234,0.23952095808383234,508345,28,508,160,3,"['ENSG00000237515', 'ENSG00000143340', 'ENSG00000152910']","['ENSG00000237515', 'ENSG00000143340', 'ENSG00000104490', 'ENSG00000095951', 'ENSG00000152910', 'ENSG00000139117', 'ENSG00000196090', 'ENSG00000138821', 'ENSG00000154822', 'ENSG00000185070']",0.12195484,fold_3
4.1,author_cell_type,HAC65,595,0.2566452795600367,0.45161290322580644,0.09411764705882353,508378,68,539,56,4,"['ENSG00000185760', 'ENSG00000175455', 'ENSG00000196353', 'ENSG00000110400']","['ENSG00000100604', 'ENSG00000174672', 'ENSG00000185760', 'ENSG00000175455', 'ENSG00000196353', 'ENSG00000110400', 'ENSG00000171951', 'ENSG00000171385', 'ENSG00000081052', 'ENSG00000156273']",0.053053185,fold_3
4.1,author_cell_type,HAC66,588,0.1434092758340114,0.13031423290203328,0.23979591836734693,507512,941,447,141,5,"['ENSG00000106236', 'ENSG00000174944', 'ENSG00000147408', 'ENSG00000116703', 'ENSG00000162670']","['ENSG00000106236', 'ENSG00000174944', 'ENSG00000147408', 'ENSG00000116703', 'ENSG00000162670', 'ENSG00000144893', 'ENSG00000198691', 'ENSG00000221866', 'ENSG00000131094', 'ENSG00000152910']",0.06368893,fold_3
4.1,author_cell_type,HAC68,542,0.5426098535286284,0.6791666666666667,0.3007380073800738,508422,77,379,163,4,"['ENSG00000154146', 'ENSG00000221866', 'ENSG00000198691', 'ENSG00000196353']","['ENSG00000154146', 'ENSG00000171951', 'ENSG00000113441', 'ENSG00000221866', 'ENSG00000198691', 'ENSG00000196353', 'ENSG00000130413', 'ENSG00000182674', 'ENSG00000111837', 'ENSG00000073417']",0.046129685,fold_3
4.1,author_cell_type,HAC71,502,0.4835924006908463,0.6829268292682927,0.22310756972111553,508487,52,390,112,4,"['ENSG00000134853', 'ENSG00000182957', 'ENSG00000080200', 'ENSG00000117154']","['ENSG00000134853', 'ENSG00000182957', 'ENSG00000155657', 'ENSG00000204624', 'ENSG00000080200', 'ENSG00000117154', 'ENSG00000221866', 'ENSG00000131094', 'ENSG00000184985', 'ENSG00000171385']",0.07555677,fold_3
4.1,author_cell_type,HAC72,483,0.0626275420448948,0.051864801864801864,0.36853002070393376,505304,3254,305,178,3,"['ENSG00000095777', 'ENSG00000165078', 'ENSG00000178878']","['ENSG00000095777', 'ENSG00000165078', 'ENSG00000178878', 'ENSG00000145794', 'ENSG00000154175', 'ENSG00000107242', 'ENSG00000112964', 'ENSG00000110400', 'ENSG00000075711', 'ENSG00000112851']",0.17273074,fold_3
4.1,author_cell_type,HAC74,412,0.2599388379204893,0.30357142857142855,0.1650485436893204,508473,156,344,68,4,"['ENSG00000080200', 'ENSG00000117154', 'ENSG00000162670', 'ENSG00000164330']","['ENSG00000080200', 'ENSG00000104490', 'ENSG00000117154', 'ENSG00000162670', 'ENSG00000164330', 'ENSG00000134504', 'ENSG00000156273', 'ENSG00000154822', 'ENSG00000196090', 'ENSG00000171385']",0.021340765,fold_3
4.1,author_cell_type,HAC75,387,0.05537206139498737,0.04789915966386555,0.14728682170542637,507521,1133,330,57,6,"['ENSG00000275832', 'ENSG00000182871', 'ENSG00000141905', 'ENSG00000150593', 'ENSG00000152910', 'ENSG00000073417']","['ENSG00000275832', 'ENSG00000182871', 'ENSG00000141905', 'ENSG00000150593', 'ENSG00000152910', 'ENSG00000073417', 'ENSG00000111837', 'ENSG00000185274', 'ENSG00000086015', 'ENSG00000152154']",0.031924993,fold_3
4.1,author_cell_type,HAC77,246,0.06770310932798396,0.06178489702517163,0.10975609756097561,508385,410,219,27,6,"['ENSG00000072182', 'ENSG00000204624', 'ENSG00000025156', 'ENSG00000165023', 'ENSG00000221866', 'ENSG00000110400']","['ENSG00000072182', 'ENSG00000204624', 'ENSG00000025156', 'ENSG00000165023', 'ENSG00000221866', 'ENSG00000110400', 'ENSG00000182871', 'ENSG00000162670', 'ENSG00000196353', 'ENSG00000181666']",0.10401407,fold_3
4.1,author_cell_type,HAC78,241,0.4241645244215938,0.8918918918918919,0.13692946058091288,508796,4,208,33,5,"['ENSG00000163873', 'ENSG00000237515', 'ENSG00000143340', 'ENSG00000185760', 'ENSG00000182871']","['ENSG00000163873', 'ENSG00000237515', 'ENSG00000143340', 'ENSG00000112964', 'ENSG00000185760', 'ENSG00000182871', 'ENSG00000162670', 'ENSG00000170160', 'ENSG00000092421', 'ENSG00000186231']",0.101112805,fold_3
4.1,author_cell_type,HAC79,186,0.5128205128205128,0.7843137254901961,0.21505376344086022,508844,11,146,40,4,"['ENSG00000134853', 'ENSG00000128567', 'ENSG00000143340', 'ENSG00000119715']","['ENSG00000134853', 'ENSG00000101265', 'ENSG00000204624', 'ENSG00000128567', 'ENSG00000143340', 'ENSG00000119715', 'ENSG00000116703', 'ENSG00000140859', 'ENSG00000198691', 'ENSG00000111837']",0.07544045,fold_3
4.1,author_cell_type,HAC80,165,0.03325166258312916,0.02823179791976226,0.11515151515151516,508222,654,146,19,6,"['ENSG00000250510', 'ENSG00000231500', 'ENSG00000182957', 'ENSG00000196353', 'ENSG00000134504', 'ENSG00000154822']","['ENSG00000250510', 'ENSG00000231500', 'ENSG00000182957', 'ENSG00000196353', 'ENSG00000134504', 'ENSG00000154822', 'ENSG00000196090', 'ENSG00000073711', 'ENSG00000073417', 'ENSG00000171385']",0.0804853,fold_3
4.1,author_cell_type,HAC81,159,0.3404255319148936,0.8421052631578947,0.10062893081761007,508879,3,143,16,5,"['ENSG00000153006', 'ENSG00000103227', 'ENSG00000099715', 'ENSG00000080200', 'ENSG00000117154']","['ENSG00000153006', 'ENSG00000103227', 'ENSG00000122966', 'ENSG00000099715', 'ENSG00000080200', 'ENSG00000117154', 'ENSG00000139117', 'ENSG00000167508', 'ENSG00000184828', 'ENSG00000152910']",0.047890123,fold_3
4.1,author_cell_type,HAC82,151,0.3155818540433925,0.3595505617977528,0.2119205298013245,508833,57,119,32,6,"['ENSG00000154783', 'ENSG00000148737', 'ENSG00000106689', 'ENSG00000198108', 'ENSG00000143340', 'ENSG00000119715']","['ENSG00000154783', 'ENSG00000148737', 'ENSG00000106689', 'ENSG00000198108', 'ENSG00000143340', 'ENSG00000119715', 'ENSG00000116703', 'ENSG00000140859', 'ENSG00000188517', 'ENSG00000198691']",0.118382946,fold_3
4.1,author_cell_type,HAC84,117,0.05848989719957462,0.04881656804733728,0.28205128205128205,508281,643,84,33,3,"['ENSG00000105877', 'ENSG00000161270', 'ENSG00000140873']","['ENSG00000105877', 'ENSG00000150630', 'ENSG00000161270', 'ENSG00000140873', 'ENSG00000113645', 'ENSG00000116106', 'ENSG00000197584', 'ENSG00000140859', 'ENSG00000198691', 'ENSG00000171385']",0.09927141,fold_3
4.1,author_cell_type,HAC86,94,0.16587677725118483,0.17073170731707318,0.14893617021276595,508879,68,80,14,6,"['ENSG00000215475', 'ENSG00000170745', 'ENSG00000198108', 'ENSG00000103227', 'ENSG00000174944', 'ENSG00000119715']","['ENSG00000215475', 'ENSG00000170745', 'ENSG00000198108', 'ENSG00000103227', 'ENSG00000174944', 'ENSG00000119715', 'ENSG00000237515', 'ENSG00000140859', 'ENSG00000198691', 'ENSG00000171951']",0.09002729,fold_3
4.1,author_cell_type,HAC87,90,0.2862595419847328,0.3488372093023256,0.16666666666666666,508923,28,75,15,6,"['ENSG00000178031', 'ENSG00000103056', 'ENSG00000110400', 'ENSG00000080200', 'ENSG00000131094', 'ENSG00000221866']","['ENSG00000178031', 'ENSG00000103056', 'ENSG00000110400', 'ENSG00000080200', 'ENSG00000131094', 'ENSG00000221866', 'ENSG00000168386', 'ENSG00000167508', 'ENSG00000184985', 'ENSG00000177694']",0.05872353,fold_3
4.1,author_cell_type,HAC88,87,0.07751937984496124,0.08,0.06896551724137931,508885,69,81,6,6,"['ENSG00000165300', 'ENSG00000266173', 'ENSG00000257727', 'ENSG00000237515', 'ENSG00000221866', 'ENSG00000162670']","['ENSG00000165300', 'ENSG00000266173', 'ENSG00000257727', 'ENSG00000237515', 'ENSG00000221866', 'ENSG00000162670', 'ENSG00000185053', 'ENSG00000151322', 'ENSG00000154277', 'ENSG00000145194']",0.1028591,fold_3
4.1,author_cell_type,HAC89,84,0.24553571428571427,0.3142857142857143,0.13095238095238096,508933,24,73,11,5,"['ENSG00000101265', 'ENSG00000103227', 'ENSG00000140859', 'ENSG00000198691', 'ENSG00000182871']","['ENSG00000101265', 'ENSG00000103227', 'ENSG00000119715', 'ENSG00000140859', 'ENSG00000198691', 'ENSG00000182871', 'ENSG00000185760', 'ENSG00000111837', 'ENSG00000139117', 'ENSG00000081052']",0.06205381,fold_3
4.1,author_cell_type,HAC90,79,0.12274959083469722,0.11278195488721804,0.189873417721519,508844,118,64,15,5,"['ENSG00000101265', 'ENSG00000128567', 'ENSG00000119715', 'ENSG00000104490', 'ENSG00000140859']","['ENSG00000101265', 'ENSG00000128567', 'ENSG00000116703', 'ENSG00000119715', 'ENSG00000104490', 'ENSG00000140859', 'ENSG00000188517', 'ENSG00000198691', 'ENSG00000185760', 'ENSG00000111837']",0.087857746,fold_3
4.1,author_cell_type,HAC91,74,0.036855036855036855,0.032432432432432434,0.08108108108108109,508788,179,68,6,5,"['ENSG00000075043', 'ENSG00000150630', 'ENSG00000161270', 'ENSG00000113645', 'ENSG00000134504']","['ENSG00000075043', 'ENSG00000150630', 'ENSG00000161270', 'ENSG00000113645', 'ENSG00000197584', 'ENSG00000134504', 'ENSG00000185760', 'ENSG00000164330', 'ENSG00000196090', 'ENSG00000171385']",0.08637079,fold_3
4.1,author_cell_type,HAC92,65,0.09596928982725528,0.08771929824561403,0.15384615384615385,508872,104,55,10,6,"['ENSG00000101265', 'ENSG00000128567', 'ENSG00000143340', 'ENSG00000119715', 'ENSG00000116703', 'ENSG00000188517']","['ENSG00000101265', 'ENSG00000128567', 'ENSG00000143340', 'ENSG00000119715', 'ENSG00000116703', 'ENSG00000188517', 'ENSG00000140859', 'ENSG00000198691', 'ENSG00000196353', 'ENSG00000111837']",0.072045624,fold_3
4.1,author_cell_type,HAC93,55,0.05409582689335394,0.0472972972972973,0.12727272727272726,508845,141,48,7,4,"['ENSG00000170802', 'ENSG00000101265', 'ENSG00000148484', 'ENSG00000119715']","['ENSG00000170802', 'ENSG00000101265', 'ENSG00000148484', 'ENSG00000119715', 'ENSG00000140859', 'ENSG00000188517', 'ENSG00000198691', 'ENSG00000162670', 'ENSG00000111837', 'ENSG00000154240']",0.15217125,fold_3
4.1,author_cell_type,HAC95,39,0.36363636363636365,1.0,0.10256410256410256,509002,0,35,4,5,"['ENSG00000163453', 'ENSG00000163873', 'ENSG00000140873', 'ENSG00000119715', 'ENSG00000237515']","['ENSG00000163453', 'ENSG00000163873', 'ENSG00000140873', 'ENSG00000197584', 'ENSG00000119715', 'ENSG00000237515', 'ENSG00000116703', 'ENSG00000188517', 'ENSG00000196353', 'ENSG00000198691']",0.093644306,fold_3
4.1,author_cell_type,HRGC3,7454,0.5195939307935815,0.7007729112992271,0.2554333243895895,500774,813,5550,1904,3,"['ENSG00000140403', 'ENSG00000135047', 'ENSG00000187210']","['ENSG00000140403', 'ENSG00000115216', 'ENSG00000135047', 'ENSG00000015592', 'ENSG00000187210', 'ENSG00000158470', 'ENSG00000152413', 'ENSG00000184828', 'ENSG00000171385', 'ENSG00000164330']",1.0,fold_3
4.1,author_cell_type,HRGC4,7454,0.3142835964717219,0.3473986071282261,0.22752884357392003,498401,3186,5758,1696,2,"['ENSG00000184828', 'ENSG00000185053']","['ENSG00000106665', 'ENSG00000139436', 'ENSG00000090661', 'ENSG00000184828', 'ENSG00000164330', 'ENSG00000185053', 'ENSG00000170160', 'ENSG00000154277', 'ENSG00000141905', 'ENSG00000126217']",0.045684043,fold_3
4.1,author_cell_type,HRGC5,6657,0.24753556702438492,0.2420237618475504,0.2723449001051525,496706,5678,4844,1813,2,"['ENSG00000154277', 'ENSG00000164330']","['ENSG00000187210', 'ENSG00000107105', 'ENSG00000154277', 'ENSG00000184828', 'ENSG00000164330', 'ENSG00000185053', 'ENSG00000114480', 'ENSG00000185274']",0.04154645,fold_3
4.1,author_cell_type,HRGC9,2890,0.3287882120079173,0.38555770470664086,0.2069204152249135,505198,953,2292,598,4,"['ENSG00000070159', 'ENSG00000198108', 'ENSG00000104361', 'ENSG00000104490']","['ENSG00000106789', 'ENSG00000070159', 'ENSG00000198108', 'ENSG00000104361', 'ENSG00000104490', 'ENSG00000216937', 'ENSG00000185760', 'ENSG00000107105', 'ENSG00000164330', 'ENSG00000068615']",0.05949332,fold_3
4.1,author_cell_type,HRGC10,2309,0.1653222586055427,0.16216216216216217,0.17929839757470767,504593,2139,1895,414,6,"['ENSG00000115641', 'ENSG00000171488', 'ENSG00000070159', 'ENSG00000140859', 'ENSG00000107105', 'ENSG00000184828']","['ENSG00000115641', 'ENSG00000171488', 'ENSG00000070159', 'ENSG00000140859', 'ENSG00000107105', 'ENSG00000184828', 'ENSG00000164330', 'ENSG00000185053', 'ENSG00000138821', 'ENSG00000130413']",0.07614151,fold_3
4.1,author_cell_type,HRGC11,1869,0.4024306351754185,0.5634028892455859,0.18780096308186195,506900,272,1518,351,6,"['ENSG00000212907', 'ENSG00000101298', 'ENSG00000115641', 'ENSG00000162390', 'ENSG00000216937', 'ENSG00000107105']","['ENSG00000212907', 'ENSG00000101298', 'ENSG00000115641', 'ENSG00000162390', 'ENSG00000216937', 'ENSG00000107105', 'ENSG00000138821', 'ENSG00000164330', 'ENSG00000119509', 'ENSG00000198899']",0.37880325,fold_3
4.1,author_cell_type,IMB,7454,0.2834259561948349,0.29979253112033194,0.23262677756909042,497537,4050,5720,1734,3,"['ENSG00000072110', 'ENSG00000080200', 'ENSG00000117154']","['ENSG00000072182', 'ENSG00000143333', 'ENSG00000072110', 'ENSG00000119614', 'ENSG00000080200', 'ENSG00000117154', 'ENSG00000110400', 'ENSG00000196090', 'ENSG00000081052', 'ENSG00000184985']",0.08033605,fold_3
4.1,author_cell_type,MG,7454,0.7870415410059344,0.9877899877899878,0.434129326536088,501547,40,4218,3236,2,"['ENSG00000095777', 'ENSG00000165078']","['ENSG00000184232', 'ENSG00000095777', 'ENSG00000165078', 'ENSG00000145794', 'ENSG00000178878', 'ENSG00000154175', 'ENSG00000107242', 'ENSG00000148737', 'ENSG00000174944', 'ENSG00000182871']",0.56328195,fold_3
4.1,author_cell_type,MG_OFF,7454,0.2481486091231564,0.25846702317290554,0.21397907163938826,497011,4576,5859,1595,5,"['ENSG00000171488', 'ENSG00000070159', 'ENSG00000107242', 'ENSG00000187210', 'ENSG00000107105']","['ENSG00000171488', 'ENSG00000070159', 'ENSG00000214575', 'ENSG00000107242', 'ENSG00000187210', 'ENSG00000107105', 'ENSG00000184828', 'ENSG00000164330', 'ENSG00000185053', 'ENSG00000138821']",0.07816951,fold_3
4.1,author_cell_type,MG_ON,7454,0.46867494681946065,0.5037801954637654,0.3665146230211967,498896,2691,4722,2732,4,"['ENSG00000221818', 'ENSG00000171488', 'ENSG00000187210', 'ENSG00000107105']","['ENSG00000221818', 'ENSG00000171488', 'ENSG00000070159', 'ENSG00000116106', 'ENSG00000187210', 'ENSG00000107105', 'ENSG00000184828', 'ENSG00000164330', 'ENSG00000138821', 'ENSG00000185053']",0.13057122,fold_3
4.1,author_cell_type,ML_Cone,7454,0.7354570637119113,0.7635405016775842,0.6411322779715589,500107,1480,2675,4779,2,"['ENSG00000038945', 'ENSG00000113645']","['ENSG00000038945', 'ENSG00000113645', 'ENSG00000114541', 'ENSG00000116703', 'ENSG00000072110', 'ENSG00000140859', 'ENSG00000106701', 'ENSG00000198691', 'ENSG00000106780', 'ENSG00000111837']",0.2789432,fold_3
4.1,author_cell_type,Microglia,4894,0.8435214496234036,0.9207625856419422,0.6315897016755211,503881,266,1803,3091,1,['ENSG00000028137'],"['ENSG00000028137', 'ENSG00000162924', 'ENSG00000100599', 'ENSG00000087253', 'ENSG00000120063', 'ENSG00000177885', 'ENSG00000148154', 'ENSG00000038945', 'ENSG00000170525', 'ENSG00000181804']",1.0,fold_3
4.1,author_cell_type,OFF-SAC,4647,0.7107344632768362,0.874826147426982,0.40606843124596514,504124,270,2760,1887,2,"['ENSG00000130147', 'ENSG00000115665']","['ENSG00000130147', 'ENSG00000157927', 'ENSG00000115665', 'ENSG00000142634', 'ENSG00000140873', 'ENSG00000099715', 'ENSG00000196353', 'ENSG00000144893', 'ENSG00000184985', 'ENSG00000185070']",0.6882128,fold_3
4.1,author_cell_type,OFF-SAC*,274,0.04141195030565963,0.034049452776651806,0.30656934306569344,506384,2383,190,84,5,"['ENSG00000260691', 'ENSG00000142634', 'ENSG00000115665', 'ENSG00000143340', 'ENSG00000144893']","['ENSG00000260691', 'ENSG00000142634', 'ENSG00000115665', 'ENSG00000140873', 'ENSG00000143340', 'ENSG00000144893', 'ENSG00000184985', 'ENSG00000150593', 'ENSG00000170091', 'ENSG00000106536']",0.28463632,fold_3
4.1,author_cell_type,OFFx,7454,0.609030130964374,0.7397107897664071,0.3568553796619265,500651,936,4794,2660,2,"['ENSG00000038945', 'ENSG00000154240']","['ENSG00000038945', 'ENSG00000119614', 'ENSG00000221866', 'ENSG00000117154', 'ENSG00000154240', 'ENSG00000156273', 'ENSG00000184985', 'ENSG00000171385', 'ENSG00000048471', 'ENSG00000198010']",0.17190331,fold_3
4.1,author_cell_type,ON-SAC,7454,0.6430496726992684,0.6471076667589261,0.6273141937214918,499037,2550,2778,4676,2,"['ENSG00000115665', 'ENSG00000140873']","['ENSG00000260691', 'ENSG00000142634', 'ENSG00000157927', 'ENSG00000115665', 'ENSG00000140873', 'ENSG00000143340', 'ENSG00000144893', 'ENSG00000184985', 'ENSG00000164684', 'ENSG00000170091']",0.30492952,fold_3
4.1,author_cell_type,PENK,6329,0.5144222465311762,0.6474637681159421,0.28235108231948175,501739,973,4542,1787,3,"['ENSG00000139117', 'ENSG00000184828', 'ENSG00000185053']","['ENSG00000130720', 'ENSG00000099715', 'ENSG00000139117', 'ENSG00000182871', 'ENSG00000184828', 'ENSG00000185053', 'ENSG00000185274', 'ENSG00000114861', 'ENSG00000162989', 'ENSG00000151322']",0.0406659,fold_3
4.1,author_cell_type,PG_OFF,7454,0.7256442187949037,0.9028605482717521,0.40649315803595387,501261,326,4424,3030,3,"['ENSG00000088992', 'ENSG00000176454', 'ENSG00000113645']","['ENSG00000088992', 'ENSG00000163082', 'ENSG00000176454', 'ENSG00000113645', 'ENSG00000070159', 'ENSG00000116106', 'ENSG00000198108', 'ENSG00000187210', 'ENSG00000185760', 'ENSG00000107105']",0.19856189,fold_3
4.1,author_cell_type,PG_ON,6184,0.7422484399375975,0.8500837520938024,0.49239974126778785,502320,537,3139,3045,4,"['ENSG00000172995', 'ENSG00000107242', 'ENSG00000162390', 'ENSG00000107105']","['ENSG00000172995', 'ENSG00000107242', 'ENSG00000198108', 'ENSG00000162390', 'ENSG00000107105', 'ENSG00000114480', 'ENSG00000185053', 'ENSG00000196353', 'ENSG00000164330', 'ENSG00000081052']",0.078653075,fold_3
4.1,author_cell_type,RB,7454,0.778772254110322,0.9774114774114774,0.42956801717198817,501513,74,4252,3202,2,"['ENSG00000178538', 'ENSG00000140563']","['ENSG00000010282', 'ENSG00000178538', 'ENSG00000140563', 'ENSG00000136237', 'ENSG00000119614', 'ENSG00000154240', 'ENSG00000170160', 'ENSG00000196090', 'ENSG00000081052', 'ENSG00000152910']",0.6533944,fold_3
4.1,author_cell_type,RPE,863,0.6391809629219701,0.9788135593220338,0.26767091541135574,508173,5,632,231,2,"['ENSG00000153283', 'ENSG00000164949']","['ENSG00000100156', 'ENSG00000153283', 'ENSG00000164949', 'ENSG00000119927', 'ENSG00000183273', 'ENSG00000178878', 'ENSG00000065675', 'ENSG00000107242', 'ENSG00000198691', 'ENSG00000184903']",1.0,fold_3
4.1,author_cell_type,Rod,7454,0.7009319871297015,0.9561104805145668,0.33901261067883015,501471,116,4927,2527,2,"['ENSG00000119715', 'ENSG00000116703']","['ENSG00000101265', 'ENSG00000128567', 'ENSG00000119715', 'ENSG00000140859', 'ENSG00000116703', 'ENSG00000188517', 'ENSG00000114541', 'ENSG00000198691', 'ENSG00000150593', 'ENSG00000111837']",0.15637416,fold_3
4.1,author_cell_type,SEG,7454,0.6997050963044881,0.8526108927568782,0.40743225114032733,501062,525,4417,3037,2,"['ENSG00000075711', 'ENSG00000162670']","['ENSG00000170802', 'ENSG00000075711', 'ENSG00000162670', 'ENSG00000196090', 'ENSG00000154822', 'ENSG00000164330', 'ENSG00000078725', 'ENSG00000112851', 'ENSG00000156011', 'ENSG00000182674']",0.057010777,fold_3
4.1,author_cell_type,SEG*,234,0.15324794144556267,0.13729508196721313,0.2863247863247863,508386,421,167,67,4,"['ENSG00000197584', 'ENSG00000116703', 'ENSG00000188517', 'ENSG00000198691']","['ENSG00000197584', 'ENSG00000119715', 'ENSG00000116703', 'ENSG00000140859', 'ENSG00000188517', 'ENSG00000198691', 'ENSG00000111837', 'ENSG00000162670', 'ENSG00000154240', 'ENSG00000075711']",0.053584807,fold_3
4.1,author_cell_type,S_Cone,7454,0.6793376691335875,0.7533678756476684,0.487657633485377,500397,1190,3819,3635,2,"['ENSG00000048540', 'ENSG00000114541']","['ENSG00000048540', 'ENSG00000122378', 'ENSG00000113645', 'ENSG00000114541', 'ENSG00000116703', 'ENSG00000140859', 'ENSG00000106701', 'ENSG00000198691', 'ENSG00000111837', 'ENSG00000182674']",0.2873008,fold_3
4.1,author_cell_type,VG3,7454,0.728622377042382,0.8436974789915966,0.47142473839549237,500936,651,3940,3514,2,"['ENSG00000185053', 'ENSG00000196090']","['ENSG00000100604', 'ENSG00000165300', 'ENSG00000106689', 'ENSG00000185053', 'ENSG00000196090', 'ENSG00000138821', 'ENSG00000132970', 'ENSG00000139117', 'ENSG00000184985', 'ENSG00000075711']",0.060925867,fold_3
4.1,author_cell_type,VG3*,584,0.09643698468786809,0.08440721649484537,0.2243150684931507,507036,1421,453,131,4,"['ENSG00000165300', 'ENSG00000106689', 'ENSG00000104361', 'ENSG00000196090']","['ENSG00000100604', 'ENSG00000165300', 'ENSG00000106689', 'ENSG00000104361', 'ENSG00000185053', 'ENSG00000196090', 'ENSG00000132970', 'ENSG00000150593', 'ENSG00000075711', 'ENSG00000184985']",0.12224668,fold_3
4.1,author_cell_type,VIP,7454,0.5172841035807211,0.7688766114180479,0.22404078347196135,501085,502,5784,1670,3,"['ENSG00000163082', 'ENSG00000104490', 'ENSG00000185760']","['ENSG00000133119', 'ENSG00000163082', 'ENSG00000104490', 'ENSG00000171130', 'ENSG00000095951', 'ENSG00000185760', 'ENSG00000221866', 'ENSG00000162670', 'ENSG00000139117', 'ENSG00000198010']",0.113987215,fold_3
4.1,author_cell_type,ipRGC,1292,0.6115384615384616,0.9724770642201835,0.24613003095975233,507740,9,974,318,3,"['ENSG00000112038', 'ENSG00000165078', 'ENSG00000107105']","['ENSG00000112038', 'ENSG00000165078', 'ENSG00000106789', 'ENSG00000181804', 'ENSG00000107105', 'ENSG00000185760', 'ENSG00000164330', 'ENSG00000154277', 'ENSG00000139117', 'ENSG00000196090']",0.322854,fold_3
4.1,author_cell_type,nNOS,5919,0.3876297394619784,0.5327510917030568,0.1855043081601622,502159,963,4821,1098,4,"['ENSG00000072858', 'ENSG00000198108', 'ENSG00000149212', 'ENSG00000185274']","['ENSG00000072858', 'ENSG00000198108', 'ENSG00000091136', 'ENSG00000149212', 'ENSG00000185274', 'ENSG00000151883', 'ENSG00000149571', 'ENSG00000092421', 'ENSG00000151322', 'ENSG00000185070']",0.06273254,fold_3
4.1,author_cell_type,AII,7454,0.7440989134507306,0.825951341235184,0.5328682586530722,500750,837,3482,3972,2,"['ENSG00000136205', 'ENSG00000165899']","['ENSG00000159248', 'ENSG00000149295', 'ENSG00000148082', 'ENSG00000136205', 'ENSG00000165899', 'ENSG00000104327', 'ENSG00000175352', 'ENSG00000177990', 'ENSG00000079691', 'ENSG00000162599']",0.21197084,fold_4
4.1,author_cell_type,AII*,1057,0.5808194506978839,0.8865979381443299,0.24408703878902555,507951,33,799,258,3,"['ENSG00000165899', 'ENSG00000162599', 'ENSG00000130561']","['ENSG00000149295', 'ENSG00000148082', 'ENSG00000136205', 'ENSG00000165899', 'ENSG00000162599', 'ENSG00000130561', 'ENSG00000073417', 'ENSG00000188803', 'ENSG00000135931', 'ENSG00000174628']",0.064400196,fold_4
4.1,author_cell_type,Astrocyte,7454,0.9020733061828953,0.9967273471057476,0.6537429568017172,501571,16,2581,4873,2,"['ENSG00000196092', 'ENSG00000156076']","['ENSG00000196092', 'ENSG00000152583', 'ENSG00000146592', 'ENSG00000156076', 'ENSG00000173598', 'ENSG00000115525', 'ENSG00000107551', 'ENSG00000157110', 'ENSG00000079691', 'ENSG00000131016']",0.6883232,fold_4
4.1,author_cell_type,BB,2931,0.615197198111771,0.8888888888888888,0.27567383145684066,506009,101,2123,808,2,"['ENSG00000106565', 'ENSG00000183662']","['ENSG00000248485', 'ENSG00000070159', 'ENSG00000080573', 'ENSG00000106565', 'ENSG00000183662', 'ENSG00000079691', 'ENSG00000140090', 'ENSG00000138448', 'ENSG00000118515', 'ENSG00000119139']",0.16072124,fold_4
4.1,author_cell_type,CAI,450,0.5775716694772344,0.7445652173913043,0.30444444444444446,508544,47,313,137,3,"['ENSG00000131979', 'ENSG00000104327', 'ENSG00000137726']","['ENSG00000131979', 'ENSG00000135111', 'ENSG00000135605', 'ENSG00000104327', 'ENSG00000137726', 'ENSG00000204767', 'ENSG00000120907', 'ENSG00000185760', 'ENSG00000197442', 'ENSG00000152214']",0.10504351,fold_4
4.1,author_cell_type,CAII,3865,0.6935601711721114,0.9300209937018894,0.3438551099611902,505076,100,2536,1329,3,"['ENSG00000136205', 'ENSG00000135605', 'ENSG00000135111']","['ENSG00000171791', 'ENSG00000138785', 'ENSG00000187950', 'ENSG00000136205', 'ENSG00000135605', 'ENSG00000135111', 'ENSG00000120907', 'ENSG00000185942', 'ENSG00000137726', 'ENSG00000183662']",0.14845502,fold_4
4.1,author_cell_type,DB1,7454,0.2809383984829021,0.2911251980982567,0.2464448618191575,497114,4473,5617,1837,2,"['ENSG00000185942', 'ENSG00000119139']","['ENSG00000185942', 'ENSG00000187068', 'ENSG00000151292', 'ENSG00000140090', 'ENSG00000119139', 'ENSG00000138448', 'ENSG00000139174', 'ENSG00000145147', 'ENSG00000099968', 'ENSG00000196628']",0.060312156,fold_4
4.1,author_cell_type,DB2,7454,0.5291167115243455,0.6081556128427467,0.3481352294070298,499915,1672,4859,2595,2,"['ENSG00000102900', 'ENSG00000140090']","['ENSG00000139517', 'ENSG00000104626', 'ENSG00000103319', 'ENSG00000187068', 'ENSG00000102900', 'ENSG00000140090', 'ENSG00000162599', 'ENSG00000181234', 'ENSG00000006283', 'ENSG00000078295']",0.059700325,fold_4
4.1,author_cell_type,DB3a,7454,0.6194639365006327,0.8674989931534434,0.2889723638314999,501258,329,5300,2154,3,"['ENSG00000087245', 'ENSG00000104327', 'ENSG00000162599']","['ENSG00000087245', 'ENSG00000080573', 'ENSG00000104327', 'ENSG00000166147', 'ENSG00000047617', 'ENSG00000162599', 'ENSG00000198964', 'ENSG00000102900', 'ENSG00000139174', 'ENSG00000133019']",0.12075273,fold_4
4.1,author_cell_type,DB3b,7454,0.6115425344158136,0.8713327745180218,0.27891065199892673,501280,307,5375,2079,2,"['ENSG00000165138', 'ENSG00000162599']","['ENSG00000165138', 'ENSG00000104626', 'ENSG00000080573', 'ENSG00000162599', 'ENSG00000140090', 'ENSG00000187068', 'ENSG00000181234', 'ENSG00000078295', 'ENSG00000198964', 'ENSG00000006283']",0.3289705,fold_4
4.1,author_cell_type,DB4a,7454,0.5847921812909462,0.7800859598853869,0.29219211161792324,500973,614,5276,2178,3,"['ENSG00000174788', 'ENSG00000162599', 'ENSG00000140090']","['ENSG00000174788', 'ENSG00000106565', 'ENSG00000162599', 'ENSG00000140090', 'ENSG00000006283', 'ENSG00000119139', 'ENSG00000198964', 'ENSG00000131389', 'ENSG00000070961', 'ENSG00000078295']",0.061728183,fold_4
4.1,author_cell_type,DB4b,4553,0.557424315233061,0.7928913192071086,0.25477707006369427,504185,303,3393,1160,3,"['ENSG00000137968', 'ENSG00000162599', 'ENSG00000119139']","['ENSG00000106565', 'ENSG00000118257', 'ENSG00000090097', 'ENSG00000137968', 'ENSG00000162599', 'ENSG00000119139', 'ENSG00000047617', 'ENSG00000079691', 'ENSG00000140090', 'ENSG00000198964']",0.061681356,fold_4
4.1,author_cell_type,DB5,7454,0.5183194919394235,0.652120467117394,0.2846793667829353,500455,1132,5332,2122,2,"['ENSG00000137968', 'ENSG00000181234']","['ENSG00000174788', 'ENSG00000106565', 'ENSG00000137968', 'ENSG00000249853', 'ENSG00000181234', 'ENSG00000140090', 'ENSG00000184005', 'ENSG00000119139', 'ENSG00000078295', 'ENSG00000197147']",0.07851814,fold_4
4.1,author_cell_type,DB6,7454,0.707181792100985,0.8790490341753343,0.39683391467668366,501180,407,4496,2958,2,"['ENSG00000165025', 'ENSG00000119139']","['ENSG00000138646', 'ENSG00000154274', 'ENSG00000165025', 'ENSG00000137968', 'ENSG00000119139', 'ENSG00000140090', 'ENSG00000139174', 'ENSG00000138448', 'ENSG00000169855', 'ENSG00000138411']",0.2769192,fold_4
4.1,author_cell_type,FMB,7454,0.54387282513456,0.8155795401220084,0.233163402200161,501194,393,5716,1738,2,"['ENSG00000185942', 'ENSG00000181234']","['ENSG00000103319', 'ENSG00000185942', 'ENSG00000187068', 'ENSG00000174628', 'ENSG00000181234', 'ENSG00000140090', 'ENSG00000138759', 'ENSG00000159842', 'ENSG00000138411', 'ENSG00000102900']",0.106715664,fold_4
4.1,author_cell_type,GB,7454,0.782686925229908,0.8920027341079972,0.5252213576603166,501113,474,3539,3915,2,"['ENSG00000197442', 'ENSG00000140090']","['ENSG00000080573', 'ENSG00000197442', 'ENSG00000079691', 'ENSG00000169118', 'ENSG00000140090', 'ENSG00000119139', 'ENSG00000171055', 'ENSG00000118515', 'ENSG00000139174', 'ENSG00000138448']",0.12649387,fold_4
4.1,author_cell_type,H1,7454,0.5832966064345526,0.694933053294828,0.35511134961094715,500425,1162,4807,2647,2,"['ENSG00000108387', 'ENSG00000149295']","['ENSG00000135355', 'ENSG00000108387', 'ENSG00000149295', 'ENSG00000143549', 'ENSG00000164983', 'ENSG00000118557', 'ENSG00000122490', 'ENSG00000138639', 'ENSG00000078295', 'ENSG00000156515']",0.34780765,fold_4
4.1,author_cell_type,H2,7454,0.7242008627364229,0.9856981558148288,0.35135497719345316,501549,38,4835,2619,2,"['ENSG00000135355', 'ENSG00000104327']","['ENSG00000120318', 'ENSG00000135355', 'ENSG00000108387', 'ENSG00000101445', 'ENSG00000143549', 'ENSG00000104327', 'ENSG00000164983', 'ENSG00000118557', 'ENSG00000078295', 'ENSG00000138639']",0.40113574,fold_4
4.1,author_cell_type,HAC2,7454,0.6699732926363984,0.7489869908296012,0.47115642607995706,500410,1177,3942,3512,2,"['ENSG00000182463', 'ENSG00000151952']","['ENSG00000182463', 'ENSG00000151952', 'ENSG00000188803', 'ENSG00000181234', 'ENSG00000185760', 'ENSG00000133019', 'ENSG00000118515', 'ENSG00000196376', 'ENSG00000187398', 'ENSG00000083067']",0.09225696,fold_4
4.1,author_cell_type,HAC3,7454,0.3937133724027704,0.5224460940261576,0.19828280118057418,500236,1351,5976,1478,2,"['ENSG00000109956', 'ENSG00000107679']","['ENSG00000204624', 'ENSG00000109956', 'ENSG00000107679', 'ENSG00000116198', 'ENSG00000132164', 'ENSG00000145335', 'ENSG00000121310', 'ENSG00000187398', 'ENSG00000169855', 'ENSG00000076641']",0.1093812,fold_4
4.1,author_cell_type,HAC4,7454,0.4889475006279829,0.48127086166398814,0.5222699221894285,497391,4196,3561,3893,3,"['ENSG00000140287', 'ENSG00000204767', 'ENSG00000137968']","['ENSG00000077522', 'ENSG00000140287', 'ENSG00000135111', 'ENSG00000204767', 'ENSG00000137968', 'ENSG00000175416', 'ENSG00000197147', 'ENSG00000249853', 'ENSG00000198822', 'ENSG00000184220']",0.12404975,fold_4
4.1,author_cell_type,HAC5,7454,0.5641181054636765,0.6663257478905651,0.3496109471424738,500282,1305,4848,2606,3,"['ENSG00000118557', 'ENSG00000138759', 'ENSG00000109458']","['ENSG00000118557', 'ENSG00000101577', 'ENSG00000124772', 'ENSG00000138759', 'ENSG00000109458', 'ENSG00000198822', 'ENSG00000109452', 'ENSG00000118515', 'ENSG00000078295', 'ENSG00000159842']",0.060729545,fold_4
4.1,author_cell_type,HAC6,7454,0.20829309123688108,0.21924771263978313,0.17359806815132814,496979,4608,6160,1294,3,"['ENSG00000118557', 'ENSG00000171055', 'ENSG00000006283']","['ENSG00000118557', 'ENSG00000124772', 'ENSG00000171055', 'ENSG00000109458', 'ENSG00000006283', 'ENSG00000198822', 'ENSG00000109452', 'ENSG00000149972', 'ENSG00000138083', 'ENSG00000078295']",0.040964298,fold_4
4.1,author_cell_type,HAC8,7454,0.447502219352756,0.5120036934441367,0.29755835792862895,499473,2114,5236,2218,2,"['ENSG00000003989', 'ENSG00000122870']","['ENSG00000003989', 'ENSG00000204624', 'ENSG00000109956', 'ENSG00000174453', 'ENSG00000122870', 'ENSG00000132164', 'ENSG00000162599', 'ENSG00000131016', 'ENSG00000138639', 'ENSG00000163006']",0.15683448,fold_4
4.1,author_cell_type,HAC9,7454,0.5641372208277016,0.5937341236240474,0.47035148913335123,499188,2399,3948,3506,2,"['ENSG00000077522', 'ENSG00000137968']","['ENSG00000077522', 'ENSG00000140287', 'ENSG00000135111', 'ENSG00000204767', 'ENSG00000137968', 'ENSG00000112186', 'ENSG00000175416', 'ENSG00000120903', 'ENSG00000249853', 'ENSG00000197147']",0.19894996,fold_4
4.1,author_cell_type,HAC11,7454,0.5724074538313696,0.6650485436893204,0.3675878722833378,500207,1380,4714,2740,3,"['ENSG00000196083', 'ENSG00000118557', 'ENSG00000138639']","['ENSG00000196083', 'ENSG00000118557', 'ENSG00000138639', 'ENSG00000124772', 'ENSG00000138083', 'ENSG00000006283', 'ENSG00000078295', 'ENSG00000113161', 'ENSG00000121310', 'ENSG00000106536']",0.11798152,fold_4
4.1,author_cell_type,HAC12,7454,0.37696503047802377,0.39635688986338335,0.3152669707539576,498008,3579,5104,2350,3,"['ENSG00000151952', 'ENSG00000184005', 'ENSG00000196628']","['ENSG00000151952', 'ENSG00000184005', 'ENSG00000188803', 'ENSG00000138083', 'ENSG00000196628', 'ENSG00000006283', 'ENSG00000175893', 'ENSG00000198886', 'ENSG00000187398', 'ENSG00000187514']",0.04043654,fold_4
4.1,author_cell_type,HAC13,7454,0.6309308028574475,0.8375796178343949,0.3175476254360075,501128,459,5087,2367,3,"['ENSG00000106689', 'ENSG00000113594', 'ENSG00000138639']","['ENSG00000106689', 'ENSG00000136040', 'ENSG00000183662', 'ENSG00000113594', 'ENSG00000138639', 'ENSG00000185760', 'ENSG00000198822', 'ENSG00000124772', 'ENSG00000109458', 'ENSG00000136895']",0.065786704,fold_4
4.1,author_cell_type,HAC14,7454,0.599671091272172,0.8533221897200167,0.273946874161524,501236,351,5412,2042,2,"['ENSG00000135111', 'ENSG00000182463']","['ENSG00000135111', 'ENSG00000197442', 'ENSG00000182463', 'ENSG00000132842', 'ENSG00000188803', 'ENSG00000138083', 'ENSG00000196628', 'ENSG00000137845', 'ENSG00000184005', 'ENSG00000250305']",0.17029928,fold_4
4.1,author_cell_type,HAC15,7454,0.5300785778693804,0.8156590683845392,0.22082103568553796,501215,372,5808,1646,4,"['ENSG00000118557', 'ENSG00000138759', 'ENSG00000185760', 'ENSG00000138639']","['ENSG00000118557', 'ENSG00000138759', 'ENSG00000185760', 'ENSG00000138639', 'ENSG00000124772', 'ENSG00000081052', 'ENSG00000109452', 'ENSG00000138083', 'ENSG00000078295', 'ENSG00000106536']",0.053446777,fold_4
4.1,author_cell_type,HAC17,7454,0.4948140318425051,0.5251533742331288,0.40193184867185405,498878,2709,4458,2996,2,"['ENSG00000182463', 'ENSG00000118515']","['ENSG00000182463', 'ENSG00000188803', 'ENSG00000118515', 'ENSG00000151952', 'ENSG00000181234', 'ENSG00000196376', 'ENSG00000133019', 'ENSG00000196628', 'ENSG00000083067', 'ENSG00000169946']",0.080788925,fold_4
4.1,author_cell_type,HAC18,7454,0.6822703948057388,0.895225008588114,0.3496109471424738,501282,305,4848,2606,2,"['ENSG00000122870', 'ENSG00000137968']","['ENSG00000140287', 'ENSG00000122870', 'ENSG00000137968', 'ENSG00000109956', 'ENSG00000172733', 'ENSG00000197147', 'ENSG00000148468', 'ENSG00000184220', 'ENSG00000053108', 'ENSG00000129682']",0.11303651,fold_4
4.1,author_cell_type,HAC19,7454,0.5918411630682434,0.7948998178506376,0.2927287362489938,501024,563,5272,2182,2,"['ENSG00000122574', 'ENSG00000197442']","['ENSG00000144681', 'ENSG00000106080', 'ENSG00000122574', 'ENSG00000174453', 'ENSG00000171492', 'ENSG00000197442', 'ENSG00000137726', 'ENSG00000162599', 'ENSG00000133019', 'ENSG00000138639']",0.107942894,fold_4
4.1,author_cell_type,HAC20,7454,0.29727454488056404,0.3912742382271468,0.15159645827743493,499829,1758,6324,1130,3,"['ENSG00000120903', 'ENSG00000138083', 'ENSG00000131389']","['ENSG00000120903', 'ENSG00000138083', 'ENSG00000006283', 'ENSG00000113161', 'ENSG00000131389']",0.028331501,fold_4
4.1,author_cell_type,HAC21,7454,0.5651248695093551,0.6451982580793032,0.37764958411591093,500039,1548,4639,2815,2,"['ENSG00000022355', 'ENSG00000104327']","['ENSG00000064601', 'ENSG00000143333', 'ENSG00000022355', 'ENSG00000118257', 'ENSG00000104327', 'ENSG00000109956', 'ENSG00000236279', 'ENSG00000152214', 'ENSG00000138759', 'ENSG00000151952']",0.1557028,fold_4
4.1,author_cell_type,HAC23,6583,0.4493530399003844,0.5585464333781965,0.2521646665653957,501146,1312,4923,1660,3,"['ENSG00000137726', 'ENSG00000198822', 'ENSG00000138759']","['ENSG00000136040', 'ENSG00000137726', 'ENSG00000113594', 'ENSG00000160310', 'ENSG00000198822', 'ENSG00000138759', 'ENSG00000124772', 'ENSG00000171055', 'ENSG00000081052', 'ENSG00000136895']",0.0561615,fold_4
4.1,author_cell_type,HAC24,6337,0.4193093727977449,0.5647109577221743,0.20656462048287833,501695,1009,5028,1309,4,"['ENSG00000106236', 'ENSG00000185942', 'ENSG00000113594', 'ENSG00000132164']","['ENSG00000106236', 'ENSG00000185942', 'ENSG00000109956', 'ENSG00000113594', 'ENSG00000122870', 'ENSG00000132164', 'ENSG00000185760', 'ENSG00000081052', 'ENSG00000145147', 'ENSG00000129682']",0.060826518,fold_4
4.1,author_cell_type,HAC26,5929,0.5686950808902028,0.8866837387964148,0.23359757125990893,502935,177,4544,1385,3,"['ENSG00000103528', 'ENSG00000120903', 'ENSG00000120907']","['ENSG00000103528', 'ENSG00000132872', 'ENSG00000120903', 'ENSG00000204767', 'ENSG00000120907', 'ENSG00000183662', 'ENSG00000236279', 'ENSG00000181234', 'ENSG00000124772', 'ENSG00000197147']",0.09843786,fold_4
4.1,author_cell_type,HAC27,5887,0.5702795863653772,0.8309151785714286,0.25293018515372856,502851,303,4398,1489,3,"['ENSG00000120907', 'ENSG00000185760', 'ENSG00000145147']","['ENSG00000120907', 'ENSG00000185760', 'ENSG00000081052', 'ENSG00000145147', 'ENSG00000138083', 'ENSG00000145335', 'ENSG00000106536', 'ENSG00000146350', 'ENSG00000139174', 'ENSG00000149972']",0.058597628,fold_4
4.1,author_cell_type,HAC28,5622,0.40576894335674785,0.5597938144329897,0.19316969050160085,502565,854,4536,1086,4,"['ENSG00000187730', 'ENSG00000106236', 'ENSG00000148082', 'ENSG00000104325']","['ENSG00000187730', 'ENSG00000106236', 'ENSG00000101445', 'ENSG00000148082', 'ENSG00000185924', 'ENSG00000104325', 'ENSG00000132164', 'ENSG00000122870', 'ENSG00000151952', 'ENSG00000053108']",0.20376533,fold_4
4.1,author_cell_type,HAC29,5021,0.42141510207428057,0.5730211817168339,0.20474009161521609,503254,766,3993,1028,4,"['ENSG00000138083', 'ENSG00000118515', 'ENSG00000249853', 'ENSG00000106536']","['ENSG00000138083', 'ENSG00000118515', 'ENSG00000249853', 'ENSG00000064763', 'ENSG00000106536', 'ENSG00000145147', 'ENSG00000112699', 'ENSG00000129682', 'ENSG00000087301']",0.03706899,fold_4
4.1,author_cell_type,HAC30,4936,0.5479036729036729,0.7657384987893463,0.2562803889789303,503718,387,3671,1265,4,"['ENSG00000151952', 'ENSG00000122870', 'ENSG00000124772', 'ENSG00000249853']","['ENSG00000151952', 'ENSG00000122870', 'ENSG00000124772', 'ENSG00000249853', 'ENSG00000064763', 'ENSG00000081052', 'ENSG00000139174', 'ENSG00000145147', 'ENSG00000149972', 'ENSG00000184220']",0.038521122,fold_4
4.1,author_cell_type,HAC32,4645,0.48524706718805544,0.5796178343949044,0.2938643702906351,503406,990,3280,1365,3,"['ENSG00000165899', 'ENSG00000187068', 'ENSG00000151952']","['ENSG00000165899', 'ENSG00000131584', 'ENSG00000187068', 'ENSG00000188803', 'ENSG00000151952', 'ENSG00000138083', 'ENSG00000187398', 'ENSG00000184005', 'ENSG00000149972', 'ENSG00000133019']",0.04940512,fold_4
4.1,author_cell_type,HAC33,4613,0.7355480634816216,0.9480657127715951,0.38781703880338175,504330,98,2824,1789,3,"['ENSG00000187950', 'ENSG00000204767', 'ENSG00000182463']","['ENSG00000187950', 'ENSG00000174453', 'ENSG00000204767', 'ENSG00000106868', 'ENSG00000171492', 'ENSG00000182463', 'ENSG00000168016', 'ENSG00000145335', 'ENSG00000138639', 'ENSG00000184005']",0.12024749,fold_4
4.1,author_cell_type,HAC34,4222,0.4762051534952534,0.515,0.3659403126480341,503364,1455,2677,1545,3,"['ENSG00000137726', 'ENSG00000137968', 'ENSG00000185760']","['ENSG00000171867', 'ENSG00000137726', 'ENSG00000137968', 'ENSG00000185760', 'ENSG00000136052', 'ENSG00000124772', 'ENSG00000198822', 'ENSG00000138639', 'ENSG00000149972', 'ENSG00000006283']",0.076858975,fold_4
4.1,author_cell_type,HAC35,3872,0.5209909228441755,0.6575178997613366,0.28460743801652894,504595,574,2770,1102,4,"['ENSG00000175352', 'ENSG00000162599', 'ENSG00000188803', 'ENSG00000133019']","['ENSG00000161671', 'ENSG00000154096', 'ENSG00000175352', 'ENSG00000162599', 'ENSG00000188803', 'ENSG00000133019', 'ENSG00000073417', 'ENSG00000196628', 'ENSG00000187398', 'ENSG00000250305']",0.04739093,fold_4
4.1,author_cell_type,HAC37,3831,0.4498291787928635,0.6984282907662083,0.1855912294440094,504903,307,3120,711,4,"['ENSG00000106236', 'ENSG00000136205', 'ENSG00000137726', 'ENSG00000185760']","['ENSG00000106236', 'ENSG00000136205', 'ENSG00000185942', 'ENSG00000137726', 'ENSG00000185760', 'ENSG00000113594', 'ENSG00000138759', 'ENSG00000124772', 'ENSG00000145335', 'ENSG00000149972']",0.071332514,fold_4
4.1,author_cell_type,HAC38,3814,0.41264192509744113,0.4877315973960941,0.25537493445201886,504204,1023,2840,974,3,"['ENSG00000136040', 'ENSG00000182463', 'ENSG00000120903']","['ENSG00000101577', 'ENSG00000136040', 'ENSG00000182463', 'ENSG00000120903', 'ENSG00000134352', 'ENSG00000109458', 'ENSG00000124772', 'ENSG00000149972', 'ENSG00000171055', 'ENSG00000198822']",0.06826241,fold_4
4.1,author_cell_type,HAC39,3140,0.4831506293138449,0.567342073897497,0.30318471337579617,505175,726,2188,952,3,"['ENSG00000185942', 'ENSG00000138759', 'ENSG00000124772']","['ENSG00000185942', 'ENSG00000154096', 'ENSG00000138759', 'ENSG00000112186', 'ENSG00000124772', 'ENSG00000166147', 'ENSG00000185760', 'ENSG00000109458', 'ENSG00000138639', 'ENSG00000109452']",0.0744633,fold_4
4.1,author_cell_type,HAC40,3095,0.41374816745398274,0.6675427069645203,0.1641357027463651,505693,253,2587,508,4,"['ENSG00000113594', 'ENSG00000122574', 'ENSG00000185760', 'ENSG00000132164']","['ENSG00000083223', 'ENSG00000113594', 'ENSG00000122574', 'ENSG00000185760', 'ENSG00000132164', 'ENSG00000198822', 'ENSG00000136895', 'ENSG00000107186', 'ENSG00000096968', 'ENSG00000197147']",0.0541258,fold_4
4.1,author_cell_type,HAC41,3032,0.45627062706270627,0.7305151915455746,0.18238786279683378,505805,204,2479,553,4,"['ENSG00000077522', 'ENSG00000122574', 'ENSG00000079691', 'ENSG00000124772']","['ENSG00000077522', 'ENSG00000135916', 'ENSG00000122574', 'ENSG00000079691', 'ENSG00000086619', 'ENSG00000124772', 'ENSG00000198822', 'ENSG00000169855', 'ENSG00000113161', 'ENSG00000114861']",0.051035117,fold_4
4.1,author_cell_type,HAC42,2695,0.44723192547898805,0.5005924170616114,0.313543599257885,505503,843,1850,845,2,"['ENSG00000165899', 'ENSG00000133019']","['ENSG00000161671', 'ENSG00000165899', 'ENSG00000188803', 'ENSG00000151952', 'ENSG00000133019', 'ENSG00000138083', 'ENSG00000181234', 'ENSG00000149972', 'ENSG00000006283', 'ENSG00000187398']",0.13721178,fold_4
4.1,author_cell_type,HAC44,2576,0.49836601307189543,0.6458132820019249,0.26048136645962733,506097,368,1905,671,3,"['ENSG00000106689', 'ENSG00000183662', 'ENSG00000249853']","['ENSG00000124191', 'ENSG00000106689', 'ENSG00000183662', 'ENSG00000107186', 'ENSG00000164659', 'ENSG00000249853', 'ENSG00000064763', 'ENSG00000066629', 'ENSG00000169855', 'ENSG00000184005']",0.111725636,fold_4
4.1,author_cell_type,HAC45,2312,0.7387862796833773,0.9552238805970149,0.3875432525951557,506687,42,1416,896,2,"['ENSG00000204767', 'ENSG00000151952']","['ENSG00000204767', 'ENSG00000148082', 'ENSG00000022355', 'ENSG00000151952', 'ENSG00000122574', 'ENSG00000122870', 'ENSG00000120903', 'ENSG00000132164', 'ENSG00000124772', 'ENSG00000197147']",0.11764532,fold_4
4.1,author_cell_type,HAC46,2299,0.38943311385900115,0.4938900203665988,0.21096128751631144,506245,497,1814,485,3,"['ENSG00000183662', 'ENSG00000148468', 'ENSG00000109458']","['ENSG00000183662', 'ENSG00000167037', 'ENSG00000107186', 'ENSG00000148468', 'ENSG00000187068', 'ENSG00000109458', 'ENSG00000181234', 'ENSG00000104427', 'ENSG00000185666', 'ENSG00000273079']",0.052665666,fold_4
4.1,author_cell_type,HAC48,2215,0.4717208182912154,0.8082474226804124,0.17697516930022572,506733,93,1823,392,4,"['ENSG00000120907', 'ENSG00000137968', 'ENSG00000151952', 'ENSG00000138639']","['ENSG00000120907', 'ENSG00000137968', 'ENSG00000160310', 'ENSG00000151952', 'ENSG00000249853', 'ENSG00000138639', 'ENSG00000132199', 'ENSG00000145147', 'ENSG00000138083', 'ENSG00000149972']",0.044892993,fold_4
4.1,author_cell_type,HAC49,2031,0.6050069541029207,0.7054054054054054,0.38552437223042835,506683,327,1248,783,3,"['ENSG00000138759', 'ENSG00000182463', 'ENSG00000198822']","['ENSG00000138759', 'ENSG00000182463', 'ENSG00000120903', 'ENSG00000124772', 'ENSG00000109458', 'ENSG00000198822', 'ENSG00000138639', 'ENSG00000073417', 'ENSG00000149972', 'ENSG00000106536']",0.0834727,fold_4
4.1,author_cell_type,HAC50,1561,0.6155599886007409,0.8870636550308009,0.2767456758488149,507425,55,1129,432,2,"['ENSG00000188803', 'ENSG00000152214']","['ENSG00000165105', 'ENSG00000118257', 'ENSG00000120907', 'ENSG00000188803', 'ENSG00000152214', 'ENSG00000151952', 'ENSG00000133019', 'ENSG00000138083', 'ENSG00000187398', 'ENSG00000181234']",0.08017635,fold_4
4.1,author_cell_type,HAC51,1453,0.18129079042784627,0.22354694485842028,0.10323468685478321,507067,521,1303,150,3,"['ENSG00000160310', 'ENSG00000122870', 'ENSG00000198822']","['ENSG00000163864', 'ENSG00000160310', 'ENSG00000167037', 'ENSG00000122870', 'ENSG00000113594', 'ENSG00000198822', 'ENSG00000148468', 'ENSG00000159842', 'ENSG00000149972', 'ENSG00000170035']",0.05077331,fold_4
4.1,author_cell_type,HAC52,1278,0.3243616287094548,0.4641975308641975,0.14710485133020346,507546,217,1090,188,4,"['ENSG00000204767', 'ENSG00000174453', 'ENSG00000079691', 'ENSG00000078295']","['ENSG00000204767', 'ENSG00000174453', 'ENSG00000120903', 'ENSG00000175352', 'ENSG00000079691', 'ENSG00000078295', 'ENSG00000181234', 'ENSG00000138639', 'ENSG00000118515', 'ENSG00000064763']",0.035955172,fold_4
4.1,author_cell_type,HAC53,1238,0.4025617566331198,0.7426160337552743,0.1421647819063005,507742,61,1062,176,4,"['ENSG00000204767', 'ENSG00000122574', 'ENSG00000138759', 'ENSG00000151952']","['ENSG00000204767', 'ENSG00000122574', 'ENSG00000138759', 'ENSG00000151952', 'ENSG00000148468', 'ENSG00000124772', 'ENSG00000078295', 'ENSG00000187398', 'ENSG00000109452', 'ENSG00000107957']",0.06575439,fold_4
4.1,author_cell_type,HAC54,1194,0.560467769537935,0.6799307958477508,0.32914572864321606,507662,185,801,393,3,"['ENSG00000185942', 'ENSG00000183662', 'ENSG00000182463']","['ENSG00000179542', 'ENSG00000112242', 'ENSG00000132872', 'ENSG00000185942', 'ENSG00000183662', 'ENSG00000182463', 'ENSG00000152214', 'ENSG00000175352', 'ENSG00000138759', 'ENSG00000138639']",0.067237645,fold_4
4.1,author_cell_type,HAC55,1157,0.2774715178243293,0.38618925831202044,0.13050993949870354,507644,240,1006,151,4,"['ENSG00000120907', 'ENSG00000137726', 'ENSG00000132164', 'ENSG00000118515']","['ENSG00000120907', 'ENSG00000137726', 'ENSG00000132164', 'ENSG00000171492', 'ENSG00000064763', 'ENSG00000118515', 'ENSG00000106536', 'ENSG00000145335', 'ENSG00000138083', 'ENSG00000101856']",0.058763273,fold_4
4.1,author_cell_type,HAC56,1133,0.10130091703988058,0.10686164229471316,0.08384819064430715,507114,794,1038,95,6,"['ENSG00000175416', 'ENSG00000160310', 'ENSG00000198822', 'ENSG00000124772', 'ENSG00000249853', 'ENSG00000148468']","['ENSG00000175416', 'ENSG00000160310', 'ENSG00000198822', 'ENSG00000124772', 'ENSG00000249853', 'ENSG00000148468', 'ENSG00000171055', 'ENSG00000136895', 'ENSG00000139132', 'ENSG00000129682']",0.036348812,fold_4
4.1,author_cell_type,HAC57,1119,0.09806688302525751,0.09316353887399464,0.12421805183199285,506569,1353,980,139,4,"['ENSG00000106689', 'ENSG00000174672', 'ENSG00000183662', 'ENSG00000138639']","['ENSG00000106689', 'ENSG00000174672', 'ENSG00000183662', 'ENSG00000138639', 'ENSG00000171055', 'ENSG00000136895', 'ENSG00000106536', 'ENSG00000185666', 'ENSG00000006283', 'ENSG00000113161']",0.07752462,fold_4
4.1,author_cell_type,HAC59,990,0.6722177091795288,0.8994565217391305,0.33434343434343433,508014,37,659,331,3,"['ENSG00000144681', 'ENSG00000183662', 'ENSG00000137968']","['ENSG00000144681', 'ENSG00000183662', 'ENSG00000124302', 'ENSG00000137726', 'ENSG00000137968', 'ENSG00000122870', 'ENSG00000138639', 'ENSG00000079691', 'ENSG00000124772', 'ENSG00000114861']",0.14146993,fold_4
4.1,author_cell_type,HAC60,876,0.3909817351598174,0.6255707762557078,0.15639269406392695,508083,82,739,137,3,"['ENSG00000183662', 'ENSG00000133019', 'ENSG00000187068']","['ENSG00000183662', 'ENSG00000136040', 'ENSG00000113594', 'ENSG00000134352', 'ENSG00000133019', 'ENSG00000187068', 'ENSG00000148468', 'ENSG00000064763', 'ENSG00000134986', 'ENSG00000136895']",0.03652245,fold_4
4.1,author_cell_type,HAC62,864,0.2850089766606822,0.3724340175953079,0.14699074074074073,507963,214,737,127,3,"['ENSG00000185942', 'ENSG00000137726', 'ENSG00000175352']","['ENSG00000091844', 'ENSG00000143333', 'ENSG00000132872', 'ENSG00000185942', 'ENSG00000137726', 'ENSG00000175352', 'ENSG00000182463', 'ENSG00000079691', 'ENSG00000109458', 'ENSG00000138639']",0.07445349,fold_4
4.1,author_cell_type,HAC63,677,0.08733028587023266,0.0732474964234621,0.37813884785819796,505125,3239,421,256,4,"['ENSG00000140287', 'ENSG00000204767', 'ENSG00000022355', 'ENSG00000137968']","['ENSG00000077522', 'ENSG00000140287', 'ENSG00000135111', 'ENSG00000204767', 'ENSG00000022355', 'ENSG00000137968', 'ENSG00000187068', 'ENSG00000174628', 'ENSG00000132199', 'ENSG00000184220']",0.08844054,fold_4
4.1,author_cell_type,HAC64,668,0.2889972144846797,0.4322916666666667,0.12425149700598802,508264,109,585,83,2,"['ENSG00000152214', 'ENSG00000133019']","['ENSG00000152214', 'ENSG00000137726', 'ENSG00000107679', 'ENSG00000188803', 'ENSG00000133019', 'ENSG00000118515', 'ENSG00000109458', 'ENSG00000185666', 'ENSG00000078295', 'ENSG00000184005']",0.073667824,fold_4
4.1,author_cell_type,HAC65,595,0.4305864884929473,0.6170212765957447,0.1949579831932773,508374,72,479,116,2,"['ENSG00000120907', 'ENSG00000185760']","['ENSG00000196781', 'ENSG00000120907', 'ENSG00000118257', 'ENSG00000124302', 'ENSG00000185760', 'ENSG00000124772', 'ENSG00000133019', 'ENSG00000081052', 'ENSG00000187398', 'ENSG00000106536']",0.13558102,fold_4
4.1,author_cell_type,HAC66,588,0.3682170542635659,0.6846846846846847,0.1292517006802721,508418,35,512,76,4,"['ENSG00000185942', 'ENSG00000130561', 'ENSG00000122870', 'ENSG00000132164']","['ENSG00000106236', 'ENSG00000148082', 'ENSG00000185942', 'ENSG00000130561', 'ENSG00000122870', 'ENSG00000132164', 'ENSG00000047617', 'ENSG00000135931', 'ENSG00000119139', 'ENSG00000053108']",0.039639223,fold_4
4.1,author_cell_type,HAC68,542,0.3723986856516977,0.4236760124610592,0.25092250922509224,508314,185,406,136,3,"['ENSG00000144681', 'ENSG00000162599', 'ENSG00000112706']","['ENSG00000144681', 'ENSG00000122574', 'ENSG00000162599', 'ENSG00000197442', 'ENSG00000171492', 'ENSG00000112706', 'ENSG00000130561', 'ENSG00000047617', 'ENSG00000135931', 'ENSG00000133019']",0.074036896,fold_4
4.1,author_cell_type,HAC71,502,0.04755262490489475,0.040628385698808236,0.14940239043824702,506768,1771,427,75,6,"['ENSG00000185924', 'ENSG00000204624', 'ENSG00000109956', 'ENSG00000107679', 'ENSG00000132164', 'ENSG00000187068']","['ENSG00000185924', 'ENSG00000204624', 'ENSG00000109956', 'ENSG00000107679', 'ENSG00000132164', 'ENSG00000187068', 'ENSG00000140090', 'ENSG00000079691', 'ENSG00000119231', 'ENSG00000145335']",0.08200793,fold_4
4.1,author_cell_type,HAC72,483,0.2269017303297421,0.21550387596899226,0.28778467908902694,508052,506,344,139,3,"['ENSG00000140522', 'ENSG00000156076', 'ENSG00000148082']","['ENSG00000164300', 'ENSG00000137573', 'ENSG00000140522', 'ENSG00000156076', 'ENSG00000135048', 'ENSG00000148082', 'ENSG00000197442', 'ENSG00000182463', 'ENSG00000131016', 'ENSG00000162599']",0.14385076,fold_4
4.1,author_cell_type,HAC74,412,0.31569965870307165,0.3894736842105263,0.1796116504854369,508513,116,338,74,6,"['ENSG00000182463', 'ENSG00000151952', 'ENSG00000188803', 'ENSG00000140090', 'ENSG00000181234', 'ENSG00000079691']","['ENSG00000182463', 'ENSG00000151952', 'ENSG00000188803', 'ENSG00000140090', 'ENSG00000181234', 'ENSG00000079691', 'ENSG00000187068', 'ENSG00000162599', 'ENSG00000118515', 'ENSG00000133019']",0.038885355,fold_4
4.1,author_cell_type,HAC75,387,0.07236762754794356,0.06072874493927125,0.31007751937984496,506798,1856,267,120,5,"['ENSG00000118557', 'ENSG00000138759', 'ENSG00000124772', 'ENSG00000109458', 'ENSG00000174628']","['ENSG00000118557', 'ENSG00000138759', 'ENSG00000124772', 'ENSG00000109458', 'ENSG00000174628', 'ENSG00000198822', 'ENSG00000132199', 'ENSG00000109452', 'ENSG00000078295', 'ENSG00000181234']",0.053227775,fold_4
4.1,author_cell_type,HAC77,246,0.06950880444856349,0.06276150627615062,0.12195121951219512,508347,448,216,30,5,"['ENSG00000104960', 'ENSG00000003989', 'ENSG00000185924', 'ENSG00000204624', 'ENSG00000174453']","['ENSG00000104960', 'ENSG00000003989', 'ENSG00000185924', 'ENSG00000204624', 'ENSG00000109956', 'ENSG00000174453', 'ENSG00000122870', 'ENSG00000132164', 'ENSG00000162599', 'ENSG00000138639']",0.15102369,fold_4
4.1,author_cell_type,HAC78,241,0.21348314606741572,0.37254901960784315,0.07883817427385892,508768,32,222,19,4,"['ENSG00000138785', 'ENSG00000135605', 'ENSG00000204767', 'ENSG00000122574']","['ENSG00000138785', 'ENSG00000135605', 'ENSG00000204767', 'ENSG00000174453', 'ENSG00000122574', 'ENSG00000171492', 'ENSG00000137726', 'ENSG00000185760', 'ENSG00000078295', 'ENSG00000102900']",0.10166025,fold_4
4.1,author_cell_type,HAC79,186,0.39617486338797814,0.6444444444444445,0.15591397849462366,508839,16,157,29,5,"['ENSG00000204624', 'ENSG00000109956', 'ENSG00000130561', 'ENSG00000112706', 'ENSG00000107679']","['ENSG00000204624', 'ENSG00000109956', 'ENSG00000116198', 'ENSG00000130561', 'ENSG00000112706', 'ENSG00000107679', 'ENSG00000047617', 'ENSG00000135931', 'ENSG00000132164', 'ENSG00000139132']",0.07376808,fold_4
4.1,author_cell_type,HAC80,165,0.18867924528301888,0.4,0.06060606060606061,508861,15,155,10,5,"['ENSG00000164120', 'ENSG00000198888', 'ENSG00000148082', 'ENSG00000120903', 'ENSG00000188803']","['ENSG00000164120', 'ENSG00000188042', 'ENSG00000198888', 'ENSG00000148082', 'ENSG00000120903', 'ENSG00000188803', 'ENSG00000151952', 'ENSG00000138083', 'ENSG00000145335', 'ENSG00000131389']",0.056653645,fold_4
4.1,author_cell_type,HAC81,159,0.04180064308681672,0.03724928366762178,0.08176100628930817,508546,336,146,13,5,"['ENSG00000100473', 'ENSG00000255501', 'ENSG00000196557', 'ENSG00000153006', 'ENSG00000118557']","['ENSG00000100473', 'ENSG00000255501', 'ENSG00000196557', 'ENSG00000153006', 'ENSG00000196083', 'ENSG00000118557', 'ENSG00000140090', 'ENSG00000138639', 'ENSG00000124772', 'ENSG00000138083']",1.0,fold_4
4.1,author_cell_type,HAC82,151,0.37652270210409744,0.3617021276595745,0.4503311258278146,508770,120,83,68,4,"['ENSG00000106689', 'ENSG00000183662', 'ENSG00000112706', 'ENSG00000047617']","['ENSG00000106689', 'ENSG00000140545', 'ENSG00000183662', 'ENSG00000130561', 'ENSG00000112706', 'ENSG00000047617', 'ENSG00000135931', 'ENSG00000138639', 'ENSG00000185760', 'ENSG00000198822']",0.052294195,fold_4
4.1,author_cell_type,HAC84,117,0.16560509554140126,0.15568862275449102,0.2222222222222222,508783,141,91,26,4,"['ENSG00000150630', 'ENSG00000165899', 'ENSG00000112706', 'ENSG00000047617']","['ENSG00000150630', 'ENSG00000165899', 'ENSG00000112706', 'ENSG00000130561', 'ENSG00000047617', 'ENSG00000135931', 'ENSG00000188803', 'ENSG00000187068', 'ENSG00000119139', 'ENSG00000187398']",0.10593137,fold_4
4.1,author_cell_type,HAC86,94,0.4074074074074074,0.5,0.23404255319148937,508925,22,72,22,4,"['ENSG00000103528', 'ENSG00000140545', 'ENSG00000120907', 'ENSG00000120903']","['ENSG00000103528', 'ENSG00000187950', 'ENSG00000140545', 'ENSG00000204767', 'ENSG00000120907', 'ENSG00000120903', 'ENSG00000130561', 'ENSG00000112706', 'ENSG00000047617', 'ENSG00000135931']",0.06726397,fold_4
4.1,author_cell_type,HAC87,90,0.3793103448275862,0.44,0.24444444444444444,508923,28,68,22,4,"['ENSG00000140287', 'ENSG00000122870', 'ENSG00000137968', 'ENSG00000140090']","['ENSG00000140287', 'ENSG00000122870', 'ENSG00000137968', 'ENSG00000132164', 'ENSG00000172733', 'ENSG00000140090', 'ENSG00000187068', 'ENSG00000197147', 'ENSG00000119139', 'ENSG00000184220']",0.09782548,fold_4
4.1,author_cell_type,HAC88,87,0.11811023622047244,0.3,0.034482758620689655,508947,7,84,3,2,"['ENSG00000196511', 'ENSG00000167037']","['ENSG00000196511', 'ENSG00000182463', 'ENSG00000167037', 'ENSG00000119650', 'ENSG00000138639', 'ENSG00000107186', 'ENSG00000172733', 'ENSG00000169855', 'ENSG00000187398', 'ENSG00000078295']",0.28878734,fold_4
4.1,author_cell_type,HAC89,84,0.5701754385964912,0.7222222222222222,0.30952380952380953,508947,10,58,26,4,"['ENSG00000118557', 'ENSG00000120907', 'ENSG00000112706', 'ENSG00000047617']","['ENSG00000101265', 'ENSG00000118557', 'ENSG00000120907', 'ENSG00000130561', 'ENSG00000112706', 'ENSG00000047617', 'ENSG00000138759', 'ENSG00000135931', 'ENSG00000138639', 'ENSG00000081052']",0.05619032,fold_4
4.1,author_cell_type,HAC90,79,0.4853273137697517,0.4725274725274725,0.5443037974683544,508914,48,36,43,4,"['ENSG00000112706', 'ENSG00000182463', 'ENSG00000047617', 'ENSG00000135931']","['ENSG00000140545', 'ENSG00000112706', 'ENSG00000182463', 'ENSG00000130561', 'ENSG00000047617', 'ENSG00000135931', 'ENSG00000151952', 'ENSG00000188803', 'ENSG00000185760', 'ENSG00000181234']",0.0804142,fold_4
4.1,author_cell_type,HAC91,74,0.10121457489878542,0.09523809523809523,0.13513513513513514,508872,95,64,10,6,"['ENSG00000150630', 'ENSG00000165899', 'ENSG00000182463', 'ENSG00000151952', 'ENSG00000187068', 'ENSG00000188803']","['ENSG00000150630', 'ENSG00000165899', 'ENSG00000182463', 'ENSG00000151952', 'ENSG00000187068', 'ENSG00000188803', 'ENSG00000185760', 'ENSG00000133019', 'ENSG00000181234', 'ENSG00000187398']",0.06806959,fold_4
4.1,author_cell_type,HAC92,65,0.3305785123966942,0.5714285714285714,0.12307692307692308,508970,6,57,8,5,"['ENSG00000164120', 'ENSG00000118257', 'ENSG00000130561', 'ENSG00000112706', 'ENSG00000120903']","['ENSG00000164120', 'ENSG00000101265', 'ENSG00000118257', 'ENSG00000130561', 'ENSG00000112706', 'ENSG00000120903', 'ENSG00000047617', 'ENSG00000135931', 'ENSG00000113594', 'ENSG00000139132']",0.07835525,fold_4
4.1,author_cell_type,HAC93,55,0.5161290322580645,0.64,0.2909090909090909,508977,9,39,16,5,"['ENSG00000135111', 'ENSG00000112706', 'ENSG00000130561', 'ENSG00000183662', 'ENSG00000182463']","['ENSG00000140545', 'ENSG00000135111', 'ENSG00000112706', 'ENSG00000130561', 'ENSG00000183662', 'ENSG00000182463', 'ENSG00000047617', 'ENSG00000197442', 'ENSG00000132842', 'ENSG00000135931']",0.083537884,fold_4
4.1,author_cell_type,HAC95,39,0.4819277108433735,0.7272727272727273,0.20512820512820512,508999,3,31,8,5,"['ENSG00000165105', 'ENSG00000118257', 'ENSG00000140545', 'ENSG00000120907', 'ENSG00000112706']","['ENSG00000165105', 'ENSG00000118257', 'ENSG00000140545', 'ENSG00000120907', 'ENSG00000130561', 'ENSG00000112706', 'ENSG00000047617', 'ENSG00000188803', 'ENSG00000152214', 'ENSG00000135931']",0.13257155,fold_4
4.1,author_cell_type,HRGC3,7454,0.6323459149546106,0.7856930840011873,0.35511134961094715,500865,722,4807,2647,4,"['ENSG00000135047', 'ENSG00000146592', 'ENSG00000108010', 'ENSG00000077522']","['ENSG00000140403', 'ENSG00000135047', 'ENSG00000146592', 'ENSG00000108010', 'ENSG00000077522', 'ENSG00000106868', 'ENSG00000131016', 'ENSG00000157110', 'ENSG00000136052', 'ENSG00000137845']",0.49423707,fold_4
4.1,author_cell_type,HRGC4,7454,0.42473867595818815,0.70707656612529,0.16353635631875504,501082,505,6235,1219,2,"['ENSG00000142185', 'ENSG00000131016']","['ENSG00000142185', 'ENSG00000154258', 'ENSG00000157110', 'ENSG00000084731', 'ENSG00000124302', 'ENSG00000131016', 'ENSG00000118515', 'ENSG00000159842', 'ENSG00000168016', 'ENSG00000079805']",0.12687817,fold_4
4.1,author_cell_type,HRGC5,6657,0.251036299538992,0.2706201712257256,0.19468228931951329,498891,3493,5361,1296,3,"['ENSG00000105711', 'ENSG00000157110', 'ENSG00000077380']","['ENSG00000105711', 'ENSG00000157110', 'ENSG00000152214', 'ENSG00000131016', 'ENSG00000077380', 'ENSG00000118515', 'ENSG00000167552', 'ENSG00000138411', 'ENSG00000143919', 'ENSG00000106070']",0.078437395,fold_4
4.1,author_cell_type,HRGC9,2890,0.2831858407079646,0.31648351648351647,0.19930795847750865,504907,1244,2314,576,5,"['ENSG00000227051', 'ENSG00000124191', 'ENSG00000074416', 'ENSG00000157110', 'ENSG00000154096']","['ENSG00000227051', 'ENSG00000124191', 'ENSG00000074416', 'ENSG00000070159', 'ENSG00000157110', 'ENSG00000154096', 'ENSG00000236279', 'ENSG00000152214', 'ENSG00000112186', 'ENSG00000185760']",0.1711589,fold_4
4.1,author_cell_type,HRGC10,2309,0.11565743764691198,0.09719430119744778,0.4815937635339974,496403,10329,1197,1112,5,"['ENSG00000138741', 'ENSG00000142185', 'ENSG00000164983', 'ENSG00000157110', 'ENSG00000152214']","['ENSG00000138741', 'ENSG00000138678', 'ENSG00000142185', 'ENSG00000164983', 'ENSG00000157110', 'ENSG00000152214', 'ENSG00000169379', 'ENSG00000135931', 'ENSG00000162599', 'ENSG00000174628']",0.09397747,fold_4
4.1,author_cell_type,HRGC11,1869,0.4593506166624717,0.6939163498098859,0.19529159978598182,507011,161,1504,365,4,"['ENSG00000101298', 'ENSG00000152583', 'ENSG00000184313', 'ENSG00000198888']","['ENSG00000012817', 'ENSG00000101298', 'ENSG00000152583', 'ENSG00000184313', 'ENSG00000198888', 'ENSG00000236279', 'ENSG00000157110', 'ENSG00000118515', 'ENSG00000198886', 'ENSG00000107957']",0.23405719,fold_4
4.1,author_cell_type,IMB,7454,0.5244547257105089,0.8269932256383533,0.21290582237724712,501255,332,5867,1587,2,"['ENSG00000079691', 'ENSG00000177990']","['ENSG00000248485', 'ENSG00000106565', 'ENSG00000079691', 'ENSG00000177990', 'ENSG00000197442', 'ENSG00000169118', 'ENSG00000140090', 'ENSG00000119139', 'ENSG00000138759', 'ENSG00000081052']",0.11077766,fold_4
4.1,author_cell_type,MG,7454,0.8566483477267861,0.9336833916763905,0.644083713442447,501246,341,2653,4801,2,"['ENSG00000140522', 'ENSG00000156076']","['ENSG00000164300', 'ENSG00000160190', 'ENSG00000135048', 'ENSG00000137573', 'ENSG00000140522', 'ENSG00000156076', 'ENSG00000197442', 'ENSG00000131016', 'ENSG00000182463', 'ENSG00000081052']",0.33594614,fold_4
4.1,author_cell_type,MG_OFF,7454,0.2730145238183229,0.2533001885822047,0.3964314462033807,492876,8711,4499,2955,3,"['ENSG00000138741', 'ENSG00000164983', 'ENSG00000157110']","['ENSG00000138741', 'ENSG00000070159', 'ENSG00000142185', 'ENSG00000164983', 'ENSG00000157110', 'ENSG00000105711', 'ENSG00000152214', 'ENSG00000113594', 'ENSG00000118515', 'ENSG00000139174']",0.102098785,fold_4
4.1,author_cell_type,MG_ON,7454,0.27332122496342265,0.2692929041878961,0.2907163938824792,495707,5880,5287,2167,4,"['ENSG00000173598', 'ENSG00000070159', 'ENSG00000142185', 'ENSG00000164983']","['ENSG00000173598', 'ENSG00000070159', 'ENSG00000142185', 'ENSG00000164983', 'ENSG00000105711', 'ENSG00000236279', 'ENSG00000157110', 'ENSG00000185942', 'ENSG00000152214', 'ENSG00000118515']",0.12238215,fold_4
4.1,author_cell_type,ML_Cone,7454,0.6016709618422147,0.6974223078776198,0.3883820767373222,500331,1256,4559,2895,2,"['ENSG00000078237', 'ENSG00000198336']","['ENSG00000078237', 'ENSG00000198336', 'ENSG00000101670', 'ENSG00000167083', 'ENSG00000118997', 'ENSG00000122490', 'ENSG00000112706', 'ENSG00000135931', 'ENSG00000088367', 'ENSG00000047617']",0.6847757,fold_4
4.1,author_cell_type,Microglia,4894,0.8534006813109362,0.958127266732608,0.5937883122190437,504020,127,1988,2906,1,['ENSG00000172243'],"['ENSG00000172243', 'ENSG00000124126', 'ENSG00000096060', 'ENSG00000273749', 'ENSG00000142347', 'ENSG00000120690', 'ENSG00000051108', 'ENSG00000148154', 'ENSG00000165025', 'ENSG00000171943']",1.0,fold_4
4.1,author_cell_type,OFF-SAC,4647,0.5100268435180799,0.540133779264214,0.4170432537120723,502744,1650,2709,1938,2,"['ENSG00000156076', 'ENSG00000140090']","['ENSG00000156076', 'ENSG00000113580', 'ENSG00000104327', 'ENSG00000140090', 'ENSG00000109458', 'ENSG00000107186', 'ENSG00000078295', 'ENSG00000181234', 'ENSG00000106536', 'ENSG00000250305']",0.10804359,fold_4
4.1,author_cell_type,OFF-SAC*,274,0.05620892424766517,0.04720406681190995,0.23722627737226276,507455,1312,209,65,5,"['ENSG00000187730', 'ENSG00000121210', 'ENSG00000113580', 'ENSG00000104327', 'ENSG00000140090']","['ENSG00000187730', 'ENSG00000121210', 'ENSG00000113580', 'ENSG00000104327', 'ENSG00000140090', 'ENSG00000109458', 'ENSG00000181234', 'ENSG00000078295', 'ENSG00000119139', 'ENSG00000250305']",0.119242534,fold_4
4.1,author_cell_type,OFFx,7454,0.20964854423819843,0.25849549811211153,0.11939898041320096,499034,2553,6564,890,2,"['ENSG00000099968', 'ENSG00000155511']","['ENSG00000140090', 'ENSG00000099968', 'ENSG00000155511', 'ENSG00000196628']",0.026131947,fold_4
4.1,author_cell_type,ON-SAC,7454,0.5177830840769134,0.7791962174940898,0.22108934800107324,501120,467,5806,1648,2,"['ENSG00000121210', 'ENSG00000140090']","['ENSG00000187730', 'ENSG00000121210', 'ENSG00000104327', 'ENSG00000116198', 'ENSG00000140090', 'ENSG00000109458', 'ENSG00000175352', 'ENSG00000078295', 'ENSG00000106536', 'ENSG00000250305']",0.16200784,fold_4
4.1,author_cell_type,PENK,6329,0.3118745283328412,0.3148915024018552,0.30036340654131777,498576,4136,4428,1901,3,"['ENSG00000165186', 'ENSG00000006283', 'ENSG00000149972']","['ENSG00000165186', 'ENSG00000172733', 'ENSG00000134352', 'ENSG00000171055', 'ENSG00000006283', 'ENSG00000149972', 'ENSG00000109452', 'ENSG00000078295', 'ENSG00000114861', 'ENSG00000169855']",0.031185055,fold_4
4.1,author_cell_type,PG_OFF,7454,0.648583749877487,0.8174799258801729,0.35511134961094715,500996,591,4807,2647,4,"['ENSG00000164120', 'ENSG00000196781', 'ENSG00000138678', 'ENSG00000105711']","['ENSG00000164120', 'ENSG00000196781', 'ENSG00000124191', 'ENSG00000138678', 'ENSG00000142185', 'ENSG00000105711', 'ENSG00000236279', 'ENSG00000157110', 'ENSG00000185942', 'ENSG00000152214']",0.24333003,fold_4
4.1,author_cell_type,PG_ON,6184,0.7202805242584502,0.8940420977524082,0.4052393272962484,502560,297,3678,2506,4,"['ENSG00000138678', 'ENSG00000022355', 'ENSG00000120907', 'ENSG00000157110']","['ENSG00000184661', 'ENSG00000152689', 'ENSG00000138678', 'ENSG00000022355', 'ENSG00000120907', 'ENSG00000157110', 'ENSG00000152214', 'ENSG00000197442', 'ENSG00000120903', 'ENSG00000151952']",0.08003424,fold_4
4.1,author_cell_type,RB,7454,0.5978539891159257,0.7747837658017299,0.3124496914408371,500910,677,5125,2329,2,"['ENSG00000154102', 'ENSG00000174788']","['ENSG00000069696', 'ENSG00000213424', 'ENSG00000154102', 'ENSG00000174788', 'ENSG00000177990', 'ENSG00000169118', 'ENSG00000197442', 'ENSG00000119139', 'ENSG00000137968', 'ENSG00000146776']",0.38771206,fold_4
4.1,author_cell_type,RPE,863,0.8596192100028417,0.911144578313253,0.7010428736964078,508119,59,258,605,1,['ENSG00000010379'],"['ENSG00000010379', 'ENSG00000142611', 'ENSG00000118322', 'ENSG00000132376', 'ENSG00000135697', 'ENSG00000166407', 'ENSG00000147606', 'ENSG00000112297', 'ENSG00000119686', 'ENSG00000183273']",1.0,fold_4
4.1,author_cell_type,Rod,7454,0.8576448475933643,0.9866039952996475,0.5631875503085592,501530,57,3256,4198,2,"['ENSG00000130561', 'ENSG00000047617']","['ENSG00000101265', 'ENSG00000140545', 'ENSG00000169379', 'ENSG00000112706', 'ENSG00000130561', 'ENSG00000047617', 'ENSG00000135931', 'ENSG00000119139', 'ENSG00000139132', 'ENSG00000073417']",0.118885785,fold_4
4.1,author_cell_type,SEG,7454,0.28091071993253924,0.3701388888888889,0.14301046418030589,499773,1814,6388,1066,3,"['ENSG00000107551', 'ENSG00000197442', 'ENSG00000151952']","['ENSG00000107551', 'ENSG00000197442', 'ENSG00000166147', 'ENSG00000151952', 'ENSG00000138083', 'ENSG00000249853', 'ENSG00000196628', 'ENSG00000184005', 'ENSG00000149972', 'ENSG00000196376']",0.057139494,fold_4
4.1,author_cell_type,SEG*,234,0.26501766784452296,0.3614457831325301,0.1282051282051282,508754,53,204,30,5,"['ENSG00000135048', 'ENSG00000113580', 'ENSG00000130561', 'ENSG00000112706', 'ENSG00000107551']","['ENSG00000107362', 'ENSG00000135048', 'ENSG00000113580', 'ENSG00000130561', 'ENSG00000112706', 'ENSG00000107551', 'ENSG00000047617', 'ENSG00000135931', 'ENSG00000151952', 'ENSG00000131389']",0.08345376,fold_4
4.1,author_cell_type,S_Cone,7454,0.5575715567153225,0.6408153701968134,0.3669170914944996,500054,1533,4719,2735,3,"['ENSG00000167083', 'ENSG00000085377', 'ENSG00000112706']","['ENSG00000167083', 'ENSG00000143514', 'ENSG00000101670', 'ENSG00000085377', 'ENSG00000116198', 'ENSG00000112706', 'ENSG00000135931', 'ENSG00000040199', 'ENSG00000130561', 'ENSG00000047617']",0.32623944,fold_4
4.1,author_cell_type,VG3,7454,0.6600563818411588,0.8280487804878048,0.3643681244969144,501023,564,4738,2716,2,"['ENSG00000106689', 'ENSG00000137968']","['ENSG00000106689', 'ENSG00000022355', 'ENSG00000166147', 'ENSG00000137968', 'ENSG00000120903', 'ENSG00000175352', 'ENSG00000188803', 'ENSG00000133019', 'ENSG00000250305', 'ENSG00000078295']",0.15354192,fold_4
4.1,author_cell_type,VG3*,584,0.10141987829614604,0.086244070720138,0.3424657534246575,506338,2119,384,200,4,"['ENSG00000166147', 'ENSG00000137968', 'ENSG00000120903', 'ENSG00000188803']","['ENSG00000106689', 'ENSG00000022355', 'ENSG00000166147', 'ENSG00000137968', 'ENSG00000120903', 'ENSG00000188803', 'ENSG00000133019', 'ENSG00000250305', 'ENSG00000119139', 'ENSG00000078295']",0.054567244,fold_4
4.1,author_cell_type,VIP,7454,0.4184194039201647,0.502283105022831,0.25087201502548967,499734,1853,5584,1870,3,"['ENSG00000196781', 'ENSG00000137726', 'ENSG00000132164']","['ENSG00000196781', 'ENSG00000174453', 'ENSG00000137726', 'ENSG00000171492', 'ENSG00000122870', 'ENSG00000132164', 'ENSG00000162599', 'ENSG00000185760', 'ENSG00000131016', 'ENSG00000133019']",0.08059995,fold_4
4.1,author_cell_type,ipRGC,1292,0.5482832618025751,0.6068883610451307,0.3955108359133127,507418,331,781,511,3,"['ENSG00000163235', 'ENSG00000185942', 'ENSG00000157110']","['ENSG00000163235', 'ENSG00000091844', 'ENSG00000074416', 'ENSG00000185942', 'ENSG00000157110', 'ENSG00000105711', 'ENSG00000152214', 'ENSG00000185760', 'ENSG00000249853', 'ENSG00000064763']",0.10145363,fold_4
4.1,author_cell_type,nNOS,5919,0.2898550724637681,0.29881022040179445,0.2588275046460551,499527,3595,4387,1532,3,"['ENSG00000112186', 'ENSG00000198822', 'ENSG00000079691']","['ENSG00000112186', 'ENSG00000166147', 'ENSG00000198822', 'ENSG00000079691', 'ENSG00000136052', 'ENSG00000101856', 'ENSG00000006283', 'ENSG00000136895', 'ENSG00000138411', 'ENSG00000096968']",0.037190747,fold_4
4.1,author_cell_type,AII,7454,0.5709814621619452,0.6517059766430043,0.3818084250067078,500066,1521,4608,2846,2,"['ENSG00000075429', 'ENSG00000125869']","['ENSG00000141753', 'ENSG00000141750', 'ENSG00000143473', 'ENSG00000175352', 'ENSG00000075429', 'ENSG00000125869', 'ENSG00000006116', 'ENSG00000164292', 'ENSG00000072832', 'ENSG00000165868']",0.085686356,fold_5
4.1,author_cell_type,AII*,1057,0.20210126951699986,0.19116632160110422,0.2620624408703879,506812,1172,780,277,4,"['ENSG00000141753', 'ENSG00000116991', 'ENSG00000125869', 'ENSG00000115556']","['ENSG00000141753', 'ENSG00000116991', 'ENSG00000075429', 'ENSG00000125869', 'ENSG00000115556', 'ENSG00000164292', 'ENSG00000006116', 'ENSG00000165868', 'ENSG00000072832', 'ENSG00000110274']",0.06563641,fold_5
4.1,author_cell_type,Astrocyte,7454,0.8182165361848387,0.8581441922563418,0.6898309632412127,500737,850,2312,5142,1,['ENSG00000041982'],"['ENSG00000041982', 'ENSG00000136732', 'ENSG00000013297', 'ENSG00000132470', 'ENSG00000124225', 'ENSG00000099860', 'ENSG00000152583', 'ENSG00000048540', 'ENSG00000026025', 'ENSG00000182957']",1.0,fold_5
4.1,author_cell_type,BB,2931,0.16672062156037554,0.19507575757575757,0.10542476970317298,504835,1275,2622,309,3,"['ENSG00000102755', 'ENSG00000117154', 'ENSG00000064933']","['ENSG00000138771', 'ENSG00000115252', 'ENSG00000102755', 'ENSG00000117154', 'ENSG00000064651', 'ENSG00000064933', 'ENSG00000169891', 'ENSG00000138448', 'ENSG00000164292', 'ENSG00000168502']",0.0745181,fold_5
4.1,author_cell_type,CAI,450,0.44742729306487694,0.7207207207207207,0.17777777777777778,508560,31,370,80,5,"['ENSG00000007516', 'ENSG00000145244', 'ENSG00000041353', 'ENSG00000135605', 'ENSG00000150054']","['ENSG00000007516', 'ENSG00000145244', 'ENSG00000041353', 'ENSG00000089199', 'ENSG00000135605', 'ENSG00000150054', 'ENSG00000152214', 'ENSG00000175497', 'ENSG00000137872', 'ENSG00000108370']",1.0,fold_5
4.1,author_cell_type,CAII,3865,0.6663936943392363,0.8821138211382114,0.33686934023285897,505002,174,2563,1302,4,"['ENSG00000143473', 'ENSG00000111218', 'ENSG00000135605', 'ENSG00000182348']","['ENSG00000250366', 'ENSG00000143473', 'ENSG00000111218', 'ENSG00000135605', 'ENSG00000171492', 'ENSG00000182348', 'ENSG00000148541', 'ENSG00000175497', 'ENSG00000057935', 'ENSG00000106688']",0.18539499,fold_5
4.1,author_cell_type,DB1,7454,0.7131434282858571,0.9092067537432303,0.38288167426884895,501302,285,4600,2854,3,"['ENSG00000117154', 'ENSG00000182348', 'ENSG00000164330']","['ENSG00000164161', 'ENSG00000117154', 'ENSG00000060982', 'ENSG00000163527', 'ENSG00000182348', 'ENSG00000164330', 'ENSG00000169891', 'ENSG00000138448', 'ENSG00000168502', 'ENSG00000153956']",0.049615957,fold_5
4.1,author_cell_type,DB2,7454,0.7165588748588441,0.928500166278683,0.37456399248725514,501372,215,4662,2792,2,"['ENSG00000130635', 'ENSG00000182348']","['ENSG00000130635', 'ENSG00000115252', 'ENSG00000110693', 'ENSG00000102755', 'ENSG00000060982', 'ENSG00000182348', 'ENSG00000064651', 'ENSG00000169891', 'ENSG00000175497', 'ENSG00000111885']",0.5373149,fold_5
4.1,author_cell_type,DB3a,7454,0.5799230687039214,0.7709517045454546,0.2912530185135498,500942,645,5283,2171,2,"['ENSG00000087245', 'ENSG00000164116']","['ENSG00000087245', 'ENSG00000152952', 'ENSG00000103175', 'ENSG00000134115', 'ENSG00000164116', 'ENSG00000182348', 'ENSG00000169891', 'ENSG00000117154', 'ENSG00000163527', 'ENSG00000047617']",0.32925063,fold_5
4.1,author_cell_type,DB3b,7454,0.6132636082719277,0.6961996851810209,0.4153474644486182,500236,1351,4358,3096,2,"['ENSG00000157890', 'ENSG00000110693']","['ENSG00000157890', 'ENSG00000166569', 'ENSG00000110693', 'ENSG00000102755', 'ENSG00000115252', 'ENSG00000121904', 'ENSG00000111885', 'ENSG00000169891', 'ENSG00000164116', 'ENSG00000175497']",0.19237252,fold_5
4.1,author_cell_type,DB4a,7454,0.7180787351273656,0.8178717598908595,0.4825596994902066,500786,801,3857,3597,2,"['ENSG00000110693', 'ENSG00000103175']","['ENSG00000110693', 'ENSG00000166569', 'ENSG00000103175', 'ENSG00000121297', 'ENSG00000108582', 'ENSG00000182348', 'ENSG00000184304', 'ENSG00000132321', 'ENSG00000115556', 'ENSG00000106278']",0.17826736,fold_5
4.1,author_cell_type,DB4b,4553,0.4377517932593102,0.6337126600284495,0.19569514605754448,503973,515,3662,891,3,"['ENSG00000103175', 'ENSG00000132321', 'ENSG00000047617']","['ENSG00000103175', 'ENSG00000121297', 'ENSG00000174099', 'ENSG00000132321', 'ENSG00000117154', 'ENSG00000047617', 'ENSG00000182348', 'ENSG00000154229', 'ENSG00000064651', 'ENSG00000168502']",0.06706035,fold_5
4.1,author_cell_type,DB5,7454,0.5483281514209349,0.5505956456250856,0.5394419103836866,498305,3282,3433,4021,2,"['ENSG00000182348', 'ENSG00000154229']","['ENSG00000183960', 'ENSG00000121297', 'ENSG00000182348', 'ENSG00000174099', 'ENSG00000117154', 'ENSG00000154229', 'ENSG00000153956', 'ENSG00000111885', 'ENSG00000176204', 'ENSG00000152495']",0.06818853,fold_5
4.1,author_cell_type,DB6,7454,0.5431848852901484,0.8006329113924051,0.23759055540649315,501146,441,5683,1771,2,"['ENSG00000154274', 'ENSG00000117154']","['ENSG00000154274', 'ENSG00000117154', 'ENSG00000169251', 'ENSG00000164116', 'ENSG00000064651', 'ENSG00000187079', 'ENSG00000138448', 'ENSG00000169855', 'ENSG00000185518', 'ENSG00000047849']",0.53165346,fold_5
4.1,author_cell_type,FMB,7454,0.4832264170785572,0.6357661708751298,0.24657901797692514,500534,1053,5616,1838,2,"['ENSG00000164161', 'ENSG00000103175']","['ENSG00000122254', 'ENSG00000164161', 'ENSG00000138771', 'ENSG00000103175', 'ENSG00000115252', 'ENSG00000060982', 'ENSG00000169891', 'ENSG00000064651', 'ENSG00000176771', 'ENSG00000138448']",0.23149681,fold_5
4.1,author_cell_type,GB,7454,0.39529542765676107,0.4269874083818831,0.30480279044808156,498538,3049,5182,2272,2,"['ENSG00000115252', 'ENSG00000152952']","['ENSG00000115252', 'ENSG00000152952', 'ENSG00000103175', 'ENSG00000060982', 'ENSG00000117154', 'ENSG00000064933', 'ENSG00000064651', 'ENSG00000169891', 'ENSG00000164292', 'ENSG00000138448']",0.17169842,fold_5
4.1,author_cell_type,H1,7454,0.8659085524757166,0.9816472694717995,0.5884089079688758,501505,82,3068,4386,2,"['ENSG00000140470', 'ENSG00000157890']","['ENSG00000140470', 'ENSG00000157890', 'ENSG00000112773', 'ENSG00000104419', 'ENSG00000103056', 'ENSG00000143549', 'ENSG00000184304', 'ENSG00000171724', 'ENSG00000135905', 'ENSG00000101871']",0.7171495,fold_5
4.1,author_cell_type,H2,7454,0.5404898775306174,0.6271145480908652,0.3481352294070298,500044,1543,4859,2595,2,"['ENSG00000143549', 'ENSG00000171724']","['ENSG00000100345', 'ENSG00000104419', 'ENSG00000103056', 'ENSG00000143549', 'ENSG00000171724', 'ENSG00000184304', 'ENSG00000135905', 'ENSG00000006116', 'ENSG00000198010', 'ENSG00000103034']",0.15251711,fold_5
4.1,author_cell_type,HAC2,7454,0.6306286613622454,0.748378728923476,0.3870405151596458,500617,970,4569,2885,3,"['ENSG00000125869', 'ENSG00000176771', 'ENSG00000083067']","['ENSG00000125869', 'ENSG00000172348', 'ENSG00000183036', 'ENSG00000176771', 'ENSG00000183230', 'ENSG00000083067', 'ENSG00000152495', 'ENSG00000176204', 'ENSG00000185518', 'ENSG00000140015']",0.024899079,fold_5
4.1,author_cell_type,HAC3,7454,0.5145069502752122,0.6310068649885584,0.29594848403541724,500297,1290,5248,2206,3,"['ENSG00000146648', 'ENSG00000164116', 'ENSG00000135905']","['ENSG00000182957', 'ENSG00000146648', 'ENSG00000213578', 'ENSG00000164116', 'ENSG00000101871', 'ENSG00000135905', 'ENSG00000108018', 'ENSG00000169855', 'ENSG00000006116', 'ENSG00000095713']",0.036019024,fold_5
4.1,author_cell_type,HAC4,7454,0.3271076434440378,0.35236147266641876,0.2542259189696807,498104,3483,5559,1895,4,"['ENSG00000126522', 'ENSG00000139083', 'ENSG00000164116', 'ENSG00000101871']","['ENSG00000126522', 'ENSG00000133789', 'ENSG00000139083', 'ENSG00000213578', 'ENSG00000164116', 'ENSG00000101871', 'ENSG00000092421', 'ENSG00000170011', 'ENSG00000152822', 'ENSG00000154229']",0.04905702,fold_5
4.1,author_cell_type,HAC5,7454,0.4112976701809189,0.6390293225480284,0.1695733834182989,500873,714,6190,1264,3,"['ENSG00000092068', 'ENSG00000134115', 'ENSG00000124772']","['ENSG00000111218', 'ENSG00000101577', 'ENSG00000092068', 'ENSG00000134115', 'ENSG00000124772', 'ENSG00000182534', 'ENSG00000150938', 'ENSG00000006116', 'ENSG00000102780', 'ENSG00000185274']",0.06730258,fold_5
4.1,author_cell_type,HAC6,7454,0.33374989226924073,0.39334687658710005,0.20780788838207673,499198,2389,5905,1549,3,"['ENSG00000092068', 'ENSG00000150938', 'ENSG00000111885']","['ENSG00000092068', 'ENSG00000124772', 'ENSG00000139083', 'ENSG00000150938', 'ENSG00000111885', 'ENSG00000186073', 'ENSG00000185274', 'ENSG00000164292', 'ENSG00000152154', 'ENSG00000153253']",0.042484626,fold_5
4.1,author_cell_type,HAC8,7454,0.35738413727874613,0.5759390310288514,0.14193721491816474,500808,779,6396,1058,4,"['ENSG00000174453', 'ENSG00000134376', 'ENSG00000135905', 'ENSG00000163527']","['ENSG00000174453', 'ENSG00000134376', 'ENSG00000213578', 'ENSG00000075429', 'ENSG00000135905', 'ENSG00000163527', 'ENSG00000121904', 'ENSG00000006116', 'ENSG00000106278', 'ENSG00000183036']",0.046687588,fold_5
4.1,author_cell_type,HAC9,7454,0.4066751860482598,0.4519632414369256,0.2903139254091763,498963,2624,5290,2164,4,"['ENSG00000139083', 'ENSG00000213578', 'ENSG00000164116', 'ENSG00000092421']","['ENSG00000126522', 'ENSG00000077782', 'ENSG00000139083', 'ENSG00000213578', 'ENSG00000164116', 'ENSG00000092421', 'ENSG00000154229', 'ENSG00000152154', 'ENSG00000196782', 'ENSG00000170011']",0.05039575,fold_5
4.1,author_cell_type,HAC11,7454,0.5728361019570919,0.6115598635792497,0.4570700295143547,499423,2164,4047,3407,3,"['ENSG00000134115', 'ENSG00000124772', 'ENSG00000175497']","['ENSG00000074317', 'ENSG00000134115', 'ENSG00000095951', 'ENSG00000124772', 'ENSG00000175497', 'ENSG00000101958', 'ENSG00000141449', 'ENSG00000150938', 'ENSG00000164292', 'ENSG00000108018']",0.038981106,fold_5
4.1,author_cell_type,HAC12,7454,0.534740749333024,0.7535758071107479,0.247383954923531,500984,603,5610,1844,2,"['ENSG00000119866', 'ENSG00000164292']","['ENSG00000155011', 'ENSG00000119866', 'ENSG00000134115', 'ENSG00000164292', 'ENSG00000106278', 'ENSG00000176771', 'ENSG00000164330', 'ENSG00000075429', 'ENSG00000075213', 'ENSG00000196782']",0.10049275,fold_5
4.1,author_cell_type,HAC13,7454,0.6410396418040843,0.8648250460405157,0.31499865843842234,501220,367,5106,2348,3,"['ENSG00000146648', 'ENSG00000108018', 'ENSG00000124772']","['ENSG00000147246', 'ENSG00000144596', 'ENSG00000143340', 'ENSG00000146648', 'ENSG00000108018', 'ENSG00000124772', 'ENSG00000111885', 'ENSG00000150938', 'ENSG00000064651', 'ENSG00000102780']",0.061615266,fold_5
4.1,author_cell_type,HAC14,7454,0.4954980303882949,0.6828227995347034,0.23624899382881676,500769,818,5693,1761,2,"['ENSG00000144596', 'ENSG00000132321']","['ENSG00000144596', 'ENSG00000132321', 'ENSG00000121904', 'ENSG00000164292', 'ENSG00000075429', 'ENSG00000106278', 'ENSG00000164330', 'ENSG00000176771', 'ENSG00000075213', 'ENSG00000101958']",0.12634961,fold_5
4.1,author_cell_type,HAC15,7454,0.19898723343556093,0.2168253351466874,0.14971827206868796,497556,4031,6338,1116,4,"['ENSG00000111218', 'ENSG00000124772', 'ENSG00000111885', 'ENSG00000167619']","['ENSG00000111218', 'ENSG00000124772', 'ENSG00000107954', 'ENSG00000111885', 'ENSG00000150938', 'ENSG00000167619', 'ENSG00000141449', 'ENSG00000101958', 'ENSG00000111913', 'ENSG00000143919']",0.036956854,fold_5
4.1,author_cell_type,HAC17,7454,0.54856423750143,0.7650578380534503,0.25731151059833646,500998,589,5536,1918,3,"['ENSG00000125869', 'ENSG00000132321', 'ENSG00000176204']","['ENSG00000125869', 'ENSG00000132321', 'ENSG00000145675', 'ENSG00000106278', 'ENSG00000152822', 'ENSG00000176204', 'ENSG00000183230', 'ENSG00000185274', 'ENSG00000083067', 'ENSG00000152495']",0.070987046,fold_5
4.1,author_cell_type,HAC18,7454,0.5719794344473008,0.7842911877394636,0.2746176549503622,501024,563,5407,2047,3,"['ENSG00000164116', 'ENSG00000134376', 'ENSG00000006116']","['ENSG00000164116', 'ENSG00000134376', 'ENSG00000006116', 'ENSG00000106688', 'ENSG00000152822', 'ENSG00000053108', 'ENSG00000055813', 'ENSG00000198010', 'ENSG00000108370', 'ENSG00000154229']",0.055644613,fold_5
4.1,author_cell_type,HAC19,7454,0.5505692891578623,0.7130521421454666,0.28803327072712637,500723,864,5307,2147,2,"['ENSG00000145536', 'ENSG00000174453']","['ENSG00000145536', 'ENSG00000170448', 'ENSG00000169184', 'ENSG00000174453', 'ENSG00000171492', 'ENSG00000145675', 'ENSG00000196782', 'ENSG00000106278', 'ENSG00000137872', 'ENSG00000135905']",0.32923603,fold_5
4.1,author_cell_type,HAC20,7454,0.37901193997151933,0.5124028137726768,0.18567212235041589,500270,1317,6070,1384,3,"['ENSG00000132321', 'ENSG00000116991', 'ENSG00000135905']","['ENSG00000132321', 'ENSG00000116991', 'ENSG00000101958', 'ENSG00000135905', 'ENSG00000183230', 'ENSG00000171724', 'ENSG00000196782', 'ENSG00000183036', 'ENSG00000095713', 'ENSG00000091428']",0.065405674,fold_5
4.1,author_cell_type,HAC21,7454,0.6326448399619131,0.6961515212573041,0.4635095250872015,500079,1508,3999,3455,3,"['ENSG00000119866', 'ENSG00000125869', 'ENSG00000164330']","['ENSG00000119866', 'ENSG00000125869', 'ENSG00000213578', 'ENSG00000148541', 'ENSG00000152214', 'ENSG00000164330', 'ENSG00000163393', 'ENSG00000106278', 'ENSG00000135905', 'ENSG00000006116']",0.082940206,fold_5
4.1,author_cell_type,HAC23,6583,0.6348330113165884,0.7977800901838363,0.34938477897615067,501875,583,4283,2300,3,"['ENSG00000147246', 'ENSG00000144407', 'ENSG00000137872']","['ENSG00000147246', 'ENSG00000110975', 'ENSG00000144407', 'ENSG00000111885', 'ENSG00000150938', 'ENSG00000137872', 'ENSG00000145675', 'ENSG00000198010', 'ENSG00000108018', 'ENSG00000153253']",0.12111911,fold_5
4.1,author_cell_type,HAC24,6337,0.5942465591588398,0.7598187311178247,0.3175003945084425,502068,636,4325,2012,3,"['ENSG00000154645', 'ENSG00000169071', 'ENSG00000182348']","['ENSG00000154645', 'ENSG00000169071', 'ENSG00000141753', 'ENSG00000106236', 'ENSG00000110975', 'ENSG00000182348', 'ENSG00000111885', 'ENSG00000101871', 'ENSG00000137872', 'ENSG00000106688']",0.291883,fold_5
4.1,author_cell_type,HAC26,5929,0.21456042102422238,0.28609986504723345,0.10726935402260078,501525,1587,5293,636,5,"['ENSG00000111218', 'ENSG00000163116', 'ENSG00000136261', 'ENSG00000124772', 'ENSG00000113231']","['ENSG00000111218', 'ENSG00000163116', 'ENSG00000092096', 'ENSG00000136261', 'ENSG00000124772', 'ENSG00000113231', 'ENSG00000171492', 'ENSG00000065548', 'ENSG00000137872', 'ENSG00000101871']",0.043648403,fold_5
4.1,author_cell_type,HAC27,5887,0.39531569490055146,0.4978540772532189,0.21674876847290642,501867,1287,4611,1276,3,"['ENSG00000110975', 'ENSG00000111885', 'ENSG00000154229']","['ENSG00000110975', 'ENSG00000111885', 'ENSG00000151883', 'ENSG00000145675', 'ENSG00000137872', 'ENSG00000154229', 'ENSG00000141449', 'ENSG00000152822', 'ENSG00000106688', 'ENSG00000152154']",0.06947618,fold_5
4.1,author_cell_type,HAC28,5622,0.5471683941715487,0.7576703068122725,0.2591604411241551,502953,466,4165,1457,4,"['ENSG00000089101', 'ENSG00000110975', 'ENSG00000213578', 'ENSG00000164116']","['ENSG00000089101', 'ENSG00000110975', 'ENSG00000148541', 'ENSG00000213578', 'ENSG00000164116', 'ENSG00000101871', 'ENSG00000137872', 'ENSG00000205268', 'ENSG00000053108', 'ENSG00000055813']",0.07773577,fold_5
4.1,author_cell_type,HAC29,5021,0.4104358892777601,0.7023593466424682,0.15415255925114518,503692,328,4247,774,4,"['ENSG00000152822', 'ENSG00000111885', 'ENSG00000108370', 'ENSG00000176204']","['ENSG00000137642', 'ENSG00000152822', 'ENSG00000111885', 'ENSG00000106688', 'ENSG00000108370', 'ENSG00000176204', 'ENSG00000140015', 'ENSG00000150938', 'ENSG00000152154', 'ENSG00000101958']",0.029575016,fold_5
4.1,author_cell_type,HAC30,4936,0.5769230769230769,0.8993082244427364,0.23703403565640194,503974,131,3766,1170,3,"['ENSG00000110975', 'ENSG00000144407', 'ENSG00000152822']","['ENSG00000050628', 'ENSG00000110975', 'ENSG00000077782', 'ENSG00000144407', 'ENSG00000152822', 'ENSG00000151883', 'ENSG00000124772', 'ENSG00000137872', 'ENSG00000171316', 'ENSG00000108370']",0.06961874,fold_5
4.1,author_cell_type,HAC32,4645,0.6661874858137248,0.8217452169855343,0.3791173304628633,504014,382,2884,1761,3,"['ENSG00000146376', 'ENSG00000113645', 'ENSG00000164330']","['ENSG00000146376', 'ENSG00000113645', 'ENSG00000119866', 'ENSG00000213578', 'ENSG00000164330', 'ENSG00000106278', 'ENSG00000075213', 'ENSG00000164418', 'ENSG00000111913', 'ENSG00000176204']",0.1301277,fold_5
4.1,author_cell_type,HAC33,4613,0.626705751541494,0.9393939393939394,0.2688055495339259,504348,80,3373,1240,3,"['ENSG00000164270', 'ENSG00000104419', 'ENSG00000119866']","['ENSG00000180777', 'ENSG00000164270', 'ENSG00000104419', 'ENSG00000183960', 'ENSG00000174453', 'ENSG00000119866', 'ENSG00000171492', 'ENSG00000134115', 'ENSG00000057935', 'ENSG00000183036']",0.14381066,fold_5
4.1,author_cell_type,HAC34,4222,0.48672566371681414,0.6657700067249496,0.2344860255802937,504322,497,3232,990,3,"['ENSG00000182177', 'ENSG00000108018', 'ENSG00000121904']","['ENSG00000182177', 'ENSG00000115252', 'ENSG00000170485', 'ENSG00000151491', 'ENSG00000108018', 'ENSG00000121904', 'ENSG00000124772', 'ENSG00000196782', 'ENSG00000187079', 'ENSG00000198010']",0.047582675,fold_5
4.1,author_cell_type,HAC35,3872,0.5003280839895013,0.5865384615384616,0.31508264462809915,504309,860,2652,1220,3,"['ENSG00000115252', 'ENSG00000125869', 'ENSG00000196782']","['ENSG00000115252', 'ENSG00000125869', 'ENSG00000132321', 'ENSG00000175352', 'ENSG00000075429', 'ENSG00000196782', 'ENSG00000183230', 'ENSG00000154229', 'ENSG00000083067', 'ENSG00000075213']",0.08295507,fold_5
4.1,author_cell_type,HAC37,3831,0.5056127655626681,0.6275187104202649,0.28452101279039416,504563,647,2741,1090,4,"['ENSG00000106236', 'ENSG00000147246', 'ENSG00000110975', 'ENSG00000151491']","['ENSG00000106236', 'ENSG00000147246', 'ENSG00000110975', 'ENSG00000143340', 'ENSG00000151491', 'ENSG00000151883', 'ENSG00000182348', 'ENSG00000124772', 'ENSG00000111885', 'ENSG00000150938']",0.11560311,fold_5
4.1,author_cell_type,HAC38,3814,0.21313856142149326,0.25291434363912824,0.13083377031987414,503753,1474,3315,499,4,"['ENSG00000133195', 'ENSG00000103942', 'ENSG00000198087', 'ENSG00000124772']","['ENSG00000133195', 'ENSG00000101577', 'ENSG00000092068', 'ENSG00000103942', 'ENSG00000198087', 'ENSG00000124772', 'ENSG00000150938', 'ENSG00000185274', 'ENSG00000154229', 'ENSG00000125388']",0.04885051,fold_5
4.1,author_cell_type,HAC39,3140,0.23208469055374592,0.27289048473967686,0.14522292993630573,504686,1215,2684,456,5,"['ENSG00000148484', 'ENSG00000110975', 'ENSG00000106344', 'ENSG00000163116', 'ENSG00000151491']","['ENSG00000148484', 'ENSG00000110975', 'ENSG00000106344', 'ENSG00000101577', 'ENSG00000163116', 'ENSG00000151491', 'ENSG00000124772', 'ENSG00000150938', 'ENSG00000111885', 'ENSG00000137872']",0.05958518,fold_5
4.1,author_cell_type,HAC40,3095,0.5147650235550959,0.6390870185449358,0.28949919224555737,505440,506,2199,896,4,"['ENSG00000154645', 'ENSG00000108018', 'ENSG00000101871', 'ENSG00000006116']","['ENSG00000154645', 'ENSG00000139083', 'ENSG00000108018', 'ENSG00000102780', 'ENSG00000101871', 'ENSG00000006116', 'ENSG00000092421', 'ENSG00000055813', 'ENSG00000141449', 'ENSG00000154229']",0.04305619,fold_5
4.1,author_cell_type,HAC41,3032,0.5183678500986193,0.6622047244094488,0.2773746701846966,505580,429,2191,841,3,"['ENSG00000118495', 'ENSG00000182177', 'ENSG00000137872']","['ENSG00000118495', 'ENSG00000182177', 'ENSG00000205542', 'ENSG00000111885', 'ENSG00000124772', 'ENSG00000137872', 'ENSG00000175497', 'ENSG00000152154', 'ENSG00000169855', 'ENSG00000111913']",0.24762684,fold_5
4.1,author_cell_type,HAC42,2695,0.5077481041872733,0.5771392879450343,0.34285714285714286,505669,677,1771,924,2,"['ENSG00000146376', 'ENSG00000176204']","['ENSG00000146376', 'ENSG00000134115', 'ENSG00000106278', 'ENSG00000164330', 'ENSG00000176204', 'ENSG00000120963', 'ENSG00000171724', 'ENSG00000145675', 'ENSG00000183230', 'ENSG00000111913']",0.06532569,fold_5
4.1,author_cell_type,HAC44,2576,0.6235207100591716,0.8059273422562141,0.32725155279503104,506262,203,1733,843,3,"['ENSG00000132321', 'ENSG00000108018', 'ENSG00000176204']","['ENSG00000121297', 'ENSG00000132321', 'ENSG00000102780', 'ENSG00000108018', 'ENSG00000183230', 'ENSG00000176204', 'ENSG00000154229', 'ENSG00000169855', 'ENSG00000106278', 'ENSG00000137642']",0.042562913,fold_5
4.1,author_cell_type,HAC45,2312,0.3028681506849315,0.47966101694915253,0.12240484429065744,506422,307,2029,283,6,"['ENSG00000167037', 'ENSG00000164116', 'ENSG00000175352', 'ENSG00000182348', 'ENSG00000113231', 'ENSG00000152822']","['ENSG00000167037', 'ENSG00000164116', 'ENSG00000175352', 'ENSG00000182348', 'ENSG00000113231', 'ENSG00000152822', 'ENSG00000124772', 'ENSG00000101871', 'ENSG00000137642', 'ENSG00000006116']",0.04250884,fold_5
4.1,author_cell_type,HAC46,2299,0.6167474511114825,0.8013029315960912,0.3210091344062636,506559,183,1561,738,4,"['ENSG00000121904', 'ENSG00000106278', 'ENSG00000176204', 'ENSG00000108018']","['ENSG00000121297', 'ENSG00000064313', 'ENSG00000121904', 'ENSG00000106278', 'ENSG00000176204', 'ENSG00000108018', 'ENSG00000102780', 'ENSG00000185274', 'ENSG00000137872', 'ENSG00000183230']",0.04265331,fold_5
4.1,author_cell_type,HAC48,2215,0.5653872672948748,0.9213483146067416,0.22212189616252823,506784,42,1723,492,2,"['ENSG00000153993', 'ENSG00000111885']","['ENSG00000153993', 'ENSG00000105835', 'ENSG00000144407', 'ENSG00000169184', 'ENSG00000111885', 'ENSG00000151883', 'ENSG00000176771', 'ENSG00000175497', 'ENSG00000053108', 'ENSG00000170011']",0.30966318,fold_5
4.1,author_cell_type,HAC49,2031,0.24544179523141654,0.3310810810810811,0.12063023141309699,506515,495,1786,245,5,"['ENSG00000106344', 'ENSG00000134115', 'ENSG00000124772', 'ENSG00000067113', 'ENSG00000151491']","['ENSG00000106344', 'ENSG00000101577', 'ENSG00000134115', 'ENSG00000124772', 'ENSG00000067113', 'ENSG00000151491', 'ENSG00000185274', 'ENSG00000125388', 'ENSG00000102780', 'ENSG00000151883']",0.0628872,fold_5
4.1,author_cell_type,HAC50,1561,0.3217770396512352,0.3808353808353808,0.1985906470211403,506976,504,1251,310,3,"['ENSG00000119866', 'ENSG00000150054', 'ENSG00000152214']","['ENSG00000119866', 'ENSG00000150054', 'ENSG00000125869', 'ENSG00000152214', 'ENSG00000213578', 'ENSG00000163393', 'ENSG00000106278', 'ENSG00000164330', 'ENSG00000075213', 'ENSG00000006116']",0.086880185,fold_5
4.1,author_cell_type,HAC51,1453,0.5259417199715707,0.6416184971098265,0.3055746730901583,507340,248,1009,444,3,"['ENSG00000182177', 'ENSG00000147246', 'ENSG00000164116']","['ENSG00000050628', 'ENSG00000182177', 'ENSG00000147246', 'ENSG00000077782', 'ENSG00000132321', 'ENSG00000164116', 'ENSG00000152822', 'ENSG00000137872', 'ENSG00000182348', 'ENSG00000150938']",0.2637857,fold_5
4.1,author_cell_type,HAC52,1278,0.06840390879478828,0.09375,0.03286384976525822,507357,406,1236,42,6,"['ENSG00000174453', 'ENSG00000175352', 'ENSG00000136261', 'ENSG00000060982', 'ENSG00000121904', 'ENSG00000170310']","['ENSG00000174453', 'ENSG00000175352', 'ENSG00000136261', 'ENSG00000060982', 'ENSG00000121904', 'ENSG00000170310', 'ENSG00000137642', 'ENSG00000152154', 'ENSG00000101871', 'ENSG00000175497']",0.033434063,fold_5
4.1,author_cell_type,HAC53,1238,0.3375694996028594,0.53125,0.13731825525040386,507653,150,1068,170,4,"['ENSG00000164638', 'ENSG00000108018', 'ENSG00000164116', 'ENSG00000113231']","['ENSG00000164638', 'ENSG00000139083', 'ENSG00000108018', 'ENSG00000164116', 'ENSG00000113231', 'ENSG00000103942', 'ENSG00000101871', 'ENSG00000137872', 'ENSG00000152154', 'ENSG00000107957']",0.04827619,fold_5
4.1,author_cell_type,HAC54,1194,0.5325149303251493,0.7054945054945055,0.26884422110552764,507713,134,873,321,4,"['ENSG00000050628', 'ENSG00000153993', 'ENSG00000092096', 'ENSG00000152214']","['ENSG00000050628', 'ENSG00000153993', 'ENSG00000121297', 'ENSG00000092096', 'ENSG00000152214', 'ENSG00000175352', 'ENSG00000121904', 'ENSG00000175497', 'ENSG00000151883', 'ENSG00000111885']",0.14478692,fold_5
4.1,author_cell_type,HAC55,1157,0.2187028657616893,0.4182692307692308,0.07519446845289542,507763,121,1070,87,2,"['ENSG00000182957', 'ENSG00000106688']","['ENSG00000182957', 'ENSG00000171492', 'ENSG00000106688', 'ENSG00000075429', 'ENSG00000137642', 'ENSG00000103942', 'ENSG00000182087', 'ENSG00000101871', 'ENSG00000196782', 'ENSG00000108370']",0.09866691,fold_5
4.1,author_cell_type,HAC56,1133,0.22003826752478692,0.21923743500866552,0.22330097087378642,507007,901,880,253,3,"['ENSG00000147246', 'ENSG00000077782', 'ENSG00000137872']","['ENSG00000147246', 'ENSG00000077782', 'ENSG00000152822', 'ENSG00000124772', 'ENSG00000137872', 'ENSG00000150938', 'ENSG00000153253', 'ENSG00000108370', 'ENSG00000092421', 'ENSG00000055813']",0.15573467,fold_5
4.1,author_cell_type,HAC57,1119,0.36115843270868825,0.4669603524229075,0.18945487042001788,507680,242,907,212,2,"['ENSG00000144596', 'ENSG00000102780']","['ENSG00000144596', 'ENSG00000174672', 'ENSG00000064313', 'ENSG00000102780', 'ENSG00000113231', 'ENSG00000151883', 'ENSG00000175497', 'ENSG00000150938', 'ENSG00000183036', 'ENSG00000185274']",0.08009159,fold_5
4.1,author_cell_type,HAC59,990,0.3751065643648764,0.5191740412979351,0.17777777777777778,507888,163,814,176,4,"['ENSG00000182177', 'ENSG00000115252', 'ENSG00000108018', 'ENSG00000213578']","['ENSG00000182177', 'ENSG00000115252', 'ENSG00000167037', 'ENSG00000108018', 'ENSG00000213578', 'ENSG00000124772', 'ENSG00000137872', 'ENSG00000106688', 'ENSG00000175497', 'ENSG00000153956']",0.07384308,fold_5
4.1,author_cell_type,HAC60,876,0.1095360824742268,0.20118343195266272,0.03881278538812785,508030,135,842,34,5,"['ENSG00000132321', 'ENSG00000164116', 'ENSG00000108854', 'ENSG00000183230', 'ENSG00000137872']","['ENSG00000089199', 'ENSG00000132321', 'ENSG00000164116', 'ENSG00000108854', 'ENSG00000183230', 'ENSG00000137872', 'ENSG00000092421', 'ENSG00000171724', 'ENSG00000123416', 'ENSG00000187079']",0.03369485,fold_5
4.1,author_cell_type,HAC62,864,0.47568710359408034,0.7003891050583657,0.20833333333333334,508100,77,684,180,3,"['ENSG00000171617', 'ENSG00000164270', 'ENSG00000081803']","['ENSG00000171617', 'ENSG00000250366', 'ENSG00000164270', 'ENSG00000081803', 'ENSG00000121297', 'ENSG00000175352', 'ENSG00000121904', 'ENSG00000175497', 'ENSG00000101958', 'ENSG00000151883']",0.363279,fold_5
4.1,author_cell_type,HAC63,677,0.07710212394530114,0.07681159420289856,0.07828655834564253,507727,637,624,53,6,"['ENSG00000126522', 'ENSG00000164161', 'ENSG00000109771', 'ENSG00000164116', 'ENSG00000115556', 'ENSG00000060982']","['ENSG00000126522', 'ENSG00000164161', 'ENSG00000109771', 'ENSG00000164116', 'ENSG00000115556', 'ENSG00000060982', 'ENSG00000182348', 'ENSG00000092421', 'ENSG00000154229', 'ENSG00000176771']",0.054483283,fold_5
4.1,author_cell_type,HAC64,668,0.5314625850340136,0.984251968503937,0.18712574850299402,508371,2,543,125,3,"['ENSG00000150760', 'ENSG00000081803', 'ENSG00000143340']","['ENSG00000150760', 'ENSG00000081803', 'ENSG00000175354', 'ENSG00000143340', 'ENSG00000152214', 'ENSG00000125869', 'ENSG00000196782', 'ENSG00000145675', 'ENSG00000186073', 'ENSG00000175497']",0.43016747,fold_5
4.1,author_cell_type,HAC65,595,0.5073086844368013,0.8309859154929577,0.19831932773109243,508422,24,477,118,4,"['ENSG00000143473', 'ENSG00000144407', 'ENSG00000150054', 'ENSG00000164116']","['ENSG00000133789', 'ENSG00000143473', 'ENSG00000144407', 'ENSG00000150054', 'ENSG00000164116', 'ENSG00000101871', 'ENSG00000196782', 'ENSG00000135905', 'ENSG00000124772', 'ENSG00000187079']",0.112697124,fold_5
4.1,author_cell_type,HAC66,588,0.5062305295950156,0.7471264367816092,0.22108843537414966,508409,44,458,130,3,"['ENSG00000169071', 'ENSG00000110975', 'ENSG00000047617']","['ENSG00000169071', 'ENSG00000106236', 'ENSG00000110975', 'ENSG00000129221', 'ENSG00000148541', 'ENSG00000047617', 'ENSG00000151491', 'ENSG00000182348', 'ENSG00000101871', 'ENSG00000137872']",0.08233988,fold_5
4.1,author_cell_type,HAC68,542,0.4086181277860327,0.5472636815920398,0.2029520295202952,508408,91,432,110,4,"['ENSG00000224982', 'ENSG00000145536', 'ENSG00000112619', 'ENSG00000129221']","['ENSG00000224982', 'ENSG00000145536', 'ENSG00000169184', 'ENSG00000171492', 'ENSG00000112619', 'ENSG00000129221', 'ENSG00000047617', 'ENSG00000145675', 'ENSG00000130413', 'ENSG00000106278']",0.22872643,fold_5
4.1,author_cell_type,HAC71,502,0.16654330125832717,0.16363636363636364,0.17928286852589642,508079,460,412,90,4,"['ENSG00000102924', 'ENSG00000146648', 'ENSG00000109771', 'ENSG00000117154']","['ENSG00000102924', 'ENSG00000146648', 'ENSG00000109771', 'ENSG00000117154', 'ENSG00000213578', 'ENSG00000164116', 'ENSG00000060982', 'ENSG00000101871', 'ENSG00000135905', 'ENSG00000182348']",0.08630782,fold_5
4.1,author_cell_type,HAC72,483,0.046617970188253456,0.038395695769136706,0.3250517598343685,504626,3932,326,157,3,"['ENSG00000081803', 'ENSG00000102755', 'ENSG00000146648']","['ENSG00000026025', 'ENSG00000081803', 'ENSG00000141750', 'ENSG00000102755', 'ENSG00000110693', 'ENSG00000146648', 'ENSG00000134376', 'ENSG00000184304', 'ENSG00000175352', 'ENSG00000213578']",0.07965353,fold_5
4.1,author_cell_type,HAC74,412,0.23625429553264604,0.2925531914893617,0.13349514563106796,508496,133,357,55,4,"['ENSG00000119866', 'ENSG00000125869', 'ENSG00000117154', 'ENSG00000164116']","['ENSG00000119866', 'ENSG00000125869', 'ENSG00000117154', 'ENSG00000060982', 'ENSG00000164116', 'ENSG00000164330', 'ENSG00000182348', 'ENSG00000106278', 'ENSG00000176771', 'ENSG00000169891']",0.023973178,fold_5
4.1,author_cell_type,HAC75,387,0.11639185257032007,0.14906832298136646,0.06201550387596899,508517,137,363,24,6,"['ENSG00000152952', 'ENSG00000134115', 'ENSG00000184304', 'ENSG00000124772', 'ENSG00000115556', 'ENSG00000060982']","['ENSG00000152952', 'ENSG00000134115', 'ENSG00000184304', 'ENSG00000124772', 'ENSG00000115556', 'ENSG00000060982', 'ENSG00000150938', 'ENSG00000138448', 'ENSG00000185274', 'ENSG00000141449']",0.043054223,fold_5
4.1,author_cell_type,HAC77,246,0.0639488409272582,0.05673758865248227,0.13008130081300814,508263,532,214,32,6,"['ENSG00000165156', 'ENSG00000174453', 'ENSG00000134376', 'ENSG00000115556', 'ENSG00000163527', 'ENSG00000135905']","['ENSG00000165156', 'ENSG00000174453', 'ENSG00000134376', 'ENSG00000115556', 'ENSG00000163527', 'ENSG00000135905', 'ENSG00000075429', 'ENSG00000006116', 'ENSG00000106278', 'ENSG00000183036']",0.045840967,fold_5
4.1,author_cell_type,HAC78,241,0.4278728606356968,0.8333333333333334,0.14522821576763487,508793,7,206,35,4,"['ENSG00000135605', 'ENSG00000143340', 'ENSG00000174453', 'ENSG00000175497']","['ENSG00000135605', 'ENSG00000143340', 'ENSG00000174453', 'ENSG00000171492', 'ENSG00000121904', 'ENSG00000175497', 'ENSG00000111885', 'ENSG00000137872', 'ENSG00000092421', 'ENSG00000169891']",0.09365772,fold_5
4.1,author_cell_type,HAC79,186,0.38273615635179153,0.4392523364485981,0.25268817204301075,508795,60,139,47,4,"['ENSG00000146648', 'ENSG00000143340', 'ENSG00000173890', 'ENSG00000047617']","['ENSG00000146648', 'ENSG00000143340', 'ENSG00000173890', 'ENSG00000129221', 'ENSG00000112619', 'ENSG00000047617', 'ENSG00000151491', 'ENSG00000135905', 'ENSG00000101871', 'ENSG00000108370']",0.06817669,fold_5
4.1,author_cell_type,HAC80,165,0.046177526936890714,0.04035874439461883,0.10909090909090909,508448,428,147,18,6,"['ENSG00000132821', 'ENSG00000182957', 'ENSG00000116819', 'ENSG00000132321', 'ENSG00000116991', 'ENSG00000125869']","['ENSG00000132821', 'ENSG00000182957', 'ENSG00000116819', 'ENSG00000132321', 'ENSG00000116991', 'ENSG00000125869', 'ENSG00000075429', 'ENSG00000164292', 'ENSG00000135905', 'ENSG00000101958']",0.087236986,fold_5
4.1,author_cell_type,HAC81,159,0.1553398058252427,0.1797752808988764,0.10062893081761007,508809,73,143,16,6,"['ENSG00000074317', 'ENSG00000121297', 'ENSG00000134115', 'ENSG00000117154', 'ENSG00000060982', 'ENSG00000124772']","['ENSG00000074317', 'ENSG00000121297', 'ENSG00000134115', 'ENSG00000117154', 'ENSG00000060982', 'ENSG00000124772', 'ENSG00000182348', 'ENSG00000175497', 'ENSG00000141449', 'ENSG00000150938']",0.038850103,fold_5
4.1,author_cell_type,HAC82,151,0.16733601070950468,0.16778523489932887,0.16556291390728478,508766,124,126,25,5,"['ENSG00000164270', 'ENSG00000147246', 'ENSG00000129535', 'ENSG00000144596', 'ENSG00000143340']","['ENSG00000050628', 'ENSG00000164270', 'ENSG00000147246', 'ENSG00000129535', 'ENSG00000144596', 'ENSG00000143340', 'ENSG00000146648', 'ENSG00000173890', 'ENSG00000129221', 'ENSG00000112619']",0.1291072,fold_5
4.1,author_cell_type,HAC84,117,0.3384615384615385,0.4230769230769231,0.18803418803418803,508894,30,95,22,5,"['ENSG00000146376', 'ENSG00000113645', 'ENSG00000119866', 'ENSG00000112619', 'ENSG00000129221']","['ENSG00000155011', 'ENSG00000146376', 'ENSG00000113645', 'ENSG00000119866', 'ENSG00000112619', 'ENSG00000129221', 'ENSG00000047617', 'ENSG00000151491', 'ENSG00000164330', 'ENSG00000075213']",0.09445083,fold_5
4.1,author_cell_type,HAC86,94,0.2857142857142857,0.41379310344827586,0.1276595744680851,508930,17,82,12,5,"['ENSG00000112773', 'ENSG00000164270', 'ENSG00000111218', 'ENSG00000163116', 'ENSG00000173890']","['ENSG00000112773', 'ENSG00000164270', 'ENSG00000129535', 'ENSG00000111218', 'ENSG00000163116', 'ENSG00000173890', 'ENSG00000129221', 'ENSG00000112619', 'ENSG00000169184', 'ENSG00000047617']",0.08645422,fold_5
4.1,author_cell_type,HAC87,90,0.035742652899126294,0.029654036243822075,0.2,508362,589,72,18,5,"['ENSG00000103056', 'ENSG00000164116', 'ENSG00000150054', 'ENSG00000134376', 'ENSG00000060982']","['ENSG00000140470', 'ENSG00000103056', 'ENSG00000164116', 'ENSG00000150054', 'ENSG00000134376', 'ENSG00000060982', 'ENSG00000182348', 'ENSG00000152822', 'ENSG00000169891', 'ENSG00000064651']",0.04957097,fold_5
4.1,author_cell_type,HAC88,87,0.22857142857142856,0.36363636363636365,0.09195402298850575,508940,14,79,8,4,"['ENSG00000157890', 'ENSG00000157657', 'ENSG00000167037', 'ENSG00000121904']","['ENSG00000157890', 'ENSG00000157657', 'ENSG00000167037', 'ENSG00000121904', 'ENSG00000092096', 'ENSG00000119650', 'ENSG00000196782', 'ENSG00000113231', 'ENSG00000175497', 'ENSG00000106278']",0.06717019,fold_5
4.1,author_cell_type,HAC89,84,0.24390243902439024,0.4,0.09523809523809523,508945,12,76,8,6,"['ENSG00000143473', 'ENSG00000129535', 'ENSG00000074317', 'ENSG00000173890', 'ENSG00000129221', 'ENSG00000112619']","['ENSG00000143473', 'ENSG00000129535', 'ENSG00000074317', 'ENSG00000173890', 'ENSG00000129221', 'ENSG00000112619', 'ENSG00000047617', 'ENSG00000151491', 'ENSG00000124772', 'ENSG00000150938']",0.08016707,fold_5
4.1,author_cell_type,HAC90,79,0.3460620525059666,0.3411764705882353,0.3670886075949367,508906,56,50,29,4,"['ENSG00000119866', 'ENSG00000112619', 'ENSG00000047617', 'ENSG00000125869']","['ENSG00000119866', 'ENSG00000173890', 'ENSG00000129221', 'ENSG00000112619', 'ENSG00000047617', 'ENSG00000125869', 'ENSG00000151491', 'ENSG00000116991', 'ENSG00000108370', 'ENSG00000176771']",0.074950725,fold_5
4.1,author_cell_type,HAC91,74,0.1937984496124031,0.21739130434782608,0.13513513513513514,508931,36,64,10,5,"['ENSG00000158683', 'ENSG00000113645', 'ENSG00000146376', 'ENSG00000119866', 'ENSG00000125869']","['ENSG00000155011', 'ENSG00000158683', 'ENSG00000113645', 'ENSG00000146376', 'ENSG00000119866', 'ENSG00000125869', 'ENSG00000139083', 'ENSG00000171724', 'ENSG00000164330', 'ENSG00000183230']",0.12923199,fold_5
4.1,author_cell_type,HAC92,65,0.2348993288590604,0.3333333333333333,0.1076923076923077,508962,14,58,7,5,"['ENSG00000132821', 'ENSG00000138386', 'ENSG00000140009', 'ENSG00000173890', 'ENSG00000146648']","['ENSG00000132821', 'ENSG00000138386', 'ENSG00000143340', 'ENSG00000140009', 'ENSG00000173890', 'ENSG00000146648', 'ENSG00000112619', 'ENSG00000129221', 'ENSG00000047617', 'ENSG00000151491']",0.08944054,fold_5
4.1,author_cell_type,HAC93,55,0.2,0.23333333333333334,0.12727272727272726,508963,23,48,7,5,"['ENSG00000157890', 'ENSG00000144596', 'ENSG00000148484', 'ENSG00000173890', 'ENSG00000047617']","['ENSG00000157890', 'ENSG00000144596', 'ENSG00000148484', 'ENSG00000173890', 'ENSG00000129221', 'ENSG00000047617', 'ENSG00000112619', 'ENSG00000151491', 'ENSG00000132321', 'ENSG00000121904']",0.1313544,fold_5
4.1,author_cell_type,HAC95,39,0.2845528455284553,0.3333333333333333,0.1794871794871795,508988,14,32,7,5,"['ENSG00000111490', 'ENSG00000140009', 'ENSG00000173890', 'ENSG00000119866', 'ENSG00000112619']","['ENSG00000111490', 'ENSG00000140009', 'ENSG00000173890', 'ENSG00000119866', 'ENSG00000150054', 'ENSG00000112619', 'ENSG00000129221', 'ENSG00000047617', 'ENSG00000174453', 'ENSG00000125869']",0.10603643,fold_5
4.1,author_cell_type,HRGC3,7454,0.6712758260310314,0.7667584940312213,0.4480815669439227,500571,1016,4114,3340,2,"['ENSG00000089101', 'ENSG00000122254']","['ENSG00000135047', 'ENSG00000136383', 'ENSG00000089101', 'ENSG00000122254', 'ENSG00000133805', 'ENSG00000118495', 'ENSG00000196305', 'ENSG00000183696', 'ENSG00000173517', 'ENSG00000164330']",0.5800122,fold_5
4.1,author_cell_type,HRGC4,7454,0.3683127572016461,0.5244872331519465,0.16809766568285484,500451,1136,6201,1253,2,"['ENSG00000164330', 'ENSG00000107957']","['ENSG00000142185', 'ENSG00000154263', 'ENSG00000179832', 'ENSG00000164330', 'ENSG00000107957', 'ENSG00000090565', 'ENSG00000108018', 'ENSG00000071054', 'ENSG00000175497', 'ENSG00000163393']",0.043603018,fold_5
4.1,author_cell_type,HRGC5,6657,0.23781283359032143,0.25820991629104956,0.18071203244704823,498928,3456,5454,1203,3,"['ENSG00000123416', 'ENSG00000164330', 'ENSG00000175497']","['ENSG00000152214', 'ENSG00000123416', 'ENSG00000164330', 'ENSG00000175497', 'ENSG00000143919', 'ENSG00000071054', 'ENSG00000103034', 'ENSG00000173517']",0.03484039,fold_5
4.1,author_cell_type,HRGC9,2890,0.4168286047415468,0.4102645839974498,0.4453287197231834,504301,1850,1603,1287,3,"['ENSG00000183960', 'ENSG00000118495', 'ENSG00000146376']","['ENSG00000183960', 'ENSG00000118495', 'ENSG00000091664', 'ENSG00000146376', 'ENSG00000142185', 'ENSG00000152214', 'ENSG00000164330', 'ENSG00000137642', 'ENSG00000108018', 'ENSG00000107957']",0.3307428,fold_5
4.1,author_cell_type,HRGC10,2309,0.1864738501685332,0.1991869918699187,0.14854915547856215,505353,1379,1966,343,5,"['ENSG00000135919', 'ENSG00000153993', 'ENSG00000138741', 'ENSG00000140009', 'ENSG00000146648']","['ENSG00000135919', 'ENSG00000153993', 'ENSG00000138741', 'ENSG00000091664', 'ENSG00000140009', 'ENSG00000146648', 'ENSG00000152214', 'ENSG00000164330', 'ENSG00000134376', 'ENSG00000182348']",0.1311144,fold_5
4.1,author_cell_type,HRGC11,1869,0.3815261044176707,0.475,0.21348314606741572,506731,441,1470,399,6,"['ENSG00000176945', 'ENSG00000101298', 'ENSG00000115641', 'ENSG00000152583', 'ENSG00000258986', 'ENSG00000138386']","['ENSG00000176945', 'ENSG00000101298', 'ENSG00000115641', 'ENSG00000152583', 'ENSG00000258986', 'ENSG00000138386', 'ENSG00000133195', 'ENSG00000116819', 'ENSG00000154263', 'ENSG00000186166']",0.5137862,fold_5
4.1,author_cell_type,IMB,7454,0.6563665423548215,0.8709791445740545,0.33056077273946877,501222,365,4990,2464,3,"['ENSG00000103175', 'ENSG00000060982', 'ENSG00000182348']","['ENSG00000127588', 'ENSG00000103175', 'ENSG00000060982', 'ENSG00000182348', 'ENSG00000184304', 'ENSG00000117154', 'ENSG00000176771', 'ENSG00000186908', 'ENSG00000138448', 'ENSG00000047849']",0.12519605,fold_5
4.1,author_cell_type,MG,7454,0.6547559386589155,0.83616,0.3505500402468473,501075,512,4841,2613,3,"['ENSG00000081803', 'ENSG00000102755', 'ENSG00000110693']","['ENSG00000169299', 'ENSG00000147485', 'ENSG00000081803', 'ENSG00000141750', 'ENSG00000102755', 'ENSG00000110693', 'ENSG00000134376', 'ENSG00000146648', 'ENSG00000184304', 'ENSG00000150054']",0.20770065,fold_5
4.1,author_cell_type,MG_OFF,7454,0.34630625530710446,0.351126416989525,0.32828011805741886,497065,4522,5007,2447,3,"['ENSG00000138741', 'ENSG00000110693', 'ENSG00000152214']","['ENSG00000138741', 'ENSG00000091664', 'ENSG00000142185', 'ENSG00000135605', 'ENSG00000110693', 'ENSG00000152214', 'ENSG00000140009', 'ENSG00000184304', 'ENSG00000164330', 'ENSG00000108018']",0.07694536,fold_5
4.1,author_cell_type,MG_ON,7454,0.31935315936747577,0.3372852233676976,0.26334853769788036,497730,3857,5491,1963,4,"['ENSG00000142185', 'ENSG00000140009', 'ENSG00000152214', 'ENSG00000146648']","['ENSG00000138741', 'ENSG00000142185', 'ENSG00000091664', 'ENSG00000140009', 'ENSG00000152214', 'ENSG00000146648', 'ENSG00000164330', 'ENSG00000182348', 'ENSG00000175497', 'ENSG00000071054']",0.07312645,fold_5
4.1,author_cell_type,ML_Cone,7454,0.6076759061833689,0.7427762039660056,0.3517574456667561,500679,908,4832,2622,2,"['ENSG00000139053', 'ENSG00000157890']","['ENSG00000147509', 'ENSG00000139053', 'ENSG00000050405', 'ENSG00000148600', 'ENSG00000113645', 'ENSG00000157890', 'ENSG00000173890', 'ENSG00000048342', 'ENSG00000132953', 'ENSG00000047617']",0.30216074,fold_5
4.1,author_cell_type,Microglia,4894,0.8932600804473658,0.9403563129357088,0.7441765427053535,503916,231,1252,3642,1,['ENSG00000019582'],"['ENSG00000019582', 'ENSG00000090104', 'ENSG00000173391', 'ENSG00000137462', 'ENSG00000142583', 'ENSG00000143079', 'ENSG00000177885', 'ENSG00000105835', 'ENSG00000138756', 'ENSG00000139083']",1.0,fold_5
4.1,author_cell_type,OFF-SAC,4647,0.2439950908772135,0.2679717586649551,0.17968581880783302,502113,2281,3812,835,3,"['ENSG00000143340', 'ENSG00000135905', 'ENSG00000171316']","['ENSG00000143340', 'ENSG00000116991', 'ENSG00000135905', 'ENSG00000171316', 'ENSG00000168036', 'ENSG00000171724', 'ENSG00000113231', 'ENSG00000153956', 'ENSG00000076641', 'ENSG00000205268']",0.052016407,fold_5
4.1,author_cell_type,OFF-SAC*,274,0.08671369782480894,0.07544757033248081,0.21532846715328466,508044,723,215,59,5,"['ENSG00000102755', 'ENSG00000121297', 'ENSG00000143340', 'ENSG00000115556', 'ENSG00000171316']","['ENSG00000102755', 'ENSG00000121297', 'ENSG00000143340', 'ENSG00000115556', 'ENSG00000171316', 'ENSG00000135905', 'ENSG00000168036', 'ENSG00000048342', 'ENSG00000153956', 'ENSG00000064651']",0.11363271,fold_5
4.1,author_cell_type,OFFx,7454,0.6635952150016166,0.8872478386167147,0.3304266165817011,501274,313,4991,2463,3,"['ENSG00000182348', 'ENSG00000175497', 'ENSG00000141449']","['ENSG00000060982', 'ENSG00000117154', 'ENSG00000182348', 'ENSG00000175497', 'ENSG00000141449', 'ENSG00000176771', 'ENSG00000047849', 'ENSG00000185518', 'ENSG00000198010', 'ENSG00000176204']",0.029904667,fold_5
4.1,author_cell_type,ON-SAC,7454,0.6917943205231568,0.8308230231307154,0.4144083713442447,500958,629,4365,3089,2,"['ENSG00000102755', 'ENSG00000143340']","['ENSG00000102755', 'ENSG00000143340', 'ENSG00000121297', 'ENSG00000154263', 'ENSG00000171316', 'ENSG00000135905', 'ENSG00000175352', 'ENSG00000076641', 'ENSG00000153956', 'ENSG00000102780']",0.18148702,fold_5
4.1,author_cell_type,PENK,6329,0.5249064209617046,0.6607466473359913,0.2880391847053247,501776,936,4506,1823,4,"['ENSG00000111885', 'ENSG00000150938', 'ENSG00000185274', 'ENSG00000175497']","['ENSG00000139083', 'ENSG00000111885', 'ENSG00000150938', 'ENSG00000153253', 'ENSG00000185274', 'ENSG00000175497', 'ENSG00000169855', 'ENSG00000167619', 'ENSG00000123416', 'ENSG00000152154']",0.037120394,fold_5
4.1,author_cell_type,PG_OFF,7454,0.7033003574694489,0.815225246928451,0.453984437885699,500820,767,4070,3384,3,"['ENSG00000183960', 'ENSG00000113645', 'ENSG00000091664']","['ENSG00000183960', 'ENSG00000135636', 'ENSG00000113645', 'ENSG00000091664', 'ENSG00000142185', 'ENSG00000144596', 'ENSG00000135605', 'ENSG00000146376', 'ENSG00000184304', 'ENSG00000152214']",0.13918392,fold_5
4.1,author_cell_type,PG_ON,6184,0.28076476887381757,0.2605590062111801,0.4070181112548512,495714,7143,3667,2517,5,"['ENSG00000135636', 'ENSG00000091664', 'ENSG00000183696', 'ENSG00000152214', 'ENSG00000137642']","['ENSG00000135636', 'ENSG00000091664', 'ENSG00000183696', 'ENSG00000152214', 'ENSG00000137642', 'ENSG00000164330', 'ENSG00000182348', 'ENSG00000152822', 'ENSG00000135905', 'ENSG00000175497']",0.12928568,fold_5
4.1,author_cell_type,RB,7454,0.8285605996799461,0.9661183402897128,0.5279044808156694,501449,138,3519,3935,2,"['ENSG00000112773', 'ENSG00000154229']","['ENSG00000010282', 'ENSG00000213424', 'ENSG00000112773', 'ENSG00000115556', 'ENSG00000154229', 'ENSG00000137642', 'ENSG00000117154', 'ENSG00000164116', 'ENSG00000182348', 'ENSG00000176204']",0.2919575,fold_5
4.1,author_cell_type,RPE,863,0.9452054794520548,0.9631979695431472,0.8794901506373117,508149,29,104,759,1,['ENSG00000116745'],"['ENSG00000116745', 'ENSG00000100344', 'ENSG00000135697', 'ENSG00000111863', 'ENSG00000111181', 'ENSG00000153283', 'ENSG00000132376', 'ENSG00000163817', 'ENSG00000111199', 'ENSG00000138448']",1.0,fold_5
4.1,author_cell_type,Rod,7454,0.7698133489690218,0.968644328312327,0.4227260531258385,501485,102,4303,3151,2,"['ENSG00000112619', 'ENSG00000129221']","['ENSG00000139988', 'ENSG00000129535', 'ENSG00000256061', 'ENSG00000173890', 'ENSG00000112619', 'ENSG00000129221', 'ENSG00000058453', 'ENSG00000140009', 'ENSG00000047617', 'ENSG00000151491']",0.14778844,fold_5
4.1,author_cell_type,SEG,7454,0.492000941065757,0.7008797653958945,0.2244432519452643,500873,714,5781,1673,2,"['ENSG00000144596', 'ENSG00000075213']","['ENSG00000144596', 'ENSG00000107551', 'ENSG00000137642', 'ENSG00000135905', 'ENSG00000075213', 'ENSG00000164292', 'ENSG00000164330', 'ENSG00000106278', 'ENSG00000163393', 'ENSG00000145675']",0.12526998,fold_5
4.1,author_cell_type,SEG*,234,0.3354632587859425,0.42857142857142855,0.1794871794871795,508751,56,192,42,4,"['ENSG00000144596', 'ENSG00000129221', 'ENSG00000047617', 'ENSG00000134115']","['ENSG00000144596', 'ENSG00000173890', 'ENSG00000129221', 'ENSG00000112619', 'ENSG00000047617', 'ENSG00000134115', 'ENSG00000151491', 'ENSG00000164292', 'ENSG00000164330', 'ENSG00000106278']",0.067089334,fold_5
4.1,author_cell_type,S_Cone,7454,0.8891762236713889,0.98710214270855,0.6365709686074591,501525,62,2709,4745,2,"['ENSG00000128617', 'ENSG00000139053']","['ENSG00000128617', 'ENSG00000213809', 'ENSG00000152056', 'ENSG00000139053', 'ENSG00000048540', 'ENSG00000021300', 'ENSG00000113645', 'ENSG00000164638', 'ENSG00000144407', 'ENSG00000048342']",0.7370893,fold_5
4.1,author_cell_type,VG3,7454,0.5949015172933748,0.7335851249273678,0.3387442983632949,500670,917,4929,2525,2,"['ENSG00000125869', 'ENSG00000146648']","['ENSG00000116819', 'ENSG00000125869', 'ENSG00000146648', 'ENSG00000116991', 'ENSG00000132321', 'ENSG00000175352', 'ENSG00000113231', 'ENSG00000153956', 'ENSG00000163116', 'ENSG00000108018']",0.08501625,fold_5
4.1,author_cell_type,VG3*,584,0.10298057602143336,0.09131403118040089,0.2106164383561644,507233,1224,461,123,5,"['ENSG00000146648', 'ENSG00000116991', 'ENSG00000125869', 'ENSG00000163116', 'ENSG00000113231']","['ENSG00000146648', 'ENSG00000116991', 'ENSG00000125869', 'ENSG00000163116', 'ENSG00000113231', 'ENSG00000153956', 'ENSG00000108018', 'ENSG00000060982', 'ENSG00000183230', 'ENSG00000110274']",0.058525678,fold_5
4.1,author_cell_type,VIP,7454,0.6304757225906821,0.7259014847984916,0.4132009659243359,500424,1163,4374,3080,2,"['ENSG00000134115', 'ENSG00000198010']","['ENSG00000102924', 'ENSG00000180777', 'ENSG00000134115', 'ENSG00000174453', 'ENSG00000171492', 'ENSG00000198010', 'ENSG00000166922', 'ENSG00000106688', 'ENSG00000170011', 'ENSG00000080224']",0.077546716,fold_5
4.1,author_cell_type,ipRGC,1292,0.20850622406639005,0.22789115646258504,0.15557275541795665,507068,681,1091,201,5,"['ENSG00000146376', 'ENSG00000140009', 'ENSG00000152214', 'ENSG00000167037', 'ENSG00000116991']","['ENSG00000091664', 'ENSG00000146376', 'ENSG00000140009', 'ENSG00000152214', 'ENSG00000167037', 'ENSG00000116991', 'ENSG00000164330', 'ENSG00000182348', 'ENSG00000123416', 'ENSG00000196782']",0.07346063,fold_5
4.1,author_cell_type,nNOS,5919,0.3571736692261237,0.5839210155148096,0.1398884946781551,502532,590,5091,828,4,"['ENSG00000205302', 'ENSG00000108018', 'ENSG00000185274', 'ENSG00000151883']","['ENSG00000092068', 'ENSG00000205302', 'ENSG00000108018', 'ENSG00000111885', 'ENSG00000185274', 'ENSG00000151883', 'ENSG00000101871', 'ENSG00000175497', 'ENSG00000101958', 'ENSG00000092421']",0.029351875,fold_5
4.1,author_cell_type,AII,7454,0.690548635542455,0.8556701030927835,0.3897236383149987,501097,490,4549,2905,2,"['ENSG00000101463', 'ENSG00000038295']","['ENSG00000162849', 'ENSG00000138193', 'ENSG00000101463', 'ENSG00000175352', 'ENSG00000038295', 'ENSG00000125869', 'ENSG00000073417', 'ENSG00000103034', 'ENSG00000177103', 'ENSG00000164418']",0.098680764,fold_6
4.1,author_cell_type,AII*,1057,0.5642484589853011,0.9049429657794676,0.2251655629139073,507959,25,819,238,3,"['ENSG00000101463', 'ENSG00000175352', 'ENSG00000132915']","['ENSG00000138193', 'ENSG00000162849', 'ENSG00000101463', 'ENSG00000175352', 'ENSG00000038295', 'ENSG00000132915', 'ENSG00000125869', 'ENSG00000073417', 'ENSG00000162946', 'ENSG00000111837']",0.07446165,fold_6
4.1,author_cell_type,Astrocyte,7454,0.8682737169517885,0.9042759961127308,0.7489938288167427,500996,591,1871,5583,1,['ENSG00000196092'],"['ENSG00000196092', 'ENSG00000126785', 'ENSG00000127249', 'ENSG00000109846', 'ENSG00000165566', 'ENSG00000148180', 'ENSG00000104313', 'ENSG00000114315', 'ENSG00000186439', 'ENSG00000162873']",1.0,fold_6
4.1,author_cell_type,BB,2931,0.4950796830096665,0.5318054256314313,0.38792221084953943,505109,1001,1794,1137,3,"['ENSG00000113262', 'ENSG00000162946', 'ENSG00000169891']","['ENSG00000113262', 'ENSG00000162383', 'ENSG00000169756', 'ENSG00000117154', 'ENSG00000162946', 'ENSG00000169891', 'ENSG00000033327', 'ENSG00000147724', 'ENSG00000144283', 'ENSG00000196090']",0.05818988,fold_6
4.1,author_cell_type,CAI,450,0.3878648233486943,0.47417840375586856,0.22444444444444445,508479,112,349,101,5,"['ENSG00000158816', 'ENSG00000186310', 'ENSG00000162873', 'ENSG00000147434', 'ENSG00000162849']","['ENSG00000158816', 'ENSG00000186310', 'ENSG00000162873', 'ENSG00000147434', 'ENSG00000162849', 'ENSG00000137726', 'ENSG00000184408', 'ENSG00000198673', 'ENSG00000171951', 'ENSG00000157654']",0.16812027,fold_6
4.1,author_cell_type,CAII,3865,0.7867089135328942,0.9286417322834646,0.48822768434670116,505031,145,1978,1887,3,"['ENSG00000104313', 'ENSG00000137726', 'ENSG00000101463']","['ENSG00000081985', 'ENSG00000104313', 'ENSG00000171126', 'ENSG00000137726', 'ENSG00000188580', 'ENSG00000101463', 'ENSG00000184408', 'ENSG00000110841', 'ENSG00000145864', 'ENSG00000168959']",0.09951356,fold_6
4.1,author_cell_type,DB1,7454,0.7672861437551244,0.9293793103448276,0.4519720955191843,501331,256,4085,3369,3,"['ENSG00000144227', 'ENSG00000147724', 'ENSG00000164330']","['ENSG00000144227', 'ENSG00000162383', 'ENSG00000117154', 'ENSG00000187068', 'ENSG00000147724', 'ENSG00000164330', 'ENSG00000169891', 'ENSG00000198795', 'ENSG00000168959', 'ENSG00000196090']",0.05074117,fold_6
4.1,author_cell_type,DB2,7454,0.6033980178229367,0.7,0.38878454521062517,500345,1242,4556,2898,2,"['ENSG00000187068', 'ENSG00000162946']","['ENSG00000139517', 'ENSG00000162383', 'ENSG00000187068', 'ENSG00000122591', 'ENSG00000119900', 'ENSG00000162946', 'ENSG00000169891', 'ENSG00000181234', 'ENSG00000266028', 'ENSG00000078295']",0.08315815,fold_6
4.1,author_cell_type,DB3a,7454,0.5377368476765111,0.7104895104895105,0.2726053125838476,500759,828,5422,2032,3,"['ENSG00000087245', 'ENSG00000123700', 'ENSG00000169891']","['ENSG00000087245', 'ENSG00000080573', 'ENSG00000047578', 'ENSG00000123700', 'ENSG00000169891', 'ENSG00000117154', 'ENSG00000147724', 'ENSG00000175470', 'ENSG00000198795', 'ENSG00000155052']",0.1944177,fold_6
4.1,author_cell_type,DB3b,7454,0.5113850798842622,0.7702510658455708,0.21813791253018514,501102,485,5828,1626,2,"['ENSG00000165138', 'ENSG00000123700']","['ENSG00000165138', 'ENSG00000080573', 'ENSG00000173826', 'ENSG00000123700', 'ENSG00000122591', 'ENSG00000162383', 'ENSG00000162946', 'ENSG00000147724', 'ENSG00000169891', 'ENSG00000187068']",0.3870863,fold_6
4.1,author_cell_type,DB4a,7454,0.5413522487171748,0.5588097834553669,0.4812181379125302,498755,2832,3867,3587,2,"['ENSG00000123700', 'ENSG00000113262']","['ENSG00000173826', 'ENSG00000123700', 'ENSG00000113262', 'ENSG00000075035', 'ENSG00000122591', 'ENSG00000115556', 'ENSG00000147724', 'ENSG00000117154', 'ENSG00000101463', 'ENSG00000038295']",0.16088523,fold_6
4.1,author_cell_type,DB4b,4553,0.3982563899346146,0.4556101246694371,0.2648802987041511,503047,1441,3347,1206,3,"['ENSG00000123700', 'ENSG00000157617', 'ENSG00000113262']","['ENSG00000173826', 'ENSG00000123700', 'ENSG00000157617', 'ENSG00000113262', 'ENSG00000075035', 'ENSG00000147724', 'ENSG00000117154', 'ENSG00000038295', 'ENSG00000182050', 'ENSG00000198795']",0.16764756,fold_6
4.1,author_cell_type,DB5,7454,0.5359134986698704,0.6303305576583397,0.33512208210356853,500122,1465,4956,2498,3,"['ENSG00000113262', 'ENSG00000162383', 'ENSG00000181234']","['ENSG00000113262', 'ENSG00000162383', 'ENSG00000122591', 'ENSG00000069956', 'ENSG00000117154', 'ENSG00000181234', 'ENSG00000038295', 'ENSG00000153933', 'ENSG00000169756', 'ENSG00000147724']",0.1267582,fold_6
4.1,author_cell_type,DB6,7454,0.4808851691609334,0.522946394138064,0.36383149986584384,499113,2474,4742,2712,2,"['ENSG00000113262', 'ENSG00000169756']","['ENSG00000157617', 'ENSG00000113262', 'ENSG00000147202', 'ENSG00000169756', 'ENSG00000117154', 'ENSG00000163788', 'ENSG00000169251', 'ENSG00000166435', 'ENSG00000173482', 'ENSG00000147724']",0.12449961,fold_6
4.1,author_cell_type,FMB,7454,0.3490895367487499,0.4307334109429569,0.19855111349610946,499631,1956,5974,1480,2,"['ENSG00000017427', 'ENSG00000187068']","['ENSG00000017427', 'ENSG00000162383', 'ENSG00000187068', 'ENSG00000119900', 'ENSG00000117154', 'ENSG00000181234', 'ENSG00000169891', 'ENSG00000138759', 'ENSG00000171951', 'ENSG00000198795']",0.16276556,fold_6
4.1,author_cell_type,GB,7454,0.5682654885873567,0.7477508650519031,0.28991145693587334,500858,729,5293,2161,1,['ENSG00000273540'],"['ENSG00000273540', 'ENSG00000080573', 'ENSG00000113262', 'ENSG00000128699', 'ENSG00000117154', 'ENSG00000169756', 'ENSG00000169891', 'ENSG00000147724', 'ENSG00000122884', 'ENSG00000196090']",0.55671436,fold_6
4.1,author_cell_type,H1,7454,0.5684070252169753,0.6101228681459747,0.44633753689294337,499461,2126,4127,3327,2,"['ENSG00000123094', 'ENSG00000123700']","['ENSG00000164402', 'ENSG00000135750', 'ENSG00000103056', 'ENSG00000100362', 'ENSG00000123094', 'ENSG00000123700', 'ENSG00000089177', 'ENSG00000188580', 'ENSG00000105894', 'ENSG00000078295']",0.2013318,fold_6
4.1,author_cell_type,H2,7454,0.5011403192894011,0.7254561251086012,0.22404078347196135,500955,632,5784,1670,2,"['ENSG00000120318', 'ENSG00000078295']","['ENSG00000120318', 'ENSG00000100362', 'ENSG00000123094', 'ENSG00000170500', 'ENSG00000078295', 'ENSG00000196353', 'ENSG00000103034', 'ENSG00000033327', 'ENSG00000163630', 'ENSG00000006740']",0.52781475,fold_6
4.1,author_cell_type,HAC2,7454,0.4830619646577668,0.5424610051993067,0.3359270190501744,499475,2112,4950,2504,2,"['ENSG00000125869', 'ENSG00000181234']","['ENSG00000125869', 'ENSG00000144227', 'ENSG00000101463', 'ENSG00000181072', 'ENSG00000181234', 'ENSG00000105894', 'ENSG00000157152', 'ENSG00000198795', 'ENSG00000145864', 'ENSG00000239268']",0.07919116,fold_6
4.1,author_cell_type,HAC3,7454,0.42106757524134014,0.5840882237101221,0.1989535819694124,500531,1056,5971,1483,2,"['ENSG00000171246', 'ENSG00000137203']","['ENSG00000171246', 'ENSG00000082781', 'ENSG00000112139', 'ENSG00000137727', 'ENSG00000137203', 'ENSG00000105894', 'ENSG00000173482', 'ENSG00000187068', 'ENSG00000038295', 'ENSG00000185532']",0.21736865,fold_6
4.1,author_cell_type,HAC4,7454,0.4321042764038925,0.5180626170725181,0.259726321438154,499786,1801,5518,1936,4,"['ENSG00000112139', 'ENSG00000075035', 'ENSG00000078725', 'ENSG00000105894']","['ENSG00000133789', 'ENSG00000150867', 'ENSG00000112139', 'ENSG00000075035', 'ENSG00000078725', 'ENSG00000105894', 'ENSG00000181072', 'ENSG00000154928', 'ENSG00000198795', 'ENSG00000196482']",0.080710754,fold_6
4.1,author_cell_type,HAC5,7454,0.40969569226715846,0.6438923395445134,0.16689026026294607,500899,688,6210,1244,4,"['ENSG00000071073', 'ENSG00000125247', 'ENSG00000163110', 'ENSG00000138759']","['ENSG00000071073', 'ENSG00000125247', 'ENSG00000163110', 'ENSG00000128578', 'ENSG00000138759', 'ENSG00000182534', 'ENSG00000154359', 'ENSG00000110841', 'ENSG00000078295', 'ENSG00000101849']",0.07918155,fold_6
4.1,author_cell_type,HAC6,7454,0.29319420075722596,0.3576457335961701,0.17037832036490475,499306,2281,6184,1270,4,"['ENSG00000198673', 'ENSG00000154359', 'ENSG00000198216', 'ENSG00000078295']","['ENSG00000198673', 'ENSG00000154359', 'ENSG00000128578', 'ENSG00000198216', 'ENSG00000110841', 'ENSG00000078295', 'ENSG00000106617', 'ENSG00000114861', 'ENSG00000078725', 'ENSG00000101849']",0.04786513,fold_6
4.1,author_cell_type,HAC8,7454,0.4604200323101777,0.8137573004542504,0.1682318218406225,501300,287,6200,1254,3,"['ENSG00000138650', 'ENSG00000101463', 'ENSG00000173482']","['ENSG00000138650', 'ENSG00000137727', 'ENSG00000101463', 'ENSG00000196353', 'ENSG00000038295', 'ENSG00000173482', 'ENSG00000105894', 'ENSG00000101849', 'ENSG00000109436', 'ENSG00000160746']",0.039262995,fold_6
4.1,author_cell_type,HAC9,7454,0.38936065472893977,0.40418396678377516,0.3395492353099007,497856,3731,4923,2531,4,"['ENSG00000112139', 'ENSG00000078725', 'ENSG00000105894', 'ENSG00000137203']","['ENSG00000150867', 'ENSG00000112139', 'ENSG00000075035', 'ENSG00000078725', 'ENSG00000105894', 'ENSG00000137203', 'ENSG00000157654', 'ENSG00000078295', 'ENSG00000008196', 'ENSG00000196482']",0.037525706,fold_6
4.1,author_cell_type,HAC11,7454,0.5617673954609693,0.6511683931582751,0.3626240944459351,500139,1448,4751,2703,2,"['ENSG00000170962', 'ENSG00000128578']","['ENSG00000170962', 'ENSG00000143889', 'ENSG00000074317', 'ENSG00000128578', 'ENSG00000099331', 'ENSG00000277443', 'ENSG00000198216', 'ENSG00000110841', 'ENSG00000160191', 'ENSG00000078295']",0.22100025,fold_6
4.1,author_cell_type,HAC12,7454,0.4971833073901119,0.5495698484227776,0.3599409712905822,499388,2199,4771,2683,2,"['ENSG00000154217', 'ENSG00000164418']","['ENSG00000164330', 'ENSG00000182050', 'ENSG00000147724', 'ENSG00000196090', 'ENSG00000154217', 'ENSG00000164418', 'ENSG00000145864', 'ENSG00000156011', 'ENSG00000169744', 'ENSG00000198712']",0.031730205,fold_6
4.1,author_cell_type,HAC13,7454,0.571018399156217,0.8110694964627548,0.26147035148913333,501133,454,5505,1949,3,"['ENSG00000106689', 'ENSG00000198108', 'ENSG00000125247']","['ENSG00000089250', 'ENSG00000106689', 'ENSG00000198108', 'ENSG00000125247', 'ENSG00000138650', 'ENSG00000174944', 'ENSG00000119900', 'ENSG00000113231', 'ENSG00000145864', 'ENSG00000127314']",0.124530554,fold_6
4.1,author_cell_type,HAC14,7454,0.2739118085635163,0.29799150251062184,0.2070029514354709,497952,3635,5911,1543,3,"['ENSG00000101463', 'ENSG00000182050', 'ENSG00000147724']","['ENSG00000101463', 'ENSG00000182050', 'ENSG00000147724', 'ENSG00000164330', 'ENSG00000196090', 'ENSG00000197121', 'ENSG00000078725', 'ENSG00000101849', 'ENSG00000179104', 'ENSG00000156011']",0.040983416,fold_6
4.1,author_cell_type,HAC15,7454,0.48334064007014466,0.5743683250846575,0.2958143278776496,499953,1634,5249,2205,4,"['ENSG00000163110', 'ENSG00000138759', 'ENSG00000198216', 'ENSG00000078295']","['ENSG00000163110', 'ENSG00000138759', 'ENSG00000277443', 'ENSG00000110841', 'ENSG00000198216', 'ENSG00000078295', 'ENSG00000160191', 'ENSG00000106617', 'ENSG00000129158', 'ENSG00000085832']",0.046388097,fold_6
4.1,author_cell_type,HAC17,7454,0.6371818746120422,0.9487060998151571,0.27542259189696805,501476,111,5401,2053,3,"['ENSG00000144227', 'ENSG00000101463', 'ENSG00000182050']","['ENSG00000125844', 'ENSG00000162849', 'ENSG00000144227', 'ENSG00000101463', 'ENSG00000125869', 'ENSG00000182050', 'ENSG00000181234', 'ENSG00000184408', 'ENSG00000101849', 'ENSG00000034053']",0.08591997,fold_6
4.1,author_cell_type,HAC18,7454,0.3799727091424373,0.4993103448275862,0.19425811644754495,500135,1452,6006,1448,3,"['ENSG00000115652', 'ENSG00000184408', 'ENSG00000068024']","['ENSG00000214279', 'ENSG00000115652', 'ENSG00000119900', 'ENSG00000184408', 'ENSG00000154928', 'ENSG00000068024', 'ENSG00000196482', 'ENSG00000198216', 'ENSG00000141431', 'ENSG00000148219']",0.04538196,fold_6
4.1,author_cell_type,HAC19,7454,0.6542909312233719,0.9581105169340464,0.2884357392004293,501493,94,5304,2150,2,"['ENSG00000171951', 'ENSG00000173482']","['ENSG00000137727', 'ENSG00000171951', 'ENSG00000137726', 'ENSG00000196353', 'ENSG00000173482', 'ENSG00000101849', 'ENSG00000149557', 'ENSG00000185532', 'ENSG00000184408', 'ENSG00000033327']",0.07899389,fold_6
4.1,author_cell_type,HAC20,7454,0.3619579740070448,0.5290723479804705,0.1599141400590287,500526,1061,6262,1192,3,"['ENSG00000196353', 'ENSG00000105894', 'ENSG00000181072']","['ENSG00000137727', 'ENSG00000196353', 'ENSG00000105894', 'ENSG00000181072', 'ENSG00000073711', 'ENSG00000137203', 'ENSG00000173482', 'ENSG00000196090', 'ENSG00000185532', 'ENSG00000198795']",0.04628049,fold_6
4.1,author_cell_type,HAC21,7454,0.6873076564394293,0.8427672955974843,0.39549235309900727,501037,550,4506,2948,3,"['ENSG00000214402', 'ENSG00000125869', 'ENSG00000164330']","['ENSG00000182963', 'ENSG00000214402', 'ENSG00000111961', 'ENSG00000125869', 'ENSG00000145864', 'ENSG00000164330', 'ENSG00000138759', 'ENSG00000147724', 'ENSG00000168959', 'ENSG00000181072']",0.082940206,fold_6
4.1,author_cell_type,HAC23,6583,0.4809073349512159,0.570840681951793,0.2950022785963846,500998,1460,4641,1942,3,"['ENSG00000111961', 'ENSG00000137726', 'ENSG00000198216']","['ENSG00000164619', 'ENSG00000072858', 'ENSG00000111961', 'ENSG00000137726', 'ENSG00000198216', 'ENSG00000138759', 'ENSG00000171951', 'ENSG00000105894', 'ENSG00000110841', 'ENSG00000137203']",0.050825026,fold_6
4.1,author_cell_type,HAC24,6337,0.49630697171680777,0.6409461031407522,0.2608489821682184,501778,926,4684,1653,2,"['ENSG00000154645', 'ENSG00000174944']","['ENSG00000154645', 'ENSG00000169071', 'ENSG00000214402', 'ENSG00000174944', 'ENSG00000112139', 'ENSG00000035862', 'ENSG00000173210', 'ENSG00000171951', 'ENSG00000067113', 'ENSG00000184408']",0.30236438,fold_6
4.1,author_cell_type,HAC26,5929,0.4277065295228175,0.5572519083969466,0.221622533310845,502068,1044,4615,1314,4,"['ENSG00000198108', 'ENSG00000174944', 'ENSG00000122591', 'ENSG00000171951']","['ENSG00000198108', 'ENSG00000149091', 'ENSG00000174944', 'ENSG00000104447', 'ENSG00000122591', 'ENSG00000171951', 'ENSG00000181234', 'ENSG00000196090', 'ENSG00000181072', 'ENSG00000154928']",0.06275531,fold_6
4.1,author_cell_type,HAC27,5887,0.5723070284265602,0.6708820739803983,0.3604552403601155,502113,1041,3765,2122,3,"['ENSG00000182050', 'ENSG00000110841', 'ENSG00000169744']","['ENSG00000104447', 'ENSG00000182050', 'ENSG00000110841', 'ENSG00000198216', 'ENSG00000181072', 'ENSG00000169744', 'ENSG00000185532', 'ENSG00000198712', 'ENSG00000080224']",0.03831542,fold_6
4.1,author_cell_type,HAC28,5622,0.4698227277384978,0.5279217040875072,0.32621842760583425,501779,1640,3788,1834,2,"['ENSG00000214402', 'ENSG00000184408']","['ENSG00000214402', 'ENSG00000174944', 'ENSG00000149091', 'ENSG00000166025', 'ENSG00000184408', 'ENSG00000173210', 'ENSG00000101463', 'ENSG00000171951', 'ENSG00000149557', 'ENSG00000160191']",0.21981698,fold_6
4.1,author_cell_type,HAC29,5021,0.49708941068742235,0.5921308920919361,0.3027285401314479,502973,1047,3501,1520,3,"['ENSG00000138650', 'ENSG00000173482', 'ENSG00000155052']","['ENSG00000138650', 'ENSG00000277443', 'ENSG00000173482', 'ENSG00000038295', 'ENSG00000160191', 'ENSG00000155052', 'ENSG00000101849', 'ENSG00000198712', 'ENSG00000169744', 'ENSG00000168959']",0.040419422,fold_6
4.1,author_cell_type,HAC30,4936,0.5660843770599868,0.7633333333333333,0.27836304700162073,503679,426,3562,1374,4,"['ENSG00000171951', 'ENSG00000181072', 'ENSG00000078725', 'ENSG00000110841']","['ENSG00000182534', 'ENSG00000171951', 'ENSG00000181072', 'ENSG00000196353', 'ENSG00000078725', 'ENSG00000110841', 'ENSG00000198216', 'ENSG00000157654', 'ENSG00000198712', 'ENSG00000168959']",0.03893275,fold_6
4.1,author_cell_type,HAC32,4645,0.4739785761683572,0.6775067750677507,0.21528525296017223,503920,476,3645,1000,3,"['ENSG00000182050', 'ENSG00000187068', 'ENSG00000164330']","['ENSG00000162849', 'ENSG00000111961', 'ENSG00000182050', 'ENSG00000187068', 'ENSG00000163041', 'ENSG00000164330', 'ENSG00000196090', 'ENSG00000169756', 'ENSG00000145864', 'ENSG00000164418']",0.04940512,fold_6
4.1,author_cell_type,HAC33,4613,0.7453233789111652,0.9726327312534209,0.38521569477563405,504378,50,2836,1777,3,"['ENSG00000171126', 'ENSG00000135272', 'ENSG00000164619']","['ENSG00000171126', 'ENSG00000135272', 'ENSG00000135750', 'ENSG00000164619', 'ENSG00000089177', 'ENSG00000137727', 'ENSG00000114541', 'ENSG00000196353', 'ENSG00000101463', 'ENSG00000184408']",0.61026543,fold_6
4.1,author_cell_type,HAC34,4222,0.3693379790940767,0.5797629899726527,0.1506395073424917,504358,461,3586,636,4,"['ENSG00000077092', 'ENSG00000112139', 'ENSG00000137726', 'ENSG00000198673']","['ENSG00000130720', 'ENSG00000077092', 'ENSG00000072858', 'ENSG00000112139', 'ENSG00000137726', 'ENSG00000198673', 'ENSG00000119900', 'ENSG00000171951', 'ENSG00000136052', 'ENSG00000188580']",0.06957248,fold_6
4.1,author_cell_type,HAC35,3872,0.5619551681195517,0.7515614156835531,0.2797004132231405,504811,358,2789,1083,3,"['ENSG00000144227', 'ENSG00000196353', 'ENSG00000182050']","['ENSG00000125844', 'ENSG00000144227', 'ENSG00000125869', 'ENSG00000175352', 'ENSG00000196353', 'ENSG00000182050', 'ENSG00000105894', 'ENSG00000073417', 'ENSG00000198795', 'ENSG00000034053']",0.057725776,fold_6
4.1,author_cell_type,HAC37,3831,0.3322468720428977,0.4450704225352113,0.16496998172800836,504422,788,3199,632,4,"['ENSG00000164619', 'ENSG00000137726', 'ENSG00000174944', 'ENSG00000138759']","['ENSG00000164619', 'ENSG00000035862', 'ENSG00000137726', 'ENSG00000104447', 'ENSG00000174944', 'ENSG00000138759', 'ENSG00000184408', 'ENSG00000171951', 'ENSG00000198216', 'ENSG00000110841']",0.060768917,fold_6
4.1,author_cell_type,HAC38,3814,0.42306904322884653,0.5554808338937458,0.21657052962768747,504566,661,2988,826,4,"['ENSG00000198673', 'ENSG00000125247', 'ENSG00000078725', 'ENSG00000198216']","['ENSG00000106344', 'ENSG00000198673', 'ENSG00000125247', 'ENSG00000182534', 'ENSG00000078725', 'ENSG00000198216', 'ENSG00000181072', 'ENSG00000073417', 'ENSG00000110841', 'ENSG00000154928']",0.052340023,fold_6
4.1,author_cell_type,HAC39,3140,0.34137673026561915,0.3866525423728814,0.23248407643312102,504743,1158,2410,730,3,"['ENSG00000198673', 'ENSG00000138759', 'ENSG00000125247']","['ENSG00000106344', 'ENSG00000198673', 'ENSG00000138759', 'ENSG00000125247', 'ENSG00000198888', 'ENSG00000144746', 'ENSG00000188580', 'ENSG00000110841', 'ENSG00000198216', 'ENSG00000134333']",0.08534682,fold_6
4.1,author_cell_type,HAC40,3095,0.2898138940190368,0.41379310344827586,0.13182552504038772,505368,578,2687,408,4,"['ENSG00000154645', 'ENSG00000083223', 'ENSG00000117298', 'ENSG00000125247']","['ENSG00000120158', 'ENSG00000154645', 'ENSG00000083223', 'ENSG00000117298', 'ENSG00000125247', 'ENSG00000175782', 'ENSG00000166025', 'ENSG00000171951', 'ENSG00000127314', 'ENSG00000078725']",0.2180869,fold_6
4.1,author_cell_type,HAC41,3032,0.5127013630731103,0.7733644859813084,0.2183377308707124,505815,194,2370,662,3,"['ENSG00000163331', 'ENSG00000118495', 'ENSG00000114541']","['ENSG00000163331', 'ENSG00000186310', 'ENSG00000118495', 'ENSG00000120162', 'ENSG00000137727', 'ENSG00000114541', 'ENSG00000188580', 'ENSG00000171951', 'ENSG00000198216', 'ENSG00000184408']",0.3996326,fold_6
4.1,author_cell_type,HAC42,2695,0.3389486502942967,0.5985663082437276,0.12393320964749537,506122,224,2361,334,3,"['ENSG00000277443', 'ENSG00000196090', 'ENSG00000164330']","['ENSG00000277443', 'ENSG00000163041', 'ENSG00000196353', 'ENSG00000196090', 'ENSG00000182050', 'ENSG00000164330', 'ENSG00000181234', 'ENSG00000023171', 'ENSG00000164418', 'ENSG00000145864']",0.045258917,fold_6
4.1,author_cell_type,HAC44,2576,0.31402936378466556,0.38661087866108784,0.1793478260869565,505732,733,2114,462,3,"['ENSG00000106689', 'ENSG00000138650', 'ENSG00000128578']","['ENSG00000106689', 'ENSG00000138650', 'ENSG00000174306', 'ENSG00000145332', 'ENSG00000128578', 'ENSG00000154359', 'ENSG00000196090', 'ENSG00000153015', 'ENSG00000173482', 'ENSG00000110841']",0.07630198,fold_6
4.1,author_cell_type,HAC45,2312,0.4798670836591087,0.7004279600570613,0.21237024221453288,506519,210,1821,491,4,"['ENSG00000120162', 'ENSG00000184408', 'ENSG00000101463', 'ENSG00000171951']","['ENSG00000135750', 'ENSG00000120162', 'ENSG00000072858', 'ENSG00000184408', 'ENSG00000101463', 'ENSG00000171951', 'ENSG00000196090', 'ENSG00000157654', 'ENSG00000105894', 'ENSG00000196482']",0.044552147,fold_6
4.1,author_cell_type,HAC46,2299,0.48148148148148145,0.6588380716934487,0.23183993040452372,506466,276,1766,533,4,"['ENSG00000145332', 'ENSG00000181072', 'ENSG00000184408', 'ENSG00000196090']","['ENSG00000166025', 'ENSG00000145332', 'ENSG00000128578', 'ENSG00000181072', 'ENSG00000184408', 'ENSG00000196090', 'ENSG00000185532', 'ENSG00000187068', 'ENSG00000105894', 'ENSG00000182050']",0.04748115,fold_6
4.1,author_cell_type,HAC48,2215,0.2787456445993031,0.30386378519973806,0.2094808126410835,505763,1063,1751,464,3,"['ENSG00000164619', 'ENSG00000110841', 'ENSG00000080224']","['ENSG00000164619', 'ENSG00000181072', 'ENSG00000073711', 'ENSG00000110841', 'ENSG00000080224', 'ENSG00000122884', 'ENSG00000154928', 'ENSG00000078725', 'ENSG00000034053', 'ENSG00000164066']",0.025021432,fold_6
4.1,author_cell_type,HAC49,2031,0.3358681875792142,0.424971363115693,0.18266863613983259,506508,502,1660,371,4,"['ENSG00000180287', 'ENSG00000138759', 'ENSG00000125247', 'ENSG00000067113']","['ENSG00000180287', 'ENSG00000106344', 'ENSG00000138759', 'ENSG00000125247', 'ENSG00000198673', 'ENSG00000067113', 'ENSG00000110841', 'ENSG00000181072', 'ENSG00000073417', 'ENSG00000198216']",0.08599889,fold_6
4.1,author_cell_type,HAC50,1561,0.5608724682839973,0.6875852660300137,0.32286995515695066,507251,229,1057,504,3,"['ENSG00000144227', 'ENSG00000184408', 'ENSG00000164330']","['ENSG00000144227', 'ENSG00000125869', 'ENSG00000196353', 'ENSG00000198795', 'ENSG00000184408', 'ENSG00000164330', 'ENSG00000105894', 'ENSG00000181234', 'ENSG00000196090', 'ENSG00000145864']",0.05169209,fold_6
4.1,author_cell_type,HAC51,1453,0.20115477742596385,0.22063329928498468,0.1486579490708878,506825,763,1237,216,5,"['ENSG00000112139', 'ENSG00000077092', 'ENSG00000198673', 'ENSG00000277443', 'ENSG00000198216']","['ENSG00000072858', 'ENSG00000112139', 'ENSG00000077092', 'ENSG00000198673', 'ENSG00000277443', 'ENSG00000198216', 'ENSG00000078725', 'ENSG00000110841', 'ENSG00000068024', 'ENSG00000198795']",0.051656783,fold_6
4.1,author_cell_type,HAC52,1278,0.31317494600431967,0.464,0.13615023474178403,507562,201,1104,174,3,"['ENSG00000120162', 'ENSG00000038295', 'ENSG00000078295']","['ENSG00000120162', 'ENSG00000138650', 'ENSG00000175352', 'ENSG00000038295', 'ENSG00000078295', 'ENSG00000181234', 'ENSG00000196090', 'ENSG00000154928', 'ENSG00000155052', 'ENSG00000198712']",0.03761629,fold_6
4.1,author_cell_type,HAC53,1238,0.3091528724440117,0.6225490196078431,0.10258481421647819,507726,77,1111,127,5,"['ENSG00000180287', 'ENSG00000120162', 'ENSG00000138759', 'ENSG00000078295', 'ENSG00000181072']","['ENSG00000180287', 'ENSG00000120162', 'ENSG00000138759', 'ENSG00000113231', 'ENSG00000078295', 'ENSG00000181072', 'ENSG00000196090', 'ENSG00000105894', 'ENSG00000154928', 'ENSG00000182050']",0.033988155,fold_6
4.1,author_cell_type,HAC54,1194,0.4546742209631728,0.5496575342465754,0.26884422110552764,507584,263,873,321,4,"['ENSG00000089250', 'ENSG00000198108', 'ENSG00000198673', 'ENSG00000171951']","['ENSG00000089250', 'ENSG00000164619', 'ENSG00000198108', 'ENSG00000198673', 'ENSG00000171951', 'ENSG00000175352', 'ENSG00000128578', 'ENSG00000138759', 'ENSG00000110841', 'ENSG00000181072']",0.084972695,fold_6
4.1,author_cell_type,HAC55,1157,0.26898195437521283,0.3550561797752809,0.1365600691443388,507597,287,999,158,4,"['ENSG00000138650', 'ENSG00000166025', 'ENSG00000038295', 'ENSG00000184408']","['ENSG00000138650', 'ENSG00000137726', 'ENSG00000166025', 'ENSG00000035862', 'ENSG00000038295', 'ENSG00000184408', 'ENSG00000196353', 'ENSG00000173482', 'ENSG00000123352', 'ENSG00000149557']",0.06551209,fold_6
4.1,author_cell_type,HAC56,1133,0.1636958894143325,0.22277227722772278,0.0794351279788173,507594,314,1043,90,5,"['ENSG00000198673', 'ENSG00000149091', 'ENSG00000125247', 'ENSG00000175782', 'ENSG00000181072']","['ENSG00000198673', 'ENSG00000149091', 'ENSG00000125247', 'ENSG00000175782', 'ENSG00000181072', 'ENSG00000198216', 'ENSG00000105894', 'ENSG00000134333', 'ENSG00000078725', 'ENSG00000068024']",0.08191904,fold_6
4.1,author_cell_type,HAC57,1119,0.10851723509027904,0.10907424381301559,0.1063449508489723,506950,972,1000,119,4,"['ENSG00000106689', 'ENSG00000125247', 'ENSG00000127314', 'ENSG00000185532']","['ENSG00000106689', 'ENSG00000125247', 'ENSG00000166025', 'ENSG00000113231', 'ENSG00000127314', 'ENSG00000185532', 'ENSG00000160191', 'ENSG00000068024', 'ENSG00000102226', 'ENSG00000113161']",0.060831178,fold_6
4.1,author_cell_type,HAC59,990,0.4055912007332722,0.5939597315436241,0.1787878787878788,507930,121,813,177,4,"['ENSG00000163331', 'ENSG00000136436', 'ENSG00000077092', 'ENSG00000072858']","['ENSG00000163331', 'ENSG00000136436', 'ENSG00000077092', 'ENSG00000164619', 'ENSG00000072858', 'ENSG00000106689', 'ENSG00000120162', 'ENSG00000188580', 'ENSG00000137726', 'ENSG00000171951']",0.3136161,fold_6
4.1,author_cell_type,HAC60,876,0.39,0.5551601423487544,0.1780821917808219,508040,125,720,156,4,"['ENSG00000114541', 'ENSG00000171951', 'ENSG00000181072', 'ENSG00000173482']","['ENSG00000114541', 'ENSG00000277443', 'ENSG00000196353', 'ENSG00000171951', 'ENSG00000181072', 'ENSG00000173482', 'ENSG00000038295', 'ENSG00000137203', 'ENSG00000105894', 'ENSG00000182050']",0.039388854,fold_6
4.1,author_cell_type,HAC62,864,0.2854330708661417,0.5272727272727272,0.10069444444444445,508099,78,777,87,4,"['ENSG00000198108', 'ENSG00000137726', 'ENSG00000175352', 'ENSG00000171951']","['ENSG00000074317', 'ENSG00000198108', 'ENSG00000137726', 'ENSG00000175352', 'ENSG00000171951', 'ENSG00000145332', 'ENSG00000128578', 'ENSG00000136052', 'ENSG00000110841', 'ENSG00000198216']",0.073739976,fold_6
4.1,author_cell_type,HAC63,677,0.143646408839779,0.13513513513513514,0.19202363367799113,507532,832,547,130,6,"['ENSG00000273540', 'ENSG00000150867', 'ENSG00000112139', 'ENSG00000075035', 'ENSG00000115556', 'ENSG00000187068']","['ENSG00000273540', 'ENSG00000150867', 'ENSG00000112139', 'ENSG00000075035', 'ENSG00000115556', 'ENSG00000187068', 'ENSG00000078725', 'ENSG00000153933', 'ENSG00000147724', 'ENSG00000169891']",0.10615884,fold_6
4.1,author_cell_type,HAC64,668,0.36492374727668847,0.4589041095890411,0.20059880239520958,508215,158,534,134,4,"['ENSG00000137726', 'ENSG00000125869', 'ENSG00000196090', 'ENSG00000078295']","['ENSG00000137726', 'ENSG00000125869', 'ENSG00000277443', 'ENSG00000196090', 'ENSG00000181234', 'ENSG00000078295', 'ENSG00000154217', 'ENSG00000023171', 'ENSG00000154928', 'ENSG00000266028']",0.038328305,fold_6
4.1,author_cell_type,HAC65,595,0.2484472049689441,0.42105263157894735,0.09411764705882353,508369,77,539,56,4,"['ENSG00000273540', 'ENSG00000115652', 'ENSG00000128805', 'ENSG00000166025']","['ENSG00000133789', 'ENSG00000273540', 'ENSG00000115652', 'ENSG00000128805', 'ENSG00000104447', 'ENSG00000166025', 'ENSG00000196353', 'ENSG00000101463', 'ENSG00000157654', 'ENSG00000110841']",0.14346312,fold_6
4.1,author_cell_type,HAC66,588,0.5160550458715596,0.6228373702422145,0.30612244897959184,508344,109,408,180,4,"['ENSG00000214402', 'ENSG00000174944', 'ENSG00000132915', 'ENSG00000173210']","['ENSG00000169071', 'ENSG00000214402', 'ENSG00000174944', 'ENSG00000132915', 'ENSG00000129221', 'ENSG00000173210', 'ENSG00000162946', 'ENSG00000184408', 'ENSG00000171951', 'ENSG00000111837']",0.07899968,fold_6
4.1,author_cell_type,HAC68,542,0.5245683930942895,0.6556016597510373,0.2915129151291513,508416,83,384,158,3,"['ENSG00000137727', 'ENSG00000132915', 'ENSG00000129221']","['ENSG00000224982', 'ENSG00000090376', 'ENSG00000137727', 'ENSG00000171951', 'ENSG00000132915', 'ENSG00000129221', 'ENSG00000007062', 'ENSG00000162946', 'ENSG00000173210', 'ENSG00000173482']",0.049473125,fold_6
4.1,author_cell_type,HAC71,502,0.13950617283950617,0.1273957158962796,0.2250996015936255,507765,774,389,113,5,"['ENSG00000082781', 'ENSG00000112139', 'ENSG00000117154', 'ENSG00000187068', 'ENSG00000038295']","['ENSG00000171246', 'ENSG00000082781', 'ENSG00000112139', 'ENSG00000117154', 'ENSG00000187068', 'ENSG00000038295', 'ENSG00000105894', 'ENSG00000173482', 'ENSG00000137203', 'ENSG00000147724']",0.040297784,fold_6
4.1,author_cell_type,HAC72,483,0.059489339299815744,0.04883318928262748,0.46790890269151136,504156,4402,257,226,4,"['ENSG00000140522', 'ENSG00000186439', 'ENSG00000118785', 'ENSG00000138193']","['ENSG00000140522', 'ENSG00000050767', 'ENSG00000186439', 'ENSG00000114315', 'ENSG00000118785', 'ENSG00000138193', 'ENSG00000111961', 'ENSG00000082781', 'ENSG00000175352', 'ENSG00000188580']",0.14359964,fold_6
4.1,author_cell_type,HAC74,412,0.3153846153846154,0.36936936936936937,0.19902912621359223,508489,140,330,82,5,"['ENSG00000144227', 'ENSG00000125869', 'ENSG00000117154', 'ENSG00000101463', 'ENSG00000181234']","['ENSG00000144227', 'ENSG00000125869', 'ENSG00000117154', 'ENSG00000101463', 'ENSG00000181234', 'ENSG00000164330', 'ENSG00000147724', 'ENSG00000181072', 'ENSG00000169891', 'ENSG00000182050']",0.04152378,fold_6
4.1,author_cell_type,HAC75,387,0.08221225710014948,0.08148148148148149,0.08527131782945736,508282,372,354,33,6,"['ENSG00000071073', 'ENSG00000125247', 'ENSG00000163110', 'ENSG00000138759', 'ENSG00000115556', 'ENSG00000169756']","['ENSG00000071073', 'ENSG00000125247', 'ENSG00000163110', 'ENSG00000138759', 'ENSG00000115556', 'ENSG00000169756', 'ENSG00000153933', 'ENSG00000110841', 'ENSG00000078295', 'ENSG00000181234']",0.053112626,fold_6
4.1,author_cell_type,HAC77,246,0.06453423120089787,0.059895833333333336,0.09349593495934959,508434,361,223,23,4,"['ENSG00000138650', 'ENSG00000137727', 'ENSG00000115556', 'ENSG00000101463']","['ENSG00000138650', 'ENSG00000137727', 'ENSG00000115556', 'ENSG00000101463', 'ENSG00000196353', 'ENSG00000038295', 'ENSG00000134709', 'ENSG00000173482', 'ENSG00000101849', 'ENSG00000105894']",0.051927023,fold_6
4.1,author_cell_type,HAC78,241,0.2806652806652807,0.45,0.11203319502074689,508767,33,214,27,4,"['ENSG00000138829', 'ENSG00000138650', 'ENSG00000137726', 'ENSG00000125247']","['ENSG00000138829', 'ENSG00000151552', 'ENSG00000138650', 'ENSG00000137726', 'ENSG00000125247', 'ENSG00000198673', 'ENSG00000171951', 'ENSG00000169891', 'ENSG00000182050', 'ENSG00000078295']",0.05916737,fold_6
4.1,author_cell_type,HAC79,186,0.4343629343629344,0.5421686746987951,0.24193548387096775,508817,38,141,45,4,"['ENSG00000171246', 'ENSG00000082781', 'ENSG00000112139', 'ENSG00000132915']","['ENSG00000171246', 'ENSG00000082781', 'ENSG00000112139', 'ENSG00000132915', 'ENSG00000129221', 'ENSG00000007062', 'ENSG00000173210', 'ENSG00000137727', 'ENSG00000162946', 'ENSG00000173482']",0.11977495,fold_6
4.1,author_cell_type,HAC80,165,0.08678237650200267,0.08904109589041095,0.07878787878787878,508743,133,152,13,6,"['ENSG00000138193', 'ENSG00000198888', 'ENSG00000125869', 'ENSG00000196353', 'ENSG00000101463', 'ENSG00000105894']","['ENSG00000138193', 'ENSG00000198888', 'ENSG00000125869', 'ENSG00000196353', 'ENSG00000101463', 'ENSG00000105894', 'ENSG00000038295', 'ENSG00000196090', 'ENSG00000181072', 'ENSG00000173482']",0.04402683,fold_6
4.1,author_cell_type,HAC81,159,0.3054662379421222,0.5,0.11949685534591195,508863,19,140,19,6,"['ENSG00000169860', 'ENSG00000170962', 'ENSG00000074317', 'ENSG00000128578', 'ENSG00000117154', 'ENSG00000099331']","['ENSG00000169860', 'ENSG00000170962', 'ENSG00000074317', 'ENSG00000128578', 'ENSG00000117154', 'ENSG00000099331', 'ENSG00000198216', 'ENSG00000147724', 'ENSG00000078295', 'ENSG00000110841']",0.09151852,fold_6
4.1,author_cell_type,HAC82,151,0.352112676056338,0.49019607843137253,0.16556291390728478,508864,26,126,25,4,"['ENSG00000089250', 'ENSG00000106689', 'ENSG00000140545', 'ENSG00000138650']","['ENSG00000089250', 'ENSG00000106689', 'ENSG00000140545', 'ENSG00000198108', 'ENSG00000138650', 'ENSG00000174944', 'ENSG00000125247', 'ENSG00000132915', 'ENSG00000129221', 'ENSG00000119900']",0.09049427,fold_6
4.1,author_cell_type,HAC84,117,0.4430379746835443,0.7,0.1794871794871795,508915,9,96,21,5,"['ENSG00000162849', 'ENSG00000132915', 'ENSG00000162946', 'ENSG00000187068', 'ENSG00000182050']","['ENSG00000162849', 'ENSG00000132915', 'ENSG00000129221', 'ENSG00000162946', 'ENSG00000187068', 'ENSG00000182050', 'ENSG00000169756', 'ENSG00000173210', 'ENSG00000164330', 'ENSG00000111837']",0.04764217,fold_6
4.1,author_cell_type,HAC86,94,0.3488372093023256,0.35714285714285715,0.3191489361702128,508893,54,64,30,6,"['ENSG00000150907', 'ENSG00000198108', 'ENSG00000174944', 'ENSG00000132915', 'ENSG00000129221', 'ENSG00000007062']","['ENSG00000150907', 'ENSG00000198108', 'ENSG00000174944', 'ENSG00000132915', 'ENSG00000129221', 'ENSG00000007062', 'ENSG00000162946', 'ENSG00000171951', 'ENSG00000111837', 'ENSG00000196090']",0.06857209,fold_6
4.1,author_cell_type,HAC87,90,0.03986332574031891,0.03553299492385787,0.07777777777777778,508761,190,83,7,5,"['ENSG00000214279', 'ENSG00000036672', 'ENSG00000075035', 'ENSG00000122591', 'ENSG00000119900']","['ENSG00000214279', 'ENSG00000036672', 'ENSG00000103056', 'ENSG00000075035', 'ENSG00000122591', 'ENSG00000119900', 'ENSG00000184408', 'ENSG00000154928', 'ENSG00000147724', 'ENSG00000181234']",0.060640264,fold_6
4.1,author_cell_type,HAC88,87,0.12195121951219512,0.3333333333333333,0.034482758620689655,508948,6,84,3,2,"['ENSG00000196511', 'ENSG00000181072']","['ENSG00000196511', 'ENSG00000167971', 'ENSG00000184408', 'ENSG00000188580', 'ENSG00000113231', 'ENSG00000181072', 'ENSG00000154928', 'ENSG00000134333', 'ENSG00000078295', 'ENSG00000198216']",0.27920303,fold_6
4.1,author_cell_type,HAC89,84,0.07281553398058252,0.06486486486486487,0.14285714285714285,508784,173,72,12,4,"['ENSG00000101265', 'ENSG00000074317', 'ENSG00000132915', 'ENSG00000163110']","['ENSG00000101265', 'ENSG00000074317', 'ENSG00000129221', 'ENSG00000132915', 'ENSG00000163110', 'ENSG00000007062', 'ENSG00000138759', 'ENSG00000173210', 'ENSG00000162946', 'ENSG00000111837']",0.09127851,fold_6
4.1,author_cell_type,HAC90,79,0.1717369970559372,0.14893617021276595,0.4430379746835443,508762,200,44,35,4,"['ENSG00000140545', 'ENSG00000144227', 'ENSG00000132915', 'ENSG00000007062']","['ENSG00000140545', 'ENSG00000129221', 'ENSG00000173210', 'ENSG00000144227', 'ENSG00000132915', 'ENSG00000007062', 'ENSG00000125869', 'ENSG00000114541', 'ENSG00000162946', 'ENSG00000101463']",0.07987612,fold_6
4.1,author_cell_type,HAC91,74,0.05115089514066496,0.04519774011299435,0.10810810810810811,508798,169,66,8,6,"['ENSG00000162849', 'ENSG00000111961', 'ENSG00000144227', 'ENSG00000125869', 'ENSG00000187068', 'ENSG00000136052']","['ENSG00000162849', 'ENSG00000111961', 'ENSG00000144227', 'ENSG00000125869', 'ENSG00000187068', 'ENSG00000136052', 'ENSG00000182050', 'ENSG00000169756', 'ENSG00000164330', 'ENSG00000181234']",0.05345127,fold_6
4.1,author_cell_type,HAC92,65,0.04274465691788527,0.034703196347031964,0.5846153846153846,507919,1057,27,38,3,"['ENSG00000132915', 'ENSG00000007062', 'ENSG00000196353']","['ENSG00000132915', 'ENSG00000007062', 'ENSG00000173210', 'ENSG00000162946', 'ENSG00000196353', 'ENSG00000111837', 'ENSG00000105894', 'ENSG00000038295', 'ENSG00000181072', 'ENSG00000173482']",0.056417715,fold_6
4.1,author_cell_type,HAC93,55,0.22633744855967078,0.23404255319148937,0.2,508950,36,44,11,4,"['ENSG00000170962', 'ENSG00000140545', 'ENSG00000132915', 'ENSG00000173210']","['ENSG00000170962', 'ENSG00000140545', 'ENSG00000132915', 'ENSG00000007062', 'ENSG00000129221', 'ENSG00000173210', 'ENSG00000162946', 'ENSG00000198673', 'ENSG00000111837', 'ENSG00000184408']",0.11629702,fold_6
4.1,author_cell_type,HAC95,39,0.5172413793103449,0.75,0.23076923076923078,508999,3,30,9,5,"['ENSG00000170962', 'ENSG00000140545', 'ENSG00000144227', 'ENSG00000132915', 'ENSG00000129221']","['ENSG00000170962', 'ENSG00000140545', 'ENSG00000144227', 'ENSG00000132915', 'ENSG00000129221', 'ENSG00000007062', 'ENSG00000173210', 'ENSG00000196353', 'ENSG00000162946', 'ENSG00000111837']",0.08437664,fold_6
4.1,author_cell_type,HRGC3,7454,0.35093265886816316,0.4623394654633808,0.17869600214649853,500038,1549,6122,1332,5,"['ENSG00000106993', 'ENSG00000118495', 'ENSG00000175203', 'ENSG00000158470', 'ENSG00000136052']","['ENSG00000106993', 'ENSG00000118495', 'ENSG00000175203', 'ENSG00000085831', 'ENSG00000158470', 'ENSG00000136052', 'ENSG00000033327', 'ENSG00000185532', 'ENSG00000173210', 'ENSG00000073711']",0.26134646,fold_6
4.1,author_cell_type,HRGC4,7454,0.3676395026204912,0.4766822118587608,0.19197746176549504,500016,1571,6023,1431,1,['ENSG00000185567'],"['ENSG00000185567', 'ENSG00000117643', 'ENSG00000164330', 'ENSG00000185532', 'ENSG00000079805', 'ENSG00000188191', 'ENSG00000071054', 'ENSG00000106070', 'ENSG00000175931', 'ENSG00000023171']",0.11288493,fold_6
4.1,author_cell_type,HRGC5,6657,0.27133398157151456,0.31378848728246317,0.17605528015622654,499821,2563,5485,1172,4,"['ENSG00000100362', 'ENSG00000185567', 'ENSG00000134333', 'ENSG00000185532']","['ENSG00000100362', 'ENSG00000277586', 'ENSG00000185567', 'ENSG00000134333', 'ENSG00000164330', 'ENSG00000185532', 'ENSG00000106070', 'ENSG00000071054', 'ENSG00000103034', 'ENSG00000155052']",0.08455805,fold_6
4.1,author_cell_type,HRGC9,2890,0.27081192189105857,0.30818713450292395,0.18235294117647058,504968,1183,2363,527,5,"['ENSG00000181215', 'ENSG00000227051', 'ENSG00000118495', 'ENSG00000185567', 'ENSG00000198108']","['ENSG00000181215', 'ENSG00000227051', 'ENSG00000118495', 'ENSG00000091664', 'ENSG00000185567', 'ENSG00000198108', 'ENSG00000128578', 'ENSG00000198673', 'ENSG00000137727', 'ENSG00000164330']",0.3307428,fold_6
4.1,author_cell_type,HRGC10,2309,0.15903275974514625,0.14389468906037223,0.27457773928107404,502960,3772,1675,634,5,"['ENSG00000138669', 'ENSG00000185567', 'ENSG00000164330', 'ENSG00000038295', 'ENSG00000173210']","['ENSG00000138669', 'ENSG00000091664', 'ENSG00000185567', 'ENSG00000164330', 'ENSG00000038295', 'ENSG00000173210', 'ENSG00000185532', 'ENSG00000071054', 'ENSG00000153933', 'ENSG00000134709']",0.04634833,fold_6
4.1,author_cell_type,HRGC11,1869,0.43185642176107686,0.5310344827586206,0.24719101123595505,506764,408,1407,462,6,"['ENSG00000198888', 'ENSG00000116819', 'ENSG00000162390', 'ENSG00000198712', 'ENSG00000160445', 'ENSG00000138759']","['ENSG00000198888', 'ENSG00000116819', 'ENSG00000162390', 'ENSG00000198712', 'ENSG00000160445', 'ENSG00000138759', 'ENSG00000164330', 'ENSG00000038295', 'ENSG00000071054', 'ENSG00000106070']",0.09434742,fold_6
4.1,author_cell_type,IMB,7454,0.654351909830933,0.7852925389157274,0.39254091762811916,500787,800,4528,2926,3,"['ENSG00000113262', 'ENSG00000111961', 'ENSG00000162946']","['ENSG00000163297', 'ENSG00000017427', 'ENSG00000113262', 'ENSG00000111961', 'ENSG00000162946', 'ENSG00000153933', 'ENSG00000147724', 'ENSG00000138759', 'ENSG00000184408', 'ENSG00000196090']",0.07524474,fold_6
4.1,author_cell_type,MG,7454,0.8259025192624015,0.9754601226993865,0.5119398980413201,501491,96,3638,3816,2,"['ENSG00000078098', 'ENSG00000186439']","['ENSG00000078098', 'ENSG00000049089', 'ENSG00000050767', 'ENSG00000160190', 'ENSG00000186439', 'ENSG00000114315', 'ENSG00000140522', 'ENSG00000118785', 'ENSG00000077092', 'ENSG00000138193']",0.7314113,fold_6
4.1,author_cell_type,MG_OFF,7454,0.29806619561175157,0.32990327227824656,0.21505232090152937,498331,3256,5851,1603,3,"['ENSG00000138669', 'ENSG00000185567', 'ENSG00000120162']","['ENSG00000138669', 'ENSG00000091664', 'ENSG00000100362', 'ENSG00000277586', 'ENSG00000185567', 'ENSG00000120162', 'ENSG00000164330', 'ENSG00000038295', 'ENSG00000185532', 'ENSG00000071054']",0.12027273,fold_6
4.1,author_cell_type,MG_ON,7454,0.27061931317874965,0.27712654042681095,0.247383954923531,496777,4810,5610,1844,5,"['ENSG00000163466', 'ENSG00000171488', 'ENSG00000137962', 'ENSG00000277586', 'ENSG00000185567']","['ENSG00000163466', 'ENSG00000171488', 'ENSG00000137962', 'ENSG00000091664', 'ENSG00000277586', 'ENSG00000185567', 'ENSG00000164330', 'ENSG00000038295', 'ENSG00000188580', 'ENSG00000185532']",0.11535595,fold_6
4.1,author_cell_type,ML_Cone,7454,0.6002230558653554,0.771838331160365,0.31768178159377514,500887,700,5086,2368,3,"['ENSG00000078237', 'ENSG00000157617', 'ENSG00000114541']","['ENSG00000057657', 'ENSG00000078237', 'ENSG00000147509', 'ENSG00000122490', 'ENSG00000157617', 'ENSG00000114541', 'ENSG00000007062', 'ENSG00000147202', 'ENSG00000111837', 'ENSG00000023171']",0.15032968,fold_6
4.1,author_cell_type,Microglia,4894,0.8932600804473658,0.9403563129357088,0.7441765427053535,503916,231,1252,3642,1,['ENSG00000019582'],"['ENSG00000019582', 'ENSG00000168918', 'ENSG00000012779', 'ENSG00000185650', 'ENSG00000090376', 'ENSG00000105339', 'ENSG00000118785', 'ENSG00000071073', 'ENSG00000138756', 'ENSG00000128805']",1.0,fold_6
4.1,author_cell_type,OFF-SAC,4647,0.4533202646410194,0.584518167456556,0.23886378308586184,503605,789,3537,1110,2,"['ENSG00000075651', 'ENSG00000078295']","['ENSG00000075651', 'ENSG00000174944', 'ENSG00000122591', 'ENSG00000174306', 'ENSG00000196353', 'ENSG00000078295', 'ENSG00000113231', 'ENSG00000181234', 'ENSG00000110841', 'ENSG00000145864']",0.23532738,fold_6
4.1,author_cell_type,OFF-SAC*,274,0.10752688172043011,0.10894941634241245,0.10218978102189781,508538,229,246,28,6,"['ENSG00000075651', 'ENSG00000180287', 'ENSG00000082781', 'ENSG00000174944', 'ENSG00000122591', 'ENSG00000115556']","['ENSG00000075651', 'ENSG00000180287', 'ENSG00000082781', 'ENSG00000174944', 'ENSG00000122591', 'ENSG00000115556', 'ENSG00000181234', 'ENSG00000078295', 'ENSG00000110841', 'ENSG00000111837']",0.07395792,fold_6
4.1,author_cell_type,OFFx,7454,0.5450631856686571,0.9038572251007484,0.2106251676951972,501420,167,5884,1570,3,"['ENSG00000144227', 'ENSG00000155052', 'ENSG00000173482']","['ENSG00000123094', 'ENSG00000144227', 'ENSG00000117154', 'ENSG00000155052', 'ENSG00000160191', 'ENSG00000173482', 'ENSG00000138398', 'ENSG00000177103']",0.034738977,fold_6
4.1,author_cell_type,ON-SAC,7454,0.39497307001795334,0.5210727969348659,0.20069761202039174,500212,1375,5958,1496,3,"['ENSG00000180287', 'ENSG00000154359', 'ENSG00000078295']","['ENSG00000180287', 'ENSG00000174944', 'ENSG00000122591', 'ENSG00000154359', 'ENSG00000175352', 'ENSG00000078295', 'ENSG00000110841', 'ENSG00000181234', 'ENSG00000078142', 'ENSG00000145864']",0.07515414,fold_6
4.1,author_cell_type,PENK,6329,0.4514902573155,0.6333333333333333,0.21014378258808658,501942,770,4999,1330,3,"['ENSG00000198673', 'ENSG00000122591', 'ENSG00000198216']","['ENSG00000130720', 'ENSG00000198673', 'ENSG00000122591', 'ENSG00000198216', 'ENSG00000181072', 'ENSG00000110841', 'ENSG00000182050', 'ENSG00000078295', 'ENSG00000114861', 'ENSG00000113161']",0.056746513,fold_6
4.1,author_cell_type,PG_OFF,7454,0.7286406266103267,0.9464524765729585,0.37939361416689027,501427,160,4626,2828,4,"['ENSG00000167889', 'ENSG00000181215', 'ENSG00000138678', 'ENSG00000180287']","['ENSG00000167889', 'ENSG00000171004', 'ENSG00000181215', 'ENSG00000138678', 'ENSG00000214402', 'ENSG00000180287', 'ENSG00000091664', 'ENSG00000198108', 'ENSG00000198673', 'ENSG00000185567']",0.43926746,fold_6
4.1,author_cell_type,PG_ON,6184,0.4982876712328767,0.521297770700637,0.4235122897800776,500452,2405,3565,2619,4,"['ENSG00000138678', 'ENSG00000075651', 'ENSG00000198108', 'ENSG00000196353']","['ENSG00000138678', 'ENSG00000075651', 'ENSG00000091664', 'ENSG00000198108', 'ENSG00000138759', 'ENSG00000196353', 'ENSG00000164330', 'ENSG00000101463', 'ENSG00000154928', 'ENSG00000185532']",0.14671111,fold_6
4.1,author_cell_type,RB,7454,0.7236629721295599,0.9665828242903342,0.36088006439495574,501494,93,4764,2690,2,"['ENSG00000154102', 'ENSG00000111961']","['ENSG00000253368', 'ENSG00000010282', 'ENSG00000154102', 'ENSG00000162873', 'ENSG00000111961', 'ENSG00000115556', 'ENSG00000113262', 'ENSG00000162383', 'ENSG00000153933', 'ENSG00000122591']",0.3047189,fold_6
4.1,author_cell_type,RPE,863,0.8472400513478819,0.8707124010554089,0.764774044032445,508080,98,203,660,1,['ENSG00000189129'],"['ENSG00000189129', 'ENSG00000142611', 'ENSG00000118322', 'ENSG00000107165', 'ENSG00000132386', 'ENSG00000124920', 'ENSG00000092820', 'ENSG00000166407', 'ENSG00000108231', 'ENSG00000112297']",1.0,fold_6
4.1,author_cell_type,Rod,7454,0.9045340319734801,0.9037126068376068,0.9078347196136303,500866,721,687,6767,1,['ENSG00000132915'],"['ENSG00000101265', 'ENSG00000140545', 'ENSG00000169020', 'ENSG00000129221', 'ENSG00000169379', 'ENSG00000132915', 'ENSG00000173210', 'ENSG00000007062', 'ENSG00000114541', 'ENSG00000162946']",0.118047655,fold_6
4.1,author_cell_type,SEG,7454,0.7872907988014325,0.8656086781840097,0.5780788838207673,500918,669,3145,4309,2,"['ENSG00000007062', 'ENSG00000196090']","['ENSG00000170802', 'ENSG00000007062', 'ENSG00000188580', 'ENSG00000101463', 'ENSG00000196090', 'ENSG00000164330', 'ENSG00000182050', 'ENSG00000147724', 'ENSG00000078725', 'ENSG00000156011']",0.06946429,fold_6
4.1,author_cell_type,SEG*,234,0.3997289972899729,0.46825396825396826,0.25213675213675213,508740,67,175,59,4,"['ENSG00000007062', 'ENSG00000132915', 'ENSG00000162946', 'ENSG00000188580']","['ENSG00000007062', 'ENSG00000132915', 'ENSG00000129221', 'ENSG00000173210', 'ENSG00000162946', 'ENSG00000188580', 'ENSG00000111837', 'ENSG00000164330', 'ENSG00000182050', 'ENSG00000196090']",0.06728515,fold_6
4.1,author_cell_type,S_Cone,7454,0.7135028496273564,0.8478770513154468,0.4366782935336732,501003,584,4199,3255,1,['ENSG00000074803'],"['ENSG00000074803', 'ENSG00000213809', 'ENSG00000197635', 'ENSG00000147509', 'ENSG00000087245', 'ENSG00000122378', 'ENSG00000085377', 'ENSG00000173826', 'ENSG00000114541', 'ENSG00000007062']",1.0,fold_6
4.1,author_cell_type,VG3,7454,0.7638453967969938,0.9167785234899329,0.45814327877649585,501277,310,4039,3415,2,"['ENSG00000106689', 'ENSG00000144227']","['ENSG00000106689', 'ENSG00000116819', 'ENSG00000144227', 'ENSG00000125869', 'ENSG00000104447', 'ENSG00000113231', 'ENSG00000105894', 'ENSG00000145864', 'ENSG00000196090', 'ENSG00000181072']",0.17238691,fold_6
4.1,author_cell_type,VG3*,584,0.086,0.07158712541620421,0.4417808219178082,505111,3346,326,258,4,"['ENSG00000106689', 'ENSG00000144227', 'ENSG00000125869', 'ENSG00000113231']","['ENSG00000106689', 'ENSG00000144227', 'ENSG00000125869', 'ENSG00000145864', 'ENSG00000105894', 'ENSG00000113231', 'ENSG00000196090', 'ENSG00000181072', 'ENSG00000153933', 'ENSG00000154217']",0.07700999,fold_6
4.1,author_cell_type,VIP,7454,0.7973921765295887,0.9662983425414364,0.4692782398712101,501465,122,3956,3498,2,"['ENSG00000146469', 'ENSG00000137726']","['ENSG00000146469', 'ENSG00000050767', 'ENSG00000035862', 'ENSG00000077092', 'ENSG00000137727', 'ENSG00000137726', 'ENSG00000038295', 'ENSG00000188580', 'ENSG00000173482', 'ENSG00000198216']",0.54029995,fold_6
4.1,author_cell_type,ipRGC,1292,0.24903951701427005,0.24216144096064043,0.28095975232198145,506613,1136,929,363,4,"['ENSG00000180287', 'ENSG00000185567', 'ENSG00000188580', 'ENSG00000164330']","['ENSG00000180287', 'ENSG00000091664', 'ENSG00000277586', 'ENSG00000185567', 'ENSG00000188580', 'ENSG00000164330', 'ENSG00000181234', 'ENSG00000196090', 'ENSG00000154928', 'ENSG00000182050']",0.063922755,fold_6
4.1,author_cell_type,nNOS,5919,0.5739338381825428,0.6925455170044659,0.34059807399898634,502227,895,3903,2016,2,"['ENSG00000089250', 'ENSG00000072858']","['ENSG00000089250', 'ENSG00000072858', 'ENSG00000198108', 'ENSG00000137203', 'ENSG00000136052', 'ENSG00000164398', 'ENSG00000198216', 'ENSG00000149557', 'ENSG00000169891', 'ENSG00000157654']",0.2911714,fold_6
4.1,author_cell_type,AII,7454,0.7521556746679096,0.8469276186310956,0.5195867990340757,500887,700,3581,3873,2,"['ENSG00000165899', 'ENSG00000101463']","['ENSG00000186510', 'ENSG00000102172', 'ENSG00000165899', 'ENSG00000101463', 'ENSG00000107317', 'ENSG00000116991', 'ENSG00000146555', 'ENSG00000188803', 'ENSG00000081138', 'ENSG00000148541']",0.14057723,fold_7
4.1,author_cell_type,AII*,1057,0.5051244509516838,0.8346774193548387,0.195837275307474,507943,41,850,207,3,"['ENSG00000165899', 'ENSG00000101463', 'ENSG00000130561']","['ENSG00000165899', 'ENSG00000101463', 'ENSG00000116991', 'ENSG00000130561', 'ENSG00000146555', 'ENSG00000042781', 'ENSG00000188803', 'ENSG00000147488', 'ENSG00000150593', 'ENSG00000081138']",0.092529066,fold_7
4.1,author_cell_type,Astrocyte,7454,0.7629120032857583,0.9886892880904857,0.39871210088543063,501553,34,4482,2972,2,"['ENSG00000136732', 'ENSG00000092758']","['ENSG00000136732', 'ENSG00000125618', 'ENSG00000092758', 'ENSG00000125246', 'ENSG00000152977', 'ENSG00000125148', 'ENSG00000026025', 'ENSG00000047365', 'ENSG00000110693', 'ENSG00000107317']",1.0,fold_7
4.1,author_cell_type,BB,2931,0.4057075923756788,0.4718266253869969,0.2599795291709314,505257,853,2169,762,2,"['ENSG00000070159', 'ENSG00000174514']","['ENSG00000070159', 'ENSG00000170525', 'ENSG00000174514', 'ENSG00000016082', 'ENSG00000111886', 'ENSG00000179152', 'ENSG00000186297', 'ENSG00000140090', 'ENSG00000104219', 'ENSG00000172159']",0.22185832,fold_7
4.1,author_cell_type,CAI,450,0.42084168336673344,0.6131386861313869,0.18666666666666668,508538,53,366,84,5,"['ENSG00000145244', 'ENSG00000172380', 'ENSG00000164161', 'ENSG00000112902', 'ENSG00000092096']","['ENSG00000145244', 'ENSG00000172380', 'ENSG00000164161', 'ENSG00000112902', 'ENSG00000135605', 'ENSG00000092096', 'ENSG00000144339', 'ENSG00000081138', 'ENSG00000156103', 'ENSG00000110841']",0.11649476,fold_7
4.1,author_cell_type,CAII,3865,0.7254883094390455,0.9240196078431373,0.39016817593790426,505052,124,2357,1508,3,"['ENSG00000135605', 'ENSG00000185942', 'ENSG00000188803']","['ENSG00000172380', 'ENSG00000135605', 'ENSG00000185942', 'ENSG00000163377', 'ENSG00000148541', 'ENSG00000188803', 'ENSG00000101463', 'ENSG00000138639', 'ENSG00000081138', 'ENSG00000156273']",0.099963106,fold_7
4.1,author_cell_type,DB1,7454,0.6064393560643936,0.7733503347146956,0.3254628387442984,500876,711,5028,2426,2,"['ENSG00000122584', 'ENSG00000185942']","['ENSG00000164161', 'ENSG00000103047', 'ENSG00000122584', 'ENSG00000113578', 'ENSG00000185942', 'ENSG00000169933', 'ENSG00000104219', 'ENSG00000187068', 'ENSG00000151693', 'ENSG00000168843']",0.116626546,fold_7
4.1,author_cell_type,DB2,7454,0.8130161226897366,0.920115709835336,0.5547357123691977,501228,359,3319,4135,2,"['ENSG00000110693', 'ENSG00000163377']","['ENSG00000155657', 'ENSG00000110693', 'ENSG00000174514', 'ENSG00000163377', 'ENSG00000140937', 'ENSG00000187068', 'ENSG00000186297', 'ENSG00000119900', 'ENSG00000156273', 'ENSG00000147488']",0.14047725,fold_7
4.1,author_cell_type,DB3a,7454,0.4433971825276173,0.5700325732899023,0.23477327609337267,500267,1320,5704,1750,2,"['ENSG00000103175', 'ENSG00000132970']","['ENSG00000170743', 'ENSG00000155657', 'ENSG00000103175', 'ENSG00000113578', 'ENSG00000111886', 'ENSG00000132970', 'ENSG00000186297', 'ENSG00000047617', 'ENSG00000156273', 'ENSG00000155052']",0.09355133,fold_7
4.1,author_cell_type,DB3b,7454,0.7021084623421028,0.8694501617171421,0.39669975851891603,501143,444,4497,2957,2,"['ENSG00000129167', 'ENSG00000110693']","['ENSG00000129167', 'ENSG00000134508', 'ENSG00000127946', 'ENSG00000110693', 'ENSG00000111886', 'ENSG00000140937', 'ENSG00000186297', 'ENSG00000156273', 'ENSG00000121904', 'ENSG00000147488']",0.6034613,fold_7
4.1,author_cell_type,DB4a,7454,0.7180787351273656,0.8178717598908595,0.4825596994902066,500786,801,3857,3597,2,"['ENSG00000110693', 'ENSG00000103175']","['ENSG00000118271', 'ENSG00000110693', 'ENSG00000103175', 'ENSG00000111886', 'ENSG00000108582', 'ENSG00000140937', 'ENSG00000147488', 'ENSG00000186297', 'ENSG00000172159', 'ENSG00000140090']",0.17826736,fold_7
4.1,author_cell_type,DB4b,4553,0.37949788763171954,0.38977556109725686,0.3432901383703053,502041,2447,2990,1563,2,"['ENSG00000103175', 'ENSG00000140937']","['ENSG00000103175', 'ENSG00000140937', 'ENSG00000111886', 'ENSG00000229117', 'ENSG00000147488', 'ENSG00000144771', 'ENSG00000186297', 'ENSG00000047617', 'ENSG00000176463', 'ENSG00000140090']",0.1400927,fold_7
4.1,author_cell_type,DB5,7454,0.5819039944745021,0.8153225806451613,0.27126375100617117,501129,458,5432,2022,3,"['ENSG00000197584', 'ENSG00000140937', 'ENSG00000147488']","['ENSG00000016082', 'ENSG00000197584', 'ENSG00000111886', 'ENSG00000140937', 'ENSG00000176463', 'ENSG00000147488', 'ENSG00000186297', 'ENSG00000172159', 'ENSG00000140090', 'ENSG00000146555']",0.09751774,fold_7
4.1,author_cell_type,DB6,7454,0.47668528380309133,0.7391742195367573,0.19694123960289778,501069,518,5986,1468,2,"['ENSG00000155792', 'ENSG00000140090']","['ENSG00000155792', 'ENSG00000113578', 'ENSG00000144771', 'ENSG00000185483', 'ENSG00000186297', 'ENSG00000140090', 'ENSG00000172159', 'ENSG00000151693', 'ENSG00000175054', 'ENSG00000151322']",0.2094603,fold_7
4.1,author_cell_type,FMB,7454,0.7537556214716296,0.937239738251041,0.4227260531258385,501376,211,4303,3151,2,"['ENSG00000103175', 'ENSG00000163377']","['ENSG00000164161', 'ENSG00000155657', 'ENSG00000185942', 'ENSG00000103175', 'ENSG00000163377', 'ENSG00000144339', 'ENSG00000187068', 'ENSG00000169933', 'ENSG00000147488', 'ENSG00000033867']",0.14086968,fold_7
4.1,author_cell_type,GB,7454,0.34795720951405484,0.483399209486166,0.1640729809498256,500280,1307,6231,1223,4,"['ENSG00000174514', 'ENSG00000103175', 'ENSG00000111886', 'ENSG00000144771']","['ENSG00000174514', 'ENSG00000103175', 'ENSG00000111886', 'ENSG00000144771', 'ENSG00000186297', 'ENSG00000140090', 'ENSG00000172159', 'ENSG00000152818', 'ENSG00000175054', 'ENSG00000138411']",0.12685472,fold_7
4.1,author_cell_type,H1,7454,0.7078543291261356,0.8085399449035813,0.4724979876576335,500753,834,3932,3522,2,"['ENSG00000112902', 'ENSG00000169933']","['ENSG00000112902', 'ENSG00000103056', 'ENSG00000105605', 'ENSG00000169933', 'ENSG00000112715', 'ENSG00000144339', 'ENSG00000138639', 'ENSG00000144426', 'ENSG00000172159', 'ENSG00000132970']",0.24636124,fold_7
4.1,author_cell_type,H2,7454,0.39683590388561596,0.42144112478031637,0.3217064663268044,498295,3292,5056,2398,2,"['ENSG00000169926', 'ENSG00000169933']","['ENSG00000103056', 'ENSG00000169926', 'ENSG00000112902', 'ENSG00000105605', 'ENSG00000169933', 'ENSG00000144339', 'ENSG00000138639', 'ENSG00000172159', 'ENSG00000144426', 'ENSG00000169372']",0.20080304,fold_7
4.1,author_cell_type,HAC2,7454,0.5588867518950108,0.7730829420970265,0.2650925677488597,501007,580,5478,1976,3,"['ENSG00000185483', 'ENSG00000188803', 'ENSG00000169933']","['ENSG00000185483', 'ENSG00000101463', 'ENSG00000176463', 'ENSG00000188803', 'ENSG00000169933', 'ENSG00000155966', 'ENSG00000160145', 'ENSG00000156103', 'ENSG00000183117', 'ENSG00000187398']",0.05834855,fold_7
4.1,author_cell_type,HAC3,7454,0.4593147751605996,0.785234899328859,0.17265897504695465,501235,352,6167,1287,3,"['ENSG00000256870', 'ENSG00000143355', 'ENSG00000115353']","['ENSG00000109956', 'ENSG00000107679', 'ENSG00000256870', 'ENSG00000143355', 'ENSG00000171714', 'ENSG00000115353', 'ENSG00000155966', 'ENSG00000081138', 'ENSG00000109790', 'ENSG00000187398']",0.07370824,fold_7
4.1,author_cell_type,HAC4,7454,0.3876140692832462,0.46296296296296297,0.23477327609337267,499557,2030,5704,1750,3,"['ENSG00000165194', 'ENSG00000039560', 'ENSG00000185483']","['ENSG00000064652', 'ENSG00000129657', 'ENSG00000165194', 'ENSG00000039560', 'ENSG00000185483', 'ENSG00000180881', 'ENSG00000115353', 'ENSG00000140416', 'ENSG00000114480', 'ENSG00000087495']",0.06285356,fold_7
4.1,author_cell_type,HAC5,7454,0.4687647893989588,0.5794091839719216,0.2657633485376979,500149,1438,5473,1981,3,"['ENSG00000164136', 'ENSG00000165626', 'ENSG00000185483']","['ENSG00000164136', 'ENSG00000165626', 'ENSG00000112419', 'ENSG00000100346', 'ENSG00000185483', 'ENSG00000039560', 'ENSG00000177119', 'ENSG00000153823', 'ENSG00000136002', 'ENSG00000109452']",0.10354972,fold_7
4.1,author_cell_type,HAC6,7454,0.4200732153752288,0.6163831692032229,0.1847330292460424,500730,857,6077,1377,3,"['ENSG00000164136', 'ENSG00000112419', 'ENSG00000172461']","['ENSG00000164136', 'ENSG00000112419', 'ENSG00000100346', 'ENSG00000165626', 'ENSG00000172461', 'ENSG00000185483', 'ENSG00000153823', 'ENSG00000136002', 'ENSG00000185274', 'ENSG00000110841']",0.07990787,fold_7
4.1,author_cell_type,HAC8,7454,0.2366398073538946,0.2891089108910891,0.13710759323852964,499074,2513,6432,1022,3,"['ENSG00000109956', 'ENSG00000101463', 'ENSG00000131016']","['ENSG00000109956', 'ENSG00000119787', 'ENSG00000171714', 'ENSG00000101463', 'ENSG00000131016', 'ENSG00000121904', 'ENSG00000109790', 'ENSG00000174080', 'ENSG00000138639', 'ENSG00000087495']",0.039262995,fold_7
4.1,author_cell_type,HAC9,7454,0.7371566532098472,0.8365147091848192,0.49973168768446474,500859,728,3729,3725,3,"['ENSG00000187147', 'ENSG00000185483', 'ENSG00000039560']","['ENSG00000187147', 'ENSG00000185483', 'ENSG00000206418', 'ENSG00000039560', 'ENSG00000180881', 'ENSG00000174145', 'ENSG00000107679', 'ENSG00000115353', 'ENSG00000146555', 'ENSG00000187068']",0.08099071,fold_7
4.1,author_cell_type,HAC11,7454,0.32805429864253394,0.384923616328575,0.20619801448886504,499131,2456,5917,1537,3,"['ENSG00000100346', 'ENSG00000153823', 'ENSG00000099331']","['ENSG00000100346', 'ENSG00000165626', 'ENSG00000090530', 'ENSG00000039560', 'ENSG00000153823', 'ENSG00000099331', 'ENSG00000138639', 'ENSG00000152818', 'ENSG00000151322', 'ENSG00000110841']",0.049567923,fold_7
4.1,author_cell_type,HAC12,7454,0.31293442127530974,0.3231393353097207,0.27783740273678564,497249,4338,5383,2071,2,"['ENSG00000184984', 'ENSG00000046889']","['ENSG00000184984', 'ENSG00000197584', 'ENSG00000046889', 'ENSG00000147488', 'ENSG00000134504', 'ENSG00000188803', 'ENSG00000033867', 'ENSG00000115183', 'ENSG00000187398', 'ENSG00000187514']",0.11547676,fold_7
4.1,author_cell_type,HAC13,7454,0.5635038825656845,0.7469157560803665,0.28427689830963243,500869,718,5335,2119,2,"['ENSG00000165626', 'ENSG00000174145']","['ENSG00000165626', 'ENSG00000129657', 'ENSG00000119900', 'ENSG00000140937', 'ENSG00000174145', 'ENSG00000185477', 'ENSG00000138639', 'ENSG00000151718', 'ENSG00000136002', 'ENSG00000100234']",0.10389778,fold_7
4.1,author_cell_type,HAC14,7454,0.42223070075034974,0.6421663442940039,0.17815937751542796,500847,740,6126,1328,2,"['ENSG00000046889', 'ENSG00000121904']","['ENSG00000046889', 'ENSG00000121904', 'ENSG00000101463', 'ENSG00000147488', 'ENSG00000188803', 'ENSG00000137845', 'ENSG00000156103', 'ENSG00000150275', 'ENSG00000183117', 'ENSG00000185518']",0.06748974,fold_7
4.1,author_cell_type,HAC15,7454,0.3102014710585225,0.4117438981252211,0.15615776764153474,499924,1663,6290,1164,4,"['ENSG00000112419', 'ENSG00000138639', 'ENSG00000153823', 'ENSG00000115353']","['ENSG00000112419', 'ENSG00000100346', 'ENSG00000138639', 'ENSG00000153823', 'ENSG00000115353', 'ENSG00000177119', 'ENSG00000109452', 'ENSG00000110841', 'ENSG00000152818', 'ENSG00000114166']",0.037955046,fold_7
4.1,author_cell_type,HAC17,7454,0.5491881566380133,0.7268258426966292,0.27770324657901796,500809,778,5384,2070,3,"['ENSG00000101463', 'ENSG00000155966', 'ENSG00000176204']","['ENSG00000143786', 'ENSG00000101463', 'ENSG00000188803', 'ENSG00000155966', 'ENSG00000156103', 'ENSG00000176204', 'ENSG00000185274', 'ENSG00000185518', 'ENSG00000151322', 'ENSG00000081138']",0.048376046,fold_7
4.1,author_cell_type,HAC18,7454,0.4051348486632905,0.5776658270361041,0.18459887308827475,500581,1006,6078,1376,3,"['ENSG00000184640', 'ENSG00000109956', 'ENSG00000143355']","['ENSG00000184640', 'ENSG00000109956', 'ENSG00000143355', 'ENSG00000119900', 'ENSG00000112715', 'ENSG00000039560', 'ENSG00000173210', 'ENSG00000081138', 'ENSG00000101846', 'ENSG00000160145']",0.08832489,fold_7
4.1,author_cell_type,HAC19,7454,0.6698282635537097,0.9212659204940178,0.32023074859136036,501383,204,5067,2387,3,"['ENSG00000172380', 'ENSG00000169933', 'ENSG00000146555']","['ENSG00000242247', 'ENSG00000172380', 'ENSG00000165194', 'ENSG00000169933', 'ENSG00000185483', 'ENSG00000146555', 'ENSG00000131016', 'ENSG00000138639', 'ENSG00000176204', 'ENSG00000127314']",0.055718847,fold_7
4.1,author_cell_type,HAC20,7454,0.5411046885035324,0.6578360290016732,0.31647437617386637,500360,1227,5095,2359,3,"['ENSG00000163377', 'ENSG00000169933', 'ENSG00000109790']","['ENSG00000163377', 'ENSG00000116991', 'ENSG00000169933', 'ENSG00000155966', 'ENSG00000109790', 'ENSG00000052802']",0.056701265,fold_7
4.1,author_cell_type,HAC21,7454,0.5417154698621497,0.6524688008681497,0.3226455594311779,500306,1281,5049,2405,2,"['ENSG00000169136', 'ENSG00000107317']","['ENSG00000169136', 'ENSG00000064601', 'ENSG00000184984', 'ENSG00000107317', 'ENSG00000149654', 'ENSG00000109956', 'ENSG00000197584', 'ENSG00000101846', 'ENSG00000236279', 'ENSG00000148541']",0.55757785,fold_7
4.1,author_cell_type,HAC23,6583,0.3799094921503995,0.48073524213503005,0.20659273887285431,500989,1469,5223,1360,4,"['ENSG00000143355', 'ENSG00000165194', 'ENSG00000112419', 'ENSG00000115353']","['ENSG00000143355', 'ENSG00000165194', 'ENSG00000112419', 'ENSG00000180881', 'ENSG00000133216', 'ENSG00000115353', 'ENSG00000137267', 'ENSG00000100234', 'ENSG00000172159', 'ENSG00000136002']",0.0664264,fold_7
4.1,author_cell_type,HAC24,6337,0.45303969081651435,0.592934564431955,0.23307558781757928,501690,1014,4860,1477,4,"['ENSG00000113578', 'ENSG00000185942', 'ENSG00000148541', 'ENSG00000039560']","['ENSG00000113578', 'ENSG00000107317', 'ENSG00000185942', 'ENSG00000109956', 'ENSG00000148541', 'ENSG00000039560', 'ENSG00000173210', 'ENSG00000100234', 'ENSG00000101846', 'ENSG00000136002']",0.06036269,fold_7
4.1,author_cell_type,HAC26,5929,0.7414727446605036,0.9536695366953669,0.3923089897115871,502999,113,3603,2326,3,"['ENSG00000112419', 'ENSG00000163377', 'ENSG00000174145']","['ENSG00000112419', 'ENSG00000163377', 'ENSG00000172461', 'ENSG00000236279', 'ENSG00000174145', 'ENSG00000144339', 'ENSG00000156976', 'ENSG00000160145', 'ENSG00000155052', 'ENSG00000115183']",0.08129521,fold_7
4.1,author_cell_type,HAC27,5887,0.37220843672456577,0.4920212765957447,0.18855104467470699,502008,1146,4777,1110,4,"['ENSG00000172461', 'ENSG00000110841', 'ENSG00000174482', 'ENSG00000183117']","['ENSG00000172461', 'ENSG00000110841', 'ENSG00000174080', 'ENSG00000137267', 'ENSG00000174482', 'ENSG00000183117', 'ENSG00000168000', 'ENSG00000160145', 'ENSG00000151693', 'ENSG00000112699']",0.033395685,fold_7
4.1,author_cell_type,HAC28,5622,0.4177749960882491,0.5966480446927375,0.18996798292422626,502697,722,4554,1068,4,"['ENSG00000107317', 'ENSG00000148541', 'ENSG00000140416', 'ENSG00000173210']","['ENSG00000184640', 'ENSG00000107317', 'ENSG00000148541', 'ENSG00000039560', 'ENSG00000140416', 'ENSG00000173210', 'ENSG00000101846', 'ENSG00000101463', 'ENSG00000081138', 'ENSG00000176463']",0.067132294,fold_7
4.1,author_cell_type,HAC29,5021,0.5983326579054015,0.6748285994123409,0.4116709818761203,503024,996,2954,2067,2,"['ENSG00000187147', 'ENSG00000153823']","['ENSG00000187147', 'ENSG00000165626', 'ENSG00000137449', 'ENSG00000153823', 'ENSG00000185483', 'ENSG00000133169', 'ENSG00000137267', 'ENSG00000176204', 'ENSG00000114480', 'ENSG00000155052']",0.111997016,fold_7
4.1,author_cell_type,HAC30,4936,0.40893587994542974,0.49321266968325794,0.24290923824959482,502873,1232,3737,1199,3,"['ENSG00000050628', 'ENSG00000151718', 'ENSG00000110841']","['ENSG00000050628', 'ENSG00000165194', 'ENSG00000035862', 'ENSG00000151718', 'ENSG00000131016', 'ENSG00000110841', 'ENSG00000137267', 'ENSG00000183117', 'ENSG00000114166', 'ENSG00000151693']",0.040480237,fold_7
4.1,author_cell_type,HAC32,4645,0.5247206601913387,0.6352785145888594,0.30936490850376747,503571,825,3208,1437,3,"['ENSG00000165899', 'ENSG00000147488', 'ENSG00000187068']","['ENSG00000165899', 'ENSG00000197584', 'ENSG00000174145', 'ENSG00000147488', 'ENSG00000046889', 'ENSG00000187068', 'ENSG00000188803', 'ENSG00000187398', 'ENSG00000187514', 'ENSG00000138411']",0.05730754,fold_7
4.1,author_cell_type,HAC33,4613,0.6851485148514852,0.8637044433349975,0.3750270973336224,504155,273,2883,1730,2,"['ENSG00000197594', 'ENSG00000144339']","['ENSG00000158201', 'ENSG00000130787', 'ENSG00000197594', 'ENSG00000171714', 'ENSG00000144339', 'ENSG00000185483', 'ENSG00000046889', 'ENSG00000153823', 'ENSG00000101463', 'ENSG00000138639']",0.30466247,fold_7
4.1,author_cell_type,HAC34,4222,0.6472303206997084,0.8780487804878049,0.31549028896257697,504634,185,2890,1332,3,"['ENSG00000163508', 'ENSG00000143355', 'ENSG00000169933']","['ENSG00000163508', 'ENSG00000143355', 'ENSG00000119900', 'ENSG00000169933', 'ENSG00000151491', 'ENSG00000121904', 'ENSG00000172159', 'ENSG00000138639', 'ENSG00000152818', 'ENSG00000156103']",0.084677406,fold_7
4.1,author_cell_type,HAC35,3872,0.6237871927554981,0.7264595103578154,0.3985020661157025,504588,581,2329,1543,2,"['ENSG00000186340', 'ENSG00000188803']","['ENSG00000186340', 'ENSG00000143786', 'ENSG00000116991', 'ENSG00000188803', 'ENSG00000100234', 'ENSG00000155966', 'ENSG00000146555', 'ENSG00000081138', 'ENSG00000152818', 'ENSG00000187398']",0.5211514,fold_7
4.1,author_cell_type,HAC37,3831,0.4349564244023347,0.5016136468418626,0.2839989558861916,504129,1081,2743,1088,4,"['ENSG00000165194', 'ENSG00000035862', 'ENSG00000151491', 'ENSG00000110841']","['ENSG00000165194', 'ENSG00000035862', 'ENSG00000185942', 'ENSG00000180881', 'ENSG00000151491', 'ENSG00000110841', 'ENSG00000100234', 'ENSG00000115353', 'ENSG00000101856', 'ENSG00000136002']",0.06985108,fold_7
4.1,author_cell_type,HAC38,3814,0.30831501099340397,0.39857881136950907,0.1617724174095438,504296,931,3197,617,4,"['ENSG00000090530', 'ENSG00000172461', 'ENSG00000136002', 'ENSG00000115353']","['ENSG00000090530', 'ENSG00000172461', 'ENSG00000139974', 'ENSG00000136002', 'ENSG00000119900', 'ENSG00000115353', 'ENSG00000176463', 'ENSG00000133216', 'ENSG00000146555', 'ENSG00000185274']",0.05302058,fold_7
4.1,author_cell_type,HAC39,3140,0.45096232596232594,0.5316837658418829,0.2805732484076433,505125,776,2259,881,4,"['ENSG00000185942', 'ENSG00000144339', 'ENSG00000115353', 'ENSG00000110841']","['ENSG00000185942', 'ENSG00000165194', 'ENSG00000144339', 'ENSG00000151491', 'ENSG00000115353', 'ENSG00000110841', 'ENSG00000136002', 'ENSG00000153823', 'ENSG00000138639', 'ENSG00000134333']",0.051693186,fold_7
4.1,author_cell_type,HAC40,3095,0.4149994870216477,0.4864702345159351,0.261389337641357,505092,854,2286,809,3,"['ENSG00000198732', 'ENSG00000174145', 'ENSG00000100234']","['ENSG00000198732', 'ENSG00000109320', 'ENSG00000174145', 'ENSG00000039560', 'ENSG00000100234', 'ENSG00000127314', 'ENSG00000183117', 'ENSG00000156273', 'ENSG00000156103', 'ENSG00000136002']",0.05416306,fold_7
4.1,author_cell_type,HAC41,3032,0.5974549968963376,0.902696365767878,0.25395778364116095,505926,83,2262,770,3,"['ENSG00000187147', 'ENSG00000197584', 'ENSG00000112419']","['ENSG00000187147', 'ENSG00000143355', 'ENSG00000197584', 'ENSG00000112419', 'ENSG00000163377', 'ENSG00000176463', 'ENSG00000155966', 'ENSG00000172159', 'ENSG00000152818', 'ENSG00000110841']",0.09782784,fold_7
4.1,author_cell_type,HAC42,2695,0.3399010911374519,0.3448825169255277,0.3213358070500928,504701,1645,1829,866,2,"['ENSG00000165899', 'ENSG00000174145']","['ENSG00000165899', 'ENSG00000185477', 'ENSG00000107317', 'ENSG00000197584', 'ENSG00000174145', 'ENSG00000188803', 'ENSG00000144771', 'ENSG00000155966', 'ENSG00000156103', 'ENSG00000176204']",0.1482817,fold_7
4.1,author_cell_type,HAC44,2576,0.42485549132947975,0.5414364640883977,0.22826086956521738,505967,498,1988,588,3,"['ENSG00000163377', 'ENSG00000144339', 'ENSG00000156103']","['ENSG00000122584', 'ENSG00000163377', 'ENSG00000143355', 'ENSG00000144339', 'ENSG00000177119', 'ENSG00000156103', 'ENSG00000176204', 'ENSG00000152818', 'ENSG00000156273', 'ENSG00000066629']",0.06113766,fold_7
4.1,author_cell_type,HAC45,2312,0.6096059113300493,0.8220640569395018,0.29974048442906576,506579,150,1619,693,3,"['ENSG00000069188', 'ENSG00000174145', 'ENSG00000101463']","['ENSG00000069188', 'ENSG00000174145', 'ENSG00000176463', 'ENSG00000101463', 'ENSG00000081138', 'ENSG00000151693', 'ENSG00000155052', 'ENSG00000009694', 'ENSG00000150275', 'ENSG00000106049']",0.08132,fold_7
4.1,author_cell_type,HAC46,2299,0.6723022057852331,0.7723823975720789,0.44280121792083516,506442,300,1281,1018,3,"['ENSG00000155792', 'ENSG00000122584', 'ENSG00000163377']","['ENSG00000155792', 'ENSG00000122584', 'ENSG00000163377', 'ENSG00000185477', 'ENSG00000144339', 'ENSG00000121904', 'ENSG00000146555', 'ENSG00000100234', 'ENSG00000176204', 'ENSG00000185274']",0.14105783,fold_7
4.1,author_cell_type,HAC48,2215,0.4960508572529378,0.6922043010752689,0.2325056433408578,506597,229,1700,515,2,"['ENSG00000100346', 'ENSG00000183117']","['ENSG00000256870', 'ENSG00000100346', 'ENSG00000183117', 'ENSG00000138639', 'ENSG00000172159', 'ENSG00000110841', 'ENSG00000122884', 'ENSG00000165392', 'ENSG00000151693']",0.05988001,fold_7
4.1,author_cell_type,HAC49,2031,0.25166096235152,0.3405994550408719,0.12309207287050714,506526,484,1781,250,5,"['ENSG00000082175', 'ENSG00000118263', 'ENSG00000067113', 'ENSG00000151491', 'ENSG00000090530']","['ENSG00000082175', 'ENSG00000118263', 'ENSG00000067113', 'ENSG00000151491', 'ENSG00000090530', 'ENSG00000139974', 'ENSG00000136002', 'ENSG00000110841', 'ENSG00000138639', 'ENSG00000185274']",0.048987392,fold_7
4.1,author_cell_type,HAC50,1561,0.5373891001267427,0.7114093959731543,0.2716207559256887,507308,172,1137,424,2,"['ENSG00000197584', 'ENSG00000188803']","['ENSG00000184984', 'ENSG00000149654', 'ENSG00000197584', 'ENSG00000188803', 'ENSG00000174145', 'ENSG00000144771', 'ENSG00000156103', 'ENSG00000046889', 'ENSG00000187398', 'ENSG00000134504']",0.10182884,fold_7
4.1,author_cell_type,HAC51,1453,0.2786377708978328,0.37714285714285717,0.13626978664831382,507261,327,1255,198,5,"['ENSG00000050628', 'ENSG00000143355', 'ENSG00000115353', 'ENSG00000039560', 'ENSG00000148541']","['ENSG00000050628', 'ENSG00000143355', 'ENSG00000129657', 'ENSG00000115353', 'ENSG00000039560', 'ENSG00000148541', 'ENSG00000151693', 'ENSG00000172159', 'ENSG00000136002', 'ENSG00000110841']",0.04511029,fold_7
4.1,author_cell_type,HAC52,1278,0.23957685127566894,0.3181818181818182,0.12050078247261346,507433,330,1124,154,3,"['ENSG00000112419', 'ENSG00000144339', 'ENSG00000138639']","['ENSG00000112419', 'ENSG00000100346', 'ENSG00000144339', 'ENSG00000121904', 'ENSG00000138639', 'ENSG00000133103', 'ENSG00000155052', 'ENSG00000157106', 'ENSG00000110841', 'ENSG00000156976']",0.035924308,fold_7
4.1,author_cell_type,HAC53,1238,0.513256288239293,0.7089201877934272,0.24394184168012925,507679,124,936,302,2,"['ENSG00000112419', 'ENSG00000187398']","['ENSG00000112419', 'ENSG00000137449', 'ENSG00000100346', 'ENSG00000187398', 'ENSG00000109452', 'ENSG00000135341', 'ENSG00000160145', 'ENSG00000185274', 'ENSG00000114166', 'ENSG00000116984']",0.076143,fold_7
4.1,author_cell_type,HAC54,1194,0.6502800248911015,0.8277227722772277,0.3500837520938023,507760,87,776,418,4,"['ENSG00000050628', 'ENSG00000185942', 'ENSG00000144339', 'ENSG00000138639']","['ENSG00000050628', 'ENSG00000132872', 'ENSG00000185942', 'ENSG00000144339', 'ENSG00000169933', 'ENSG00000138639', 'ENSG00000155966', 'ENSG00000110841', 'ENSG00000185274', 'ENSG00000155052']",0.115141466,fold_7
4.1,author_cell_type,HAC55,1157,0.2906242102602982,0.32857142857142857,0.19878997407087295,507414,470,927,230,2,"['ENSG00000187147', 'ENSG00000149654']","['ENSG00000187147', 'ENSG00000149654', 'ENSG00000256870', 'ENSG00000035862', 'ENSG00000100346', 'ENSG00000137449', 'ENSG00000153823', 'ENSG00000183878', 'ENSG00000101856', 'ENSG00000183117']",0.16537434,fold_7
4.1,author_cell_type,HAC56,1133,0.05433498700685093,0.05935483870967742,0.04060017652250662,507179,729,1087,46,6,"['ENSG00000143355', 'ENSG00000129657', 'ENSG00000039560', 'ENSG00000133216', 'ENSG00000115353', 'ENSG00000136002']","['ENSG00000143355', 'ENSG00000129657', 'ENSG00000039560', 'ENSG00000133216', 'ENSG00000115353', 'ENSG00000136002', 'ENSG00000135341', 'ENSG00000081138', 'ENSG00000172159', 'ENSG00000137267']",0.04087571,fold_7
4.1,author_cell_type,HAC57,1119,0.16195161951619516,0.23939393939393938,0.07059874888293119,507671,251,1040,79,4,"['ENSG00000158813', 'ENSG00000090530', 'ENSG00000185477', 'ENSG00000176463']","['ENSG00000158813', 'ENSG00000165626', 'ENSG00000090530', 'ENSG00000185477', 'ENSG00000100234', 'ENSG00000176463', 'ENSG00000138639', 'ENSG00000133169', 'ENSG00000136002', 'ENSG00000146555']",0.060146578,fold_7
4.1,author_cell_type,HAC59,990,0.5394378966455122,0.7828947368421053,0.2404040404040404,507985,66,752,238,3,"['ENSG00000163508', 'ENSG00000047365', 'ENSG00000143355']","['ENSG00000163508', 'ENSG00000151552', 'ENSG00000132872', 'ENSG00000047365', 'ENSG00000143355', 'ENSG00000165194', 'ENSG00000133216', 'ENSG00000138639', 'ENSG00000039560', 'ENSG00000152818']",0.09583084,fold_7
4.1,author_cell_type,HAC60,876,0.13738127544097695,0.15637065637065636,0.09246575342465753,507728,437,795,81,5,"['ENSG00000163377', 'ENSG00000165194', 'ENSG00000172461', 'ENSG00000169933', 'ENSG00000187068']","['ENSG00000163377', 'ENSG00000165194', 'ENSG00000172461', 'ENSG00000169933', 'ENSG00000133216', 'ENSG00000187068', 'ENSG00000155966', 'ENSG00000133169', 'ENSG00000168000', 'ENSG00000137267']",0.061770897,fold_7
4.1,author_cell_type,HAC62,864,0.3869047619047619,0.5813008130081301,0.16550925925925927,508074,103,721,143,5,"['ENSG00000081803', 'ENSG00000185942', 'ENSG00000165194', 'ENSG00000100234', 'ENSG00000174145']","['ENSG00000081803', 'ENSG00000185942', 'ENSG00000165194', 'ENSG00000100346', 'ENSG00000100234', 'ENSG00000174145', 'ENSG00000156976', 'ENSG00000138639', 'ENSG00000155966', 'ENSG00000172159']",0.07445349,fold_7
4.1,author_cell_type,HAC63,677,0.11005409438537586,0.10076857386848848,0.17429837518463812,507311,1053,559,118,5,"['ENSG00000164161', 'ENSG00000128805', 'ENSG00000185483', 'ENSG00000039560', 'ENSG00000116991']","['ENSG00000164161', 'ENSG00000187147', 'ENSG00000128805', 'ENSG00000185483', 'ENSG00000039560', 'ENSG00000116991', 'ENSG00000174145', 'ENSG00000115353', 'ENSG00000187068', 'ENSG00000146555']",0.061532725,fold_7
4.1,author_cell_type,HAC64,668,0.523972602739726,0.7727272727272727,0.22904191616766467,508328,45,515,153,3,"['ENSG00000150760', 'ENSG00000081803', 'ENSG00000188803']","['ENSG00000150760', 'ENSG00000081803', 'ENSG00000143786', 'ENSG00000107679', 'ENSG00000100234', 'ENSG00000188803', 'ENSG00000133169', 'ENSG00000146555', 'ENSG00000152818', 'ENSG00000187398']",0.43016747,fold_7
4.1,author_cell_type,HAC65,595,0.3866565579984837,0.56353591160221,0.17142857142857143,508367,79,493,102,4,"['ENSG00000128805', 'ENSG00000100346', 'ENSG00000101463', 'ENSG00000172159']","['ENSG00000128805', 'ENSG00000185477', 'ENSG00000100346', 'ENSG00000101463', 'ENSG00000100234', 'ENSG00000172159', 'ENSG00000183117', 'ENSG00000156273', 'ENSG00000110841', 'ENSG00000187398']",0.048229385,fold_7
4.1,author_cell_type,HAC66,588,0.33472803347280333,0.6956521739130435,0.10884353741496598,508425,28,524,64,5,"['ENSG00000107317', 'ENSG00000185942', 'ENSG00000130561', 'ENSG00000148541', 'ENSG00000173210']","['ENSG00000107317', 'ENSG00000113578', 'ENSG00000185942', 'ENSG00000130561', 'ENSG00000148541', 'ENSG00000173210', 'ENSG00000042781', 'ENSG00000039560', 'ENSG00000047617', 'ENSG00000054654']",0.050727185,fold_7
4.1,author_cell_type,HAC68,542,0.42289988492520136,0.4916387959866221,0.27121771217712176,508347,152,395,147,4,"['ENSG00000172380', 'ENSG00000047617', 'ENSG00000042781', 'ENSG00000169933']","['ENSG00000172380', 'ENSG00000163377', 'ENSG00000130561', 'ENSG00000047617', 'ENSG00000042781', 'ENSG00000169933', 'ENSG00000185483', 'ENSG00000146555', 'ENSG00000138639', 'ENSG00000054654']",0.036391992,fold_7
4.1,author_cell_type,HAC71,502,0.37623762376237624,0.5984251968503937,0.15139442231075698,508488,51,426,76,5,"['ENSG00000013619', 'ENSG00000143355', 'ENSG00000107679', 'ENSG00000115353', 'ENSG00000186297']","['ENSG00000013619', 'ENSG00000174514', 'ENSG00000143355', 'ENSG00000107679', 'ENSG00000115353', 'ENSG00000186297', 'ENSG00000187068', 'ENSG00000140090', 'ENSG00000155966', 'ENSG00000081138']",0.06910941,fold_7
4.1,author_cell_type,HAC72,483,0.05685121777892629,0.0469458522272606,0.36438923395445133,504985,3573,307,176,3,"['ENSG00000143195', 'ENSG00000140522', 'ENSG00000136848']","['ENSG00000143195', 'ENSG00000140522', 'ENSG00000026025', 'ENSG00000136848', 'ENSG00000081803', 'ENSG00000110693', 'ENSG00000107317', 'ENSG00000090530', 'ENSG00000116991', 'ENSG00000131016']",0.2156021,fold_7
4.1,author_cell_type,HAC74,412,0.16351744186046513,0.18672199170124482,0.10922330097087378,508433,196,367,45,5,"['ENSG00000186297', 'ENSG00000185483', 'ENSG00000169933', 'ENSG00000147488', 'ENSG00000188803']","['ENSG00000174514', 'ENSG00000186297', 'ENSG00000185483', 'ENSG00000169933', 'ENSG00000147488', 'ENSG00000188803', 'ENSG00000101463', 'ENSG00000140090', 'ENSG00000176463', 'ENSG00000156273']",0.02643839,fold_7
4.1,author_cell_type,HAC75,387,0.04287052381295482,0.0352801660243107,0.30749354005167956,505400,3254,268,119,5,"['ENSG00000164136', 'ENSG00000165626', 'ENSG00000100346', 'ENSG00000185483', 'ENSG00000136002']","['ENSG00000164136', 'ENSG00000165626', 'ENSG00000112419', 'ENSG00000100346', 'ENSG00000185483', 'ENSG00000136002', 'ENSG00000150593', 'ENSG00000109452', 'ENSG00000110841', 'ENSG00000104219']",0.06929605,fold_7
4.1,author_cell_type,HAC77,246,0.03634085213032581,0.030982905982905984,0.11788617886178862,507888,907,217,29,6,"['ENSG00000109956', 'ENSG00000108582', 'ENSG00000119787', 'ENSG00000101463', 'ENSG00000138639', 'ENSG00000174080']","['ENSG00000109956', 'ENSG00000108582', 'ENSG00000119787', 'ENSG00000101463', 'ENSG00000138639', 'ENSG00000174080', 'ENSG00000150593', 'ENSG00000109790', 'ENSG00000183117', 'ENSG00000187398']",0.040625785,fold_7
4.1,author_cell_type,HAC78,241,0.30848329048843187,0.6486486486486487,0.0995850622406639,508787,13,217,24,4,"['ENSG00000151552', 'ENSG00000187147', 'ENSG00000174145', 'ENSG00000121904']","['ENSG00000151552', 'ENSG00000187147', 'ENSG00000135605', 'ENSG00000165626', 'ENSG00000174145', 'ENSG00000121904', 'ENSG00000153823', 'ENSG00000081138', 'ENSG00000152818', 'ENSG00000156273']",0.10786876,fold_7
4.1,author_cell_type,HAC79,186,0.42857142857142855,0.7317073170731707,0.16129032258064516,508844,11,156,30,4,"['ENSG00000013619', 'ENSG00000143355', 'ENSG00000107679', 'ENSG00000047617']","['ENSG00000013619', 'ENSG00000130561', 'ENSG00000143355', 'ENSG00000107679', 'ENSG00000047617', 'ENSG00000042781', 'ENSG00000115353', 'ENSG00000173210', 'ENSG00000171714', 'ENSG00000054654']",0.06828171,fold_7
4.1,author_cell_type,HAC80,165,0.16869095816464239,0.1736111111111111,0.15151515151515152,508757,119,140,25,6,"['ENSG00000188042', 'ENSG00000116819', 'ENSG00000163377', 'ENSG00000116991', 'ENSG00000169933', 'ENSG00000101463']","['ENSG00000188042', 'ENSG00000116819', 'ENSG00000163377', 'ENSG00000116991', 'ENSG00000169933', 'ENSG00000101463', 'ENSG00000147488', 'ENSG00000188803', 'ENSG00000046889', 'ENSG00000134504']",0.049325433,fold_7
4.1,author_cell_type,HAC81,159,0.18552875695732837,0.21052631578947367,0.12578616352201258,508807,75,139,20,5,"['ENSG00000160097', 'ENSG00000100346', 'ENSG00000186297', 'ENSG00000039560', 'ENSG00000140090']","['ENSG00000160097', 'ENSG00000174514', 'ENSG00000100346', 'ENSG00000186297', 'ENSG00000039560', 'ENSG00000140090', 'ENSG00000153823', 'ENSG00000138639', 'ENSG00000152818', 'ENSG00000110841']",0.036767554,fold_7
4.1,author_cell_type,HAC82,151,0.4639175257731959,0.7714285714285715,0.17880794701986755,508882,8,124,27,4,"['ENSG00000050628', 'ENSG00000165626', 'ENSG00000130561', 'ENSG00000140937']","['ENSG00000158813', 'ENSG00000050628', 'ENSG00000164318', 'ENSG00000165626', 'ENSG00000130561', 'ENSG00000140937', 'ENSG00000047617', 'ENSG00000042781', 'ENSG00000174145', 'ENSG00000138639']",0.09489792,fold_7
4.1,author_cell_type,HAC84,117,0.34798534798534797,0.48717948717948717,0.1623931623931624,508904,20,98,19,5,"['ENSG00000165899', 'ENSG00000197584', 'ENSG00000047617', 'ENSG00000042781', 'ENSG00000174145']","['ENSG00000165899', 'ENSG00000197584', 'ENSG00000130561', 'ENSG00000047617', 'ENSG00000042781', 'ENSG00000174145', 'ENSG00000147488', 'ENSG00000188803', 'ENSG00000187068', 'ENSG00000054654']",0.052695878,fold_7
4.1,author_cell_type,HAC86,94,0.5639097744360902,0.6976744186046512,0.3191489361702128,508934,13,64,30,4,"['ENSG00000112419', 'ENSG00000163377', 'ENSG00000130561', 'ENSG00000172461']","['ENSG00000183378', 'ENSG00000164318', 'ENSG00000112419', 'ENSG00000163377', 'ENSG00000130561', 'ENSG00000172461', 'ENSG00000047617', 'ENSG00000042781', 'ENSG00000144339', 'ENSG00000174145']",0.07017475,fold_7
4.1,author_cell_type,HAC87,90,0.14814814814814814,0.17777777777777778,0.08888888888888889,508914,37,82,8,5,"['ENSG00000156414', 'ENSG00000036672', 'ENSG00000111886', 'ENSG00000143355', 'ENSG00000186297']","['ENSG00000156414', 'ENSG00000036672', 'ENSG00000111886', 'ENSG00000143355', 'ENSG00000119900', 'ENSG00000186297', 'ENSG00000140090', 'ENSG00000081138', 'ENSG00000172159', 'ENSG00000160145']",0.071727365,fold_7
4.1,author_cell_type,HAC88,87,0.11695906432748537,0.19047619047619047,0.04597701149425287,508937,17,83,4,5,"['ENSG00000172461', 'ENSG00000121904', 'ENSG00000090530', 'ENSG00000092096', 'ENSG00000169933']","['ENSG00000172461', 'ENSG00000121904', 'ENSG00000144339', 'ENSG00000090530', 'ENSG00000092096', 'ENSG00000169933', 'ENSG00000137449', 'ENSG00000138639', 'ENSG00000155966', 'ENSG00000151322']",0.046030063,fold_7
4.1,author_cell_type,HAC89,84,0.1724137931034483,0.1568627450980392,0.2857142857142857,508828,129,60,24,4,"['ENSG00000164136', 'ENSG00000130561', 'ENSG00000047617', 'ENSG00000173210']","['ENSG00000164136', 'ENSG00000130561', 'ENSG00000047617', 'ENSG00000042781', 'ENSG00000151491', 'ENSG00000173210', 'ENSG00000138639', 'ENSG00000054654', 'ENSG00000109452', 'ENSG00000153823']",0.061525263,fold_7
4.1,author_cell_type,HAC90,79,0.3814713896457766,0.3888888888888889,0.35443037974683544,508918,44,51,28,4,"['ENSG00000130561', 'ENSG00000047617', 'ENSG00000185483', 'ENSG00000101463']","['ENSG00000173210', 'ENSG00000130561', 'ENSG00000042781', 'ENSG00000047617', 'ENSG00000185483', 'ENSG00000101463', 'ENSG00000169933', 'ENSG00000188803', 'ENSG00000054654', 'ENSG00000176463']",0.06118968,fold_7
4.1,author_cell_type,HAC91,74,0.04677754677754678,0.04054054054054054,0.12162162162162163,508754,213,65,9,5,"['ENSG00000120457', 'ENSG00000197584', 'ENSG00000185483', 'ENSG00000174145', 'ENSG00000187068']","['ENSG00000120457', 'ENSG00000165899', 'ENSG00000197584', 'ENSG00000185483', 'ENSG00000174145', 'ENSG00000187068', 'ENSG00000188803', 'ENSG00000147488', 'ENSG00000046889', 'ENSG00000101463']",0.056721136,fold_7
4.1,author_cell_type,HAC92,65,0.19672131147540983,0.2,0.18461538461538463,508928,48,53,12,4,"['ENSG00000122335', 'ENSG00000116819', 'ENSG00000130561', 'ENSG00000163377']","['ENSG00000122335', 'ENSG00000172380', 'ENSG00000116819', 'ENSG00000130561', 'ENSG00000163377', 'ENSG00000042781', 'ENSG00000047617', 'ENSG00000173210', 'ENSG00000116991', 'ENSG00000169933']",0.11426262,fold_7
4.1,author_cell_type,HAC93,55,0.10516252390057361,0.09401709401709402,0.2,508880,106,44,11,5,"['ENSG00000130561', 'ENSG00000042781', 'ENSG00000047617', 'ENSG00000165194', 'ENSG00000173210']","['ENSG00000183378', 'ENSG00000130561', 'ENSG00000042781', 'ENSG00000047617', 'ENSG00000165194', 'ENSG00000173210', 'ENSG00000121904', 'ENSG00000147488', 'ENSG00000046889', 'ENSG00000054654']",0.076059796,fold_7
4.1,author_cell_type,HAC95,39,0.44776119402985076,0.8571428571428571,0.15384615384615385,509001,1,33,6,4,"['ENSG00000197584', 'ENSG00000130561', 'ENSG00000042781', 'ENSG00000174145']","['ENSG00000163453', 'ENSG00000184984', 'ENSG00000197584', 'ENSG00000130561', 'ENSG00000042781', 'ENSG00000174145', 'ENSG00000047617', 'ENSG00000173210', 'ENSG00000188803', 'ENSG00000054654']",0.07984619,fold_7
4.1,author_cell_type,HRGC3,7454,0.7194636596228561,0.8898329915030765,0.40743225114032733,501211,376,4417,3037,3,"['ENSG00000146592', 'ENSG00000052795', 'ENSG00000187605']","['ENSG00000135269', 'ENSG00000146592', 'ENSG00000052795', 'ENSG00000155085', 'ENSG00000197594', 'ENSG00000187605', 'ENSG00000118263', 'ENSG00000203867', 'ENSG00000131016', 'ENSG00000137845']",0.50989324,fold_7
4.1,author_cell_type,HRGC4,7454,0.42473867595818815,0.70707656612529,0.16353635631875504,501082,505,6235,1219,2,"['ENSG00000142185', 'ENSG00000131016']","['ENSG00000160299', 'ENSG00000142185', 'ENSG00000104722', 'ENSG00000236279', 'ENSG00000131016', 'ENSG00000159433', 'ENSG00000176463', 'ENSG00000127481', 'ENSG00000054654', 'ENSG00000138411']",0.12687817,fold_7
4.1,author_cell_type,HRGC5,6657,0.34726966343307375,0.39869281045751637,0.22908216914526064,500084,2300,5132,1525,2,"['ENSG00000104722', 'ENSG00000100234']","['ENSG00000104722', 'ENSG00000100234', 'ENSG00000131016', 'ENSG00000134333', 'ENSG00000077380', 'ENSG00000114480', 'ENSG00000054654', 'ENSG00000138411', 'ENSG00000139793', 'ENSG00000071054']",0.08274783,fold_7
4.1,author_cell_type,HRGC9,2890,0.18528500202129092,0.18406961178045517,0.1903114186851211,503713,2438,2340,550,4,"['ENSG00000198797', 'ENSG00000174948', 'ENSG00000170525', 'ENSG00000070159']","['ENSG00000198797', 'ENSG00000174948', 'ENSG00000170525', 'ENSG00000091664', 'ENSG00000070159', 'ENSG00000203867', 'ENSG00000164916', 'ENSG00000236279', 'ENSG00000137449', 'ENSG00000172461']",0.12967867,fold_7
4.1,author_cell_type,HRGC10,2309,0.12530260152067918,0.10880829015544041,0.31831961888263316,500712,6020,1574,735,4,"['ENSG00000170561', 'ENSG00000174948', 'ENSG00000047365', 'ENSG00000142185']","['ENSG00000170561', 'ENSG00000174948', 'ENSG00000047365', 'ENSG00000091664', 'ENSG00000142185', 'ENSG00000203867', 'ENSG00000256870', 'ENSG00000131016', 'ENSG00000173210', 'ENSG00000054654']",0.11252329,fold_7
4.1,author_cell_type,HRGC11,1869,0.4099107305520131,0.4972375690607735,0.24077046548956663,506717,455,1419,450,6,"['ENSG00000198786', 'ENSG00000115641', 'ENSG00000241484', 'ENSG00000160299', 'ENSG00000174948', 'ENSG00000116819']","['ENSG00000198786', 'ENSG00000115641', 'ENSG00000241484', 'ENSG00000160299', 'ENSG00000174948', 'ENSG00000116819', 'ENSG00000236279', 'ENSG00000110693', 'ENSG00000127481', 'ENSG00000099331']",0.39906517,fold_7
4.1,author_cell_type,IMB,7454,0.6672451193058568,0.7889202359579379,0.41266434129326535,500764,823,4378,3076,2,"['ENSG00000111886', 'ENSG00000172159']","['ENSG00000069188', 'ENSG00000111886', 'ENSG00000163602', 'ENSG00000103175', 'ENSG00000174514', 'ENSG00000172159', 'ENSG00000147488', 'ENSG00000140090', 'ENSG00000186297', 'ENSG00000144771']",0.14076167,fold_7
4.1,author_cell_type,MG,7454,0.7998713590002756,0.9731693683622136,0.4671317413469278,501491,96,3972,3482,2,"['ENSG00000140522', 'ENSG00000081803']","['ENSG00000128849', 'ENSG00000163646', 'ENSG00000143195', 'ENSG00000140522', 'ENSG00000026025', 'ENSG00000081803', 'ENSG00000107317', 'ENSG00000110693', 'ENSG00000090530', 'ENSG00000131016']",0.34946346,fold_7
4.1,author_cell_type,MG_OFF,7454,0.35470833081981057,0.3660700389105058,0.3155352830694929,497514,4073,5102,2352,3,"['ENSG00000047365', 'ENSG00000142185', 'ENSG00000110693']","['ENSG00000047365', 'ENSG00000070159', 'ENSG00000091664', 'ENSG00000174948', 'ENSG00000142185', 'ENSG00000110693', 'ENSG00000203867', 'ENSG00000104722', 'ENSG00000100234', 'ENSG00000054654']",0.11460462,fold_7
4.1,author_cell_type,MG_ON,7454,0.2367877474935765,0.23322168465450938,0.25221357660316607,495406,6181,5574,1880,5,"['ENSG00000070159', 'ENSG00000174948', 'ENSG00000142185', 'ENSG00000203867', 'ENSG00000236279']","['ENSG00000070159', 'ENSG00000174948', 'ENSG00000142185', 'ENSG00000203867', 'ENSG00000104722', 'ENSG00000236279', 'ENSG00000256870', 'ENSG00000185942', 'ENSG00000100234', 'ENSG00000054654']",0.11767551,fold_7
4.1,author_cell_type,ML_Cone,7454,0.715162334039942,0.9793735676088617,0.3439763885162329,501533,54,4890,2564,2,"['ENSG00000102076', 'ENSG00000170289']","['ENSG00000102076', 'ENSG00000057657', 'ENSG00000127252', 'ENSG00000095464', 'ENSG00000127472', 'ENSG00000170289', 'ENSG00000164318', 'ENSG00000147614', 'ENSG00000113578', 'ENSG00000042781']",0.6967309,fold_7
4.1,author_cell_type,Microglia,4894,0.6292952432286754,0.7511057498994773,0.38169186759297097,503528,619,3026,1868,1,['ENSG00000107719'],"['ENSG00000107719', 'ENSG00000143079', 'ENSG00000047648', 'ENSG00000170525', 'ENSG00000084070', 'ENSG00000128805', 'ENSG00000119900', 'ENSG00000099331', 'ENSG00000138639', 'ENSG00000062716']",1.0,fold_7
4.1,author_cell_type,OFF-SAC,4647,0.7254440402311149,0.8681177976952625,0.43770174306003873,504085,309,2613,2034,2,"['ENSG00000130147', 'ENSG00000284862']","['ENSG00000130147', 'ENSG00000157927', 'ENSG00000115665', 'ENSG00000284862', 'ENSG00000129657', 'ENSG00000177119', 'ENSG00000140090', 'ENSG00000116991', 'ENSG00000115353', 'ENSG00000110841']",0.6662644,fold_7
4.1,author_cell_type,OFF-SAC*,274,0.0413596029478117,0.033783783783783786,0.40145985401459855,505621,3146,164,110,4,"['ENSG00000184185', 'ENSG00000139219', 'ENSG00000284862', 'ENSG00000140090']","['ENSG00000184185', 'ENSG00000139219', 'ENSG00000115665', 'ENSG00000157927', 'ENSG00000284862', 'ENSG00000140090', 'ENSG00000144339', 'ENSG00000110841', 'ENSG00000150593', 'ENSG00000104219']",0.36640924,fold_7
4.1,author_cell_type,OFFx,7454,0.7538483331759372,0.9306324686680268,0.4283606117520794,501349,238,4261,3193,2,"['ENSG00000047648', 'ENSG00000122584']","['ENSG00000047648', 'ENSG00000122584', 'ENSG00000186297', 'ENSG00000104219', 'ENSG00000140090', 'ENSG00000147488', 'ENSG00000156273', 'ENSG00000172159', 'ENSG00000213160', 'ENSG00000155052']",0.50445056,fold_7
4.1,author_cell_type,ON-SAC,7454,0.7051129960258615,0.7241851964666464,0.6379125301851355,499776,1811,2699,4755,2,"['ENSG00000139219', 'ENSG00000284862']","['ENSG00000139219', 'ENSG00000157927', 'ENSG00000284862', 'ENSG00000115665', 'ENSG00000129657', 'ENSG00000177119', 'ENSG00000140090', 'ENSG00000144339', 'ENSG00000110841', 'ENSG00000168214']",0.46732634,fold_7
4.1,author_cell_type,PENK,6329,0.40168925554900803,0.5487477638640429,0.19386948965081371,501703,1009,5102,1227,3,"['ENSG00000197594', 'ENSG00000153823', 'ENSG00000185274']","['ENSG00000197594', 'ENSG00000172461', 'ENSG00000100346', 'ENSG00000039560', 'ENSG00000153823', 'ENSG00000185274', 'ENSG00000152818', 'ENSG00000110841', 'ENSG00000136002', 'ENSG00000109452']",0.037610743,fold_7
4.1,author_cell_type,PG_OFF,7454,0.5949698189134809,0.679926419866636,0.39669975851891603,500195,1392,4497,2957,5,"['ENSG00000198797', 'ENSG00000135636', 'ENSG00000138678', 'ENSG00000174948', 'ENSG00000203867']","['ENSG00000198797', 'ENSG00000135636', 'ENSG00000138678', 'ENSG00000174948', 'ENSG00000203867', 'ENSG00000091664', 'ENSG00000016082', 'ENSG00000185942', 'ENSG00000042781', 'ENSG00000146555']",0.27153662,fold_7
4.1,author_cell_type,PG_ON,6184,0.4211619769645721,0.4349708262751741,0.3737063389391979,499855,3002,3873,2311,4,"['ENSG00000152689', 'ENSG00000135636', 'ENSG00000138678', 'ENSG00000203867']","['ENSG00000152689', 'ENSG00000135636', 'ENSG00000138678', 'ENSG00000091664', 'ENSG00000203867', 'ENSG00000104722', 'ENSG00000114480', 'ENSG00000169933', 'ENSG00000153823', 'ENSG00000101463']",0.27859944,fold_7
4.1,author_cell_type,RB,7454,0.8487762921260458,0.9582873537850364,0.5825060370270996,501398,189,3112,4342,2,"['ENSG00000111886', 'ENSG00000146555']","['ENSG00000116266', 'ENSG00000016082', 'ENSG00000111886', 'ENSG00000112419', 'ENSG00000185483', 'ENSG00000146555', 'ENSG00000147488', 'ENSG00000140090', 'ENSG00000172159', 'ENSG00000176204']",0.108935446,fold_7
4.1,author_cell_type,RPE,863,0.9589964931211222,1.0,0.8238702201622248,508178,0,152,711,2,"['ENSG00000167995', 'ENSG00000116745']","['ENSG00000167995', 'ENSG00000116745', 'ENSG00000144810', 'ENSG00000142611', 'ENSG00000100156', 'ENSG00000153283', 'ENSG00000111181', 'ENSG00000105976', 'ENSG00000108231', 'ENSG00000140522']",1.0,fold_7
4.1,author_cell_type,Rod,7454,0.8576448475933643,0.9866039952996475,0.5631875503085592,501530,57,3256,4198,2,"['ENSG00000130561', 'ENSG00000047617']","['ENSG00000183378', 'ENSG00000164318', 'ENSG00000130561', 'ENSG00000047617', 'ENSG00000151491', 'ENSG00000173210', 'ENSG00000042781', 'ENSG00000150593', 'ENSG00000054654', 'ENSG00000033867']",0.118885785,fold_7
4.1,author_cell_type,SEG,7454,0.44485981308411215,0.6644951140065146,0.1915749932921921,500866,721,6026,1428,2,"['ENSG00000256870', 'ENSG00000046889']","['ENSG00000256870', 'ENSG00000149654', 'ENSG00000185477', 'ENSG00000046889', 'ENSG00000090530', 'ENSG00000101294', 'ENSG00000101463', 'ENSG00000174145', 'ENSG00000147488', 'ENSG00000144771']",0.096130714,fold_7
4.1,author_cell_type,SEG*,234,0.3463203463203463,0.5614035087719298,0.13675213675213677,508782,25,202,32,5,"['ENSG00000184984', 'ENSG00000197584', 'ENSG00000047617', 'ENSG00000042781', 'ENSG00000185477']","['ENSG00000184984', 'ENSG00000197584', 'ENSG00000130561', 'ENSG00000047617', 'ENSG00000042781', 'ENSG00000185477', 'ENSG00000173210', 'ENSG00000046889', 'ENSG00000174145', 'ENSG00000147488']",0.06588417,fold_7
4.1,author_cell_type,S_Cone,7454,0.8363740430707591,0.9123902439024391,0.6273141937214918,501138,449,2778,4676,3,"['ENSG00000124839', 'ENSG00000170289', 'ENSG00000118271']","['ENSG00000124839', 'ENSG00000128595', 'ENSG00000170289', 'ENSG00000164318', 'ENSG00000118271', 'ENSG00000147614', 'ENSG00000163377', 'ENSG00000042781', 'ENSG00000130561', 'ENSG00000047617']",0.4229843,fold_7
4.1,author_cell_type,VG3,7454,0.7993382639159206,0.9008554507567449,0.5509793399517038,501135,452,3347,4107,2,"['ENSG00000122584', 'ENSG00000112902']","['ENSG00000069188', 'ENSG00000122584', 'ENSG00000116819', 'ENSG00000112902', 'ENSG00000116991', 'ENSG00000144771', 'ENSG00000188803', 'ENSG00000132970', 'ENSG00000183878', 'ENSG00000109790']",0.18147954,fold_7
4.1,author_cell_type,VG3*,584,0.11601307189542484,0.10260115606936417,0.24315068493150685,507215,1242,442,142,4,"['ENSG00000060656', 'ENSG00000069188', 'ENSG00000122584', 'ENSG00000112902']","['ENSG00000060656', 'ENSG00000069188', 'ENSG00000122584', 'ENSG00000112902', 'ENSG00000256870', 'ENSG00000116991', 'ENSG00000144771', 'ENSG00000186297', 'ENSG00000188803', 'ENSG00000150593']",0.17926691,fold_7
4.1,author_cell_type,VIP,7454,0.7506335182521745,0.8063270185764209,0.5881405956533405,500534,1053,3070,4384,2,"['ENSG00000187147', 'ENSG00000140937']","['ENSG00000187147', 'ENSG00000035862', 'ENSG00000149654', 'ENSG00000140937', 'ENSG00000256870', 'ENSG00000185483', 'ENSG00000131016', 'ENSG00000156103', 'ENSG00000146555', 'ENSG00000081138']",0.13823463,fold_7
4.1,author_cell_type,ipRGC,1292,0.17318435754189945,0.169052488070893,0.19195046439628483,506530,1219,1044,248,4,"['ENSG00000168243', 'ENSG00000170525', 'ENSG00000091664', 'ENSG00000185942']","['ENSG00000168243', 'ENSG00000170525', 'ENSG00000174948', 'ENSG00000091664', 'ENSG00000185942', 'ENSG00000104722', 'ENSG00000144339', 'ENSG00000172461', 'ENSG00000100234', 'ENSG00000054654']",0.09699878,fold_7
4.1,author_cell_type,nNOS,5919,0.27810622901196613,0.3089858118759853,0.198682209832742,500492,2630,4743,1176,4,"['ENSG00000090530', 'ENSG00000155966', 'ENSG00000185274', 'ENSG00000172159']","['ENSG00000090530', 'ENSG00000155966', 'ENSG00000185274', 'ENSG00000172159', 'ENSG00000174080', 'ENSG00000101856', 'ENSG00000156103', 'ENSG00000138411', 'ENSG00000151322', 'ENSG00000156976']",0.031014841,fold_7
4.1,author_cell_type,AII,7454,0.6075629435209488,0.7621951219512195,0.33539039441910384,500807,780,4954,2500,2,"['ENSG00000146090', 'ENSG00000081138']","['ENSG00000146090', 'ENSG00000107317', 'ENSG00000117643', 'ENSG00000183853', 'ENSG00000081138', 'ENSG00000011347', 'ENSG00000163527', 'ENSG00000132842', 'ENSG00000144847', 'ENSG00000075213']",0.2725937,fold_8
4.1,author_cell_type,AII*,1057,0.23995734091717028,0.30751708428246016,0.12771996215704826,507680,304,922,135,5,"['ENSG00000146090', 'ENSG00000115159', 'ENSG00000107104', 'ENSG00000154978', 'ENSG00000081138']","['ENSG00000146090', 'ENSG00000115159', 'ENSG00000107104', 'ENSG00000183853', 'ENSG00000154978', 'ENSG00000081138', 'ENSG00000144847', 'ENSG00000075213', 'ENSG00000076554', 'ENSG00000108370']",0.043280065,fold_8
4.1,author_cell_type,Astrocyte,7454,0.7554141764668081,0.7946594558053067,0.6308022538234505,500372,1215,2752,4702,1,['ENSG00000018625'],"['ENSG00000018625', 'ENSG00000008394', 'ENSG00000010278', 'ENSG00000064300', 'ENSG00000172201', 'ENSG00000123243', 'ENSG00000120129', 'ENSG00000182957', 'ENSG00000111962', 'ENSG00000110693']",1.0,fold_8
4.1,author_cell_type,BB,2931,0.626802141974461,0.8391544117647058,0.3114977823268509,505935,175,2018,913,2,"['ENSG00000215474', 'ENSG00000151012']","['ENSG00000215474', 'ENSG00000151012', 'ENSG00000138771', 'ENSG00000155307', 'ENSG00000136044', 'ENSG00000169891', 'ENSG00000133121', 'ENSG00000102290', 'ENSG00000180530', 'ENSG00000144868']",0.89043856,fold_8
4.1,author_cell_type,CAI,450,0.6783681214421252,0.9470198675496688,0.31777777777777777,508583,8,307,143,3,"['ENSG00000123243', 'ENSG00000180616', 'ENSG00000169432']","['ENSG00000069535', 'ENSG00000123243', 'ENSG00000180616', 'ENSG00000112530', 'ENSG00000169432', 'ENSG00000120885', 'ENSG00000102290', 'ENSG00000081138', 'ENSG00000145242', 'ENSG00000184838']",0.16776358,fold_8
4.1,author_cell_type,CAII,3865,0.7910951368004108,0.8832923832923832,0.558085381630013,504891,285,1708,2157,2,"['ENSG00000075223', 'ENSG00000081138']","['ENSG00000081985', 'ENSG00000250366', 'ENSG00000075223', 'ENSG00000141668', 'ENSG00000169432', 'ENSG00000081138', 'ENSG00000102290', 'ENSG00000046889', 'ENSG00000144868', 'ENSG00000077063']",0.22173248,fold_8
4.1,author_cell_type,DB1,7454,0.6542278682016673,0.7433468651330627,0.4421786960021465,500449,1138,4158,3296,3,"['ENSG00000162631', 'ENSG00000155307', 'ENSG00000101542']","['ENSG00000166342', 'ENSG00000162631', 'ENSG00000186297', 'ENSG00000163527', 'ENSG00000155307', 'ENSG00000101542', 'ENSG00000151292', 'ENSG00000169891', 'ENSG00000198795', 'ENSG00000091656']",0.06323336,fold_8
4.1,author_cell_type,DB2,7454,0.6428254355787371,0.8769871309613929,0.31083981754762546,501262,325,5137,2317,2,"['ENSG00000130635', 'ENSG00000115252']","['ENSG00000130635', 'ENSG00000115252', 'ENSG00000110693', 'ENSG00000136546', 'ENSG00000169891', 'ENSG00000101542', 'ENSG00000166342', 'ENSG00000076554', 'ENSG00000188730', 'ENSG00000078295']",0.59683836,fold_8
4.1,author_cell_type,DB3a,7454,0.8074213245655237,0.9939288811795317,0.4612288704051516,501566,21,4016,3438,2,"['ENSG00000169891', 'ENSG00000184611']","['ENSG00000166342', 'ENSG00000169891', 'ENSG00000163527', 'ENSG00000184611', 'ENSG00000155307', 'ENSG00000101542', 'ENSG00000162631', 'ENSG00000198795', 'ENSG00000005108', 'ENSG00000144331']",0.068120845,fold_8
4.1,author_cell_type,DB3b,7454,0.6295054221776468,0.6571241616227711,0.5389052857526161,499491,2096,3437,4017,3,"['ENSG00000110693', 'ENSG00000101542', 'ENSG00000155307']","['ENSG00000085563', 'ENSG00000110693', 'ENSG00000115252', 'ENSG00000186297', 'ENSG00000101542', 'ENSG00000155307', 'ENSG00000166342', 'ENSG00000169891', 'ENSG00000076554', 'ENSG00000078295']",0.06874298,fold_8
4.1,author_cell_type,DB4a,7454,0.690009009910902,0.8805493452571064,0.3698685269653877,501213,374,4697,2757,3,"['ENSG00000110693', 'ENSG00000166342', 'ENSG00000133121']","['ENSG00000174788', 'ENSG00000110693', 'ENSG00000170419', 'ENSG00000155307', 'ENSG00000166342', 'ENSG00000133121', 'ENSG00000184611', 'ENSG00000153820', 'ENSG00000101542', 'ENSG00000168502']",0.060519475,fold_8
4.1,author_cell_type,DB4b,4553,0.3801832864531349,0.518243661100804,0.18405446958049637,503709,779,3715,838,3,"['ENSG00000112365', 'ENSG00000157617', 'ENSG00000166342']","['ENSG00000112365', 'ENSG00000157617', 'ENSG00000170419', 'ENSG00000188229', 'ENSG00000166342', 'ENSG00000174099', 'ENSG00000155307', 'ENSG00000144771', 'ENSG00000176463', 'ENSG00000133121']",0.16764756,fold_8
4.1,author_cell_type,DB5,7454,0.8484701853644011,0.9394189161343499,0.6116179232626777,501293,294,2895,4559,2,"['ENSG00000082293', 'ENSG00000166342']","['ENSG00000082293', 'ENSG00000174788', 'ENSG00000016082', 'ENSG00000176463', 'ENSG00000166342', 'ENSG00000155307', 'ENSG00000249853', 'ENSG00000133121', 'ENSG00000144847', 'ENSG00000198795']",0.5348602,fold_8
4.1,author_cell_type,DB6,7454,0.7182844452669566,0.8771186440677966,0.41655486986852697,501152,435,4349,3105,2,"['ENSG00000138646', 'ENSG00000155307']","['ENSG00000138646', 'ENSG00000157617', 'ENSG00000166342', 'ENSG00000166439', 'ENSG00000155307', 'ENSG00000144771', 'ENSG00000162631', 'ENSG00000187079', 'ENSG00000138411', 'ENSG00000144331']",0.53422344,fold_8
4.1,author_cell_type,FMB,7454,0.5535878263150991,0.86652977412731,0.22645559431177892,501327,260,5766,1688,2,"['ENSG00000163491', 'ENSG00000166342']","['ENSG00000163491', 'ENSG00000166342', 'ENSG00000186297', 'ENSG00000169891', 'ENSG00000155307', 'ENSG00000101542', 'ENSG00000184838', 'ENSG00000138411', 'ENSG00000151490', 'ENSG00000198795']",0.20185001,fold_8
4.1,author_cell_type,GB,7454,0.707322872087494,0.8765468473777254,0.3991145693587336,501168,419,4479,2975,2,"['ENSG00000111962', 'ENSG00000155307']","['ENSG00000131378', 'ENSG00000115252', 'ENSG00000111962', 'ENSG00000144771', 'ENSG00000155307', 'ENSG00000186297', 'ENSG00000101542', 'ENSG00000169891', 'ENSG00000152818', 'ENSG00000102290']",0.09051326,fold_8
4.1,author_cell_type,H1,7454,0.8325716659742418,0.9648531535869042,0.5376978803327073,501441,146,3446,4008,2,"['ENSG00000164309', 'ENSG00000205922']","['ENSG00000164309', 'ENSG00000205922', 'ENSG00000108387', 'ENSG00000078295', 'ENSG00000103460', 'ENSG00000198010', 'ENSG00000152818', 'ENSG00000103034', 'ENSG00000184611', 'ENSG00000144847']",0.7528008,fold_8
4.1,author_cell_type,H2,7454,0.5596718050721035,0.711441213653603,0.3019855111349611,500674,913,5203,2251,2,"['ENSG00000120318', 'ENSG00000205922']","['ENSG00000120318', 'ENSG00000167291', 'ENSG00000205922', 'ENSG00000108387', 'ENSG00000078295', 'ENSG00000198010', 'ENSG00000102290', 'ENSG00000103034', 'ENSG00000123124', 'ENSG00000184838']",0.7471992,fold_8
4.1,author_cell_type,HAC2,7454,0.556476203102214,0.879979035639413,0.22524818889187015,501358,229,5775,1679,3,"['ENSG00000073792', 'ENSG00000203727', 'ENSG00000162631']","['ENSG00000123119', 'ENSG00000073792', 'ENSG00000203727', 'ENSG00000176463', 'ENSG00000181072', 'ENSG00000162631', 'ENSG00000157152', 'ENSG00000160145', 'ENSG00000184611', 'ENSG00000145242']",0.052245203,fold_8
4.1,author_cell_type,HAC3,7454,0.6039277024678484,0.850326264274062,0.2797155889455326,501220,367,5369,2085,2,"['ENSG00000133454', 'ENSG00000153820']","['ENSG00000133454', 'ENSG00000182957', 'ENSG00000072201', 'ENSG00000107679', 'ENSG00000256870', 'ENSG00000153820', 'ENSG00000183853', 'ENSG00000081138', 'ENSG00000214944', 'ENSG00000198838']",0.2358288,fold_8
4.1,author_cell_type,HAC4,7454,0.5473133984164809,0.6136608489549666,0.38207673732224307,499794,1793,4606,2848,4,"['ENSG00000175416', 'ENSG00000153820', 'ENSG00000249853', 'ENSG00000101542']","['ENSG00000175416', 'ENSG00000213578', 'ENSG00000153820', 'ENSG00000249853', 'ENSG00000101542', 'ENSG00000183853', 'ENSG00000184838', 'ENSG00000181072', 'ENSG00000188730', 'ENSG00000170011']",0.038280435,fold_8
4.1,author_cell_type,HAC5,7454,0.36672766087221714,0.4723404255319149,0.19358733565870673,499975,1612,6011,1443,3,"['ENSG00000180616', 'ENSG00000092068', 'ENSG00000078295']","['ENSG00000110237', 'ENSG00000180616', 'ENSG00000101577', 'ENSG00000092068', 'ENSG00000112419', 'ENSG00000078295', 'ENSG00000050165', 'ENSG00000102780', 'ENSG00000151490', 'ENSG00000154162']",0.10373025,fold_8
4.1,author_cell_type,HAC6,7454,0.5077717202180722,0.7155700858193706,0.23490743225114033,500891,696,5703,1751,2,"['ENSG00000112419', 'ENSG00000164989']","['ENSG00000180616', 'ENSG00000112419', 'ENSG00000092068', 'ENSG00000171055', 'ENSG00000186073', 'ENSG00000164989', 'ENSG00000151490', 'ENSG00000078295', 'ENSG00000050165', 'ENSG00000152818']",0.05836533,fold_8
4.1,author_cell_type,HAC8,7454,0.24470260751008352,0.24834246180455463,0.23115105983364637,496372,5215,5731,1723,3,"['ENSG00000153820', 'ENSG00000183853', 'ENSG00000163527']","['ENSG00000153820', 'ENSG00000183853', 'ENSG00000213578', 'ENSG00000131016', 'ENSG00000163527', 'ENSG00000163006', 'ENSG00000077063', 'ENSG00000165338', 'ENSG00000136044', 'ENSG00000108370']",0.058542926,fold_8
4.1,author_cell_type,HAC9,7454,0.7631617485538552,0.8396777442094663,0.5592970217332975,500791,796,3285,4169,3,"['ENSG00000187147', 'ENSG00000249853', 'ENSG00000184838']","['ENSG00000187147', 'ENSG00000175416', 'ENSG00000213578', 'ENSG00000153820', 'ENSG00000249853', 'ENSG00000184838', 'ENSG00000081052', 'ENSG00000169084', 'ENSG00000188730', 'ENSG00000170011']",0.0442215,fold_8
4.1,author_cell_type,HAC11,7454,0.6410592553749345,0.8419421487603306,0.32801180574188354,501128,459,5009,2445,3,"['ENSG00000102290', 'ENSG00000006715', 'ENSG00000078295']","['ENSG00000120885', 'ENSG00000095951', 'ENSG00000102290', 'ENSG00000152818', 'ENSG00000006715', 'ENSG00000078295', 'ENSG00000170959', 'ENSG00000102780', 'ENSG00000091656', 'ENSG00000154162']",0.036453407,fold_8
4.1,author_cell_type,HAC12,7454,0.2996064686712169,0.3109444798978941,0.26147035148913333,497268,4319,5505,1949,3,"['ENSG00000108001', 'ENSG00000203727', 'ENSG00000046889']","['ENSG00000108001', 'ENSG00000203727', 'ENSG00000046889', 'ENSG00000151338', 'ENSG00000144847', 'ENSG00000170959', 'ENSG00000075213', 'ENSG00000187514']",0.06640559,fold_8
4.1,author_cell_type,HAC13,7454,0.29395296752519595,0.4385150812064965,0.12677756909042126,500377,1210,6509,945,5,"['ENSG00000103460', 'ENSG00000183853', 'ENSG00000184838', 'ENSG00000171055', 'ENSG00000249853']","['ENSG00000173726', 'ENSG00000103460', 'ENSG00000183853', 'ENSG00000184838', 'ENSG00000171055', 'ENSG00000249853', 'ENSG00000102780', 'ENSG00000006715', 'ENSG00000091656', 'ENSG00000153253']",0.035896305,fold_8
4.1,author_cell_type,HAC14,7454,0.7129693618981802,0.7990533562822719,0.49825596994902066,500653,934,3740,3714,2,"['ENSG00000165973', 'ENSG00000075213']","['ENSG00000165973', 'ENSG00000046889', 'ENSG00000132842', 'ENSG00000144847', 'ENSG00000075213', 'ENSG00000168610', 'ENSG00000184611', 'ENSG00000129682', 'ENSG00000134686']",0.08604333,fold_8
4.1,author_cell_type,HAC15,7454,0.5167848295891347,0.606516290726817,0.3246579017976925,500017,1570,5034,2420,3,"['ENSG00000049323', 'ENSG00000078295', 'ENSG00000091656']","['ENSG00000049323', 'ENSG00000081052', 'ENSG00000102290', 'ENSG00000078295', 'ENSG00000091656', 'ENSG00000152818', 'ENSG00000094975', 'ENSG00000214944', 'ENSG00000153253', 'ENSG00000151490']",0.029837182,fold_8
4.1,author_cell_type,HAC17,7454,0.5110806140083358,0.658265139116203,0.26978803327072715,500543,1044,5443,2011,2,"['ENSG00000143786', 'ENSG00000162631']","['ENSG00000143786', 'ENSG00000123119', 'ENSG00000162631', 'ENSG00000170959', 'ENSG00000157152', 'ENSG00000145242', 'ENSG00000081138', 'ENSG00000050165', 'ENSG00000160145', 'ENSG00000144283']",0.19626328,fold_8
4.1,author_cell_type,HAC18,7454,0.6930503775929644,0.8613008613008613,0.3890528575261605,501120,467,4554,2900,2,"['ENSG00000081138', 'ENSG00000160145']","['ENSG00000143494', 'ENSG00000115652', 'ENSG00000175416', 'ENSG00000081138', 'ENSG00000160145', 'ENSG00000198838', 'ENSG00000101542', 'ENSG00000198010', 'ENSG00000154162', 'ENSG00000129682']",0.044728994,fold_8
4.1,author_cell_type,HAC19,7454,0.47331579441886684,0.5827067669172933,0.2703246579017977,500144,1443,5439,2015,2,"['ENSG00000180616', 'ENSG00000131016']","['ENSG00000180616', 'ENSG00000072201', 'ENSG00000131016', 'ENSG00000011347', 'ENSG00000153820', 'ENSG00000183853', 'ENSG00000057935', 'ENSG00000187079', 'ENSG00000127314', 'ENSG00000050165']",0.1151449,fold_8
4.1,author_cell_type,HAC20,7454,0.2922161054922545,0.4471106758080313,0.12248457204185673,500458,1129,6541,913,4,"['ENSG00000183853', 'ENSG00000181072', 'ENSG00000214944', 'ENSG00000198795']","['ENSG00000072201', 'ENSG00000183853', 'ENSG00000181072', 'ENSG00000214944', 'ENSG00000198795', 'ENSG00000170011']",0.038669344,fold_8
4.1,author_cell_type,HAC21,7454,0.8031534860803153,0.9259171597633136,0.5248188891870137,501274,313,3542,3912,2,"['ENSG00000107593', 'ENSG00000072182']","['ENSG00000107593', 'ENSG00000064601', 'ENSG00000072182', 'ENSG00000143333', 'ENSG00000107317', 'ENSG00000111961', 'ENSG00000203727', 'ENSG00000213578', 'ENSG00000046889', 'ENSG00000170959']",0.6768873,fold_8
4.1,author_cell_type,HAC23,6583,0.6670598643468003,0.8723486309294254,0.3436123348017621,502127,331,4321,2262,3,"['ENSG00000165973', 'ENSG00000141668', 'ENSG00000144407']","['ENSG00000175426', 'ENSG00000165973', 'ENSG00000141668', 'ENSG00000144407', 'ENSG00000111961', 'ENSG00000112419', 'ENSG00000203727', 'ENSG00000171055', 'ENSG00000102290', 'ENSG00000198010']",0.1264414,fold_8
4.1,author_cell_type,HAC24,6337,0.5651046995430052,0.7962518020182604,0.26148019567618747,502280,424,4680,1657,3,"['ENSG00000175426', 'ENSG00000145147', 'ENSG00000129682']","['ENSG00000175426', 'ENSG00000107317', 'ENSG00000160285', 'ENSG00000081052', 'ENSG00000145147', 'ENSG00000129682', 'ENSG00000050165', 'ENSG00000075213', 'ENSG00000198010', 'ENSG00000188730']",0.03285585,fold_8
4.1,author_cell_type,HAC26,5929,0.7006153672443968,0.8424983027834352,0.41862034069826276,502648,464,3447,2482,3,"['ENSG00000112419', 'ENSG00000162631', 'ENSG00000153820']","['ENSG00000112419', 'ENSG00000072201', 'ENSG00000162631', 'ENSG00000153820', 'ENSG00000181072', 'ENSG00000103460', 'ENSG00000198838', 'ENSG00000101542', 'ENSG00000078295', 'ENSG00000133687']",0.056594975,fold_8
4.1,author_cell_type,HAC27,5887,0.47417800693094414,0.7550471063257066,0.19058943434686598,502790,364,4765,1122,3,"['ENSG00000141668', 'ENSG00000136546', 'ENSG00000214944']","['ENSG00000141668', 'ENSG00000049323', 'ENSG00000136546', 'ENSG00000081052', 'ENSG00000214944', 'ENSG00000181072', 'ENSG00000145147', 'ENSG00000168000', 'ENSG00000160145', 'ENSG00000091656']",0.054201484,fold_8
4.1,author_cell_type,HAC28,5622,0.4617158111879626,0.5605893186003683,0.27072216293134116,502226,1193,4100,1522,4,"['ENSG00000107317', 'ENSG00000213578', 'ENSG00000081138', 'ENSG00000050165']","['ENSG00000107317', 'ENSG00000104325', 'ENSG00000213578', 'ENSG00000081138', 'ENSG00000101542', 'ENSG00000050165', 'ENSG00000169084', 'ENSG00000075213', 'ENSG00000154162', 'ENSG00000188730']",0.051344104,fold_8
4.1,author_cell_type,HAC29,5021,0.5500553637725526,0.6538908246225319,0.33638717386974704,503126,894,3332,1689,2,"['ENSG00000187147', 'ENSG00000094975']","['ENSG00000187147', 'ENSG00000141668', 'ENSG00000120885', 'ENSG00000249853', 'ENSG00000094975', 'ENSG00000108370', 'ENSG00000214944', 'ENSG00000050165', 'ENSG00000145147', 'ENSG00000129682']",0.10256542,fold_8
4.1,author_cell_type,HAC30,4936,0.5286069651741293,0.7531645569620253,0.24108589951377635,503715,390,3746,1190,4,"['ENSG00000049323', 'ENSG00000144407', 'ENSG00000181072', 'ENSG00000101542']","['ENSG00000049323', 'ENSG00000144407', 'ENSG00000141668', 'ENSG00000181072', 'ENSG00000101542', 'ENSG00000249853', 'ENSG00000081052', 'ENSG00000145147', 'ENSG00000108370', 'ENSG00000188730']",0.054573677,fold_8
4.1,author_cell_type,HAC32,4645,0.49350262870746947,0.7321559970566593,0.21420882669537136,504032,364,3650,995,3,"['ENSG00000108001', 'ENSG00000203727', 'ENSG00000120885']","['ENSG00000108001', 'ENSG00000111961', 'ENSG00000203727', 'ENSG00000120885', 'ENSG00000046889', 'ENSG00000144771', 'ENSG00000105696', 'ENSG00000213578', 'ENSG00000170959', 'ENSG00000145242']",0.073770285,fold_8
4.1,author_cell_type,HAC33,4613,0.7277464487115426,0.8680289484887186,0.44201170604812484,504118,310,2574,2039,3,"['ENSG00000164619', 'ENSG00000153820', 'ENSG00000046889']","['ENSG00000130787', 'ENSG00000164619', 'ENSG00000153820', 'ENSG00000046889', 'ENSG00000057935', 'ENSG00000102290', 'ENSG00000162631', 'ENSG00000108370', 'ENSG00000160145', 'ENSG00000144868']",0.062430628,fold_8
4.1,author_cell_type,HAC34,4222,0.6544824502570982,0.9915325994919559,0.2773567029843676,504809,10,3051,1171,2,"['ENSG00000166863', 'ENSG00000165973']","['ENSG00000166863', 'ENSG00000151012', 'ENSG00000171867', 'ENSG00000165973', 'ENSG00000115252', 'ENSG00000123119', 'ENSG00000103460', 'ENSG00000102290', 'ENSG00000152818', 'ENSG00000198010']",0.59530693,fold_8
4.1,author_cell_type,HAC35,3872,0.6877966772151899,0.8916666666666667,0.359245867768595,505000,169,2481,1391,2,"['ENSG00000186340', 'ENSG00000115252']","['ENSG00000186340', 'ENSG00000143786', 'ENSG00000115252', 'ENSG00000203727', 'ENSG00000153820', 'ENSG00000133121', 'ENSG00000103460', 'ENSG00000170959', 'ENSG00000108091', 'ENSG00000198795']",0.5579764,fold_8
4.1,author_cell_type,HAC37,3831,0.4582981517966038,0.5723491505565319,0.2550247977029496,504480,730,2854,977,3,"['ENSG00000049323', 'ENSG00000141668', 'ENSG00000165973']","['ENSG00000175426', 'ENSG00000049323', 'ENSG00000141668', 'ENSG00000164619', 'ENSG00000112530', 'ENSG00000165973', 'ENSG00000136546', 'ENSG00000203727', 'ENSG00000102290', 'ENSG00000184838']",0.16058022,fold_8
4.1,author_cell_type,HAC38,3814,0.4165834165834166,0.5384118786313751,0.21866806502359729,504512,715,2980,834,4,"['ENSG00000180616', 'ENSG00000169432', 'ENSG00000176463', 'ENSG00000181072']","['ENSG00000180616', 'ENSG00000169432', 'ENSG00000092068', 'ENSG00000176463', 'ENSG00000171055', 'ENSG00000181072', 'ENSG00000198838', 'ENSG00000153253', 'ENSG00000180530', 'ENSG00000050165']",0.06433171,fold_8
4.1,author_cell_type,HAC39,3140,0.33473389355742295,0.3432675044883303,0.30445859872611464,504072,1829,2184,956,4,"['ENSG00000049323', 'ENSG00000175426', 'ENSG00000102290', 'ENSG00000081052']","['ENSG00000049323', 'ENSG00000175426', 'ENSG00000136546', 'ENSG00000102290', 'ENSG00000081052', 'ENSG00000184838', 'ENSG00000091656', 'ENSG00000180530', 'ENSG00000145147', 'ENSG00000151490']",0.106887154,fold_8
4.1,author_cell_type,HAC40,3095,0.512540192926045,0.6811965811965812,0.2575121163166397,505573,373,2298,797,3,"['ENSG00000134569', 'ENSG00000141668', 'ENSG00000184838']","['ENSG00000134569', 'ENSG00000141668', 'ENSG00000145990', 'ENSG00000183853', 'ENSG00000184838', 'ENSG00000103460', 'ENSG00000101542', 'ENSG00000102290', 'ENSG00000102780', 'ENSG00000127314']",0.0606101,fold_8
4.1,author_cell_type,HAC41,3032,0.51522506619594,0.6193633952254642,0.3080474934036939,505435,574,2098,934,3,"['ENSG00000187147', 'ENSG00000112419', 'ENSG00000102290']","['ENSG00000172201', 'ENSG00000205542', 'ENSG00000187147', 'ENSG00000164619', 'ENSG00000112419', 'ENSG00000102290', 'ENSG00000176463', 'ENSG00000153820', 'ENSG00000152818', 'ENSG00000081138']",0.065528266,fold_8
4.1,author_cell_type,HAC42,2695,0.4288840262582057,0.5653846153846154,0.21818181818181817,505894,452,2107,588,3,"['ENSG00000170419', 'ENSG00000108001', 'ENSG00000184838']","['ENSG00000170419', 'ENSG00000108001', 'ENSG00000107317', 'ENSG00000144771', 'ENSG00000170959', 'ENSG00000184838', 'ENSG00000184611', 'ENSG00000075213', 'ENSG00000187514', 'ENSG00000145242']",0.14446297,fold_8
4.1,author_cell_type,HAC44,2576,0.6437221159974506,0.8735135135135135,0.3136645962732919,506348,117,1768,808,2,"['ENSG00000115290', 'ENSG00000102290']","['ENSG00000119283', 'ENSG00000115290', 'ENSG00000170419', 'ENSG00000155158', 'ENSG00000102290', 'ENSG00000103460', 'ENSG00000249853', 'ENSG00000102780', 'ENSG00000152818', 'ENSG00000183853']",0.16002761,fold_8
4.1,author_cell_type,HAC45,2312,0.47992471769134254,0.5063430777716492,0.39705882352941174,505834,895,1394,918,4,"['ENSG00000176463', 'ENSG00000101542', 'ENSG00000081138', 'ENSG00000078295']","['ENSG00000176463', 'ENSG00000101542', 'ENSG00000183853', 'ENSG00000081138', 'ENSG00000103460', 'ENSG00000078295', 'ENSG00000188730', 'ENSG00000181072', 'ENSG00000145147', 'ENSG00000154162']",0.03757389,fold_8
4.1,author_cell_type,HAC46,2299,0.5278905749091686,0.8302521008403362,0.21487603305785125,506641,101,1805,494,3,"['ENSG00000181072', 'ENSG00000184838', 'ENSG00000102780']","['ENSG00000173726', 'ENSG00000181072', 'ENSG00000184838', 'ENSG00000140743', 'ENSG00000183853', 'ENSG00000102780', 'ENSG00000103460', 'ENSG00000162631', 'ENSG00000091656', 'ENSG00000107745']",0.048136976,fold_8
4.1,author_cell_type,HAC48,2215,0.5588166236205682,0.9315068493150684,0.21489841986455982,506791,35,1739,476,2,"['ENSG00000153993', 'ENSG00000144407']","['ENSG00000153993', 'ENSG00000164619', 'ENSG00000144407', 'ENSG00000256870', 'ENSG00000133121', 'ENSG00000249853', 'ENSG00000180530', 'ENSG00000145147', 'ENSG00000196814', 'ENSG00000181072']",0.34561726,fold_8
4.1,author_cell_type,HAC49,2031,0.36903602726387535,0.4884020618556701,0.18660758247168882,506613,397,1652,379,5,"['ENSG00000180287', 'ENSG00000101577', 'ENSG00000092068', 'ENSG00000103460', 'ENSG00000181072']","['ENSG00000180287', 'ENSG00000101577', 'ENSG00000160014', 'ENSG00000092068', 'ENSG00000103460', 'ENSG00000181072', 'ENSG00000198838', 'ENSG00000151490', 'ENSG00000102780', 'ENSG00000094975']",0.0823292,fold_8
4.1,author_cell_type,HAC50,1561,0.4142614601018676,0.7052023121387283,0.15631005765534914,507378,102,1317,244,2,"['ENSG00000115290', 'ENSG00000198795']","['ENSG00000115290', 'ENSG00000147324', 'ENSG00000203727', 'ENSG00000198795', 'ENSG00000144771', 'ENSG00000133121', 'ENSG00000046889', 'ENSG00000213578', 'ENSG00000144847', 'ENSG00000170959']",0.15796787,fold_8
4.1,author_cell_type,HAC51,1453,0.22117417466254677,0.23168654173764908,0.18719889883000687,506686,902,1181,272,5,"['ENSG00000181072', 'ENSG00000170011', 'ENSG00000198010', 'ENSG00000198795', 'ENSG00000153253']","['ENSG00000171055', 'ENSG00000181072', 'ENSG00000170011', 'ENSG00000198010', 'ENSG00000198795', 'ENSG00000153253', 'ENSG00000108370', 'ENSG00000081138', 'ENSG00000198838', 'ENSG00000169084']",0.02947566,fold_8
4.1,author_cell_type,HAC52,1278,0.30057042562527425,0.33414634146341465,0.21439749608763695,507217,546,1004,274,3,"['ENSG00000112419', 'ENSG00000078295', 'ENSG00000184838']","['ENSG00000112419', 'ENSG00000145990', 'ENSG00000140743', 'ENSG00000078295', 'ENSG00000184838', 'ENSG00000011347', 'ENSG00000185291', 'ENSG00000145242', 'ENSG00000196814', 'ENSG00000112685']",0.03761629,fold_8
4.1,author_cell_type,HAC53,1238,0.5063829787234042,0.8561151079136691,0.19224555735056542,507763,40,1000,238,3,"['ENSG00000180287', 'ENSG00000112419', 'ENSG00000101542']","['ENSG00000180287', 'ENSG00000112419', 'ENSG00000101542', 'ENSG00000078295', 'ENSG00000181072', 'ENSG00000185291', 'ENSG00000094975', 'ENSG00000214944', 'ENSG00000160145', 'ENSG00000129682']",0.08671223,fold_8
4.1,author_cell_type,HAC54,1194,0.3702928870292887,0.5919732441471572,0.14824120603015076,507725,122,1017,177,5,"['ENSG00000135549', 'ENSG00000153993', 'ENSG00000110427', 'ENSG00000164619', 'ENSG00000102290']","['ENSG00000135549', 'ENSG00000153993', 'ENSG00000110427', 'ENSG00000164619', 'ENSG00000136546', 'ENSG00000102290', 'ENSG00000091656', 'ENSG00000184838', 'ENSG00000162631', 'ENSG00000181072']",0.21038316,fold_8
4.1,author_cell_type,HAC55,1157,0.3721244925575101,0.6226415094339622,0.14261019878997408,507784,100,992,165,2,"['ENSG00000109684', 'ENSG00000187147']","['ENSG00000109684', 'ENSG00000156564', 'ENSG00000182957', 'ENSG00000187147', 'ENSG00000115159', 'ENSG00000141668', 'ENSG00000170959', 'ENSG00000108370', 'ENSG00000094975', 'ENSG00000145147']",0.28430015,fold_8
4.1,author_cell_type,HAC56,1133,0.18362040948976274,0.23251028806584362,0.0997352162400706,507535,373,1020,113,5,"['ENSG00000155158', 'ENSG00000181072', 'ENSG00000249853', 'ENSG00000101542', 'ENSG00000102290']","['ENSG00000155158', 'ENSG00000181072', 'ENSG00000249853', 'ENSG00000135341', 'ENSG00000101542', 'ENSG00000102290', 'ENSG00000081138', 'ENSG00000134333', 'ENSG00000153253', 'ENSG00000108370']",0.02672941,fold_8
4.1,author_cell_type,HAC57,1119,0.43237250554323725,0.6866197183098591,0.1742627345844504,507833,89,924,195,3,"['ENSG00000102780', 'ENSG00000102290', 'ENSG00000127314']","['ENSG00000173726', 'ENSG00000102780', 'ENSG00000102290', 'ENSG00000176463', 'ENSG00000171055', 'ENSG00000127314', 'ENSG00000162631', 'ENSG00000150764', 'ENSG00000184838', 'ENSG00000091656']",0.045719437,fold_8
4.1,author_cell_type,HAC59,990,0.4804804804804805,0.7619047619047619,0.19393939393939394,507991,60,798,192,4,"['ENSG00000138039', 'ENSG00000165973', 'ENSG00000115252', 'ENSG00000213578']","['ENSG00000138039', 'ENSG00000164619', 'ENSG00000165973', 'ENSG00000115252', 'ENSG00000145990', 'ENSG00000213578', 'ENSG00000102290', 'ENSG00000176463', 'ENSG00000152818', 'ENSG00000153956']",0.14379963,fold_8
4.1,author_cell_type,HAC60,876,0.05941499085923217,0.07926829268292683,0.02968036529680365,507863,302,850,26,6,"['ENSG00000140319', 'ENSG00000181072', 'ENSG00000168000', 'ENSG00000187079', 'ENSG00000117335', 'ENSG00000214944']","['ENSG00000140319', 'ENSG00000181072', 'ENSG00000168000', 'ENSG00000187079', 'ENSG00000117335', 'ENSG00000214944', 'ENSG00000198838', 'ENSG00000106780', 'ENSG00000144868', 'ENSG00000160145']",0.03151348,fold_8
4.1,author_cell_type,HAC62,864,0.4478346456692913,0.6232876712328768,0.21064814814814814,508067,110,682,182,4,"['ENSG00000171617', 'ENSG00000250366', 'ENSG00000165973', 'ENSG00000183853']","['ENSG00000171617', 'ENSG00000250366', 'ENSG00000143333', 'ENSG00000165973', 'ENSG00000183853', 'ENSG00000102290', 'ENSG00000094975', 'ENSG00000117906', 'ENSG00000091656', 'ENSG00000184838']",0.37620887,fold_8
4.1,author_cell_type,HAC63,677,0.3862753560638757,0.43658536585365854,0.26440177252584934,508133,231,498,179,4,"['ENSG00000115290', 'ENSG00000175416', 'ENSG00000153820', 'ENSG00000155307']","['ENSG00000187147', 'ENSG00000115290', 'ENSG00000175416', 'ENSG00000166342', 'ENSG00000153820', 'ENSG00000155307', 'ENSG00000101542', 'ENSG00000249853', 'ENSG00000184838', 'ENSG00000188730']",0.04782799,fold_8
4.1,author_cell_type,HAC64,668,0.2904040404040404,0.35060975609756095,0.1721556886227545,508160,213,553,115,3,"['ENSG00000124766', 'ENSG00000133121', 'ENSG00000184838']","['ENSG00000124766', 'ENSG00000143786', 'ENSG00000107679', 'ENSG00000133121', 'ENSG00000184838', 'ENSG00000186073', 'ENSG00000102290', 'ENSG00000145242', 'ENSG00000152818', 'ENSG00000078295']",0.056634642,fold_8
4.1,author_cell_type,HAC65,595,0.475266731328807,0.8990825688073395,0.16470588235294117,508435,11,497,98,3,"['ENSG00000169439', 'ENSG00000109684', 'ENSG00000144407']","['ENSG00000169439', 'ENSG00000109684', 'ENSG00000196781', 'ENSG00000115652', 'ENSG00000144407', 'ENSG00000112530', 'ENSG00000136546', 'ENSG00000153820', 'ENSG00000187079', 'ENSG00000214944']",0.4490426,fold_8
4.1,author_cell_type,HAC66,588,0.1945754716981132,0.23826714801444043,0.11224489795918367,508242,211,522,66,6,"['ENSG00000107317', 'ENSG00000129221', 'ENSG00000154978', 'ENSG00000101542', 'ENSG00000075213', 'ENSG00000050165']","['ENSG00000107317', 'ENSG00000129221', 'ENSG00000154978', 'ENSG00000101542', 'ENSG00000075213', 'ENSG00000050165', 'ENSG00000145147', 'ENSG00000188730', 'ENSG00000129682', 'ENSG00000158445']",0.02231123,fold_8
4.1,author_cell_type,HAC68,542,0.40612516644474034,0.5083333333333333,0.22509225092250923,508381,118,420,122,5,"['ENSG00000180616', 'ENSG00000072201', 'ENSG00000129221', 'ENSG00000145703', 'ENSG00000154978']","['ENSG00000175426', 'ENSG00000180616', 'ENSG00000072201', 'ENSG00000129221', 'ENSG00000145703', 'ENSG00000154978', 'ENSG00000057935', 'ENSG00000187079', 'ENSG00000108370', 'ENSG00000076554']",0.033701144,fold_8
4.1,author_cell_type,HAC71,502,0.562015503875969,0.7360406091370558,0.28884462151394424,508487,52,357,145,4,"['ENSG00000133454', 'ENSG00000107679', 'ENSG00000153820', 'ENSG00000166342']","['ENSG00000102924', 'ENSG00000133454', 'ENSG00000072201', 'ENSG00000107679', 'ENSG00000153820', 'ENSG00000166342', 'ENSG00000186297', 'ENSG00000155307', 'ENSG00000101542', 'ENSG00000081138']",0.06825025,fold_8
4.1,author_cell_type,HAC72,483,0.03776668580767702,0.030871998555695973,0.35403726708074534,503190,5368,312,171,4,"['ENSG00000178764', 'ENSG00000107242', 'ENSG00000111961', 'ENSG00000107317']","['ENSG00000178764', 'ENSG00000120129', 'ENSG00000110693', 'ENSG00000107242', 'ENSG00000111961', 'ENSG00000107317', 'ENSG00000120885', 'ENSG00000131016', 'ENSG00000213578', 'ENSG00000101542']",0.08449295,fold_8
4.1,author_cell_type,HAC74,412,0.02469813391877058,0.02053231939163498,0.13106796116504854,506053,2576,358,54,5,"['ENSG00000203727', 'ENSG00000186297', 'ENSG00000155307', 'ENSG00000213578', 'ENSG00000162631']","['ENSG00000203727', 'ENSG00000166342', 'ENSG00000186297', 'ENSG00000155307', 'ENSG00000213578', 'ENSG00000162631', 'ENSG00000144847', 'ENSG00000101542', 'ENSG00000181072', 'ENSG00000170959']",0.035743285,fold_8
4.1,author_cell_type,HAC75,387,0.29053420805998126,0.36470588235294116,0.16020671834625322,508546,108,325,62,5,"['ENSG00000180616', 'ENSG00000112419', 'ENSG00000092068', 'ENSG00000166342', 'ENSG00000155307']","['ENSG00000180616', 'ENSG00000112419', 'ENSG00000092068', 'ENSG00000166342', 'ENSG00000155307', 'ENSG00000154978', 'ENSG00000078295', 'ENSG00000101542', 'ENSG00000151490', 'ENSG00000102780']",0.053793434,fold_8
4.1,author_cell_type,HAC77,246,0.32646048109965636,0.4523809523809524,0.15447154471544716,508749,46,208,38,5,"['ENSG00000109684', 'ENSG00000072182', 'ENSG00000153820', 'ENSG00000183853', 'ENSG00000155307']","['ENSG00000119283', 'ENSG00000109684', 'ENSG00000072182', 'ENSG00000153820', 'ENSG00000183853', 'ENSG00000155307', 'ENSG00000101542', 'ENSG00000169891', 'ENSG00000077063', 'ENSG00000108370']",0.05690276,fold_8
4.1,author_cell_type,HAC78,241,0.2680221811460259,0.38666666666666666,0.12033195020746888,508754,46,212,29,5,"['ENSG00000187147', 'ENSG00000141668', 'ENSG00000205133', 'ENSG00000102290', 'ENSG00000103460']","['ENSG00000124766', 'ENSG00000187147', 'ENSG00000141668', 'ENSG00000205133', 'ENSG00000102290', 'ENSG00000103460', 'ENSG00000184838', 'ENSG00000081138', 'ENSG00000152818', 'ENSG00000169891']",0.07287026,fold_8
4.1,author_cell_type,HAC79,186,0.4899497487437186,0.7358490566037735,0.20967741935483872,508841,14,147,39,4,"['ENSG00000133454', 'ENSG00000128567', 'ENSG00000165724', 'ENSG00000153820']","['ENSG00000133454', 'ENSG00000072201', 'ENSG00000128567', 'ENSG00000165724', 'ENSG00000129221', 'ENSG00000153820', 'ENSG00000145703', 'ENSG00000154978', 'ENSG00000108370', 'ENSG00000081138']",0.071783744,fold_8
4.1,author_cell_type,HAC80,165,0.1343570057581574,0.15730337078651685,0.08484848484848485,508801,75,151,14,6,"['ENSG00000198763', 'ENSG00000164120', 'ENSG00000188042', 'ENSG00000182957', 'ENSG00000072201', 'ENSG00000046889']","['ENSG00000198763', 'ENSG00000164120', 'ENSG00000188042', 'ENSG00000182957', 'ENSG00000072201', 'ENSG00000046889', 'ENSG00000183853', 'ENSG00000144847', 'ENSG00000181072', 'ENSG00000132842']",0.1838022,fold_8
4.1,author_cell_type,HAC81,159,0.4269449715370019,0.4891304347826087,0.2830188679245283,508835,47,114,45,5,"['ENSG00000165973', 'ENSG00000120885', 'ENSG00000166342', 'ENSG00000155307', 'ENSG00000102290']","['ENSG00000165973', 'ENSG00000120885', 'ENSG00000166342', 'ENSG00000186297', 'ENSG00000155307', 'ENSG00000102290', 'ENSG00000152818', 'ENSG00000101542', 'ENSG00000170959', 'ENSG00000164989']",0.035599567,fold_8
4.1,author_cell_type,HAC82,151,0.020907297830374753,0.016927499201533056,0.3509933774834437,505812,3078,98,53,4,"['ENSG00000173726', 'ENSG00000128567', 'ENSG00000129221', 'ENSG00000154978']","['ENSG00000173726', 'ENSG00000128567', 'ENSG00000165724', 'ENSG00000129221', 'ENSG00000145703', 'ENSG00000154978', 'ENSG00000103460', 'ENSG00000184838', 'ENSG00000108370', 'ENSG00000102780']",0.069962025,fold_8
4.1,author_cell_type,HAC84,117,0.14502307185234015,0.12571428571428572,0.37606837606837606,508618,306,73,44,5,"['ENSG00000108001', 'ENSG00000203727', 'ENSG00000129221', 'ENSG00000154978', 'ENSG00000170959']","['ENSG00000108001', 'ENSG00000203727', 'ENSG00000129221', 'ENSG00000154978', 'ENSG00000046889', 'ENSG00000170959', 'ENSG00000145242', 'ENSG00000144868', 'ENSG00000138411', 'ENSG00000075213']",0.041976854,fold_8
4.1,author_cell_type,HAC86,94,0.26490066225165565,0.3076923076923077,0.1702127659574468,508911,36,78,16,5,"['ENSG00000150907', 'ENSG00000128567', 'ENSG00000112419', 'ENSG00000165724', 'ENSG00000129221']","['ENSG00000150907', 'ENSG00000116729', 'ENSG00000128567', 'ENSG00000112419', 'ENSG00000165724', 'ENSG00000129221', 'ENSG00000145703', 'ENSG00000162631', 'ENSG00000154978', 'ENSG00000181072']",0.06475529,fold_8
4.1,author_cell_type,HAC87,90,0.5035971223021583,0.5957446808510638,0.3111111111111111,508932,19,62,28,4,"['ENSG00000135063', 'ENSG00000166342', 'ENSG00000155307', 'ENSG00000081138']","['ENSG00000135063', 'ENSG00000143494', 'ENSG00000166342', 'ENSG00000186297', 'ENSG00000155307', 'ENSG00000081138', 'ENSG00000101542', 'ENSG00000160145', 'ENSG00000198838', 'ENSG00000169891']",0.03471546,fold_8
4.1,author_cell_type,HAC88,87,0.13215859030837004,0.17142857142857143,0.06896551724137931,508925,29,81,6,3,"['ENSG00000104325', 'ENSG00000102290', 'ENSG00000162631']","['ENSG00000179008', 'ENSG00000104325', 'ENSG00000163328', 'ENSG00000102290', 'ENSG00000162631', 'ENSG00000181072', 'ENSG00000103460', 'ENSG00000145242', 'ENSG00000152818', 'ENSG00000153253']",0.041418042,fold_8
4.1,author_cell_type,HAC89,84,0.07339015151515152,0.0611439842209073,0.36904761904761907,508481,476,53,31,4,"['ENSG00000049323', 'ENSG00000129221', 'ENSG00000145703', 'ENSG00000154978']","['ENSG00000049323', 'ENSG00000116729', 'ENSG00000165724', 'ENSG00000129221', 'ENSG00000145703', 'ENSG00000154978', 'ENSG00000081052', 'ENSG00000078295', 'ENSG00000144868', 'ENSG00000158445']",0.06240001,fold_8
4.1,author_cell_type,HAC90,79,0.4074074074074074,0.7857142857142857,0.13924050632911392,508959,3,68,11,5,"['ENSG00000115290', 'ENSG00000116729', 'ENSG00000123119', 'ENSG00000128567', 'ENSG00000073792']","['ENSG00000115290', 'ENSG00000116729', 'ENSG00000123119', 'ENSG00000128567', 'ENSG00000073792', 'ENSG00000165724', 'ENSG00000129221', 'ENSG00000145703', 'ENSG00000181072', 'ENSG00000162631']",0.10189082,fold_8
4.1,author_cell_type,HAC91,74,0.1986754966887417,0.21052631578947367,0.16216216216216217,508922,45,62,12,6,"['ENSG00000170419', 'ENSG00000168734', 'ENSG00000108001', 'ENSG00000203727', 'ENSG00000073792', 'ENSG00000046889']","['ENSG00000170419', 'ENSG00000168734', 'ENSG00000108001', 'ENSG00000203727', 'ENSG00000073792', 'ENSG00000046889', 'ENSG00000162631', 'ENSG00000145242', 'ENSG00000249853', 'ENSG00000181072']",0.07815594,fold_8
4.1,author_cell_type,HAC92,65,0.3007518796992481,0.47058823529411764,0.12307692307692308,508967,9,57,8,4,"['ENSG00000164120', 'ENSG00000128567', 'ENSG00000072201', 'ENSG00000165724']","['ENSG00000164120', 'ENSG00000116729', 'ENSG00000128567', 'ENSG00000072201', 'ENSG00000165724', 'ENSG00000129221', 'ENSG00000145703', 'ENSG00000154978', 'ENSG00000183853', 'ENSG00000181072']",0.082000986,fold_8
4.1,author_cell_type,HAC93,55,0.4330708661417323,0.6111111111111112,0.2,508979,7,44,11,4,"['ENSG00000064655', 'ENSG00000165973', 'ENSG00000107104', 'ENSG00000145703']","['ENSG00000064655', 'ENSG00000165973', 'ENSG00000165724', 'ENSG00000129221', 'ENSG00000107104', 'ENSG00000145703', 'ENSG00000154978', 'ENSG00000046889', 'ENSG00000108370', 'ENSG00000144868']",0.109870516,fold_8
4.1,author_cell_type,HAC95,39,0.29411764705882354,0.35,0.1794871794871795,508989,13,32,7,5,"['ENSG00000115290', 'ENSG00000165724', 'ENSG00000129221', 'ENSG00000108001', 'ENSG00000154978']","['ENSG00000115290', 'ENSG00000116729', 'ENSG00000165724', 'ENSG00000129221', 'ENSG00000108001', 'ENSG00000154978', 'ENSG00000145703', 'ENSG00000198795', 'ENSG00000133121', 'ENSG00000170959']",0.07888083,fold_8
4.1,author_cell_type,HRGC3,7454,0.6778725539387858,0.8663033023404938,0.36248993828816745,501170,417,4752,2702,2,"['ENSG00000052795', 'ENSG00000184347']","['ENSG00000140403', 'ENSG00000121769', 'ENSG00000116299', 'ENSG00000052795', 'ENSG00000184347', 'ENSG00000155085', 'ENSG00000085563', 'ENSG00000118263', 'ENSG00000111962', 'ENSG00000131016']",0.40303272,fold_8
4.1,author_cell_type,HRGC4,7454,0.32413378041440977,0.3815789473684211,0.20230748591360342,499143,2444,5946,1508,2,"['ENSG00000131016', 'ENSG00000176463']","['ENSG00000084731', 'ENSG00000131016', 'ENSG00000160285', 'ENSG00000073792', 'ENSG00000117643', 'ENSG00000176463', 'ENSG00000170959', 'ENSG00000011347', 'ENSG00000090565', 'ENSG00000138411']",0.06975703,fold_8
4.1,author_cell_type,HRGC5,6657,0.3515203795557473,0.39448209099709586,0.2448550398077212,499882,2502,5027,1630,3,"['ENSG00000169432', 'ENSG00000134333', 'ENSG00000170959']","['ENSG00000169432', 'ENSG00000160285', 'ENSG00000131016', 'ENSG00000134333', 'ENSG00000077380', 'ENSG00000170959', 'ENSG00000162631', 'ENSG00000138411', 'ENSG00000101558', 'ENSG00000188730']",0.05031145,fold_8
4.1,author_cell_type,HRGC9,2890,0.14767932489451477,0.14491844416562108,0.15986159169550174,503425,2726,2428,462,5,"['ENSG00000075651', 'ENSG00000119314', 'ENSG00000118263', 'ENSG00000131016', 'ENSG00000136546']","['ENSG00000075651', 'ENSG00000119314', 'ENSG00000118263', 'ENSG00000160285', 'ENSG00000131016', 'ENSG00000136546', 'ENSG00000170959', 'ENSG00000138411', 'ENSG00000162631', 'ENSG00000078295']",0.08993278,fold_8
4.1,author_cell_type,HRGC10,2309,0.2055350220860002,0.20765027322404372,0.1974880900822867,504992,1740,1853,456,6,"['ENSG00000166415', 'ENSG00000153993', 'ENSG00000143171', 'ENSG00000111962', 'ENSG00000256870', 'ENSG00000169432']","['ENSG00000166415', 'ENSG00000153993', 'ENSG00000143171', 'ENSG00000111962', 'ENSG00000256870', 'ENSG00000169432', 'ENSG00000108001', 'ENSG00000073792', 'ENSG00000170959', 'ENSG00000154978']",0.10808805,fold_8
4.1,author_cell_type,HRGC11,1869,0.44846843797596886,0.5247524752475248,0.2835741037988229,506692,480,1339,530,6,"['ENSG00000164818', 'ENSG00000198763', 'ENSG00000143171', 'ENSG00000115290', 'ENSG00000111962', 'ENSG00000108001']","['ENSG00000164818', 'ENSG00000198763', 'ENSG00000143171', 'ENSG00000115290', 'ENSG00000111962', 'ENSG00000108001', 'ENSG00000073792', 'ENSG00000160285', 'ENSG00000170959', 'ENSG00000011347']",0.17494428,fold_8
4.1,author_cell_type,IMB,7454,0.6492984898789761,0.8645276292335116,0.32532868258653075,501207,380,5029,2425,3,"['ENSG00000136546', 'ENSG00000203727', 'ENSG00000155307']","['ENSG00000127588', 'ENSG00000154330', 'ENSG00000136546', 'ENSG00000111961', 'ENSG00000203727', 'ENSG00000155307', 'ENSG00000166342', 'ENSG00000101542', 'ENSG00000198795', 'ENSG00000184611']",0.094752476,fold_8
4.1,author_cell_type,MG,7454,0.5682475419317524,0.7991053273688491,0.2636168500134156,501093,494,5489,1965,2,"['ENSG00000178764', 'ENSG00000111961']","['ENSG00000178764', 'ENSG00000120129', 'ENSG00000107242', 'ENSG00000111962', 'ENSG00000111961', 'ENSG00000107317', 'ENSG00000110693', 'ENSG00000131016', 'ENSG00000103460', 'ENSG00000214944']",0.35506552,fold_8
4.1,author_cell_type,MG_OFF,7454,0.37439415098989565,0.43168363722472175,0.2445666756104105,499187,2400,5631,1823,3,"['ENSG00000143171', 'ENSG00000110693', 'ENSG00000169432']","['ENSG00000135549', 'ENSG00000143171', 'ENSG00000115290', 'ENSG00000110693', 'ENSG00000111962', 'ENSG00000169432', 'ENSG00000108001', 'ENSG00000160285', 'ENSG00000073792', 'ENSG00000131016']",0.07968013,fold_8
4.1,author_cell_type,MG_ON,7454,0.5349841857594693,0.6006929406669554,0.3721491816474376,499743,1844,4680,2774,4,"['ENSG00000184347', 'ENSG00000166415', 'ENSG00000169432', 'ENSG00000108001']","['ENSG00000184347', 'ENSG00000166415', 'ENSG00000171488', 'ENSG00000169432', 'ENSG00000256870', 'ENSG00000108001', 'ENSG00000160285', 'ENSG00000073792', 'ENSG00000131016', 'ENSG00000170959']",0.23293284,fold_8
4.1,author_cell_type,ML_Cone,7454,0.7116772454569168,0.8422948289169025,0.4392272605312584,500974,613,4180,3274,2,"['ENSG00000163431', 'ENSG00000064655']","['ENSG00000153071', 'ENSG00000163431', 'ENSG00000147509', 'ENSG00000064655', 'ENSG00000117115', 'ENSG00000156564', 'ENSG00000038945', 'ENSG00000154978', 'ENSG00000145703', 'ENSG00000106780']",0.5644554,fold_8
4.1,author_cell_type,Microglia,4894,0.8466806583452999,0.9282470481380564,0.6264814058030241,503910,237,1828,3066,1,['ENSG00000198223'],"['ENSG00000198223', 'ENSG00000204287', 'ENSG00000142347', 'ENSG00000143079', 'ENSG00000081237', 'ENSG00000117115', 'ENSG00000038945', 'ENSG00000158985', 'ENSG00000168214', 'ENSG00000152818']",1.0,fold_8
4.1,author_cell_type,OFF-SAC,4647,0.4533202646410194,0.584518167456556,0.23886378308586184,503605,789,3537,1110,2,"['ENSG00000075651', 'ENSG00000078295']","['ENSG00000075651', 'ENSG00000145703', 'ENSG00000204084', 'ENSG00000151612', 'ENSG00000078295', 'ENSG00000185291', 'ENSG00000141905', 'ENSG00000198795', 'ENSG00000145147', 'ENSG00000153956']",0.23532738,fold_8
4.1,author_cell_type,OFF-SAC*,274,0.38524590163934425,0.5595238095238095,0.17153284671532848,508730,37,227,47,4,"['ENSG00000134569', 'ENSG00000123119', 'ENSG00000145703', 'ENSG00000166342']","['ENSG00000134569', 'ENSG00000075651', 'ENSG00000180287', 'ENSG00000123119', 'ENSG00000145703', 'ENSG00000166342', 'ENSG00000155307', 'ENSG00000184838', 'ENSG00000078295', 'ENSG00000249853']",0.084226534,fold_8
4.1,author_cell_type,OFFx,7454,0.5341602036587532,0.5483135824977211,0.4841695733834183,498614,2973,3845,3609,2,"['ENSG00000038945', 'ENSG00000162631']","['ENSG00000038945', 'ENSG00000166342', 'ENSG00000186297', 'ENSG00000162631', 'ENSG00000101542', 'ENSG00000155307', 'ENSG00000076554', 'ENSG00000123095', 'ENSG00000091656', 'ENSG00000198010']",0.17034861,fold_8
4.1,author_cell_type,ON-SAC,7454,0.6107564397594833,0.6754926108374384,0.4415079152133083,500006,1581,4163,3291,2,"['ENSG00000123119', 'ENSG00000145703']","['ENSG00000047662', 'ENSG00000180287', 'ENSG00000123119', 'ENSG00000145703', 'ENSG00000184838', 'ENSG00000078295', 'ENSG00000249853', 'ENSG00000168214', 'ENSG00000153956', 'ENSG00000145242']",0.11257839,fold_8
4.1,author_cell_type,PENK,6329,0.6135334762925899,0.7027838427947598,0.4068573234318218,501623,1089,3754,2575,3,"['ENSG00000123119', 'ENSG00000153820', 'ENSG00000102290']","['ENSG00000165186', 'ENSG00000123119', 'ENSG00000153820', 'ENSG00000102290', 'ENSG00000171055', 'ENSG00000153253', 'ENSG00000181072', 'ENSG00000152818', 'ENSG00000162631', 'ENSG00000214944']",0.041970775,fold_8
4.1,author_cell_type,PG_OFF,7454,0.7079192705665404,0.9161418627775937,0.3708076200697612,501334,253,4690,2764,3,"['ENSG00000164120', 'ENSG00000138678', 'ENSG00000180287']","['ENSG00000164120', 'ENSG00000147036', 'ENSG00000196781', 'ENSG00000138678', 'ENSG00000187772', 'ENSG00000180287', 'ENSG00000016082', 'ENSG00000197043', 'ENSG00000117643', 'ENSG00000160285']",0.27153662,fold_8
4.1,author_cell_type,PG_ON,6184,0.5085435313262815,0.7006071929005138,0.2425614489003881,502216,641,4684,1500,4,"['ENSG00000184661', 'ENSG00000138678', 'ENSG00000075651', 'ENSG00000107242']","['ENSG00000184661', 'ENSG00000138678', 'ENSG00000075651', 'ENSG00000156564', 'ENSG00000107242', 'ENSG00000160285', 'ENSG00000108001', 'ENSG00000133121', 'ENSG00000170959', 'ENSG00000081052']",0.23435917,fold_8
4.1,author_cell_type,RB,7454,0.6898765432098766,0.8733979368552672,0.37483230480279045,501182,405,4660,2794,2,"['ENSG00000154330', 'ENSG00000111961']","['ENSG00000213424', 'ENSG00000154330', 'ENSG00000174788', 'ENSG00000016082', 'ENSG00000111961', 'ENSG00000157617', 'ENSG00000203727', 'ENSG00000112419', 'ENSG00000107104', 'ENSG00000166342']",0.3385586,fold_8
4.1,author_cell_type,RPE,863,0.6666666666666666,0.725752508361204,0.5028968713789108,508014,164,429,434,1,['ENSG00000121207'],"['ENSG00000164949', 'ENSG00000147606', 'ENSG00000121207', 'ENSG00000066468', 'ENSG00000018408', 'ENSG00000164889', 'ENSG00000188732', 'ENSG00000075223', 'ENSG00000180287', 'ENSG00000174238']",1.0,fold_8
4.1,author_cell_type,Rod,7454,0.7179412619947659,0.7332937332937333,0.6624631070566139,499791,1796,2516,4938,1,['ENSG00000129221'],"['ENSG00000196116', 'ENSG00000116729', 'ENSG00000128567', 'ENSG00000170264', 'ENSG00000165724', 'ENSG00000129221', 'ENSG00000073792', 'ENSG00000197043', 'ENSG00000145703', 'ENSG00000154978']",0.14744383,fold_8
4.1,author_cell_type,SEG,7454,0.5693648379927477,0.8075487349647449,0.2612020391735981,501123,464,5507,1947,2,"['ENSG00000170802', 'ENSG00000108001']","['ENSG00000170802', 'ENSG00000047662', 'ENSG00000108001', 'ENSG00000256870', 'ENSG00000046889', 'ENSG00000107551', 'ENSG00000144771', 'ENSG00000144847', 'ENSG00000075213', 'ENSG00000249853']",0.37931478,fold_8
4.1,author_cell_type,SEG*,234,0.3691983122362869,0.5833333333333334,0.14957264957264957,508782,25,199,35,5,"['ENSG00000108001', 'ENSG00000170264', 'ENSG00000165724', 'ENSG00000129221', 'ENSG00000107551']","['ENSG00000108001', 'ENSG00000170264', 'ENSG00000165724', 'ENSG00000128567', 'ENSG00000129221', 'ENSG00000107551', 'ENSG00000154978', 'ENSG00000073792', 'ENSG00000145703', 'ENSG00000046889']",0.08090205,fold_8
4.1,author_cell_type,S_Cone,7454,0.5668578051607394,0.586925627664614,0.4986584384223236,498971,2616,3737,3717,3,"['ENSG00000147509', 'ENSG00000116729', 'ENSG00000144407']","['ENSG00000135773', 'ENSG00000147509', 'ENSG00000156564', 'ENSG00000116729', 'ENSG00000144407', 'ENSG00000145703', 'ENSG00000175416', 'ENSG00000203727', 'ENSG00000154978', 'ENSG00000249853']",0.2448468,fold_8
4.1,author_cell_type,VG3,7454,0.7452930863632898,0.8328364565587735,0.524684733029246,500802,785,3543,3911,2,"['ENSG00000162631', 'ENSG00000153956']","['ENSG00000120693', 'ENSG00000170419', 'ENSG00000144771', 'ENSG00000153820', 'ENSG00000162631', 'ENSG00000153956', 'ENSG00000181072', 'ENSG00000145242', 'ENSG00000078295', 'ENSG00000168916']",0.046093844,fold_8
4.1,author_cell_type,VG3*,584,0.19293924466338258,0.20302375809935205,0.16095890410958905,508088,369,490,94,5,"['ENSG00000120693', 'ENSG00000256870', 'ENSG00000144771', 'ENSG00000186297', 'ENSG00000166342']","['ENSG00000120693', 'ENSG00000256870', 'ENSG00000144771', 'ENSG00000186297', 'ENSG00000166342', 'ENSG00000162631', 'ENSG00000153820', 'ENSG00000155307', 'ENSG00000153956', 'ENSG00000154978']",0.059900843,fold_8
4.1,author_cell_type,VIP,7454,0.742145178764897,0.8612185686653772,0.47786423396833916,501013,574,3892,3562,2,"['ENSG00000196781', 'ENSG00000187147']","['ENSG00000102924', 'ENSG00000196781', 'ENSG00000110427', 'ENSG00000187147', 'ENSG00000141668', 'ENSG00000153820', 'ENSG00000131016', 'ENSG00000102290', 'ENSG00000198010', 'ENSG00000081138']",0.27754363,fold_8
4.1,author_cell_type,ipRGC,1292,0.13091746962714704,0.12112403100775193,0.19349845201238391,505935,1814,1042,250,6,"['ENSG00000180287', 'ENSG00000169432', 'ENSG00000118263', 'ENSG00000188229', 'ENSG00000160285', 'ENSG00000131016']","['ENSG00000180287', 'ENSG00000169432', 'ENSG00000118263', 'ENSG00000188229', 'ENSG00000160285', 'ENSG00000131016', 'ENSG00000249853', 'ENSG00000154978', 'ENSG00000214944', 'ENSG00000138411']",0.06304135,fold_8
4.1,author_cell_type,nNOS,5919,0.349957121182136,0.45930735930735933,0.17925325223855382,501873,1249,4858,1061,2,"['ENSG00000123119', 'ENSG00000102290']","['ENSG00000123119', 'ENSG00000145990', 'ENSG00000092068', 'ENSG00000102290', 'ENSG00000105696', 'ENSG00000103460', 'ENSG00000162104', 'ENSG00000184838', 'ENSG00000214944', 'ENSG00000186073']",0.06540364,fold_8
