software_version,cluster_header,clusterName,clusterSize,f_score,precision,recall,TN,FP,FN,TP,marker_count,NSForest_markers,binary_genes,onTarget,fold
4.1,cluster_id,Inh L1-2 PAX6 CDH12,90,0.30141843971631205,0.3541666666666667,0.18888888888888888,15482,31,73,17,3,"['GABRG1', 'COL16A1', 'ELN']","['GABRG1', 'CTPS2', 'COL16A1', 'FGD5', 'ELN', 'HSPA5', 'BROX', 'ABCG1', 'CTSD']",0.07278609307714576,fold_1
4.1,cluster_id,Inh L1-2 PAX6 TNFAIP8L3,16,0.25,1.0,0.0625,15587,0,15,1,3,"['C20orf203', 'HSDL1', 'ARL17B']","['C20orf203', 'TRIM4', 'HSDL1', 'PLOD3', 'ARL17B', 'FNTA', 'HSPA5', 'GOLPH3', 'ARHGAP28', 'GABRG1']",0.2742662397983243,fold_1
4.1,cluster_id,Inh L1 LAMP5 NMBR,283,0.6795422031473534,0.9134615384615384,0.33568904593639576,15311,9,188,95,2,"['NPNT', 'COL5A2']","['HS3ST5', 'NPNT', 'COL5A2', 'DNAAF1', 'MEGF11', 'HSPA5', 'TMCO1', 'ABCG1']",0.21374885367287855,fold_1
4.1,cluster_id,Inh L1-4 LAMP5 LCP2,356,0.4625,0.5260663507109005,0.31179775280898875,15147,100,245,111,2,"['SOX13', 'RUNX2']","['SOX13', 'MYRFL', 'RAB11FIP1', 'RUNX2']",0.2548024886658499,fold_1
4.1,cluster_id,Inh L1-2 LAMP5 DBP,21,0.3448275862068966,1.0,0.09523809523809523,15582,0,19,2,4,"['UQCC2', 'HS3ST5', 'PYY', 'SOX13']","['UQCC2', 'HS3ST5', 'ZNF783', 'PYY', 'SOX13', 'PPP1R3E', 'PAGR1', 'HSPA5', 'CBFB', 'RUNX2']",0.2131873042556658,fold_1
4.1,cluster_id,Inh L2-6 LAMP5 CA1,256,0.4166666666666667,0.76,0.1484375,15335,12,218,38,2,"['MYRFL', 'ITM2C']","['SOX13', 'MYRFL', 'RAB11FIP1', 'SEMA5B', 'PAGR1', 'ITM2C', 'LMNA', 'RUNX2']",0.12314626221166468,fold_1
4.1,cluster_id,Inh L1 SST CHRNA4,52,0.3787878787878788,0.5,0.19230769230769232,15541,10,42,10,3,"['MEGF11', 'COL5A2', 'ADRA1B']","['MEGF11', 'COL5A2', 'COL16A1', 'DNAAF1', 'HSPA5', 'ADRA1B']",0.06968177842733028,fold_1
4.1,cluster_id,Inh L1-2 ADARB2 MC4R,107,0.49382716049382713,0.7058823529411765,0.22429906542056074,15486,10,83,24,3,"['MEGF11', 'COL16A1', 'ADRA1B']","['MEGF11', 'PPP1R1C', 'COL16A1', 'SEMA5B', 'ELN', 'ADRA1B', 'ARHGAP28', 'SORCS1']",0.08551018597494295,fold_1
4.1,cluster_id,Inh L1-2 SST BAGE2,108,0.1377952755905512,0.14,0.12962962962962962,15409,86,94,14,3,"['DPRX', 'MEGF11', 'GLIS3']","['DPRX', 'MEGF11', 'ASAP3', 'GLIS3']",0.07639623245207942,fold_1
4.1,cluster_id,Inh L1-3 VIP SYT6,29,0.20408163265306123,0.4,0.06896551724137931,15571,3,27,2,5,"['ZSCAN23', 'DOK7', 'ZKSCAN8', 'ZNF367', 'ARL6IP6']","['ZSCAN23', 'DOK7', 'ZKSCAN8', 'ZNF367', 'ARL6IP6', 'CTPS2', 'DTNBP1', 'A2M', 'GABRG1', 'FGD5']",0.25224911499111563,fold_1
4.1,cluster_id,Inh L1-2 VIP TSPAN12,42,0.30701754385964913,0.3888888888888889,0.16666666666666666,15550,11,35,7,2,"['FGD5', 'COL16A1']","['ZNF783', 'FGD5', 'ELN', 'MEGF11', 'ARL17B', 'COL16A1', 'PPP1R3E', 'SEMA5B', 'SERPINB6', 'RPSA']",0.10738685097153744,fold_1
4.1,cluster_id,Inh L1-4 VIP CHRNA6,25,0.1724137931034483,1.0,0.04,15578,0,24,1,2,"['ADRA1B', 'FBRSL1']","['ELN', 'PPP1R1C', 'FGD5', 'ADRA1B', 'GABRG1', 'FBRSL1', 'N4BP2', 'CFAP70', 'ARHGAP28', 'A2M']",0.07551294205387657,fold_1
4.1,cluster_id,Inh L1-3 VIP ADAMTSL1,72,0.22321428571428573,0.5,0.06944444444444445,15526,5,67,5,3,"['ELN', 'IKZF5', 'ARHGAP28']","['ELN', 'DPRX', 'IKZF5', 'MEGF11', 'SEMA5B', 'ARHGAP28', 'N4BP2', 'RAB11FIP1', 'ZNF384', 'C2orf80']",0.07092128963651824,fold_1
4.1,cluster_id,Inh L1-4 VIP PENK,17,0.30303030303030304,0.5,0.11764705882352941,15584,2,15,2,2,"['HSDL1', 'NPNT']","['ITGB3', 'CERCAM', 'DNAAF1', 'HSDL1', 'NPNT', 'DOK7', 'ADCY7', 'MEGF11', 'IL12RB2', 'USP50']",0.24758109933599282,fold_1
4.1,cluster_id,Inh L2-6 VIP QPCT,37,0.21897810218978103,0.24,0.16216216216216217,15547,19,31,6,3,"['ELN', 'FGD5', 'CCNG2']","['CFI', 'ELN', 'MYLIP', 'FGD5', 'CCNG2', 'PPP1R1C', 'SEMA5B', 'TMEM219', 'ADCY7', 'UBAC1']",0.1852739171844902,fold_1
4.1,cluster_id,Inh L3-6 VIP HS3ST3A1,80,0.4605263157894737,0.7777777777777778,0.175,15519,4,66,14,2,"['TMEM158', 'CCNG2']","['MYLIP', 'FGD5', 'TMEM158', 'CCNG2', 'PPP1R1C', 'ELN', 'KDM7A', 'DTNBP1', 'SCARA3', 'BTBD3']",0.13720090238819913,fold_1
4.1,cluster_id,Inh L1-2 VIP PCDH20,61,0.30864197530864196,1.0,0.08196721311475409,15542,0,56,5,2,"['CCNG2', 'BTBD3']","['ELN', 'CCNG2', 'HSDL1', 'BTBD3', 'SERPINB6', 'FGD5', 'COA5', 'SCARA3', 'CD63', 'ADRA1B']",0.13174744691571613,fold_1
4.1,cluster_id,Inh L2-5 VIP SERPINF1,55,0.22988505747126436,0.5,0.07272727272727272,15544,4,51,4,4,"['MEGF11', 'SULT2B1', 'CCNG2', 'ELN']","['MEGF11', 'SULT2B1', 'CCNG2', 'ADRA1B', 'ELN', 'N4BP2', 'ARHGAP28']",0.05678230440993169,fold_1
4.1,cluster_id,Inh L2-5 VIP TYR,62,0.3813559322033898,0.6428571428571429,0.14516129032258066,15536,5,53,9,2,"['COL15A1', 'CCNG2']","['COL15A1', 'PYY', 'APAF1', 'CCNG2', 'SERPINB6', 'BTBD3', 'IL12RB2']",0.0605137580556361,fold_1
4.1,cluster_id,Inh L1-3 VIP CHRM2,175,0.31868131868131866,0.4142857142857143,0.1657142857142857,15387,41,146,29,2,"['LRP4', 'CCNG2']","['GMPR', 'LRP4', 'CCNG2', 'RGS17', 'SERPINB6']",0.05064429499100943,fold_1
4.1,cluster_id,Inh L2-4 VIP CBLN1,67,0.14018691588785046,0.3,0.04477611940298507,15529,7,64,3,2,"['CCNG2', 'ARHGAP28']","['CFI', 'CCNG2', 'MEGF11', 'ARHGAP28', 'ASAP3']",0.030944258693148097,fold_1
4.1,cluster_id,Inh L1-3 VIP CCDC184,64,0.23148148148148148,0.45454545454545453,0.078125,15533,6,59,5,3,"['SERPINB6', 'FGD5', 'ARHGAP28']","['SERPINB6', 'CCNG2', 'PPP1R1C', 'FGD5', 'ARHGAP28', 'PAGR1', 'ADRA1B', 'CDC7']",0.08473393950031818,fold_1
4.1,cluster_id,Inh L1-3 VIP GGH,68,0.1936619718309859,0.2037037037037037,0.16176470588235295,15492,43,57,11,2,"['CCNG2', 'BTBD3']","['CCNG2', 'FGD5', 'BTBD3']",0.10206434580488451,fold_1
4.1,cluster_id,Inh L1-2 VIP LBH,47,0.1694915254237288,0.6666666666666666,0.0425531914893617,15555,1,45,2,3,"['MID2', 'FGD5', 'C2orf80']","['MID2', 'ADCY7', 'FGD5', 'SERPINB6', 'A2M', 'C2orf80', 'UHMK1', 'TMEM191B', 'ADRA1B', 'SAMM50']",0.09588145936778225,fold_1
4.1,cluster_id,Inh L2-3 VIP CASC6,45,0.23529411764705882,0.4,0.08888888888888889,15552,6,41,4,3,"['PPP1R1C', 'ATP10D', 'DTNBP1']","['FGD5', 'PPP1R1C', 'SERPINB6', 'ATP10D', 'KLHL12', 'DTNBP1', 'ARHGAP28', 'DUSP10', 'EIF2A', 'ADRA1B']",0.09989851515681486,fold_1
4.1,cluster_id,Inh L2-4 VIP SPAG17,33,0.4716981132075472,1.0,0.15151515151515152,15570,0,28,5,2,"['MYBPHL', 'ADRA1B']","['MYBPHL', 'PPP1R1C', 'FGD5', 'ADRA1B', 'ARHGAP28', 'ALPK1', 'GORASP2', 'COL11A1', 'ATP10D']",0.20078629825630767,fold_1
4.1,cluster_id,Inh L1-4 VIP OPRM1,52,0.25735294117647056,0.3333333333333333,0.1346153846153846,15537,14,45,7,1,['PPP1R1C'],"['PPP1R1C', 'FGD5', 'CCNG2', 'CTPS2', 'SULT2B1', 'ADRA1B', 'EMC7', 'COL11A1', 'ASAP3', 'ELN']",0.19591439997746585,fold_1
4.1,cluster_id,Inh L3-6 SST NPY,15,0.42857142857142855,0.6,0.2,15586,2,12,3,4,"['IQCJ', 'SLC16A1', 'PARP16', 'SREBF1']","['IQCJ', 'SLC16A1', 'RSPH4A', 'MAGOH', 'PARP16', 'SREBF1', 'MOBP', 'NPNT', 'FGD5', 'ARHGAP28']",0.33843111535361053,fold_1
4.1,cluster_id,Inh L3-6 SST HPGD,60,0.28225806451612906,0.4375,0.11666666666666667,15534,9,53,7,4,"['RCAN3', 'ATP10D', 'DUSP10', 'MYRFL']","['CLIC5', 'RCAN3', 'ATP10D', 'DUSP10', 'MYRFL', 'STARD10', 'GLIS3', 'AIMP1', 'EMC7', 'RUNX2']",0.08853101066535818,fold_1
4.1,cluster_id,Inh L4-6 SST B3GAT2,182,0.3333333333333333,0.36220472440944884,0.25274725274725274,15340,81,136,46,2,"['RCAN3', 'DUSP10']","['RCAN3', 'DUSP10', 'RAB11FIP1', 'PHACTR2']",0.2664642529061984,fold_1
4.1,cluster_id,Inh L5-6 SST KLHDC8A,63,0.2912621359223301,0.6,0.09523809523809523,15536,4,57,6,3,"['RCAN3', 'DUSP10', 'TANGO2']","['SPATA17', 'RCAN3', 'DUSP10', 'DOK7', 'TRIM4', 'TANGO2', 'PLOD3', 'STARD10', 'ARSA', 'FMO5']",0.07920959965965994,fold_1
4.1,cluster_id,Inh L5-6 SST NPM1P10,79,0.3474903474903475,0.4,0.22784810126582278,15497,27,61,18,3,"['GLIS3', 'PHACTR2', 'GABRG1']","['CDC7', 'GLIS3', 'GPS1', 'PHACTR2', 'GABRG1', 'EIF2A', 'MRPS22', 'RUNX2', 'FMO5', 'TTC21A']",0.0450294502273344,fold_1
4.1,cluster_id,Inh L4-6 SST GXYLT2,41,0.15527950310559005,0.16666666666666666,0.12195121951219512,15537,25,36,5,4,"['CFI', 'RCAN3', 'LAP3', 'SULT2B1']","['ZNF783', 'CFI', 'RCAN3', 'DPRX', 'LAP3', 'SULT2B1', 'PHACTR2', 'DUSP10', 'GABRG1', 'C2orf80']",0.0771731191665706,fold_1
4.1,cluster_id,Inh L4-5 SST STK32A,93,0.20581113801452786,0.2125,0.1827956989247312,15447,63,76,17,2,"['RCAN3', 'PHACTR2']","['RCAN3', 'PHACTR2']",0.0611792128331006,fold_1
4.1,cluster_id,Inh L1-3 SST CALB1,279,0.09718670076726342,0.09069212410501193,0.13620071684587814,14943,381,241,38,3,"['CFI', 'DPRX', 'ITGAM']","['EFCAB8', 'CFI', 'DPRX', 'CATSPERB', 'CHAF1A', 'ITGAM', 'SULT2B1', 'ASAP3', 'ABCG1']",0.2417832125956255,fold_1
4.1,cluster_id,Inh L3-5 SST ADGRG6,132,0.0875,0.1044776119402985,0.05303030303030303,15411,60,125,7,2,"['PARP16', 'LMNA']","['PARP16', 'SREBF1', 'LMNA']",0.054332186391695764,fold_1
4.1,cluster_id,Inh L2-4 SST FRZB,64,0.1282051282051282,0.17391304347826086,0.0625,15520,19,60,4,4,"['RUNX2', 'LMNA', 'ABCG1', 'STARD10']","['SULT2B1', 'RUNX2', 'USP50', 'LMNA', 'ABCG1', 'STARD10']",0.04621224719901752,fold_1
4.1,cluster_id,Inh L5-6 SST TH,27,0.2032520325203252,0.20833333333333334,0.18518518518518517,15557,19,22,5,3,"['MRPL52', 'LAYN', 'PLOD3']","['UAP1L1', 'MRPL52', 'LAYN', 'C20orf203', 'FAM136A', 'PLOD3', 'EMC7', 'PELP1', 'GABRG1', 'HHAT']",0.9435411419720412,fold_1
4.1,cluster_id,Inh L5-6 LHX6 GLP1R,27,0.423728813559322,0.625,0.18518518518518517,15573,3,22,5,2,"['LAYN', 'HHAT']","['LAYN', 'HHAT', 'AGBL1', 'SULT2B1', 'PARP16', 'MYRFL', 'DUSP10', 'RUNX2', 'STARD10', 'GABRG1']",0.17132316895522906,fold_1
4.1,cluster_id,Inh L5-6 PVALB LGR5,52,0.4411764705882353,0.5714285714285714,0.23076923076923078,15542,9,40,12,3,"['HHAT', 'GLIS3', 'RUNX2']","['DPRX', 'HHAT', 'DUSP10', 'IKZF2', 'GLIS3', 'RUNX2', 'MYRFL', 'PARP16', 'SAMM50', 'SCARA3']",0.09322489927128778,fold_1
4.1,cluster_id,Inh L4-5 PVALB MEPE,64,0.20270270270270271,0.2857142857142857,0.09375,15524,15,58,6,4,"['DUSP10', 'AGBL1', 'MYRFL', 'DTNBP1']","['ZKSCAN8', 'ABCG1', 'DUSP10', 'AGBL1', 'MYRFL', 'DTNBP1', 'SAMM50', 'RUNX2', 'LMNA', 'HHAT']",0.10706357456471077,fold_1
4.1,cluster_id,Inh L2-4 PVALB WFDC2,387,0.3226879574184963,0.34767025089605735,0.25064599483204136,15034,182,290,97,2,"['ATP10D', 'RUNX2']","['ZNF367', 'ABCG1', 'LAP3', 'ATP10D', 'DUSP10', 'RUNX2', 'MYRFL', 'UBAC1', 'PPP1R3E', 'LMNA']",0.09988468557036116,fold_1
4.1,cluster_id,Inh L4-6 PVALB SULF1,167,0.34739454094292804,0.4745762711864407,0.16766467065868262,15405,31,139,28,2,"['RUNX2', 'AGBL1']","['RUNX2', 'DUSP10', 'MYRFL', 'UBAC1', 'USP50', 'AGBL1', 'TMEM169', 'PPP1R3E', 'PAGR1', 'LMNA']",0.06516889976778117,fold_1
4.1,cluster_id,Inh L5-6 SST MIR548F2,80,0.325,0.43333333333333335,0.1625,15506,17,67,13,4,"['LAP3', 'AGBL1', 'RUNX2', 'APAF1']","['LAP3', 'AGBL1', 'DUSP10', 'MYRFL', 'RUNX2', 'APAF1', 'LMNA', 'UBAC1', 'SCARB1', 'TMEM191B']",0.15973345202577827,fold_1
4.1,cluster_id,Inh L2-5 PVALB SCUBE3,32,0.8333333333333334,0.9090909090909091,0.625,15569,2,12,20,2,"['COL15A1', 'NPNT']","['PDGFRL', 'MAP4K1', 'COL15A1', 'PLEKHH2', 'NPNT', 'COL5A1', 'DUSP10', 'SPTSSA', 'UBAC1', 'RUNX2']",0.6706525492367209,fold_1
4.1,cluster_id,Exc L2 LAMP5 LTK,812,0.3232189973614776,0.5568181818181818,0.1206896551724138,14713,78,714,98,2,"['SEMA5B', 'HHAT']","['ARL4A', 'COL5A1', 'SEMA5B', 'MYOM2', 'HHAT', 'MYH9', 'RAB11FIP1', 'SYNJ2', 'SBK1', 'RBBP7']",0.11714257013567814,fold_1
4.1,cluster_id,Exc L2-4 LINC00507 GLP2R,170,0.26223776223776224,0.5172413793103449,0.08823529411764706,15419,14,155,15,4,"['COL5A1', 'ARL4A', 'MYOM2', 'GLIS3']","['COL5A1', 'ARL4A', 'MYOM2', 'HHAT', 'SEMA5B', 'GLIS3', 'SIAE', 'SYNJ2', 'VIPR1', 'RNF112']",0.25899416103542705,fold_1
4.1,cluster_id,Exc L2-3 LINC00507 FREM3,2284,0.7227891156462585,0.8549874266554903,0.44658493870402804,13146,173,1264,1020,3,"['GLIS3', 'SEMA5B', 'MYH9']","['ARL4A', 'COL5A2', 'GLIS3', 'RAB11FIP1', 'SEMA5B', 'MYH9', 'DTNBP1', 'ZNF711', 'SBK1', 'CFAP43']",0.1171785570516341,fold_1
4.1,cluster_id,Exc L5-6 THEMIS C1QL3,1537,0.5113511130703108,0.6186666666666667,0.3018867924528302,13780,286,1073,464,3,"['MYOM2', 'PLEKHH2', 'RBBP7']","['ARL4A', 'MYOM2', 'IKZF2', 'PLEKHH2', 'RBBP7', 'SEMA5B', 'ALPK1', 'SBK1', 'SYNJ2', 'PIGG']",0.11270748398071144,fold_1
4.1,cluster_id,Exc L3-4 RORB CARM1P1,280,0.4153605015673981,0.42570281124497994,0.37857142857142856,15180,143,174,106,3,"['KDM7A', 'DOK7', 'COL5A2']","['GPR171', 'IQCJ', 'RAB11FIP1', 'KDM7A', 'DOK7', 'COL5A2', 'GLIS3', 'TNNT2', 'USP12', 'ATP10D']",0.2212139430936569,fold_1
4.1,cluster_id,Exc L3-5 RORB ESR1,1428,0.733652312599681,0.8205128205128205,0.5154061624649859,14014,161,692,736,2,"['COL5A2', 'GABRG1']","['COL5A1', 'TNNT2', 'COL5A2', 'PRDM11', 'GABRG1', 'SCARA3', 'OTOGL', 'KLF9', 'SEMA5B', 'SLC5A4']",0.09368614274032448,fold_1
4.1,cluster_id,Exc L3-5 RORB COL22A1,160,0.5681818181818182,0.8333333333333334,0.25,15435,8,120,40,2,"['OTOGL', 'TNNT2']","['OTOGL', 'TNNT2', 'PRDM11', 'COL5A2', 'USP12', 'PLEKHH2', 'NRGN', 'ASAP3', 'SBK1', 'SIAE']",0.19243405846922945,fold_1
4.1,cluster_id,Exc L3-5 RORB FILIP1L,153,0.26525198938992045,0.35714285714285715,0.13071895424836602,15414,36,133,20,3,"['COL5A2', 'OTOGL', 'GLIS3']","['PRDM11', 'COL5A2', 'TNNT2', 'OTOGL', 'GLIS3', 'SIAE', 'KDM7A', 'SBK1', 'MYH9', 'HHAT']",0.1132909684172266,fold_1
4.1,cluster_id,Exc L3-5 RORB TWIST2,93,0.21348314606741572,0.2159090909090909,0.20430107526881722,15441,69,74,19,3,"['TNNT2', 'OTOGL', 'GABRG1']","['TNNT2', 'COL5A2', 'SPTSSA', 'PRDM11', 'OTOGL', 'GABRG1', 'SLC6A7', 'SEMA5B', 'SBK1', 'ATP10D']",0.10933523354828166,fold_1
4.1,cluster_id,Exc L4-5 RORB FOLH1B,870,0.34958217270194986,0.36911764705882355,0.2885057471264368,14304,429,619,251,3,"['DNAAF1', 'KDM7A', 'AGBL1']","['DNAAF1', 'ZNF559', 'KDM7A', 'PSMB3', 'ARL17B', 'AGBL1', 'UHMK1', 'OTOGL', 'ALPK1', 'KRT10']",0.13292086872952782,fold_1
4.1,cluster_id,Exc L4-6 RORB SEMA3E,777,0.13990763379516435,0.1418732782369146,0.13256113256113256,14203,623,674,103,3,"['TANGO2', 'ITPK1', 'TAF4B']","['KLF9', 'TANGO2', 'OTOGL', 'KRT10', 'ITPK1', 'TAF4B', 'SLC6A7', 'SYNJ2']",0.05549275205914286,fold_1
4.1,cluster_id,Exc L4-5 RORB DAPK2,173,0.4716981132075472,0.5921052631578947,0.26011560693641617,15399,31,128,45,2,"['NPNT', 'PHACTR2']","['NPNT', 'KRT10', 'KLF9', 'OTOGL', 'PHACTR2', 'KDM7A', 'C2orf80', 'DNAH1']",0.03626526512424097,fold_1
4.1,cluster_id,Exc L5-6 RORB TTC12,167,0.4274353876739563,0.5119047619047619,0.25748502994011974,15395,41,124,43,4,"['TNNT2', 'EDA', 'SCARA3', 'TAF4B']","['MOBP', 'TNNT2', 'EDA', 'PLEKHH2', 'SCARA3', 'TAF4B', 'ARL6IP6', 'ITPK1', 'UHMK1', 'SLC6A7']",0.11922776008383701,fold_1
4.1,cluster_id,Exc L4-6 RORB C1R,160,0.3385416666666667,0.4642857142857143,0.1625,15413,30,134,26,3,"['TNNT2', 'SCARA3', 'PLEKHH2']","['TNNT2', 'MOBP', 'SCARA3', 'OTOGL', 'PLEKHH2', 'ITPK1', 'TAF4B', 'SIAE', 'SYNJ2', 'SLC6A7']",0.10337581489246656,fold_1
4.1,cluster_id,Exc L4-5 FEZF2 SCN4B,25,0.23076923076923078,0.3,0.12,15571,7,22,3,5,"['CACNA1H', 'WFDC1', 'ALPK1', 'SPATA17', 'DNAAF1']","['CACNA1H', 'WFDC1', 'ALPK1', 'SPATA17', 'DNAAF1', 'DOK7', 'CBFB', 'MYLIP', 'RBBP7', 'AGBL1']",0.4109104104048722,fold_1
4.1,cluster_id,Exc L5-6 THEMIS DCSTAMP,53,0.3105590062111801,0.37037037037037035,0.18867924528301888,15533,17,43,10,5,"['XKR7', 'PRDM11', 'MYOM2', 'EDA', 'SBK1']","['XKR7', 'PRDM11', 'MYOM2', 'FAM98B', 'EDA', 'SBK1', 'CFAP43', 'ADCY7', 'TMEM169', 'SYNJ2']",0.30088195722238764,fold_1
4.1,cluster_id,Exc L5-6 THEMIS CRABP1,147,0.48104956268221577,0.673469387755102,0.22448979591836735,15440,16,114,33,3,"['TGFA', 'EDA', 'SBK1']","['TGFA', 'XKR7', 'ITPKB', 'EDA', 'MYOM2', 'SBK1', 'ADCY7', 'COG2', 'SYNJ2', 'MAP2K1']",0.255964092230355,fold_1
4.1,cluster_id,Exc L5-6 THEMIS FGF10,78,0.18867924528301888,0.5714285714285714,0.05128205128205128,15522,3,74,4,1,['MYOM2'],"['XKR7', 'MYOM2', 'EDA', 'ZNF623', 'SLC16A1', 'MYLIP', 'SBK1', 'SYNJ2', 'HMGCS1', 'MAP2K1']",0.25749997823752035,fold_1
4.1,cluster_id,Exc L4-6 FEZF2 IL26,344,0.5593922651933702,0.8526315789473684,0.23546511627906977,15245,14,263,81,2,"['MYBPHL', 'SEMA5B']","['MYBPHL', 'MYLIP', 'MOBP', 'SEMA5B', 'USP12', 'CDC7', 'STARD10', 'BTBD3', 'TMEM191B', 'DTNBP1']",0.48190468517349794,fold_1
4.1,cluster_id,Exc L5-6 FEZF2 ABO,373,0.2954292084726867,0.40458015267175573,0.14209115281501342,15152,78,320,53,3,"['SEMA5B', 'DNAAF1', 'ALPK1']","['SEMA5B', 'CATSPERB', 'DNAAF1', 'SLC16A1', 'ALPK1', 'A2M', 'SCARA3', 'UHMK1', 'SYNJ2', 'VIPR1']",0.03430386274045874,fold_1
4.1,cluster_id,Exc L6 FEZF2 SCUBE1,52,0.44642857142857145,0.6666666666666666,0.19230769230769232,15546,5,42,10,4,"['NXPH3', 'TMEM158', 'IKZF2', 'HS3ST5']","['SLITRK6', 'NXPH3', 'KLF9', 'TMEM158', 'IKZF2', 'HS3ST5', 'ADCY7', 'C2orf80', 'SCARB1', 'TBC1D8']",0.3247080372155517,fold_1
4.1,cluster_id,Exc L5-6 FEZF2 IL15,56,0.5172413793103449,0.8,0.21428571428571427,15544,3,44,12,4,"['NPNT', 'WWTR1', 'TMEM158', 'HS3ST5']","['NPNT', 'IKZF2', 'WWTR1', 'PRDX6', 'TMEM158', 'HS3ST5', 'SLC16A1', 'GFOD2', 'ALPK1', 'ADCY7']",0.0938690274779055,fold_1
4.1,cluster_id,Exc L6 FEZF2 OR2T8,19,0.38461538461538464,0.3888888888888889,0.3684210526315789,15573,11,12,7,3,"['SLITRK6', 'NXPH3', 'CBFB']","['SLITRK6', 'NXPH3', 'TMEM158', 'IKZF2', 'CBFB', 'HS3ST5', 'ADCY7', 'BROX', 'PLEKHH2', 'CEP162']",0.6843875174544665,fold_1
4.1,cluster_id,Exc L5-6 FEZF2 EFTUD1P1,314,0.31683168316831684,0.367816091954023,0.20382165605095542,15179,110,250,64,3,"['TMEM158', 'ADCY7', 'WWTR1']","['ALPK1', 'TMEM158', 'IKZF2', 'CATSPERB', 'ADCY7', 'WWTR1', 'CBFB', 'CFAP43', 'VIPR1', 'RNF112']",0.11928127545594733,fold_1
4.1,cluster_id,OPC L1-6 PDGFRA,238,0.6374501992031872,0.9696969696969697,0.2689075630252101,15363,2,174,64,2,"['PLEKHH2', 'MEGF11']","['PLEKHH2', 'LRP4', 'SOX13', 'MEGF11', 'COL11A1', 'IKZF2', 'ABCG1', 'COL16A1']",0.343524952589373,fold_1
4.1,cluster_id,Astro L1-6 FGFR3 SLC14A1,230,0.8020637898686679,0.8181818181818182,0.7434782608695653,15335,38,59,171,1,['ETNPPL'],"['MTMR10', 'ETNPPL', 'ITPKB', 'XAF1', 'ADHFE1', 'LRP4', 'PLEKHB1', 'PRDX6', 'SREBF1', 'GLIS3']",0.7161637911156036,fold_1
4.1,cluster_id,Astro L1-2 FGFR3 GFAP,61,0.35398230088495575,0.6153846153846154,0.13114754098360656,15537,5,53,8,3,"['ADHFE1', 'ETNPPL', 'ITPKB']","['ADHFE1', 'PRDX6', 'LMO2', 'ETNPPL', 'ITPKB', 'LRP4', 'PLEKHB1', 'GLIS3', 'SOX13', 'SCARA3']",0.38761537429081017,fold_1
4.1,cluster_id,Oligo L1-6 OPALIN,313,0.9324982602644398,0.9537366548042705,0.8562300319488818,15277,13,45,268,1,['MOBP'],"['CARNS1', 'CERCAM', 'MOBP', 'PLEKHB1', 'MTMR10', 'SREBF1', 'SYNJ2', 'ABCG1', 'BTBD3']",0.9102476632162969,fold_1
4.1,cluster_id,Endo L2-6 NOSTRIN,9,0.5882352941176471,1.0,0.2222222222222222,15594,0,7,2,2,"['SP100', 'XAF1']","['NLRX1', 'OSMR', 'LMO2', 'SP100', 'XAF1', 'PDGFB', 'WWTR1', 'SCARB1', 'SERPINB6', 'ATP10D']",0.8190738196871303,fold_1
4.1,cluster_id,Micro L1-6 TYROBP,63,0.8181818181818182,0.8490566037735849,0.7142857142857143,15532,8,18,45,1,['TBXAS1'],"['CYBA', 'SH3TC1', 'TRIM38', 'RNF135', 'TBXAS1', 'TMEM156', 'ITGAM', 'BROX', 'PDGFB', 'SP100']",0.9966287782139095,fold_1
4.1,cluster_id,Inh L1-2 PAX6 CDH12,90,0.43209876543209874,0.7777777777777778,0.15555555555555556,15509,4,76,14,3,"['CHRFAM7A', 'CDH24', 'CHRM2']","['CHRFAM7A', 'CDH24', 'MACROD1', 'PDE1B', 'SPON1', 'CHRM2', 'PALLD', 'UBE2Q2', 'ANKRD50', 'PRDM5']",0.05865836143946764,fold_2
4.1,cluster_id,Inh L1-2 PAX6 TNFAIP8L3,16,0.2777777777777778,0.4,0.125,15584,3,14,2,3,"['SYNDIG1L', 'DPYS', 'MACROD1']","['SYNDIG1L', 'UAP1', 'DPYS', 'MYDGF', 'SRM', 'MACROD1', 'JADE3', 'UBE2Q2', 'CCDC178', 'CHRM2']",0.28461454205171083,fold_2
4.1,cluster_id,Inh L1 LAMP5 NMBR,283,0.45234248788368336,0.6666666666666666,0.1978798586572438,15292,28,227,56,2,"['SCRG1', 'MYDGF']","['SCRG1', 'SRM', 'MYDGF', 'GRIK4']",0.22952772589541556,fold_2
4.1,cluster_id,Inh L1-4 LAMP5 LCP2,356,0.45566502463054187,0.6491228070175439,0.20786516853932585,15207,40,282,74,2,"['TACR1', 'SRM']","['TACR1', 'SRM', 'NMNAT3']",0.2027086662801718,fold_2
4.1,cluster_id,Inh L1-2 LAMP5 DBP,21,0.24390243902439024,0.4,0.09523809523809523,15579,3,19,2,3,"['SCRG1', 'DNAJC12', 'TACR1']","['SCRG1', 'DNAJC12', 'SRM', 'CRELD2', 'TACR1', 'CNIH4', 'POLR2I', 'PPARD', 'UBE2Q2', 'LYN']",0.21262164343990386,fold_2
4.1,cluster_id,Inh L2-6 LAMP5 CA1,256,0.546028880866426,0.568075117370892,0.47265625,15255,92,135,121,2,"['TACR1', 'PARD3B']","['TACR1', 'PARD3B', 'FADS2', 'JADE3', 'CTPS1', 'CDC37L1', 'PARVA', 'GRIK4', 'SRM']",0.15964406253093938,fold_2
4.1,cluster_id,Inh L1 SST CHRNA4,52,0.1171875,0.15789473684210525,0.057692307692307696,15535,16,49,3,2,"['ST8SIA2', 'ANKRD50']","['ST8SIA2', 'CHRFAM7A', 'MYDGF', 'SRM', 'ANKRD50', 'TACR1']",0.13868039432628543,fold_2
4.1,cluster_id,Inh L1-2 ADARB2 MC4R,107,0.2553191489361702,0.375,0.11214953271028037,15476,20,95,12,2,"['ST8SIA2', 'ANKRD50']","['CHRFAM7A', 'ST8SIA2', 'COX7A1', 'ANKRD50', 'MACROD1']",0.027624528683257897,fold_2
4.1,cluster_id,Inh L1-2 SST BAGE2,108,0.24390243902439024,0.5714285714285714,0.07407407407407407,15489,6,100,8,2,"['ST8SIA2', 'GRIK4']","['ST8SIA2', 'GRIK4']",0.04990817137552355,fold_2
4.1,cluster_id,Inh L1-3 VIP SYT6,29,0.37735849056603776,0.6666666666666666,0.13793103448275862,15572,2,25,4,4,"['TRAFD1', 'CHRFAM7A', 'INSIG1', 'ANKRD50']","['TRAFD1', 'POLR1B', 'CHRFAM7A', 'INSIG1', 'ANKRD50', 'MACROD1', 'PALLD', 'TBC1D30', 'MYOM1', 'ANKRD18B']",0.2592461248024561,fold_2
4.1,cluster_id,Inh L1-2 VIP TSPAN12,42,0.23255813953488372,0.36363636363636365,0.09523809523809523,15554,7,38,4,2,"['ANKRD50', 'MACROD1']","['PRDM5', 'CHRFAM7A', 'ANKRD50', 'ST8SIA2', 'MACROD1', 'CNIH4', 'POLR2I', 'SRM', 'GNPDA2', 'CCDC47']",0.11459956953736389,fold_2
4.1,cluster_id,Inh L1-4 VIP CHRNA6,25,0.20408163265306123,0.3333333333333333,0.08,15574,4,23,2,3,"['KHK', 'MYOM1', 'MACROD1']","['KHK', 'MYOM1', 'INSIG1', 'CHRFAM7A', 'PALLD', 'MACROD1', 'TMEM192', 'ANKRD50', 'SLC44A2', 'HIP1R']",0.29937458868443406,fold_2
4.1,cluster_id,Inh L1-3 VIP ADAMTSL1,72,0.16129032258064516,0.3076923076923077,0.05555555555555555,15522,9,68,4,3,"['VWDE', 'SRM', 'CCDC50']","['VWDE', 'MACROD1', 'SRM', 'CCDC50', 'MYDGF']",0.007871423050465948,fold_2
4.1,cluster_id,Inh L1-4 VIP PENK,17,0.45454545454545453,0.75,0.17647058823529413,15585,1,14,3,3,"['ZIM2', 'RDH13', 'MACROD1']","['ZIM2', 'RPP25', 'RDH13', 'DEGS1', 'MACROD1', 'CDC37L1', 'SCRG1', 'ANKRD50', 'SLC44A2', 'ABCF1']",0.3838985324826582,fold_2
4.1,cluster_id,Inh L2-6 VIP QPCT,37,0.06015037593984962,0.050955414012738856,0.21621621621621623,15417,149,29,8,2,"['BEGAIN', 'MRAP2']","['BEGAIN', 'RCHY1', 'MRAP2']",0.06573098985598348,fold_2
4.1,cluster_id,Inh L3-6 VIP HS3ST3A1,80,0.26785714285714285,0.4090909090909091,0.1125,15510,13,71,9,2,"['VWDE', 'PDE9A']","['VWDE', 'POLR1B', 'CRELD2', 'PDE9A', 'BEGAIN', 'DLGAP3', 'BTBD3', 'MRAP2', 'DPYSL5']",0.296175836679743,fold_2
4.1,cluster_id,Inh L1-2 VIP PCDH20,61,0.22875816993464052,0.30434782608695654,0.11475409836065574,15526,16,54,7,1,['BTBD3'],"['BTBD3', 'MYDGF', 'ANKRD50', 'PARD3B']",0.12287346032331826,fold_2
4.1,cluster_id,Inh L2-5 VIP SERPINF1,55,0.07462686567164178,0.3333333333333333,0.01818181818181818,15546,2,54,1,1,['TMEM127'],['TMEM127'],0.2617405563169329,fold_2
4.1,cluster_id,Inh L2-5 VIP TYR,62,0.12295081967213115,0.2,0.04838709677419355,15529,12,59,3,2,"['BTBD3', 'TACR1']","['BTBD3', 'TACR1', 'RRP8']",0.037456203053717975,fold_2
4.1,cluster_id,Inh L1-3 VIP CHRM2,175,0.36507936507936506,0.6571428571428571,0.13142857142857142,15416,12,152,23,2,"['SYT2', 'CHRM2']","['SLC12A7', 'SYT2', 'LRRN1', 'PDE9A', 'CHRM2']",0.2989148878395003,fold_2
4.1,cluster_id,Inh L2-4 VIP CBLN1,67,0.32019704433497537,0.38235294117647056,0.19402985074626866,15515,21,54,13,2,"['CBLN1', 'SYT2']","['CBLN1', 'SYT2', 'PDE9A']",0.4608644542004261,fold_2
4.1,cluster_id,Inh L1-3 VIP CCDC184,64,0.14175257731958762,0.13580246913580246,0.171875,15469,70,53,11,2,"['LRRN1', 'ST8SIA2']","['LRRN1', 'SYT2', 'CRELD2', 'TRAFD1', 'ST8SIA2', 'CDC37L1', 'MRPL38', 'SRM', 'USP13']",0.2581311186578916,fold_2
4.1,cluster_id,Inh L1-3 VIP GGH,68,0.4268292682926829,0.5833333333333334,0.20588235294117646,15525,10,54,14,1,['VWDE'],"['VWDE', 'CBLN1', 'SYT2', 'PDE9A', 'CHRM2', 'ZNF24', 'BEGAIN', 'BTBD3']",0.5355986064997855,fold_2
4.1,cluster_id,Inh L1-2 VIP LBH,47,0.19704433497536947,0.20512820512820512,0.1702127659574468,15525,31,39,8,3,"['PRR5', 'TRAFD1', 'PARD3B']","['PRR5', 'LSG1', 'CCDC50', 'TRAFD1', 'CXXC5', 'PARD3B', 'DEGS1', 'CRELD2', 'RCHY1', 'MYDGF']",0.08901909297568149,fold_2
4.1,cluster_id,Inh L2-3 VIP CASC6,45,0.39823008849557523,0.5294117647058824,0.2,15550,8,36,9,3,"['AR', 'RRAGA', 'INSIG1']","['AR', 'RRAGA', 'INSIG1', 'CHRFAM7A', 'CCDC50', 'TMEM127', 'TRAFD1', 'CRELD2', 'URM1', 'ARL6IP6']",0.22565430630687958,fold_2
4.1,cluster_id,Inh L2-4 VIP SPAG17,33,0.12195121951219512,0.5,0.030303030303030304,15569,1,32,1,2,"['GORASP2', 'PKD2L2']","['GORASP2', 'PKD2L2', 'CNTNAP3B']",0.040365455765491824,fold_2
4.1,cluster_id,Inh L1-4 VIP OPRM1,52,0.06944444444444445,0.2,0.019230769230769232,15547,4,51,1,1,['BEGAIN'],"['MYDGF', 'BEGAIN']",0.0385225344108638,fold_2
4.1,cluster_id,Inh L3-6 SST NPY,15,0.5813953488372093,0.7142857142857143,0.3333333333333333,15586,2,10,5,2,"['TACR1', 'IQCJ-SCHIP1']","['IQCJ', 'NPY2R', 'ZDHHC16', 'TACR1', 'ESYT3', 'IQCJ-SCHIP1', 'AKNA', 'FADS2', 'PRDM5', 'CHRM2']",0.36645362336963117,fold_2
4.1,cluster_id,Inh L3-6 SST HPGD,60,0.3804347826086957,0.875,0.11666666666666667,15542,1,53,7,4,"['PRKCQ', 'ITGA1', 'SPON1', 'C3orf80']","['PRKCQ', 'ITGA1', 'SPON1', 'CCDC50', 'C3orf80', 'PALLD', 'LYN', 'MYO19', 'TBC1D30', 'ANKRD40']",0.09588986841191945,fold_2
4.1,cluster_id,Inh L4-6 SST B3GAT2,182,0.18324607329842932,0.28,0.07692307692307693,15385,36,168,14,2,"['ITGA1', 'TBC1D30']","['ITGA1', 'LYN', 'PARVA', 'TBC1D30']",0.06445581297287756,fold_2
4.1,cluster_id,Inh L5-6 SST KLHDC8A,63,0.3157894736842105,0.75,0.09523809523809523,15538,2,57,6,3,"['PRR5', 'ITGA1', 'AKNA']","['PRR5', 'XRCC4', 'ITGA1', 'AKNA', 'SPPL2A', 'RNF214', 'PARVA', 'SETDB1', 'TBC1D30', 'LYN']",0.18863359531111681,fold_2
4.1,cluster_id,Inh L5-6 SST NPM1P10,79,0.5384615384615384,0.7241379310344828,0.26582278481012656,15516,8,58,21,3,"['ITGA1', 'SPON1', 'ANKRD50']","['HDAC10', 'ITGA1', 'SPON1', 'ANKRD50', 'TRAPPC3', 'TBC1D30', 'SRM', 'RCHY1']",0.17442077921970872,fold_2
4.1,cluster_id,Inh L4-6 SST GXYLT2,41,0.2459016393442623,0.6,0.07317073170731707,15560,2,38,3,4,"['ZNF182', 'ITGA1', 'HDAC10', 'SPON1']","['ZNF182', 'ESYT3', 'ITGA1', 'HDAC10', 'SPON1', 'OMG', 'MICALL2', 'TBC1D30', 'PSMC2', 'SPPL2A']",0.11814626945033907,fold_2
4.1,cluster_id,Inh L4-5 SST STK32A,93,0.16728624535315986,0.20454545454545456,0.0967741935483871,15475,35,84,9,2,"['ITGA1', 'CABLES1']","['AFAP1L2', 'ITGA1', 'CABLES1']",0.048979167600516973,fold_2
4.1,cluster_id,Inh L1-3 SST CALB1,279,0.22488755622188905,0.30927835051546393,0.10752688172043011,15257,67,249,30,3,"['PRKCQ', 'CHAF1A', 'TACR1']","['PRKCQ', 'CHAF1A', 'LYN', 'TACR1']",0.11692096160136303,fold_2
4.1,cluster_id,Inh L3-5 SST ADGRG6,132,0.20114942528735633,0.25925925925925924,0.10606060606060606,15431,40,118,14,3,"['AFAP1L2', 'ITGA1', 'FADS2']","['AFAP1L2', 'AKNA', 'ITGA1', 'FADS2', 'LYN']",0.03232156592626978,fold_2
4.1,cluster_id,Inh L2-4 SST FRZB,64,0.12254901960784313,0.11627906976744186,0.15625,15463,76,54,10,3,"['ASB13', 'RNF214', 'CNTNAP3B']","['ASB13', 'RNF214', 'TMEM127', 'CNTNAP3B']",0.061390639205302217,fold_2
4.1,cluster_id,Inh L5-6 SST TH,27,0.3191489361702128,0.6,0.1111111111111111,15574,2,24,3,2,"['INSIG1', 'MRAP2']","['PRC1', 'INSIG1', 'MAN2B1', 'ATP13A1', 'MRAP2', 'PARD3B', 'AP2S1', 'SLC1A4', 'ITGA1', 'TMEM192']",0.12153911509349342,fold_2
4.1,cluster_id,Inh L5-6 LHX6 GLP1R,27,0.16129032258064516,1.0,0.037037037037037035,15576,0,26,1,2,"['GPR137', 'SCRG1']","['GPR137', 'PKD2L2', 'RRM2B', 'NKIRAS1', 'SCRG1', 'PARD3B', 'TRMT2B', 'RDH13', 'TBC1D30', 'CHRM2']",0.4637743917358668,fold_2
4.1,cluster_id,Inh L5-6 PVALB LGR5,52,0.27439024390243905,0.32142857142857145,0.17307692307692307,15532,19,43,9,2,"['CHRM2', 'SCRG1']","['CHRM2', 'SCRG1', 'RNF141', 'SLC29A1', 'MYO19', 'ANKRD18B', 'LYN', 'ZNF41', 'BCAR1', 'GAS2']",0.0872812726237013,fold_2
4.1,cluster_id,Inh L4-5 PVALB MEPE,64,0.4032258064516129,0.6666666666666666,0.15625,15534,5,54,10,3,"['PKD2L2', 'CHRM2', 'PARVA']","['AR', 'PKD2L2', 'AKNA', 'CHRM2', 'PARVA', 'NKIRAS1', 'EAF2', 'SLC1A4', 'CNTNAP3B', 'ANKRD50']",0.13151282135893438,fold_2
4.1,cluster_id,Inh L2-4 PVALB WFDC2,387,0.27614571092831963,0.4051724137931034,0.12144702842377261,15147,69,340,47,3,"['ASB13', 'TACR1', 'CCDC50']","['ASB13', 'TACR1', 'MRPL27', 'EAF2', 'MYO19', 'CCDC50', 'MPP1', 'CTPS1', 'CNTNAP3B', 'PKD2L2']",0.0542169062186727,fold_2
4.1,cluster_id,Inh L4-6 PVALB SULF1,167,0.340632603406326,0.45901639344262296,0.16766467065868262,15403,33,139,28,2,"['CNTNAP3B', 'CHRM2']","['SCRG1', 'CNTNAP3B', 'PKD2L2', 'EAF2', 'PARVA', 'CHRM2', 'CCDC50', 'SLC29A1']",0.04940904203510888,fold_2
4.1,cluster_id,Inh L5-6 SST MIR548F2,80,0.3977272727272727,0.5833333333333334,0.175,15513,10,66,14,3,"['AKNA', 'ZFYVE19', 'PARD3B']","['AKNA', 'ZFYVE19', 'TBC1D30', 'SCRG1', 'PARD3B', 'MYO19', 'SLC45A4', 'CNTNAP3B', 'ITGA1', 'RHBDL3']",0.1607195461826747,fold_2
4.1,cluster_id,Inh L2-5 PVALB SCUBE3,32,0.4807692307692308,1.0,0.15625,15571,0,27,5,4,"['PDE9A', 'RHBDL3', 'NMNAT3', 'CNTNAP3B']","['RBM22', 'PDE9A', 'RHBDL3', 'BEGAIN', 'NMNAT3', 'CNTNAP3B', 'CCDC50', 'MPP1', 'SLC29A1', 'BMP2K']",0.1079366519468888,fold_2
4.1,cluster_id,Exc L2 LAMP5 LTK,812,0.21756756756756757,0.22299168975069253,0.19827586206896552,14230,561,651,161,2,"['ANKRD18B', 'MAST3']","['ANKRD18B', 'PRSS3', 'NAGPA', 'BEGAIN', 'TESC', 'MAST3', 'ARHGAP33', 'ZNF706', 'RILPL1', 'FXYD1']",0.07280736329057708,fold_2
4.1,cluster_id,Exc L2-4 LINC00507 GLP2R,170,0.07204610951008646,0.07633587786259542,0.058823529411764705,15312,121,160,10,2,"['TESC', 'C16orf87']","['TESC', 'PRSS3', 'ANKRD18B', 'NAGPA', 'APLF', 'C16orf87', 'SNTB2', 'OTOGL', 'PSMC2', 'MCHR2']",0.05007948681508143,fold_2
4.1,cluster_id,Exc L2-3 LINC00507 FREM3,2284,0.5871923237380059,0.6166484118291348,0.4929947460595447,12619,700,1158,1126,3,"['IQCJ-SCHIP1', 'TESC', 'ANKRD18B']","['IQCJ-SCHIP1', 'CTPS1', 'LRRN1', 'PRSS3', 'TESC', 'ANKRD18B', 'ZNF236', 'BEGAIN', 'RILPL1', 'PDE1B']",0.09487008044313303,fold_2
4.1,cluster_id,Exc L5-6 THEMIS C1QL3,1537,0.3369042074212079,0.3539967373572594,0.2823682498373455,13274,792,1103,434,4,"['APLF', 'SNN', 'TESC', 'NAGPA']","['APLF', 'SNN', 'C3orf80', 'TESC', 'PRSS3', 'NAGPA', 'ZNF706', 'OMG', 'SNTB2', 'CX3CL1']",0.08553315908288411,fold_2
4.1,cluster_id,Exc L3-4 RORB CARM1P1,280,0.4166666666666667,0.5789473684210527,0.19642857142857142,15283,40,225,55,4,"['IQCJ-SCHIP1', 'ROBO3', 'RHBDL3', 'VWDE']","['IQCJ', 'RNF141', 'IQCJ-SCHIP1', 'ROBO3', 'RHBDL3', 'VWDE', 'SCRG1', 'C12orf42', 'SPPL2A', 'ANKRD18B']",0.0903259748115545,fold_2
4.1,cluster_id,Exc L3-5 RORB ESR1,1428,0.6812436804853387,0.8528481012658228,0.37745098039215685,14082,93,889,539,2,"['ANXA1', 'DPY19L3']","['ANXA1', 'CXXC5', 'DPY19L3', 'OTOGL', 'COX7A1', 'FXYD1', 'MCHR2', 'FAM178B']",0.22669129536733795,fold_2
4.1,cluster_id,Exc L3-5 RORB COL22A1,160,0.5434782608695652,0.5785123966942148,0.4375,15392,51,90,70,1,['OTOGL'],"['OTOGL', 'PRSS3', 'ANKRD18B', 'CXXC5', 'C16orf87', 'AAAS', 'POLR2I']",0.19928251009194348,fold_2
4.1,cluster_id,Exc L3-5 RORB FILIP1L,153,0.17509727626459143,0.34615384615384615,0.058823529411764705,15433,17,144,9,3,"['LRRN1', 'OTOGL', 'PRSS3']","['IQCJ-SCHIP1', 'LRRN1', 'OTOGL', 'FADS2', 'PRSS3', 'TESC', 'ANKRD18B', 'RHBDL3', 'APLF', 'C16orf87']",0.05497581746115916,fold_2
4.1,cluster_id,Exc L3-5 RORB TWIST2,93,0.12944983818770225,0.14814814814814814,0.08602150537634409,15464,46,85,8,3,"['OTOGL', 'FXYD1', 'MRAP2']","['OTOGL', 'RNF126', 'PRSS3', 'CXXC5', 'FXYD1', 'MRAP2', 'COX7A1', 'MCHR2', 'FAM13A']",0.04896815192248974,fold_2
4.1,cluster_id,Exc L4-5 RORB FOLH1B,870,0.5552202776101388,0.602291325695581,0.42298850574712643,14490,243,502,368,3,"['NPY2R', 'RNF141', 'PRSS3']","['NPY2R', 'RNF141', 'RCHY1', 'TFPT', 'PRSS3', 'RHBDL3', 'DNAJC12', 'C12orf42', 'PARVA', 'NMNAT3']",0.23585745069579514,fold_2
4.1,cluster_id,Exc L4-6 RORB SEMA3E,777,0.3092994674313806,0.3629807692307692,0.19433719433719435,14561,265,626,151,2,"['ARHGAP25', 'NPY2R']","['ARHGAP25', 'NPY2R', 'RHBDL3', 'CXXC5', 'NMNAT3', 'TESC', 'COX7A1', 'OTOGL', 'APLF', 'PARVA']",0.007421504855174539,fold_2
4.1,cluster_id,Exc L4-5 RORB DAPK2,173,0.09237875288683603,0.12307692307692308,0.046242774566473986,15373,57,165,8,3,"['RHBDL3', 'OTOGL', 'ZNF236']","['RHBDL3', 'OTOGL', 'ZNF236']",0.06121112751567836,fold_2
4.1,cluster_id,Exc L5-6 RORB TTC12,167,0.2454780361757106,0.34545454545454546,0.11377245508982035,15400,36,148,19,4,"['PRKCQ', 'LRRN1', 'TESC', 'TACR1']","['PRKCQ', 'LRRN1', 'TESC', 'OGFR', 'SPIN3', 'TACR1', 'NMNAT3', 'ATP13A1', 'PDE1B', 'DHX8']",0.06153696499437974,fold_2
4.1,cluster_id,Exc L4-6 RORB C1R,160,0.19736842105263158,0.3333333333333333,0.075,15419,24,148,12,4,"['LRRN1', 'OTOGL', 'NMNAT3', 'BCAR1']","['LRRN1', 'OTOGL', 'NMNAT3', 'OGFR', 'MCHR2', 'BCAR1', 'RNF126', 'CXXC5', 'SPIN3', 'TESC']",0.09578981402090764,fold_2
4.1,cluster_id,Exc L4-5 FEZF2 SCN4B,25,0.37735849056603776,0.5714285714285714,0.16,15575,3,21,4,3,"['FZD4', 'SYT2', 'NOSIP']","['FZD4', 'PRDM6', 'SYT2', 'NOSIP', 'APLF', 'C3orf80', 'ST8SIA2', 'PDE9A', 'RHBDL3', 'NBPF9']",0.41417725906788355,fold_2
4.1,cluster_id,Exc L5-6 THEMIS DCSTAMP,53,0.4639175257731959,0.8181818181818182,0.16981132075471697,15548,2,44,9,2,"['CAPN13', 'ANXA1']","['TMEM234', 'CAPN13', 'ST8SIA2', 'ANXA1', 'DPYS', 'TESC', 'PPARD', 'PRPF3', 'PRSS3', 'C3orf80']",0.7684181362386584,fold_2
4.1,cluster_id,Exc L5-6 THEMIS CRABP1,147,0.5183946488294314,0.8157894736842105,0.2108843537414966,15449,7,116,31,2,"['CAPN13', 'TESC']","['AKR1C2', 'CAPN13', 'DPYS', 'GUSB', 'TESC', 'PPARD', 'PRSS3', 'UBA52', 'CABLES1', 'CHRM2']",0.18095267443863172,fold_2
4.1,cluster_id,Exc L5-6 THEMIS FGF10,78,0.18421052631578946,0.25,0.08974358974358974,15504,21,71,7,5,"['AKR1C2', 'UAP1', 'RNF126', 'GUSB', 'TESC']","['CCNA2', 'AKR1C2', 'UAP1', 'RNF126', 'GUSB', 'TESC', 'APLF', 'ST8SIA2', 'PRSS3', 'DENND6B']",0.15500209968810222,fold_2
4.1,cluster_id,Exc L4-6 FEZF2 IL26,344,0.7598039215686274,0.9171597633136095,0.45058139534883723,15245,14,189,155,2,"['ROBO3', 'CHRM2']","['ROBO3', 'PDE9A', 'SPON1', 'HDAC10', 'CHRM2', 'BMP2K', 'DPY19L3', 'BTBD3', 'CABLES1', 'PKD2L2']",0.48750464889196926,fold_2
4.1,cluster_id,Exc L5-6 FEZF2 ABO,373,0.36097560975609755,0.4539877300613497,0.19839142091152814,15141,89,299,74,3,"['RAMP3', 'MAP3K8', 'PARVA']","['RAMP3', 'MAP3K8', 'SEC13', 'CX3CL1', 'PARVA', 'SNN', 'NMNAT3', 'TESC', 'ANKRD18B', 'PNPLA7']",0.10209838553135511,fold_2
4.1,cluster_id,Exc L6 FEZF2 SCUBE1,52,0.5555555555555556,0.6956521739130435,0.3076923076923077,15544,7,36,16,2,"['SLC15A5', 'CDH24']","['SLC15A5', 'CDH24', 'PRC1', 'PET117', 'ARHGAP25', 'INSIG1', 'C12orf42', 'DPYS', 'FADS2', 'CX3CL1']",0.43388724228725706,fold_2
4.1,cluster_id,Exc L5-6 FEZF2 IL15,56,0.390625,0.5555555555555556,0.17857142857142858,15539,8,46,10,3,"['SLC15A5', 'EAF2', 'CDH24']","['ESYT3', 'SLC15A5', 'EAF2', 'CDH24', 'NPY2R', 'C12orf42', 'FBXL12', 'AKR1E2', 'LAMC1', 'MRAP2']",0.19243268896589794,fold_2
4.1,cluster_id,Exc L6 FEZF2 OR2T8,19,0.6382978723404256,0.8571428571428571,0.3157894736842105,15583,1,13,6,4,"['CEP19', 'MAP3K8', 'RAMP3', 'SLC15A5']","['CEP19', 'ARPC4', 'MAP3K8', 'CCDC43', 'RAMP3', 'SLC15A5', 'ARHGAP25', 'CDH24', 'C12orf42', 'PDE9A']",0.5984708233665006,fold_2
4.1,cluster_id,Exc L5-6 FEZF2 EFTUD1P1,314,0.6840796019900498,0.7399103139013453,0.5254777070063694,15231,58,149,165,2,"['C12orf42', 'ITGA1']","['MAP3K8', 'RAMP3', 'NPY2R', 'C12orf42', 'CDH24', 'ITGA1', 'VWDE', 'TFPT', 'PNPLA7', 'OMG']",0.198822665252801,fold_2
4.1,cluster_id,OPC L1-6 PDGFRA,238,0.5870445344129555,0.90625,0.24369747899159663,15359,6,180,58,2,"['CCDC50', 'HIP1R']","['AFAP1L2', 'CCDC50', 'LRRN1', 'SCRG1', 'HIP1R', 'CABLES1', 'CHST11', 'PARD3B', 'RHBDL3']",0.3598829493303446,fold_2
4.1,cluster_id,Astro L1-6 FGFR3 SLC14A1,230,0.6457564575645757,0.8974358974358975,0.30434782608695654,15365,8,160,70,2,"['PRKCQ', 'CABLES1']","['SDC4', 'RFX4', 'MICALL2', 'PRKCQ', 'PRR5', 'CABLES1', 'PARD3B', 'FXYD1', 'SPON1', 'BMP2K']",0.3778537317762209,fold_2
4.1,cluster_id,Astro L1-2 FGFR3 GFAP,61,0.3383458646616541,0.5,0.14754098360655737,15533,9,52,9,2,"['FXYD1', 'SPON1']","['RFX4', 'FADS2', 'ROBO3', 'FXYD1', 'PARD3B', 'SPON1', 'PRKCQ', 'HIP1R', 'MICALL2', 'BMP2K']",0.24471226185610334,fold_2
4.1,cluster_id,Oligo L1-6 OPALIN,313,0.8303249097472925,0.8582089552238806,0.7348242811501597,15252,38,83,230,1,['MAG'],"['MAG', 'TRPM6', 'CLIC4', 'HIP1R']",1.0,fold_2
4.1,cluster_id,Endo L2-6 NOSTRIN,9,0.7142857142857143,1.0,0.3333333333333333,15594,0,6,3,1,['FLVCR2'],"['FLVCR2', 'CLIC4', 'PARVA', 'PECAM1', 'LYN', 'ITGA1', 'TMEM127', 'UBE2Q2', 'TMEM50B']",1.0,fold_2
4.1,cluster_id,Micro L1-6 TYROBP,63,0.9109311740890689,0.9782608695652174,0.7142857142857143,15539,1,18,45,1,['CSF1R'],"['CSF1R', 'MS4A7', 'ARHGAP25', 'LYN', 'BMP2K', 'AKNA', 'CHST11', 'LRRC8C', 'PDE9A', 'PECAM1']",1.0,fold_2
4.1,cluster_id,Inh L1-2 PAX6 CDH12,90,0.33678756476683935,0.35135135135135137,0.28888888888888886,15465,48,64,26,2,"['TMEM200C', 'FBXL7']","['TMEM200C', 'TRDMT1', 'GPR161', 'FBXL7', 'LZIC', 'PLS3', 'DENND2A', 'CXCL14']",0.09155075675568719,fold_3
4.1,cluster_id,Inh L1-2 PAX6 TNFAIP8L3,16,0.4166666666666667,1.0,0.125,15587,0,14,2,3,"['BMP3', 'TMEM200C', 'ZNF136']","['PPP1R14B', 'EFCAB14', 'BMP3', 'TMEM200C', 'ZNF136', 'ATAT1', 'SGCB', 'ASS1', 'SNCAIP', 'GPR161']",0.3921064481587625,fold_3
4.1,cluster_id,Inh L1 LAMP5 NMBR,283,0.4784688995215311,0.6976744186046512,0.21201413427561838,15294,26,223,60,2,"['NMBR', 'FBXL7']","['NMBR', 'SNCAIP', 'GPR161', 'CORT', 'SLC10A4', 'FBXL7', 'CXCL14']",0.5122363450037366,fold_3
4.1,cluster_id,Inh L1-4 LAMP5 LCP2,356,0.5711920529801324,0.647887323943662,0.38764044943820225,15172,75,218,138,2,"['FBXL7', 'CORT']","['LIPI', 'SNCAIP', 'MCF2', 'FBXL7', 'CORT', 'HRH1', 'HECA', 'SSH1', 'LYPD6']",0.06301004524490858,fold_3
4.1,cluster_id,Inh L1-2 LAMP5 DBP,21,0.2,1.0,0.047619047619047616,15582,0,20,1,3,"['SNRNP35', 'CORT', 'HRH1']","['SNRNP35', 'SPATA17', 'GPR161', 'CORT', 'LRRC47', 'HRH1', 'AGFG2', 'FBXL7', 'HECA', 'TRDMT1']",0.10404211735414597,fold_3
4.1,cluster_id,Inh L2-6 LAMP5 CA1,256,0.6872037914691943,0.7891156462585034,0.453125,15316,31,140,116,2,"['NPPC', 'FBXL7']","['NPPC', 'LIPI', 'GPR161', 'FBXL7', 'ASS1', 'MCF2', 'LYPD6', 'EFCAB14', 'C3orf70', 'HECA']",0.08966536412546286,fold_3
4.1,cluster_id,Inh L1 SST CHRNA4,52,0.32894736842105265,0.4,0.19230769230769232,15536,15,42,10,3,"['GNG12', 'NLRP12', 'CXCL14']","['GNG12', 'SLC10A4', 'NLRP12', 'PLS3', 'CXCL14']",0.06294584282876847,fold_3
4.1,cluster_id,Inh L1-2 ADARB2 MC4R,107,0.411522633744856,0.5882352941176471,0.18691588785046728,15482,14,87,20,3,"['GNG12', 'CXCL14', 'PLS3']","['GNG12', 'SLC10A4', 'CXCL14', 'PLS3']",0.06061635193420764,fold_3
4.1,cluster_id,Inh L1-2 SST BAGE2,108,0.15977443609022557,0.16037735849056603,0.1574074074074074,15406,89,91,17,2,"['GNG12', 'SLC10A4']","['GNG12', 'SCML4', 'SLC10A4', 'SNCAIP']",0.047136523508950076,fold_3
4.1,cluster_id,Inh L1-3 VIP SYT6,29,0.4098360655737705,0.625,0.1724137931034483,15571,3,24,5,3,"['HGFAC', 'BMP3', 'ACVR1']","['HGFAC', 'BMP3', 'ZCCHC12', 'C1orf112', 'GPR161', 'ACVR1', 'DENND2A', 'PLS3', 'ZNF69', 'ADCY7']",0.08136504799228461,fold_3
4.1,cluster_id,Inh L1-2 VIP TSPAN12,42,0.3448275862068966,0.36363636363636365,0.2857142857142857,15540,21,30,12,3,"['SDC2', 'PLS3', 'FBXL7']","['SDC2', 'GNG12', 'TRDMT1', 'TMEM200C', 'PLS3', 'FBXL7', 'LZIC']",0.05437256942531684,fold_3
4.1,cluster_id,Inh L1-4 VIP CHRNA6,25,0.17647058823529413,0.2,0.12,15566,12,22,3,3,"['SDC2', 'SLC10A4', 'TMEM200C']","['SDC2', 'SLC10A4', 'NUB1', 'PPAT', 'TMEM200C', 'ARHGAP24', 'NLRP12', 'PLS3', 'CCNC', 'FBXL7']",0.007572837960511709,fold_3
4.1,cluster_id,Inh L1-3 VIP ADAMTSL1,72,0.30405405405405406,0.47368421052631576,0.125,15521,10,63,9,4,"['ZCCHC12', 'SNCAIP', 'SCML4', 'SLC10A4']","['ZCCHC12', 'SNCAIP', 'SCML4', 'SLC10A4', 'ATP8B4', 'BPHL', 'SGCB', 'CCDC50', 'PLS3', 'GPR135']",0.07354054605820762,fold_3
4.1,cluster_id,Inh L1-4 VIP PENK,17,0.23809523809523808,1.0,0.058823529411764705,15586,0,16,1,3,"['KIF22', 'SNCAIP', 'HDHD2']","['MRPS7', 'KIF22', 'SNCAIP', 'ADCY7', 'HDHD2', 'XK', 'NUB1', 'TMEM200C', 'SP4', 'ACER2']",0.242255985626104,fold_3
4.1,cluster_id,Inh L2-6 VIP QPCT,37,0.2222222222222222,1.0,0.05405405405405406,15566,0,35,2,3,"['MRPL51', 'PLS3', 'ADCY7']","['C3orf70', 'MRPL51', 'EEF1G', 'PLS3', 'SRRT', 'ADCY7', 'RHOBTB3', 'MTMR9']",0.07738677393644955,fold_3
4.1,cluster_id,Inh L3-6 VIP HS3ST3A1,80,0.2925531914893617,0.4074074074074074,0.1375,15507,16,69,11,2,"['C3orf70', 'CHST15']","['C3orf70', 'STK32B', 'CHST15', 'SRRT', 'MATK', 'SNCAIP']",0.24215737851295455,fold_3
4.1,cluster_id,Inh L1-2 VIP PCDH20,61,0.425531914893617,0.6,0.19672131147540983,15534,8,49,12,2,"['PLS3', 'LRRC3B']","['BRI3', 'TRDMT1', 'PLS3', 'LPIN2', 'LZIC', 'LRRC3B', 'LYPD6']",0.07638170321443036,fold_3
4.1,cluster_id,Inh L2-5 VIP SERPINF1,55,0.1593625498007968,0.16326530612244897,0.14545454545454545,15507,41,47,8,3,"['TMEM200C', 'SLC10A4', 'ARHGAP24']","['TMEM200C', 'SLC10A4', 'BPHL', 'ARHGAP24']",0.03741715311739338,fold_3
4.1,cluster_id,Inh L2-5 VIP TYR,62,0.39855072463768115,0.5789473684210527,0.1774193548387097,15533,8,51,11,3,"['NPPC', 'SLC10A4', 'LYPD6']","['NPPC', 'ASB3', 'SLC10A4', 'LYPD6', 'TMEM200C', 'C3orf70', 'ASS1']",0.12284562508632389,fold_3
4.1,cluster_id,Inh L1-3 VIP CHRM2,175,0.26956521739130435,0.31,0.17714285714285713,15359,69,144,31,2,"['GNG12', 'LRRC3B']","['GNG12', 'LRRC3B', 'RHBDD1']",0.03372304486329694,fold_3
4.1,cluster_id,Inh L2-4 VIP CBLN1,67,0.17921146953405018,0.18867924528301888,0.14925373134328357,15493,43,57,10,2,"['ARHGAP24', 'FBLN7']","['ARHGAP24', 'SLC10A4', 'RHBDD1', 'FBLN7']",0.04019785632716705,fold_3
4.1,cluster_id,Inh L1-3 VIP CCDC184,64,0.4276315789473684,0.5909090909090909,0.203125,15530,9,51,13,2,"['SCML4', 'GNG12']","['SCML4', 'PRPS1', 'GNG12', 'TMEM200C', 'SLC10A4', 'ARHGAP24', 'RHBDD1', 'RNF220', 'LYPD6', 'FBLN7']",0.28532544283100253,fold_3
4.1,cluster_id,Inh L1-3 VIP GGH,68,0.13059701492537312,0.14,0.10294117647058823,15492,43,61,7,2,"['SLC10A4', 'CHST15']","['SLC10A4', 'SNCAIP', 'CHST15']",0.030040948467096446,fold_3
4.1,cluster_id,Inh L1-2 VIP LBH,47,0.25210084033613445,0.3333333333333333,0.1276595744680851,15544,12,41,6,2,"['HGFAC', 'SCML4']","['HGFAC', 'ZNF136', 'SCML4', 'TMEM200C', 'SLC10A4', 'CCDC50', 'ADCY7', 'LYPD6', 'C17orf75', 'GPR161']",0.22746955129232338,fold_3
4.1,cluster_id,Inh L2-3 VIP CASC6,45,0.4697986577181208,0.5384615384615384,0.3111111111111111,15546,12,31,14,3,"['SDC2', 'SCML4', 'SLC10A4']","['SDC2', 'SCML4', 'HGFAC', 'PIDD1', 'TMEM200C', 'SLC10A4', 'RANBP6', 'CAMK1G', 'STK32B', 'ARHGAP24']",0.24929085272920407,fold_3
4.1,cluster_id,Inh L2-4 VIP SPAG17,33,0.1834862385321101,0.21052631578947367,0.12121212121212122,15555,15,29,4,3,"['SDC2', 'ARHGAP24', 'ENDOD1']","['SDC2', 'SCML4', 'TMEM200C', 'ARHGAP24', 'ENDOD1', 'ENTPD3', 'LRRC3B']",0.08192487233547571,fold_3
4.1,cluster_id,Inh L1-4 VIP OPRM1,52,0.3125,0.7142857142857143,0.09615384615384616,15549,2,47,5,2,"['TRDMT1', 'ASS1']","['TRDMT1', 'C3orf70', 'ARHGAP24', 'ASS1', 'LRRC3B', 'FBLN7']",0.04360367062249911,fold_3
4.1,cluster_id,Inh L3-6 SST NPY,15,0.9090909090909091,1.0,0.6666666666666666,15588,0,5,10,2,"['ZNF69', 'CORT']","['STAC', 'MAGEL2', 'TYMS', 'ZNF69', 'CORT', 'ASS1', 'SP4', 'URB1', 'ARHGAP24', 'HRH1']",0.42882506283407057,fold_3
4.1,cluster_id,Inh L3-6 SST HPGD,60,0.5384615384615384,0.56,0.4666666666666667,15521,22,32,28,2,"['FAM89A', 'BMP3']","['FAM89A', 'BMP3', 'CORT', 'UTP18', 'GOLGA7', 'CCDC50', 'IGIP', 'TTC9C', 'C1orf112', 'IGFL4']",0.5680769276356931,fold_3
4.1,cluster_id,Inh L4-6 SST B3GAT2,182,0.29780564263322884,0.3333333333333333,0.2087912087912088,15345,76,144,38,2,"['CORT', 'STXBP6']","['FAM89A', 'CORT', 'NLRP12', 'STXBP6']",0.06575940661575143,fold_3
4.1,cluster_id,Inh L5-6 SST KLHDC8A,63,0.2694610778443114,0.34615384615384615,0.14285714285714285,15523,17,54,9,3,"['FAM89A', 'STK32B', 'MAN1B1']","['PER2', 'FAM89A', 'ARRDC5', 'PIDD1', 'STK32B', 'MAN1B1', 'ZC3H3', 'CORT', 'ZNF69', 'FRMD6']",0.09662133302607726,fold_3
4.1,cluster_id,Inh L5-6 SST NPM1P10,79,0.32558139534883723,0.4117647058823529,0.17721518987341772,15504,20,65,14,3,"['LRRC47', 'STXBP6', 'EEF1G']","['ZCCHC12', 'LRRC47', 'SLC25A44', 'STXBP6', 'EEF1G', 'BPHL', 'FRMD6', 'TCEAL3', 'LGMN', 'SCN9A']",0.04670541602886989,fold_3
4.1,cluster_id,Inh L4-6 SST GXYLT2,41,0.136986301369863,0.25,0.04878048780487805,15556,6,39,2,5,"['FAM227A', 'CWF19L1', 'TMEM87B', 'NIPSNAP3A', 'GNAI3']","['FAM227A', 'CWF19L1', 'NDUFA8', 'TMEM87B', 'NIPSNAP3A', 'GNAI3', 'SRRT', 'EEF1G', 'STXBP6', 'FRMD6']",0.08367597635907305,fold_3
4.1,cluster_id,Inh L4-5 SST STK32A,93,0.24096385542168675,0.3076923076923077,0.12903225806451613,15483,27,81,12,2,"['LGR5', 'FAM89A']","['LGR5', 'FAM89A', 'CORT', 'LGMN', 'NLRP12']",0.03459470857317415,fold_3
4.1,cluster_id,Inh L1-3 SST CALB1,279,0.13630731102850063,0.16666666666666666,0.07885304659498207,15214,110,257,22,2,"['ARRDC5', 'NLRP12']","['ARRDC5', 'NLRP12', 'LZIC']",0.1717380648346733,fold_3
4.1,cluster_id,Inh L3-5 SST ADGRG6,132,0.23026315789473684,0.2153846153846154,0.3181818181818182,15318,153,90,42,2,"['CORT', 'COL19A1']","['ARRDC5', 'CORT', 'NLRP12', 'COL19A1']",0.0428074088878143,fold_3
4.1,cluster_id,Inh L2-4 SST FRZB,64,0.1595744680851064,0.1935483870967742,0.09375,15514,25,58,6,3,"['FBLN7', 'ASS1', 'CORT']","['KRT8', 'FBLN7', 'RHOBTB3', 'ASS1', 'CORT', 'NLRP12']",0.031760614230058666,fold_3
4.1,cluster_id,Inh L5-6 SST TH,27,0.19607843137254902,0.3333333333333333,0.07407407407407407,15572,4,25,2,5,"['ZCCHC12', 'LRRC47', 'SLC25A44', 'ENDOD1', 'CAMK1G']","['ZCCHC12', 'LRRC47', 'SLC25A44', 'ENDOD1', 'CAMK1G', 'GET4', 'NUB1', 'CORT', 'ACVR1', 'GPC5']",0.37619656630474024,fold_3
4.1,cluster_id,Inh L5-6 LHX6 GLP1R,27,0.23255813953488372,0.5,0.07407407407407407,15574,2,25,2,2,"['ACVR1', 'FBLN7']","['LDB3', 'ASS1', 'ENDOD1', 'ACVR1', 'LRRC47', 'FBLN7', 'GPC5', 'DACH1', 'DCAF12', 'SMIM14']",0.08285354112269838,fold_3
4.1,cluster_id,Inh L5-6 PVALB LGR5,52,0.2777777777777778,0.8,0.07692307692307693,15550,1,48,4,3,"['CKMT2', 'LGR5', 'FILIP1']","['CKMT2', 'LGR5', 'FILIP1', 'KRT8', 'FBLN7', 'DENND2A', 'ASS1', 'DACH1', 'LYPD6', 'NDUFA8']",0.935746767117339,fold_3
4.1,cluster_id,Inh L4-5 PVALB MEPE,64,0.4444444444444444,0.43243243243243246,0.5,15497,42,32,32,2,"['MEPE', 'C17orf75']","['MEPE', 'NPPC', 'C17orf75', 'FILIP1', 'ENDOD1', 'GDAP2', 'FBLN7', 'LYPD6', 'GPC5', 'DENND2A']",0.6232091943529972,fold_3
4.1,cluster_id,Inh L2-4 PVALB WFDC2,387,0.3826311263972485,0.4587628865979381,0.22997416020671835,15111,105,298,89,3,"['FBLN7', 'SNCAIP', 'RHOBTB3']","['ASS1', 'FBLN7', 'RANBP6', 'SNCAIP', 'EFCAB14', 'RHOBTB3', 'CCDC50', 'TRMU', 'NDUFA8', 'ABHD14B']",0.07738043225105268,fold_3
4.1,cluster_id,Inh L4-6 PVALB SULF1,167,0.28322440087145967,0.3561643835616438,0.15568862275449102,15389,47,141,26,3,"['FBLN7', 'LYPD6', 'LZIC']","['FILIP1', 'FBLN7', 'RHOBTB3', 'LYPD6', 'ASS1', 'LZIC', 'SNCAIP', 'NLRP12']",0.08222072791643244,fold_3
4.1,cluster_id,Inh L5-6 SST MIR548F2,80,0.5236486486486487,0.5740740740740741,0.3875,15500,23,49,31,3,"['LYPD6', 'GPC5', 'CORT']","['RANBP6', 'LYPD6', 'FILIP1', 'FBLN7', 'GPC5', 'CORT', 'DACH1', 'SLC25A44', 'CAMK1G', 'TMEM87B']",0.08376784354089682,fold_3
4.1,cluster_id,Inh L2-5 PVALB SCUBE3,32,0.234375,0.375,0.09375,15566,5,29,3,4,"['FBLN7', 'GPR161', 'RHOBTB3', 'G3BP1']","['DPM3', 'FBLN7', 'GPR161', 'RHOBTB3', 'G3BP1', 'CCDC50', 'SGCB', 'ABHD14B', 'TRPS1', 'ARHGAP24']",0.12070500445061536,fold_3
4.1,cluster_id,Exc L2 LAMP5 LTK,812,0.36333333333333334,0.6337209302325582,0.13423645320197045,14728,63,703,109,2,"['ITPKA', 'GPC5']","['ITPKA', 'DDRGK1', 'FBLN7', 'GPC5', 'FRMD6']",0.14604036617826818,fold_3
4.1,cluster_id,Exc L2-4 LINC00507 GLP2R,170,0.09067357512953368,0.12962962962962962,0.041176470588235294,15386,47,163,7,3,"['PTPN14', 'GLIS1', 'FBLN7']","['ITPKA', 'PDE4C', 'PTPN14', 'GLIS1', 'FBLN7', 'IGIP', 'DDRGK1', 'B4GALNT1']",0.04755587238995103,fold_3
4.1,cluster_id,Exc L2-3 LINC00507 FREM3,2284,0.5480397570403093,0.6403225806451613,0.3476357267950963,12873,446,1490,794,3,"['ITPKA', 'C3orf70', 'FRMD6']","['BAHD1', 'ITPKA', 'PDE4C', 'XKR9', 'C3orf70', 'FRMD6', 'FBLN7', 'PTPN14', 'B4GALNT1', 'DDRGK1']",0.09627749636216314,fold_3
4.1,cluster_id,Exc L5-6 THEMIS C1QL3,1537,0.7172169371385936,0.8043933054393305,0.5003253090435914,13879,187,768,769,3,"['THEMIS', 'ITPKA', 'FRMD6']","['THEMIS', 'ITPKA', 'XKR9', 'RCSD1', 'PTPN14', 'FRMD6', 'B4GALNT1', 'GPR135', 'PDE4C', 'GPCPD1']",0.13512919163800807,fold_3
4.1,cluster_id,Exc L3-4 RORB CARM1P1,280,0.17391304347826086,0.17454545454545456,0.17142857142857143,15096,227,232,48,4,"['C3orf70', 'XKR9', 'FRMD6', 'GPR161']","['RALB', 'C3orf70', 'XKR9', 'FRMD6', 'CBY1', 'GPR161', 'DISP1', 'MARK2', 'RHOBTB3', 'ANO3']",0.08445686528419266,fold_3
4.1,cluster_id,Exc L3-5 RORB ESR1,1428,0.31,0.4189189189189189,0.15196078431372548,13874,301,1211,217,3,"['PTPN14', 'ANO3', 'FBLN7']","['PTPN14', 'GLIS1', 'ACER2', 'ANO3', 'CAMK1G', 'FBLN7', 'HRH1']",0.05159945292166653,fold_3
4.1,cluster_id,Exc L3-5 RORB COL22A1,160,0.1404494382022472,0.14492753623188406,0.125,15325,118,140,20,2,"['ANO3', 'PIH1D1']","['PTPN14', 'ANO3', 'GPR161', 'PIH1D1']",0.06685644428630874,fold_3
4.1,cluster_id,Exc L3-5 RORB FILIP1L,153,0.12605042016806722,0.17647058823529413,0.058823529411764705,15408,42,144,9,3,"['PTPN14', 'CEP78', 'ANO3']","['CAMK1G', 'PTPN14', 'CEP78', 'GDAP2', 'ANO3', 'XKR9', 'FRMD6', 'ACER2', 'DISP1', 'MATK']",0.0645751139146261,fold_3
4.1,cluster_id,Exc L3-5 RORB TWIST2,93,0.18248175182481752,0.45454545454545453,0.053763440860215055,15504,6,88,5,3,"['COMMD3', 'PTPN14', 'ANO3']","['COMMD3', 'PTPN14', 'ANO3', 'CAMK1G', 'DDRGK1', 'ACER2', 'FRMD6']",0.08375709248804682,fold_3
4.1,cluster_id,Exc L4-5 RORB FOLH1B,870,0.37415846711548423,0.38636363636363635,0.332183908045977,14274,459,581,289,4,"['RCSD1', 'NME2', 'PTPN14', 'XKR9']","['RCSD1', 'NME2', 'HECA', 'THEMIS', 'PTPN14', 'XKR9', 'RASGRP3', 'MGMT', 'ADCY7', 'DACH1']",0.12292274665025374,fold_3
4.1,cluster_id,Exc L4-6 RORB SEMA3E,777,0.3471725125268432,0.3125,0.6241956241956242,13759,1067,292,485,2,"['RCSD1', 'DACH1']","['RCSD1', 'THEMIS', 'PTPN14', 'DACH1', 'HECA', 'ANO3', 'CEP78', 'HRH1']",0.10482931462971612,fold_3
4.1,cluster_id,Exc L4-5 RORB DAPK2,173,0.05847953216374269,0.07058823529411765,0.03468208092485549,15351,79,167,6,3,"['PIDD1', 'GPR161', 'ANO3']","['PIDD1', 'GPR161', 'PTPN14', 'ANO3']",0.030342680152979248,fold_3
4.1,cluster_id,Exc L5-6 RORB TTC12,167,0.4408352668213457,0.5757575757575758,0.2275449101796407,15408,28,129,38,4,"['THEMIS', 'ZNF69', 'DACH1', 'ACER2']","['TADA3', 'THEMIS', 'ZNF69', 'BIN3', 'DACH1', 'ACER2', 'TRMU', 'FAM227A', 'HDHD2', 'IGFL4']",0.11474063763996273,fold_3
4.1,cluster_id,Exc L4-6 RORB C1R,160,0.15151515151515152,0.17391304347826086,0.1,15367,76,144,16,4,"['ACER2', 'FRMD6', 'DACH1', 'COMMD3']","['ACER2', 'THEMIS', 'RCSD1', 'FRMD6', 'DACH1', 'COMMD3', 'BIN3', 'PTPN14', 'ANO3', 'BZW1']",0.08289919880665417,fold_3
4.1,cluster_id,Exc L4-5 FEZF2 SCN4B,25,0.3424657534246575,0.4166666666666667,0.2,15571,7,20,5,4,"['POU3F1', 'ZNHIT1', 'RALB', 'PIK3IP1']","['POU3F1', 'ZNHIT1', 'RALB', 'ASB3', 'BPHL', 'PIK3IP1', 'TADA3', 'HECA', 'AGFG2', 'SPATA17']",0.8840369190562514,fold_3
4.1,cluster_id,Exc L5-6 THEMIS DCSTAMP,53,0.24752475247524752,0.4166666666666667,0.09433962264150944,15543,7,48,5,4,"['HELB', 'RASGRP3', 'NME2', 'PDE4C']","['RNF212', 'C1orf112', 'HELB', 'RASGRP3', 'NME2', 'PDE4C', 'THEMIS', 'STK32B', 'COMMD2', 'RTCA']",0.2820579137653455,fold_3
4.1,cluster_id,Exc L5-6 THEMIS CRABP1,147,0.5555555555555556,0.6811594202898551,0.3197278911564626,15434,22,100,47,3,"['THEMIS', 'EEF1G', 'STK32B']","['HELB', 'NME2', 'PDE4C', 'THEMIS', 'EEF1G', 'STK32B', 'ADCY7', 'ITPKA', 'DACH1', 'MRPL51']",0.1929033435193535,fold_3
4.1,cluster_id,Exc L5-6 THEMIS FGF10,78,0.4881656804733728,0.5076923076923077,0.4230769230769231,15493,32,45,33,2,"['THEMIS', 'STK32B']","['THEMIS', 'PDE4C', 'STK32B', 'NME2', 'AGFG2', 'ITPKA', 'RAD17', 'DACH1', 'COMMD2', 'GLIS1']",0.2248692455845257,fold_3
4.1,cluster_id,Exc L4-6 FEZF2 IL26,344,0.5901015228426396,0.8378378378378378,0.2703488372093023,15241,18,251,93,2,"['CARD11', 'FAM89A']","['RSAD2', 'CARD11', 'FAM89A', 'C3orf70', 'PIDD1', 'TRDMT1', 'CCDC50', 'RHOBTB3', 'GOLGA7B', 'GNA12']",0.2374353993492509,fold_3
4.1,cluster_id,Exc L5-6 FEZF2 ABO,373,0.4161640530759952,0.6052631578947368,0.18498659517426275,15185,45,304,69,3,"['FILIP1', 'RCSD1', 'C3orf70']","['FILIP1', 'RCSD1', 'LIPI', 'MSH4', 'C3orf70', 'C9orf85', 'GLIS1', 'B4GALNT1', 'QSER1', 'MGMT']",0.02837274040057479,fold_3
4.1,cluster_id,Exc L6 FEZF2 SCUBE1,52,0.5043859649122807,0.5227272727272727,0.4423076923076923,15530,21,29,23,3,"['NXPH4', 'RNF220', 'HRH1']","['NXPH4', 'HECA', 'ADCY7', 'RNF220', 'HRH1', 'SLC25A44', 'WBP2', 'B4GALNT1', 'RAP2A', 'COMMD2']",0.12895362683740166,fold_3
4.1,cluster_id,Exc L5-6 FEZF2 IL15,56,0.4807692307692308,0.8333333333333334,0.17857142857142858,15545,2,46,10,3,"['ATP8B4', 'NXPH4', 'RNF220']","['ATP8B4', 'NXPH4', 'MSH4', 'HECA', 'RNF220', 'COMMD2', 'GLIS1', 'ADCY7', 'GOLGA7B', 'ZSCAN31']",0.14645281894615725,fold_3
4.1,cluster_id,Exc L6 FEZF2 OR2T8,19,0.37037037037037035,1.0,0.10526315789473684,15584,0,17,2,3,"['RASL11B', 'B3GNT4', 'NXPH4']","['RASL11B', 'B3GNT4', 'NXPH4', 'ADCY7', 'LIPI', 'RASGRP3', 'TMEM87B', 'DISP1', 'HRH1', 'RAP2A']",1.0,fold_3
4.1,cluster_id,Exc L5-6 FEZF2 EFTUD1P1,314,0.5088495575221239,0.7582417582417582,0.2197452229299363,15267,22,245,69,3,"['FILIP1', 'ADCY7', 'SCML4']","['RNF212', 'FILIP1', 'LIPI', 'ADCY7', 'SCML4', 'GLIS1', 'COMMD2', 'DACH1', 'GPCPD1', 'GOLGA7B']",0.11928127545594733,fold_3
4.1,cluster_id,OPC L1-6 PDGFRA,238,0.6639344262295082,0.8709677419354839,0.3403361344537815,15353,12,157,81,2,"['CCDC50', 'CHST11']","['CCDC50', 'NLGN3', 'BEST1', 'STK32B', 'C3orf70', 'CHST11', 'FBXL7', 'DISP1']",0.3325841022361031,fold_3
4.1,cluster_id,Astro L1-6 FGFR3 SLC14A1,230,0.8093994778067886,0.9253731343283582,0.5391304347826087,15363,10,106,124,2,"['KCNJ10', 'ARHGAP24']","['PYGM', 'PPP1R3C', 'KCNJ10', 'SDC2', 'ARHGAP24', 'RHOBTB3', 'GPC5', 'ZMAT1', 'PFKFB3', 'FBXL7']",0.24984537498482412,fold_3
4.1,cluster_id,Astro L1-2 FGFR3 GFAP,61,0.23255813953488372,0.35294117647058826,0.09836065573770492,15531,11,55,6,3,"['BEST1', 'PLEKHB1', 'ZMAT1']","['KCNJ10', 'BEST1', 'PLEKHB1', 'RHOBTB3', 'ZMAT1', 'RNF220', 'GPC5', 'FBXL7', 'ANKDD1A', 'RIMKLB']",0.24315450126047686,fold_3
4.1,cluster_id,Oligo L1-6 OPALIN,313,0.8093994778067886,0.8899521531100478,0.5942492012779552,15267,23,127,186,1,['ERMN'],"['ERMN', 'SH3TC2', 'LDB3', 'PLEKHB1', 'MTMR10', 'RASGRP3', 'BEST1', 'KCNJ10', 'RNF220', 'FBXL7']",1.0,fold_3
4.1,cluster_id,Endo L2-6 NOSTRIN,9,0.6896551724137931,0.8,0.4444444444444444,15593,1,5,4,1,['GPCPD1'],"['ACVR1', 'RCSD1', 'RNF220', 'TMOD3', 'GPCPD1', 'FRMD6', 'FBXL7', 'DENND2A', 'PTPN14']",0.09839758769412044,fold_3
4.1,cluster_id,Micro L1-6 TYROBP,63,0.752895752895753,0.7959183673469388,0.6190476190476191,15530,10,24,39,1,['PIK3R5'],"['SLCO2B1', 'PIK3R5', 'LILRB1', 'IL17RA', 'NLRP1', 'DOCK2', 'ATP8B4', 'RCSD1', 'ADCY7', 'ARHGAP24']",1.0,fold_3
4.1,cluster_id,Inh L1-2 PAX6 CDH12,90,0.15151515151515152,0.15053763440860216,0.15555555555555556,15434,79,76,14,2,"['HIF3A', 'CPLX2']","['HIF3A', 'CPLX2', 'PPIE']",0.03199092972409384,fold_4
4.1,cluster_id,Inh L1-2 PAX6 TNFAIP8L3,16,0.25,1.0,0.0625,15587,0,15,1,3,"['PIGM', 'DPYS', 'DPM2']","['PIGM', 'ZBTB34', 'TRMT10C', 'DPYS', 'DPM2', 'TMEM127', 'VAV3', 'HIPK1', 'ERP29', 'HMGN2']",0.28461454205171083,fold_4
4.1,cluster_id,Inh L1 LAMP5 NMBR,283,0.3988995873452545,0.5225225225225225,0.2049469964664311,15267,53,225,58,2,"['HS3ST5', 'ABCC1']","['HS3ST5', 'ADRA1D', 'MTMR8', 'ABCC1', 'TMED10']",0.35233154793774885,fold_4
4.1,cluster_id,Inh L1-4 LAMP5 LCP2,356,0.20833333333333334,0.3698630136986301,0.07584269662921349,15201,46,329,27,2,"['PLXDC1', 'ABCC1']","['FAM174A', 'ERP29', 'PLXDC1', 'ABCC1', 'HIPK1', 'NMNAT3']",0.06391710472513958,fold_4
4.1,cluster_id,Inh L1-2 LAMP5 DBP,21,0.2,1.0,0.047619047619047616,15582,0,20,1,3,"['HS3ST5', 'DDX19B', 'C2CD2L']","['ZNF135', 'HS3ST5', 'PPIE', 'DDX19B', 'C2CD2L', 'ART3', 'ZNF429', 'ABCC1', 'RPL11', 'HMGN2']",0.22221198135381093,fold_4
4.1,cluster_id,Inh L2-6 LAMP5 CA1,256,0.4721030042918455,0.5207100591715976,0.34375,15266,81,168,88,2,"['VAV3', 'ASPM']","['VAV3', 'FAM174A', 'ASPM', 'ANKRD13A', 'STAC2', 'AK7']",0.14861216792692028,fold_4
4.1,cluster_id,Inh L1 SST CHRNA4,52,0.1524390243902439,0.17857142857142858,0.09615384615384616,15528,23,47,5,2,"['SNRPF', 'NTN4']","['SNRPF', 'MTMR8', 'NTN4']",0.04387113655514943,fold_4
4.1,cluster_id,Inh L1-2 ADARB2 MC4R,107,0.3082614056720099,0.2840909090909091,0.4672897196261682,15370,126,57,50,1,['NTN4'],"['MTMR8', 'NTN4', 'RPL11', 'HIPK1']",0.09031165858239504,fold_4
4.1,cluster_id,Inh L1-3 VIP SYT6,29,0.5504587155963303,0.6,0.41379310344827586,15566,8,17,12,2,"['PDLIM5', 'CCDC141']","['ADRA1D', 'C2CD2L', 'ZCCHC12', 'PDLIM5', 'TRPM1', 'CCDC141', 'HIF3A', 'ARHGAP6', 'ACVR1C', 'HIPK1']",0.17307268138121695,fold_4
4.1,cluster_id,Inh L1-2 VIP TSPAN12,42,0.32051282051282054,0.5555555555555556,0.11904761904761904,15557,4,37,5,3,"['HIF3A', 'HIPK1', 'CCDC141']","['ADGRG2', 'ADRA1D', 'HIF3A', 'HIPK1', 'CCDC141', 'DDX56', 'PIGF', 'C2CD2L', 'NTN4']",0.04695061386820269,fold_4
4.1,cluster_id,Inh L1-4 VIP CHRNA6,25,0.3333333333333333,0.6,0.12,15576,2,22,3,2,"['CCDC141', 'PKD1L1']","['CCDC141', 'SH3RF2', 'PKD1L1', 'HIPK1', 'ASPM', 'HIF3A', 'RPL11', 'ABCC1', 'ARL10', 'INPP1']",0.1656401585934989,fold_4
4.1,cluster_id,Inh L1-3 VIP ADAMTSL1,72,0.0857843137254902,0.08333333333333333,0.09722222222222222,15454,77,65,7,2,"['ZCCHC12', 'PPIE']","['ZCCHC12', 'MTMR8', 'PPIE']",0.08634908253582034,fold_4
4.1,cluster_id,Inh L1-4 VIP PENK,17,0.2702702702702703,0.4,0.11764705882352941,15583,3,15,2,2,"['ITGB3', 'SNRPF']","['ITGB3', 'TCTN1', 'PIGF', 'TRPM1', 'SNRPF', 'ROMO1', 'FGD3', 'ANKRD13A', 'TMED10', 'HMGN2']",0.5145917136048006,fold_4
4.1,cluster_id,Inh L2-6 VIP QPCT,37,0.5752212389380531,0.6842105263157895,0.35135135135135137,15560,6,24,13,2,"['ABI3BP', 'PDLIM5']","['ABI3BP', 'SPAG1', 'PDLIM5', 'ANKRD13A', 'HIPK1', 'HIF3A', 'VAV3', 'CPLX2', 'SMIM13', 'RALBP1']",0.3193958162492757,fold_4
4.1,cluster_id,Inh L3-6 VIP HS3ST3A1,80,0.46153846153846156,0.5333333333333333,0.3,15502,21,56,24,2,"['ABI3BP', 'HIF3A']","['ABI3BP', 'HIF3A', 'KCNH8', 'PHKA1', 'PDLIM5', 'ASPM', 'CPLX2', 'RHBDD1', 'SPAG1']",0.22723327373273403,fold_4
4.1,cluster_id,Inh L1-2 VIP PCDH20,61,0.21008403361344538,0.20270270270270271,0.2459016393442623,15483,59,46,15,2,"['HIF3A', 'CPLX2']","['HIF3A', 'TMED10', 'PDLIM5', 'CPLX2']",0.041477106097297586,fold_4
4.1,cluster_id,Inh L2-5 VIP SERPINF1,55,0.07462686567164178,0.3333333333333333,0.01818181818181818,15546,2,54,1,1,['TMEM127'],"['TMEM127', 'SULT2B1', 'KIF13B']",0.2617405563169329,fold_4
4.1,cluster_id,Inh L2-5 VIP TYR,62,0.39473684210526316,0.6923076923076923,0.14516129032258066,15537,4,53,9,2,"['COL15A1', 'KLHDC8A']","['COL15A1', 'EPHX1', 'KLHDC8A', 'ARFGAP3', 'RHBDD1', 'RALBP1']",0.14050448314387948,fold_4
4.1,cluster_id,Inh L1-3 VIP CHRM2,175,0.24549918166939444,0.27522935779816515,0.17142857142857143,15349,79,145,30,2,"['TBL1X', 'ARHGAP6']","['TBL1X', 'ARHGAP6', 'RHBDD1']",0.06872340056823484,fold_4
4.1,cluster_id,Inh L2-4 VIP CBLN1,67,0.0258732212160414,0.021314387211367674,0.1791044776119403,14985,551,55,12,1,['RHBDD1'],"['AK7', 'RHBDD1']",0.05446604525540478,fold_4
4.1,cluster_id,Inh L1-3 VIP CCDC184,64,0.25735294117647056,0.2692307692307692,0.21875,15501,38,50,14,2,"['KCNH8', 'ASPM']","['KCNH8', 'TBL1X', 'RHBDD1', 'ASPM', 'HIF3A']",0.10636514875040903,fold_4
4.1,cluster_id,Inh L1-3 VIP GGH,68,0.16304347826086957,0.20689655172413793,0.08823529411764706,15512,23,62,6,2,"['ACVR1C', 'TBL1X']","['ACVR1C', 'TBL1X', 'RALBP1']",0.04582231004888337,fold_4
4.1,cluster_id,Inh L1-2 VIP LBH,47,0.21390374331550802,0.22857142857142856,0.1702127659574468,15529,27,39,8,3,"['KCNH8', 'ERP29', 'ZCCHC12']","['KCNH8', 'ERP29', 'ZCCHC12', 'ARMCX2', 'SMIM13', 'RPL11', 'CCDC141', 'HIPK1', 'TBL1X', 'HMGN2']",0.1164034006219812,fold_4
4.1,cluster_id,Inh L2-3 VIP CASC6,45,0.3333333333333333,0.4666666666666667,0.15555555555555556,15550,8,38,7,3,"['SH3RF2', 'CCDC141', 'HIF3A']","['ERP29', 'SH3RF2', 'TMEM127', 'CCDC141', 'HIF3A', 'ZNF224', 'PLXDC1', 'TBL1X', 'ARFGAP3', 'SNCG']",0.04556497379513369,fold_4
4.1,cluster_id,Inh L2-4 VIP SPAG17,33,0.24390243902439024,1.0,0.06060606060606061,15570,0,31,2,4,"['CCDC141', 'ASPM', 'HIF3A', 'KIF13B']","['CCDC141', 'DDX56', 'ERP29', 'ASPM', 'HIF3A', 'KIF13B']",0.04749154931998312,fold_4
4.1,cluster_id,Inh L1-4 VIP OPRM1,52,0.09868421052631579,0.09523809523809523,0.11538461538461539,15494,57,46,6,2,"['CCDC141', 'HIF3A']","['ABI3BP', 'CCDC141', 'HIF3A', 'SULT2B1']",0.031054832108942717,fold_4
4.1,cluster_id,Inh L3-6 SST NPY,15,0.813953488372093,1.0,0.4666666666666667,15588,0,8,7,2,"['CRHBP', 'CRYBG3']","['ST6GALNAC1', 'CASP6', 'CCDC126', 'KLF5', 'CRHBP', 'CRYBG3', 'JAG2', 'CPOX', 'TMCC3', 'KLHDC8A']",0.38959726378999004,fold_4
4.1,cluster_id,Inh L3-6 SST HPGD,60,0.20348837209302326,0.25,0.11666666666666667,15522,21,53,7,3,"['RCAN3', 'ITGA1', 'DDX56']","['RGSL1', 'RCAN3', 'ITGA1', 'DDX56', 'ACVR1C', 'POLR3G', 'TMEM183A', 'CRYBG3', 'PDLIM5', 'RNASET2']",0.10757194285463685,fold_4
4.1,cluster_id,Inh L4-6 SST B3GAT2,182,0.43973941368078173,0.5,0.2967032967032967,15367,54,128,54,2,"['RCAN3', 'KLF5']","['RCAN3', 'KLF5', 'FBLIM1', 'B3GAT2', 'TMCC3', 'FGD3', 'ITGA1', 'RNASET2']",0.3396511039656515,fold_4
4.1,cluster_id,Inh L5-6 SST KLHDC8A,63,0.5035971223021583,0.7368421052631579,0.2222222222222222,15535,5,49,14,4,"['KLHDC8A', 'FBLIM1', 'TMCC3', 'CRHBP']","['KLHDC8A', 'FBLIM1', 'TMCC3', 'KLF5', 'ITGA1', 'CRHBP', 'KIF13B', 'DNAH5', 'PTDSS2', 'B3GAT2']",0.4272638751655325,fold_4
4.1,cluster_id,Inh L5-6 SST NPM1P10,79,0.4304635761589404,0.7222222222222222,0.16455696202531644,15519,5,66,13,3,"['KLHDC8A', 'ITGA1', 'POLR2L']","['KLHDC8A', 'ZCCHC12', 'ITGA1', 'POLR2L', 'TBL1X', 'TMCC3', 'SNCG', 'AK8', 'TMED10', 'RNASET2']",0.1482166841343396,fold_4
4.1,cluster_id,Inh L4-6 SST GXYLT2,41,0.2898550724637681,0.5714285714285714,0.0975609756097561,15559,3,37,4,3,"['CYP26A1', 'TBL1X', 'SULT2B1']","['CYP26A1', 'RCAN3', 'ITGA1', 'TBL1X', 'SULT2B1', 'FGD3', 'MTMR8', 'ARHGAP6', 'SNCG', 'PRKCG']",0.1145277709576326,fold_4
4.1,cluster_id,Inh L4-5 SST STK32A,93,0.43352601156069365,0.75,0.16129032258064516,15505,5,78,15,2,"['TMCC3', 'CCDC141']","['TMCC3', 'RCAN3', 'CCDC141', 'ITGA1', 'FGD3', 'B3GAT2']",0.22148375050078128,fold_4
4.1,cluster_id,Inh L1-3 SST CALB1,279,0.3655107778819119,0.39593908629441626,0.27956989247311825,15205,119,201,78,1,['CRYBG3'],"['CRYBG3', 'SULT2B1', 'MTMR8', 'ACVR1C', 'FGD3', 'AK7', 'TMCC3', 'AK8', 'RNASET2']",0.2421113816928256,fold_4
4.1,cluster_id,Inh L3-5 SST ADGRG6,132,0.27472527472527475,0.3448275862068966,0.15151515151515152,15433,38,112,20,3,"['KLF5', 'ITGA1', 'CRHBP']","['KLF5', 'TMCC3', 'ITGA1', 'CRHBP', 'CRYBG3', 'AK8', 'PIWIL4', 'ARHGAP6', 'MGAT4A', 'RNASET2']",0.025822016886993093,fold_4
4.1,cluster_id,Inh L2-4 SST FRZB,64,0.19230769230769232,0.2608695652173913,0.09375,15522,17,58,6,3,"['CRHBP', 'SULT2B1', 'PIWIL4']","['CRHBP', 'SULT2B1', 'ACVR1C', 'PIWIL4', 'ASPM', 'AK7', 'TMCC3', 'AK8', 'TMEM127', 'RNASET2']",0.06918981963846763,fold_4
4.1,cluster_id,Inh L5-6 SST TH,27,0.26666666666666666,0.3333333333333333,0.14814814814814814,15568,8,23,4,4,"['ZCCHC12', 'PHKA1', 'ERP29', 'PKD1L1']","['ZCCHC12', 'PHKA1', 'ERP29', 'DDX19B', 'KLHDC8A', 'PKD1L1', 'TMEM183A', 'AVEN', 'CRHBP', 'SLC25A24']",0.2595239564214418,fold_4
4.1,cluster_id,Inh L5-6 LHX6 GLP1R,27,0.35353535353535354,0.3888888888888889,0.25925925925925924,15565,11,20,7,3,"['PHKA1', 'CRHBP', 'ARHGAP6']","['PHKA1', 'DNAH5', 'CRHBP', 'KRR1', 'ARHGAP6', 'SULT2B1', 'FAM174A', 'KIF13B', 'ASPM', 'VAV3']",0.12408369906763193,fold_4
4.1,cluster_id,Inh L5-6 PVALB LGR5,52,0.2604166666666667,0.45454545454545453,0.09615384615384616,15545,6,47,5,2,"['VAV3', 'SNCG']","['PHKA1', 'VAV3', 'SNCG', 'ARHGAP6', 'STAC2', 'FGD3', 'ASPM', 'CFAP52', 'INPP1', 'ZNF154']",0.08208013744356031,fold_4
4.1,cluster_id,Inh L4-5 PVALB MEPE,64,0.30405405405405406,0.42857142857142855,0.140625,15527,12,55,9,4,"['NADSYN1', 'CRHBP', 'SNCG', 'PCYT1A']","['NADSYN1', 'STAC2', 'CRHBP', 'PHKA1', 'SNCG', 'PCYT1A', 'VAV3', 'ACVR1C', 'PPIE', 'KIF13B']",0.10113403047233555,fold_4
4.1,cluster_id,Inh L2-4 PVALB WFDC2,387,0.3056080655324512,0.3233333333333333,0.25064599483204136,15013,203,290,97,2,"['PHKA1', 'CRHBP']","['DDX56', 'PHKA1', 'CRHBP', 'STAC2', 'PFKFB2', 'SNCG', 'TMCC3', 'ASPM', 'NMNAT3', 'PIWIL4']",0.021930427913446522,fold_4
4.1,cluster_id,Inh L4-6 PVALB SULF1,167,0.23423423423423423,0.26804123711340205,0.15568862275449102,15365,71,141,26,3,"['CRHBP', 'ASPM', 'SNCG']","['FBLIM1', 'TRPM1', 'CRHBP', 'ASPM', 'STAC2', 'SNCG', 'TMCC3', 'AK8', 'RNASET2']",0.0628630419694187,fold_4
4.1,cluster_id,Inh L5-6 SST MIR548F2,80,0.3125,0.3392857142857143,0.2375,15486,37,61,19,3,"['VAV3', 'CRHBP', 'RRP12']","['FBLIM1', 'FAM81B', 'VAV3', 'PHKA1', 'CRHBP', 'RRP12', 'PKD1L1', 'STAC2', 'KIF13B', 'ITGA1']",0.08694923711670635,fold_4
4.1,cluster_id,Inh L2-5 PVALB SCUBE3,32,0.4807692307692308,1.0,0.15625,15571,0,27,5,2,"['COL15A1', 'RUNDC1']","['COL15A1', 'ABI3BP', 'PIGF', 'ELK3', 'NMNAT3', 'RUNDC1', 'ARHGAP6', 'PFKFB2', 'B3GAT2', 'PIWIL4']",0.48259639074466487,fold_4
4.1,cluster_id,Exc L2 LAMP5 LTK,812,0.43414918414918413,0.6592920353982301,0.1834975369458128,14714,77,663,149,2,"['ACVR1C', 'ART3']","['ACVR1C', 'ART3', 'SH3RF2', 'ADAMTS3', 'NAGPA', 'PLXNA1', 'ASPHD1', 'CREM', 'NNAT', 'IPO5']",0.3512730808084036,fold_4
4.1,cluster_id,Exc L2-4 LINC00507 GLP2R,170,0.31802120141342755,0.36363636363636365,0.21176470588235294,15370,63,134,36,2,"['SH3RF2', 'ACVR1C']","['SH3RF2', 'ACVR1C', 'ART3', 'PDE4C', 'ADAMTS3', 'CREM', 'SLK', 'NAGPA', 'VIPR1', 'NNAT']",0.7029123182349811,fold_4
4.1,cluster_id,Exc L2-3 LINC00507 FREM3,2284,0.5477986139421117,0.5712008501594049,0.47066549912434325,12512,807,1209,1075,2,"['SH3RF2', 'ADAMTS3']","['SH3RF2', 'ART3', 'PDE4C', 'ADAMTS3', 'CFAP52', 'ACVR1C', 'FBXL13', 'RCOR1', 'PTPN3', 'DNAH5']",0.15257041679475014,fold_4
4.1,cluster_id,Exc L5-6 THEMIS C1QL3,1537,0.4136933461909354,0.47039473684210525,0.27911515940143133,13583,483,1108,429,3,"['FAM81B', 'EXOSC9', 'ADAMTS3']","['FAM81B', 'EXOSC9', 'ART3', 'ADAMTS3', 'CFAP52', 'PDE4C', 'PTPN3', 'NAGPA', 'NIT2', 'PLXDC1']",0.12881932088968626,fold_4
4.1,cluster_id,Exc L3-4 RORB CARM1P1,280,0.25862068965517243,0.34615384615384615,0.12857142857142856,15255,68,244,36,3,"['IKZF3', 'CRYBG3', 'POLR3G']","['IKZF3', 'PFKFB2', 'CRYBG3', 'FBXL13', 'POLR3G', 'PTPN3', 'PODXL', 'DNAH5', 'FCHO1', 'NIT2']",0.11088937790581078,fold_4
4.1,cluster_id,Exc L3-5 RORB ESR1,1428,0.5795148247978437,0.8935064935064935,0.24089635854341737,14134,41,1084,344,2,"['CD53', 'TBL1X']","['CD53', 'MEGF10', 'ART3', 'PTPN3', 'NRGN', 'TBL1X', 'ARL14EP']",0.009447335374232653,fold_4
4.1,cluster_id,Exc L3-5 RORB COL22A1,160,0.33783783783783783,0.37037037037037035,0.25,15375,68,120,40,2,"['KLHDC8A', 'ADAMTS3']","['ABI3BP', 'KLHDC8A', 'STAC2', 'POLR2L', 'DNAH5', 'ADAMTS3', 'RPL11', 'CFAP52', 'NNAT', 'RPL29']",0.03926361035342121,fold_4
4.1,cluster_id,Exc L3-5 RORB FILIP1L,153,0.07630522088353414,0.0695970695970696,0.12418300653594772,15196,254,134,19,4,"['ADAMTS3', 'DNAH5', 'CFAP52', 'DISP1']","['ADAMTS3', 'DNAH5', 'CFAP52', 'PTPN3', 'AK8', 'DISP1', 'PLXNA1', 'C2CD2L', 'JAG2', 'ALDH3A2']",0.07874051904190744,fold_4
4.1,cluster_id,Exc L3-5 RORB TWIST2,93,0.0847457627118644,0.0875,0.07526881720430108,15437,73,86,7,3,"['FBXL13', 'PTPN3', 'RPL11']","['FBXL13', 'WBP2NL', 'ADAMTS3', 'PTPN3', 'RPL11', 'AK8', 'PLXNA1', 'ARL14EP', 'NRGN', 'ZFYVE21']",0.09416129113215436,fold_4
4.1,cluster_id,Exc L4-5 RORB FOLH1B,870,0.37364517969195665,0.3975720789074355,0.30114942528735633,14336,397,608,262,5,"['NMNAT3', 'FBXL13', 'KRR1', 'PIWIL4', 'NIT2']","['ANKDD1B', 'NMNAT3', 'FBXL13', 'KRR1', 'PIWIL4', 'NIT2', 'SNCG', 'PTPN3', 'PLXNA1', 'POLR2L']",0.0884269602349082,fold_4
4.1,cluster_id,Exc L4-6 RORB SEMA3E,777,0.19166973829708808,0.21487603305785125,0.13384813384813385,14446,380,673,104,3,"['NMNAT3', 'PLXDC1', 'KCNIP3']","['NMNAT3', 'PLXDC1', 'PTPN3', 'KCNIP3', 'PIWIL4', 'NNAT']",0.06445624787427759,fold_4
4.1,cluster_id,Exc L4-5 RORB DAPK2,173,0.12048192771084337,0.3157894736842105,0.03468208092485549,15417,13,167,6,4,"['PFKFB2', 'PLXDC1', 'ANKRD33B', 'NMNAT3']","['PFKFB2', 'PLXDC1', 'RNF114', 'ANKRD33B', 'KCNIP3', 'NMNAT3']",0.039573305986028665,fold_4
4.1,cluster_id,Exc L5-6 RORB TTC12,167,0.37074148296593185,0.4457831325301205,0.2215568862275449,15390,46,130,37,4,"['TLE3', 'RAI2', 'ART3', 'VAV3']","['TLE3', 'RAI2', 'RRP12', 'ART3', 'VAV3', 'CFAP52', 'SLC25A24', 'NMNAT3', 'PLXDC1', 'PLXNA1']",0.5545242140325295,fold_4
4.1,cluster_id,Exc L4-6 RORB C1R,160,0.3079710144927536,0.5862068965517241,0.10625,15431,12,143,17,3,"['MEGF10', 'DNAH5', 'NMNAT3']","['MEGF10', 'DNAH5', 'NMNAT3', 'VAV3', 'PLXNA1', 'ADAMTS3', 'STAC2', 'KCNIP3', 'ZFYVE21', 'NSMF']",0.13746703701882843,fold_4
4.1,cluster_id,Exc L4-5 FEZF2 SCN4B,25,0.4444444444444444,0.8,0.16,15577,1,21,4,5,"['SIGIRR', 'C3orf18', 'LAMTOR2', 'STAC2', 'AK7']","['SIGIRR', 'C3orf18', 'TMED3', 'LAMTOR2', 'STAC2', 'AK7', 'CRYBG3', 'ART3', 'PLXDC1', 'POLR3G']",0.5686505023590603,fold_4
4.1,cluster_id,Exc L5-6 THEMIS DCSTAMP,53,0.32,0.4444444444444444,0.1509433962264151,15540,10,45,8,4,"['LHFPL5', 'ERN1', 'B3GAT2', 'DPYS']","['CAPN13', 'LHFPL5', 'ERN1', 'B3GAT2', 'DPYS', 'PDE4C', 'PDLIM5', 'CRYBG3', 'POLR3G', 'ANKRD13A']",0.36040566768864923,fold_4
4.1,cluster_id,Exc L5-6 THEMIS CRABP1,147,0.47854785478547857,0.7435897435897436,0.19727891156462585,15446,10,118,29,3,"['ELK3', 'RPL11', 'B3GAT2']","['ZNF684', 'ELK3', 'CAPN13', 'DPYS', 'RPL11', 'B3GAT2', 'PDE4C', 'MYO10', 'ADAMTS3', 'CCDC141']",0.28821605032174813,fold_4
4.1,cluster_id,Exc L5-6 THEMIS FGF10,78,0.3695652173913043,0.4473684210526316,0.21794871794871795,15504,21,61,17,4,"['FAM81B', 'EXOSC9', 'B3GAT2', 'PDLIM5']","['FAM81B', 'ELK3', 'EXOSC9', 'PDE4C', 'B3GAT2', 'PDLIM5', 'POLR3G', 'RCOR1', 'ADAMTS3', 'ANKRD13A']",0.2156294966689088,fold_4
4.1,cluster_id,Exc L4-6 FEZF2 IL26,344,0.2689873417721519,0.33774834437086093,0.14825581395348839,15159,100,293,51,3,"['ERN1', 'SPAG1', 'B3GAT2']","['ERN1', 'SPAG1', 'CPOX', 'B3GAT2', 'FCHO1', 'AK7', 'ASPM', 'PKD1L1', 'VIPR1', 'NIT2']",0.07920937291269042,fold_4
4.1,cluster_id,Exc L5-6 FEZF2 ABO,373,0.4085155350978136,0.5725806451612904,0.1903485254691689,15177,53,302,71,4,"['LHFPL5', 'NMNAT3', 'ARHGAP6', 'PLXNA1']","['LHFPL5', 'CRYBG3', 'NMNAT3', 'ARHGAP6', 'PLXNA1', 'ALDH3A2', 'SLC25A24', 'NLRC4', 'PIWIL4', 'VIPR1']",0.09415243009211391,fold_4
4.1,cluster_id,Exc L6 FEZF2 SCUBE1,52,0.4326923076923077,0.6923076923076923,0.17307692307692307,15547,4,43,9,4,"['SAMD9', 'CYP26A1', 'HS3ST5', 'PFKFB2']","['SAMD9', 'CYP26A1', 'HS3ST5', 'NNAT', 'DPYS', 'PFKFB2', 'SMIM13', 'PIWIL4', 'ARHGAP6', 'SLK']",0.3287159351765958,fold_4
4.1,cluster_id,Exc L5-6 FEZF2 IL15,56,0.3225806451612903,0.47058823529411764,0.14285714285714285,15538,9,48,8,3,"['WWTR1', 'NNAT', 'SLK']","['WWTR1', 'HS3ST5', 'NNAT', 'SLK', 'PIWIL4', 'ERN1', 'MTM1', 'TBL1X', 'ITGA1', 'ARHGAP6']",0.1477564845131387,fold_4
4.1,cluster_id,Exc L6 FEZF2 OR2T8,19,0.42857142857142855,0.75,0.15789473684210525,15583,1,16,3,5,"['TCAF2', 'ARMCX2', 'CPOX', 'HS3ST5', 'B3GAT2']","['TCAF2', 'ARMCX2', 'STAC2', 'CPOX', 'HS3ST5', 'B3GAT2', 'NNAT', 'CHMP5', 'DISP1', 'PIWIL4']",0.31921721562087346,fold_4
4.1,cluster_id,Exc L5-6 FEZF2 EFTUD1P1,314,0.6062355658198614,0.7608695652173914,0.3343949044585987,15256,33,209,105,3,"['CRYBG3', 'ITGA1', 'PIWIL4']","['CDC23', 'CRYBG3', 'ITGA1', 'ERN1', 'WWTR1', 'PIWIL4', 'NNAT', 'KCNIP3', 'VIPR1', 'NSMF']",0.12854591054580422,fold_4
4.1,cluster_id,OPC L1-6 PDGFRA,238,0.4838709677419355,0.675,0.226890756302521,15339,26,184,54,2,"['KCNH8', 'PDLIM5']","['PMP2', 'ATP10B', 'KCNH8', 'MEGF10', 'PDLIM5', 'MYO10', 'HIF3A', 'DISP1']",0.1546282607056642,fold_4
4.1,cluster_id,Astro L1-6 FGFR3 SLC14A1,230,0.7210242587601078,0.8359375,0.4652173913043478,15352,21,123,107,2,"['EYA2', 'HIF3A']","['RLBP1', 'EDNRB', 'SOX9', 'EYA2', 'HIF3A', 'PHKA1', 'MEGF10', 'TLR4', 'DAAM2', 'MYO10']",0.5252077903375245,fold_4
4.1,cluster_id,Astro L1-2 FGFR3 GFAP,61,0.4700854700854701,0.7857142857142857,0.18032786885245902,15539,3,50,11,2,"['SOX9', 'DAAM2']","['SOX9', 'DAAM2', 'TLR4', 'PFKFB2', 'EYA2', 'HIF3A', 'MEGF10', 'MYO10', 'PDLIM5', 'SULT2B1']",0.4312780756695085,fold_4
4.1,cluster_id,Oligo L1-6 OPALIN,313,0.754017305315204,0.9838709677419355,0.38977635782747605,15288,2,191,122,2,"['KCNH8', 'DAAM2']","['TMEM98', 'KCNH8', 'DAAM2', 'ATP10B', 'MEGF10', 'KIF13B', 'TMCC3', 'PDE8A', 'STRN']",0.39725639055178685,fold_4
4.1,cluster_id,Endo L2-6 NOSTRIN,9,0.5882352941176471,1.0,0.2222222222222222,15594,0,7,2,2,"['ELK3', 'PECAM1']","['JUP', 'WWTR1', 'TRPM1', 'MYO10', 'ELK3', 'PECAM1', 'AK7', 'FGD3', 'ITGA1', 'TMEM127']",0.07038049133890055,fold_4
4.1,cluster_id,Micro L1-6 TYROBP,63,0.6748466257668712,0.88,0.3492063492063492,15537,3,41,22,1,['HLA-DPA1'],"['ALOX5', 'HLA-DPA1', 'RNF135', 'CD53', 'ZFP36L1', 'TLR4', 'RNASET2', 'MGAT4A', 'DISP1', 'ELK3']",1.0,fold_4
4.1,cluster_id,Inh L1-2 PAX6 CDH12,90,0.2891156462585034,0.3333333333333333,0.18888888888888888,15479,34,73,17,3,"['GRPR', 'UNC5B', 'DCHS2']","['GRPR', 'UNC5B', 'TRIM8', 'CISD2', 'DCHS2', 'POLR2K', 'PCED1B']",0.09832614983784733,fold_5
4.1,cluster_id,Inh L1-2 PAX6 TNFAIP8L3,16,0.25,1.0,0.0625,15587,0,15,1,4,"['NSMCE4A', 'DMKN', 'TRIM4', 'HYOU1']","['NSMCE4A', 'DMKN', 'TRIM4', 'HYOU1', 'RGPD6', 'WSCD2', 'SDCBP', 'GTF2IRD2B', 'CALR', 'RNLS']",0.5010768029096258,fold_5
4.1,cluster_id,Inh L1 LAMP5 NMBR,283,0.46659597030752914,0.5333333333333333,0.31095406360424027,15243,77,195,88,2,"['NPNT', 'CALR']","['NPNT', 'SLC7A5', 'DOCK6', 'HYOU1', 'CALR']",0.1407533716931743,fold_5
4.1,cluster_id,Inh L1-4 LAMP5 LCP2,356,0.23636363636363636,0.27956989247311825,0.14606741573033707,15113,134,304,52,2,"['UNC5B', 'DOCK6']","['UNC5B', 'DOCK6']",0.044639403110569215,fold_5
4.1,cluster_id,Inh L1-2 LAMP5 DBP,21,0.1724137931034483,0.5,0.047619047619047616,15581,1,20,1,5,"['MYPOP', 'TRIM5', 'UFSP2', 'RWDD1', 'CNGB3']","['MYPOP', 'TRIM5', 'UFSP2', 'RWDD1', 'RRN3', 'CNGB3', 'CBFB', 'ACAA1', 'SLC7A5', 'RILPL2']",0.1683474048964396,fold_5
4.1,cluster_id,Inh L2-6 LAMP5 CA1,256,0.25547445255474455,0.3835616438356164,0.109375,15302,45,228,28,3,"['UNC5B', 'ST8SIA4', 'SMCO4']","['TRIM8', 'UNC5B', 'DOCK6', 'ST8SIA4', 'SMCO4', 'HYOU1', 'EPM2A', 'HAX1']",0.04176115207646563,fold_5
4.1,cluster_id,Inh L1 SST CHRNA4,52,0.3,0.27586206896551724,0.46153846153846156,15488,63,28,24,1,['ARHGAP36'],"['ARHGAP36', 'TMEM91', 'WSCD2', 'OCA2', 'EZH2']",0.5021564245489678,fold_5
4.1,cluster_id,Inh L1-2 ADARB2 MC4R,107,0.4665629860031104,0.44776119402985076,0.5607476635514018,15422,74,47,60,1,['ARHGAP36'],"['ARHGAP36', 'UNC5B', 'NTNG2', 'OCA2']",0.4978435754510321,fold_5
4.1,cluster_id,Inh L1-3 VIP SYT6,29,0.145985401459854,0.14814814814814814,0.13793103448275862,15551,23,25,4,4,"['RMI1', 'PARP14', 'PCBD1', 'PUS1']","['RMI1', 'PARP14', 'BCL2L2-PABPN1', 'PCBD1', 'RRP36', 'PUS1', 'HSD17B11', 'RIPPLY2', 'DCHS2', 'DESI1']",0.3795586499438064,fold_5
4.1,cluster_id,Inh L1-2 VIP TSPAN12,42,0.12295081967213115,0.15,0.07142857142857142,15544,17,39,3,2,"['ADGRG2', 'RRN3']","['ADGRG2', 'CISD2', 'UNC5B', 'RRN3', 'DCHS2', 'HMCN2']",0.5099220588929795,fold_5
4.1,cluster_id,Inh L1-4 VIP CHRNA6,25,0.1111111111111111,0.2,0.04,15574,4,24,1,3,"['PKD1L1', 'CALR', 'HSD17B11']","['CNGB3', 'PKD1L1', 'CALR', 'INPP1', 'HSD17B11']",0.08484485375760424,fold_5
4.1,cluster_id,Inh L1-3 VIP ADAMTSL1,72,0.2616279069767442,0.2647058823529412,0.25,15481,50,54,18,2,"['PHLDB3', 'ZBTB20']","['PHLDB3', 'MARCKSL1', 'POMT2', 'CLTCL1', 'ZBTB20', 'SVIL', 'KDELR2']",0.08906748744716894,fold_5
4.1,cluster_id,Inh L1-4 VIP PENK,17,0.40540540540540543,0.6,0.17647058823529413,15584,2,14,3,2,"['HMCN2', 'SMCO4']","['AARS2', 'HMCN2', 'IFT140', 'SMCO4', 'NPNT', 'PHLDB3', 'CNNM3', 'HNRNPUL1', 'DOCK6', 'VAC14']",0.4162822767860823,fold_5
4.1,cluster_id,Inh L2-6 VIP QPCT,37,0.12195121951219512,1.0,0.02702702702702703,15566,0,36,1,2,"['VWCE', 'ECH1']","['MARCKSL1', 'VWCE', 'PCBD1', 'ECH1', 'HYOU1', 'UFSP2', 'GNG3', 'PRKX']",0.11194528790470668,fold_5
4.1,cluster_id,Inh L3-6 VIP HS3ST3A1,80,0.2412280701754386,0.2972972972972973,0.1375,15497,26,69,11,3,"['PHLDB3', 'LYPD6B', 'HMCN2']","['PHLDB3', 'HYOU1', 'SLC7A5', 'DOCK6', 'LYPD6B', 'HMCN2']",0.06285832649005361,fold_5
4.1,cluster_id,Inh L1-2 VIP PCDH20,61,0.39823008849557523,0.6923076923076923,0.14754098360655737,15538,4,52,9,3,"['SVIL', 'DCHS2', 'LYPD6B']","['PCBD1', 'SVIL', 'DCHS2', 'LYPD6B']",0.04768012511843911,fold_5
4.1,cluster_id,Inh L2-5 VIP SERPINF1,55,0.4028436018957346,0.4358974358974359,0.3090909090909091,15526,22,38,17,2,"['ZBTB20', 'LYPD6B']","['ARHGAP10', 'HMCN2', 'ZBTB20', 'LYPD6B']",0.05802631407780028,fold_5
4.1,cluster_id,Inh L2-5 VIP TYR,62,0.425531914893617,1.0,0.12903225806451613,15541,0,54,8,2,"['TYR', 'ZBTB20']","['TYR', 'LYPD6B', 'DCHS2', 'ZBTB20', 'HMCN2', 'LUZP2', 'RRP8']",0.5270592239378553,fold_5
4.1,cluster_id,Inh L1-3 VIP CHRM2,175,0.23411371237458195,0.45161290322580644,0.08,15411,17,161,14,2,"['LRP4', 'WSCD2']","['LRP4', 'UNC5B', 'WSCD2']",0.025080054752489592,fold_5
4.1,cluster_id,Inh L1-3 VIP CCDC184,64,0.11029411764705882,0.16666666666666666,0.046875,15524,15,61,3,3,"['NEFH', 'UFSP2', 'P3H3']","['NEFH', 'HYOU1', 'UFSP2', 'P3H3', 'EZH2', 'CDC7', 'WSCD2']",0.015569250690419301,fold_5
4.1,cluster_id,Inh L1-3 VIP GGH,68,0.11029411764705882,0.10084033613445378,0.17647058823529413,15428,107,56,12,1,['WSCD2'],"['MARCKSL1', 'WSCD2']",0.0910411954616469,fold_5
4.1,cluster_id,Inh L1-2 VIP LBH,47,0.11013215859030837,0.1111111111111111,0.10638297872340426,15516,40,42,5,2,"['UQCC3', 'LYPD6B']","['UQCC3', 'DOK4', 'UFSP2', 'SUMO3', 'CISD2', 'LYPD6B', 'TMED4', 'PEPD', 'DOCK6', 'ENDOD1']",0.541619211278612,fold_5
4.1,cluster_id,Inh L2-3 VIP CASC6,45,0.21739130434782608,0.5,0.06666666666666667,15555,3,42,3,4,"['NR1H3', 'ECH1', 'PCBD1', 'CISD2']","['NR1H3', 'ECH1', 'PCBD1', 'ENDOD1', 'CISD2', 'POMT2', 'NEFH', 'ANKRD16', 'NIPSNAP3A', 'CCNDBP1']",0.2640657569483136,fold_5
4.1,cluster_id,Inh L2-4 VIP SPAG17,33,0.10204081632653061,0.25,0.030303030303030304,15567,3,32,1,2,"['PKD2L2', 'ENDOD1']","['PKD2L2', 'ENDOD1', 'CISD2', 'ZNF559-ZNF177', 'VAC14']",0.020691012586884723,fold_5
4.1,cluster_id,Inh L1-4 VIP OPRM1,52,0.035828025477707005,0.029900332225913623,0.17307692307692307,15259,292,43,9,1,['CALR'],"['HMCN2', 'CALR']",0.055285528387193264,fold_5
4.1,cluster_id,Inh L3-6 SST NPY,15,0.9859154929577465,1.0,0.9333333333333333,15588,0,1,14,1,['NPY'],"['NPY', 'KLF5', 'VRK2', 'SLC16A1', 'CLTCL1', 'NPNT', 'NUDCD1', 'PRKX', 'ADAMTS12', 'SMCO4']",0.815220367010937,fold_5
4.1,cluster_id,Inh L3-6 SST HPGD,60,0.17857142857142858,0.25,0.08333333333333333,15528,15,55,5,4,"['ENDOD1', 'NMU', 'ST8SIA4', 'KLHL41']","['ENDOD1', 'CNGB3', 'NMU', 'ELOVL4', 'ST8SIA4', 'KLHL41', 'RTCA', 'CNNM3', 'EZH2']",0.026563796955490784,fold_5
4.1,cluster_id,Inh L4-6 SST B3GAT2,182,0.3223495702005731,0.3488372093023256,0.24725274725274726,15337,84,137,45,2,"['KLF5', 'NMU']","['KLF5', 'NMU', 'TRIM5', 'CNGB3', 'TMEM91', 'GRIK3']",0.17236513878549573,fold_5
4.1,cluster_id,Inh L5-6 SST KLHDC8A,63,0.43137254901960786,0.4583333333333333,0.3492063492063492,15514,26,41,22,2,"['NPY', 'NMU']","['NPY', 'KLF5', 'PHLDB3', 'NMU', 'KLHL41', 'TRIM4', 'C2', 'P3H3', 'STK11', 'COPS7B']",0.15663136784061965,fold_5
4.1,cluster_id,Inh L5-6 SST NPM1P10,79,0.21008403361344538,0.5,0.06329113924050633,15519,5,74,5,4,"['CDC7', 'ECH1', 'POLR2L', 'ST8SIA4']","['CDC7', 'ECH1', 'POLR2L', 'NMU', 'ST8SIA4', 'SLC25A44', 'ZNF559-ZNF177', 'FMO5', 'OMG']",0.10642911130690039,fold_5
4.1,cluster_id,Inh L4-6 SST GXYLT2,41,0.36082474226804123,0.5,0.17073170731707318,15555,7,34,7,1,['IRS4'],"['IRS4', 'PHLDB3', 'GXYLT2', 'CDK5R2', 'NMU', 'C2', 'ST8SIA4', 'NIPSNAP3A', 'POMT2', 'OMG']",0.9641242586430232,fold_5
4.1,cluster_id,Inh L4-5 SST STK32A,93,0.2572145545796738,0.23295454545454544,0.44086021505376344,15375,135,52,41,1,['NMU'],"['NMU', 'GRIK3']",0.27212261037475527,fold_5
4.1,cluster_id,Inh L1-3 SST CALB1,279,0.2054794520547945,0.22058823529411764,0.16129032258064516,15165,159,234,45,2,"['TRIM5', 'NMU']","['TRIM5', 'SLCO1A2', 'CNGB3', 'C2', 'NMU', 'ELF1', 'DOCK6', 'HMCN2', 'EZH2', 'PRKX']",0.12912809739165193,fold_5
4.1,cluster_id,Inh L3-5 SST ADGRG6,132,0.25,0.35714285714285715,0.11363636363636363,15444,27,117,15,2,"['KLF5', 'PGM5']","['KLF5', 'NMU', 'PGM5', 'PRKX', 'CNGB3', 'ARHGAP10', 'GRIK3', 'EZH2', 'TMEM91']",0.12849365721073197,fold_5
4.1,cluster_id,Inh L2-4 SST FRZB,64,0.16447368421052633,0.22727272727272727,0.078125,15522,17,59,5,3,"['NMU', 'HMCN2', 'ST8SIA4']","['NMU', 'CNGB3', 'HMCN2', 'ST8SIA4', 'PRKX', 'GRIK3']",0.0173698827977187,fold_5
4.1,cluster_id,Inh L5-6 SST TH,27,0.3488372093023256,0.75,0.1111111111111111,15575,1,24,3,4,"['PCBD1', 'HYOU1', 'PKD1L1', 'ANXA5']","['SLC25A44', 'PCBD1', 'ENDOD1', 'HYOU1', 'PKD1L1', 'ANXA5', 'NEFH', 'EPM2A', 'NMU', 'CLTCL1']",0.1700934899851013,fold_5
4.1,cluster_id,Inh L5-6 LHX6 GLP1R,27,0.2564102564102564,0.6666666666666666,0.07407407407407407,15575,1,25,2,5,"['PKD2L2', 'DMKN', 'ENDOD1', 'ZNF565', 'C2']","['PKD2L2', 'DMKN', 'EPM2A', 'ENDOD1', 'ZNF565', 'C2', 'TMED4', 'PKD1L1', 'ST8SIA4', 'AP4E1']",0.1019620678946939,fold_5
4.1,cluster_id,Inh L5-6 PVALB LGR5,52,0.2840909090909091,0.5555555555555556,0.09615384615384616,15547,4,47,5,2,"['HMCN2', 'SVIL']","['NR1H3', 'AMPD3', 'HMCN2', 'KLHL41', 'PPARA', 'SVIL', 'ST8SIA4', 'CMC1', 'RILPL2', 'PTPN13']",0.15716084825729537,fold_5
4.1,cluster_id,Inh L4-5 PVALB MEPE,64,0.2976190476190476,0.38461538461538464,0.15625,15523,16,54,10,3,"['PPARA', 'SMCO4', 'ENDOD1']","['NGF', 'NEFH', 'PKD2L2', 'PPARA', 'SMCO4', 'ENDOD1', 'CCNDBP1', 'KLHL41', 'TBC1D31', 'ST8SIA4']",0.1791033621828619,fold_5
4.1,cluster_id,Inh L2-4 PVALB WFDC2,387,0.2828136330674402,0.31451612903225806,0.20155038759689922,15046,170,309,78,2,"['NEFH', 'ST8SIA4']","['NEFH', 'TRIM8', 'KLHL41', 'TBC1D31', 'ST8SIA4', 'EPM2A', 'PKD2L2', 'SCNN1D', 'DDX25', 'RRN3']",0.1336475566026647,fold_5
4.1,cluster_id,Inh L4-6 PVALB SULF1,167,0.17699115044247787,0.27906976744186046,0.0718562874251497,15405,31,155,12,3,"['ST8SIA4', 'HMCN2', 'PTPN13']","['NEFH', 'ST8SIA4', 'PKD2L2', 'HMCN2', 'PTPN13', 'SCNN1D']",0.05123505860272396,fold_5
4.1,cluster_id,Inh L5-6 SST MIR548F2,80,0.2696078431372549,0.3548387096774194,0.1375,15503,20,69,11,4,"['NMU', 'NUDCD1', 'GAN', 'PKD1L1']","['MYPOP', 'NMU', 'NUDCD1', 'GAN', 'PKD1L1', 'NEFH', 'DDX25', 'SLC25A44', 'ST8SIA4', 'PKD2L2']",0.10466681557287258,fold_5
4.1,cluster_id,Inh L2-5 PVALB SCUBE3,32,0.6,0.7058823529411765,0.375,15566,5,20,12,2,"['NPNT', 'PTPN13']","['PLEKHD1', 'UNC5B', 'NPNT', 'NEFH', 'PTPN13', 'SVIL', 'PPARA', 'SDCBP', 'INPP1', 'ST8SIA4']",0.2547350304825344,fold_5
4.1,cluster_id,Exc L2 LAMP5 LTK,812,0.4080188679245283,0.5290519877675841,0.21305418719211822,14637,154,639,173,2,"['VRK2', 'ARHGAP10']","['DGKA', 'VRK2', 'ARHGAP10', 'PLXNA1', 'SCHIP1', 'GSDMB', 'NPHP4', 'PIP4K2C', 'ZNF365', 'CTNNAL1']",0.12677267614907617,fold_5
4.1,cluster_id,Exc L2-4 LINC00507 GLP2R,170,0.0945945945945946,0.14,0.041176470588235294,15390,43,163,7,3,"['ZNF12', 'ANXA5', 'PIP4K2C']","['DGKA', 'ZNF12', 'ANXA5', 'EDC4', 'PIP4K2C', 'SPRY2', 'SCHIP1', 'SYT12', 'PLXNA1', 'P3H3']",0.06060518632284302,fold_5
4.1,cluster_id,Exc L2-3 LINC00507 FREM3,2284,0.5633047210300429,0.6192660550458715,0.4137478108581436,12738,581,1339,945,3,"['CEBPD', 'DGKA', 'ARHGAP10']","['BAHD1', 'CEBPD', 'DGKA', 'DCBLD1', 'ARHGAP10', 'GSDMB', 'SLX4', 'TOM1L1', 'RILPL2', 'PCED1B']",0.2478602362608069,fold_5
4.1,cluster_id,Exc L5-6 THEMIS C1QL3,1537,0.40844743559990715,0.5079365079365079,0.22901756668835394,13725,341,1185,352,3,"['TMPO', 'SPRY2', 'ANXA5']","['TMPO', 'CEBPD', 'DGKA', 'SPRY2', 'ANXA5', 'NTNG2', 'PIP4K2C', 'DCHS2', 'SCHIP1', 'TOM1L1']",0.10229826263645163,fold_5
4.1,cluster_id,Exc L3-4 RORB CARM1P1,280,0.35025706940874035,0.34169278996865204,0.3892857142857143,15113,210,171,109,4,"['AMPD3', 'DCBLD1', 'PCED1B', 'ARHGAP10']","['AMPD3', 'SLC9C1', 'DCBLD1', 'RILPL2', 'PCED1B', 'ARHGAP10', 'TOM1L1', 'TCF7L2', 'RORB', 'EPM2A']",0.194206091891031,fold_5
4.1,cluster_id,Exc L3-5 RORB ESR1,1428,0.6314432989690721,0.6693989071038251,0.5147058823529411,13812,363,693,735,2,"['RORB', 'ST8SIA4']","['DMKN', 'RORB', 'RILPL2', 'SLC5A4', 'MYNN', 'ST8SIA4', 'PIP4K2C', 'GSDMB', 'PFN2', 'NUDCD1']",0.06285064694121659,fold_5
4.1,cluster_id,Exc L3-5 RORB COL22A1,160,0.2976190476190476,0.6521739130434783,0.09375,15435,8,145,15,2,"['CDH19', 'PCED1B']","['PCBP3', 'CDH19', 'PCED1B', 'SUMO3', 'POLR2L', 'NUDCD1', 'RORB', 'HRK', 'RILPL2', 'PLXNA1']",0.1044122713091751,fold_5
4.1,cluster_id,Exc L3-5 RORB FILIP1L,153,0.12939001848428835,0.14432989690721648,0.0915032679738562,15367,83,139,14,4,"['RILPL2', 'RORB', 'TOM1L1', 'CEP44']","['PCED1B', 'RILPL2', 'RORB', 'TOM1L1', 'HRK', 'CEP44', 'TCF7L2', 'GSDMB', 'PLXNA1', 'FMO5']",0.09259465422087709,fold_5
4.1,cluster_id,Exc L3-5 RORB TWIST2,93,0.16393442622950818,0.18867924528301888,0.10752688172043011,15467,43,83,10,3,"['RORB', 'PIP4K2C', 'RXFP1']","['RORB', 'RILPL2', 'PIP4K2C', 'ZNF365', 'SCHIP1', 'RXFP1', 'PLXNA1', 'SLC5A4']",0.058629967081164955,fold_5
4.1,cluster_id,Exc L4-5 RORB FOLH1B,870,0.56731583403895,0.7184986595174263,0.3080459770114943,14628,105,602,268,3,"['TYR', 'PCED1B', 'ARSJ']","['TYR', 'DCBLD1', 'PCED1B', 'HRK', 'ARSJ', 'CYP2C8', 'SCHIP1', 'RORB', 'PLXNA1', 'DOCK6']",0.12377903044428644,fold_5
4.1,cluster_id,Exc L4-6 RORB SEMA3E,777,0.3889695210449927,0.4017991004497751,0.34491634491634493,14427,399,509,268,3,"['ARSJ', 'NTNG2', 'RORB']","['HRK', 'ARSJ', 'NTNG2', 'CNGB3', 'TCF7L2', 'RORB', 'SCHIP1', 'RXFP1', 'DOCK6', 'EIF4H']",0.08503207396854646,fold_5
4.1,cluster_id,Exc L4-5 RORB DAPK2,173,0.4954954954954955,0.825,0.1907514450867052,15423,7,140,33,3,"['NPNT', 'ARSJ', 'RORB']","['CNGB3', 'NPNT', 'ARSJ', 'HRK', 'RORB', 'NTNG2', 'SCHIP1', 'RXFP1', 'OCA2', 'TCF7L2']",0.08742617367294953,fold_5
4.1,cluster_id,Exc L5-6 RORB TTC12,167,0.24714828897338403,0.5416666666666666,0.07784431137724551,15425,11,154,13,3,"['TRIM5', 'GAN', 'DCHS2']","['TRIM5', 'GAN', 'NTNG2', 'ANXA5', 'DCHS2', 'RILPL2', 'PLXNA1', 'UNC5B', 'ARHGAP10', 'PCED1B']",0.1500286650210411,fold_5
4.1,cluster_id,Exc L4-6 RORB C1R,160,0.2604166666666667,0.28846153846153844,0.1875,15369,74,130,30,4,"['PCED1B', 'UNC5B', 'RORB', 'SCHIP1']","['PCED1B', 'UNC5B', 'PLXNA1', 'NTNG2', 'RORB', 'SCHIP1', 'RILPL2', 'DCHS2', 'MYNN', 'RXFP1']",0.05747817804258139,fold_5
4.1,cluster_id,Exc L4-5 FEZF2 SCN4B,25,0.37735849056603776,0.5714285714285714,0.16,15575,3,21,4,5,"['SCN4B', 'COMMD8', 'ACOT6', 'ABHD12B', 'PEPD']","['SCN4B', 'COMMD8', 'ACOT6', 'ABHD12B', 'PEPD', 'NEFH', 'TBC1D31', 'CBFB', 'EPM2A', 'DOCK6']",1.0,fold_5
4.1,cluster_id,Exc L5-6 THEMIS DCSTAMP,53,0.3875968992248062,0.5263157894736842,0.18867924528301888,15541,9,43,10,4,"['ERN1', 'NTNG2', 'CLTCL1', 'PMS2']","['CAPN13', 'KCNK4', 'ERN1', 'NTNG2', 'CLTCL1', 'PMS2', 'UNC5B', 'RTCA', 'PIP4K2C', 'SCHIP1']",0.22731254579393262,fold_5
4.1,cluster_id,Exc L5-6 THEMIS CRABP1,147,0.5616942909760589,0.6161616161616161,0.41496598639455784,15418,38,86,61,3,"['NTNG2', 'EIF4H', 'ANXA5']","['CAPN13', 'NTNG2', 'GUSB', 'SPRY2', 'EIF4H', 'ANXA5', 'UNC5B', 'TOM1L1', 'DCHS2', 'CLTCL1']",0.1553032876070904,fold_5
4.1,cluster_id,Exc L5-6 THEMIS FGF10,78,0.3076923076923077,0.6153846153846154,0.10256410256410256,15520,5,70,8,5,"['NTNG2', 'GUSB', 'SLC16A1', 'ANXA5', 'ERN1']","['NTNG2', 'GUSB', 'SLC16A1', 'ANXA5', 'ERN1', 'SCHIP1', 'CLTCL1', 'NIPSNAP3A', 'UNC5B', 'STARD4']",0.13280868114884017,fold_5
4.1,cluster_id,Exc L4-6 FEZF2 IL26,344,0.6327160493827161,0.6890756302521008,0.47674418604651164,15185,74,180,164,2,"['ADAMTS12', 'PCED1B']","['PAIP2B', 'SLC9C1', 'ADAMTS12', 'ERN1', 'TCF7L2', 'PCED1B', 'ANKRD46', 'PTPN13', 'PKD2L2', 'PKD1L1']",0.42153252387397055,fold_5
4.1,cluster_id,Exc L5-6 FEZF2 ABO,373,0.2915681639085894,0.33035714285714285,0.19839142091152814,15080,150,299,74,3,"['MAP3K8', 'CEBPD', 'HRK']","['ABHD12B', 'NCAPG2', 'MAP3K8', 'CEBPD', 'HRK', 'SPRY2', 'SLC16A1', 'PLXNA1', 'SLC7A5', 'OMG']",0.1703926098089027,fold_5
4.1,cluster_id,Exc L6 FEZF2 SCUBE1,52,0.5092592592592593,0.5365853658536586,0.4230769230769231,15532,19,30,22,4,"['DBI', 'ANXA5', 'ARSJ', 'DCHS2']","['CDK5R2', 'DBI', 'ANXA5', 'ARSJ', 'DCHS2', 'SLC25A44', 'SYT12', 'AZIN1', 'CLTCL1', 'CBFB']",0.15923023910640444,fold_5
4.1,cluster_id,Exc L5-6 FEZF2 IL15,56,0.5813953488372093,0.6896551724137931,0.35714285714285715,15538,9,36,20,4,"['DCBLD1', 'NPNT', 'ANXA5', 'ARSJ']","['DCBLD1', 'NPNT', 'DBI', 'ANXA5', 'ARSJ', 'SLC16A1', 'DCHS2', 'CYP2C8', 'ERN1', 'CCNDBP1']",0.16908701188187678,fold_5
4.1,cluster_id,Exc L6 FEZF2 OR2T8,19,0.39215686274509803,0.5,0.21052631578947367,15580,4,15,4,4,"['MAP3K8', 'NCAPG2', 'CDK5R2', 'IRS4']","['TBCC', 'MAP3K8', 'NCAPG2', 'CDK5R2', 'IRS4', 'HSD17B11', 'DBI', 'CBFB', 'DCHS2', 'ARSJ']",0.5782219668931021,fold_5
4.1,cluster_id,Exc L5-6 FEZF2 EFTUD1P1,314,0.6875934230194319,0.71875,0.5859872611464968,15217,72,130,184,3,"['DCBLD1', 'ARSJ', 'DCHS2']","['MAP3K8', 'DCBLD1', 'ARSJ', 'ERN1', 'NCAPG2', 'DCHS2', 'CBFB', 'EPM2A', 'OMG', 'RTCA']",0.17064186232351128,fold_5
4.1,cluster_id,OPC L1-6 PDGFRA,238,0.7117437722419929,0.9876543209876543,0.33613445378151263,15364,1,158,80,2,"['LRP4', 'LUZP2']","['ATP13A4', 'LRP4', 'TCF7L2', 'ARHGAP10', 'LUZP2', 'ELF1', 'ZBTB20']",0.1568423618619093,fold_5
4.1,cluster_id,Astro L1-6 FGFR3 SLC14A1,230,0.8197556008146639,0.8563829787234043,0.7,15346,27,69,161,2,"['NDRG2', 'ATP13A4']","['DIO2', 'ALDH1L1', 'NDRG2', 'SLC25A18', 'ATP13A4', 'LRP4', 'TCF7L2', 'PPARA', 'RORB', 'PTPN13']",0.510183618134308,fold_5
4.1,cluster_id,Astro L1-2 FGFR3 GFAP,61,0.5868544600938967,0.6578947368421053,0.4098360655737705,15529,13,36,25,2,"['MT1F', 'DBI']","['MT1F', 'DBI', 'LMO2', 'SLC25A18', 'ALDH1L1', 'NDRG2', 'ATP13A4', 'LRP4', 'TCF7L2', 'VWCE']",0.8278189113308769,fold_5
4.1,cluster_id,Oligo L1-6 OPALIN,313,0.805168986083499,0.8127090301003345,0.7763578274760383,15234,56,70,243,1,['SLCO1A2'],"['CDH19', 'PIGH', 'SLCO1A2', 'MARCKSL1', 'VRK2', 'NDRG2', 'ELF1', 'UNC5B', 'ENDOD1', 'SLC44A1']",0.916589985430175,fold_5
4.1,cluster_id,Endo L2-6 NOSTRIN,9,0.8,1.0,0.4444444444444444,15594,0,5,4,1,['SLC7A5'],"['LMO2', 'SLCO1A2', 'PARP14', 'SDCBP', 'ELF1', 'SLC7A5', 'DUT', 'ZBTB20', 'YWHAQ', 'MBD2']",0.11939664043039432,fold_5
4.1,cluster_id,Micro L1-6 TYROBP,63,0.5725190839694656,0.8823529411764706,0.23809523809523808,15538,2,48,15,1,['PLCB2'],"['PLCB2', 'ELF1', 'PGM5', 'PARP14', 'PCED1B', 'VRK2', 'RNF213', 'ST8SIA4', 'ABR']",1.0,fold_5
4.1,cluster_id,Inh L1-2 PAX6 CDH12,90,0.28688524590163933,0.875,0.07777777777777778,15512,1,83,7,3,"['SFRP2', 'MN1', 'MAML2']","['SFRP2', 'MN1', 'TIMM13', 'MAML2', 'RXRA', 'GRB14']",0.12524377083623855,fold_6
4.1,cluster_id,Inh L1-2 PAX6 TNFAIP8L3,16,0.20833333333333334,0.5,0.0625,15586,1,15,1,2,"['PLA2G15', 'SFRP2']","['PLA2G15', 'CNPPD1', 'BLMH', 'SFRP2', 'RHBDD3', 'MN1', 'INAFM1', 'PPDPF', 'EYA4', 'TMEM126A']",0.7361760549540334,fold_6
4.1,cluster_id,Inh L1 LAMP5 NMBR,283,0.285132382892057,0.5384615384615384,0.0989399293286219,15296,24,255,28,2,"['SUSD5', 'COL25A1']","['SUSD5', 'MN1', 'EYA4', 'SLC7A5', 'COL25A1', 'RXRA', 'MAML2']",0.27724364838191434,fold_6
4.1,cluster_id,Inh L1-4 LAMP5 LCP2,356,0.6516587677725119,0.9016393442622951,0.3089887640449438,15235,12,246,110,2,"['EYA4', 'IL1RAP']","['EYA4', 'TM7SF2', 'IL1RAP', 'CORO2A', 'COL25A1', 'RXRA']",0.1516421907803535,fold_6
4.1,cluster_id,Inh L1-2 LAMP5 DBP,21,0.45454545454545453,1.0,0.14285714285714285,15582,0,18,3,4,"['UQCC2', 'TM7SF2', 'EYA4', 'SULT2B1']","['UQCC2', 'IL20RB', 'TM7SF2', 'EYA4', 'TRIM71', 'SULT2B1', 'SLC7A5', 'PPIH', 'PZP', 'NDN']",0.30501662391630324,fold_6
4.1,cluster_id,Inh L2-6 LAMP5 CA1,256,0.5773809523809523,0.6643835616438356,0.37890625,15298,49,159,97,2,"['C1QL1', 'EYA4']","['C1QL1', 'EYA4', 'TM7SF2', 'CEPT1', 'COL25A1', 'RXRA', 'PCYT1B', 'PPDPF']",0.15620535517542566,fold_6
4.1,cluster_id,Inh L1 SST CHRNA4,52,0.08928571428571429,1.0,0.019230769230769232,15551,0,51,1,3,"['MN1', 'MKX', 'DTX4']","['MN1', 'MNS1', 'SYNE3', 'MKX', 'DTX4', 'CHST8', 'CHML', 'COL25A1', 'OCA2', 'GRB14']",0.013876150843240126,fold_6
4.1,cluster_id,Inh L1-2 ADARB2 MC4R,107,0.22012578616352202,0.5384615384615384,0.06542056074766354,15490,6,100,7,2,"['GRB14', 'OCA2']","['GRB14', 'DTX4', 'OCA2', 'MAML2']",0.06661646688935886,fold_6
4.1,cluster_id,Inh L1-2 SST BAGE2,108,0.33967391304347827,0.38461538461538464,0.23148148148148148,15455,40,83,25,2,"['ARHGAP18', 'COL25A1']","['MN1', 'GRB14', 'ARHGAP18', 'COL25A1', 'PDE3A']",0.0730502276719132,fold_6
4.1,cluster_id,Inh L1-3 VIP SYT6,29,0.2631578947368421,0.42857142857142855,0.10344827586206896,15570,4,26,3,4,"['CC2D1B', 'GEMIN7', 'PYGO1', 'ACAT2']","['CC2D1B', 'GEMIN7', 'PYGO1', 'TMED5', 'PRKAG1', 'ACAT2', 'GNL3', 'ZDHHC22', 'RPH3AL', 'PDE3A']",0.6252422439895785,fold_6
4.1,cluster_id,Inh L1-2 VIP TSPAN12,42,0.18867924528301888,0.25,0.09523809523809523,15549,12,38,4,4,"['GPX1', 'MN1', 'MAML2', 'ALDH2']","['GPX1', 'MN1', 'MAML2', 'ALDH2', 'NDN', 'C14orf132', 'PDE3A', 'AMZ1', 'FNTA', 'GRB14']",0.05425036861878413,fold_6
4.1,cluster_id,Inh L1-4 VIP CHRNA6,25,0.30303030303030304,1.0,0.08,15578,0,23,2,2,"['DTX4', 'NPR3']","['NBPF10', 'GRB14', 'MNS1', 'PPAT', 'DTX4', 'NPR3', 'PCBP4', 'SMDT1', 'ACAT2', 'MAML2']",0.03606317187464104,fold_6
4.1,cluster_id,Inh L1-3 VIP ADAMTSL1,72,0.3645833333333333,0.4666666666666667,0.19444444444444445,15515,16,58,14,3,"['NDN', 'ARHGAP18', 'GRB14']","['MN1', 'TEK', 'MNS1', 'NDN', 'ARHGAP18', 'GRB14', 'CHML', 'DTX4', 'CORO2A', 'MAML2']",0.0915876983021767,fold_6
4.1,cluster_id,Inh L1-4 VIP PENK,17,0.3448275862068966,0.6666666666666666,0.11764705882352941,15585,1,15,2,4,"['TEK', 'PAPLN', 'TSN', 'COX10']","['TEK', 'PAPLN', 'INAFM1', 'TSN', 'NANS', 'COX10', 'XPOT', 'MNS1', 'NDN', 'ARHGAP18']",0.14021356420597328,fold_6
4.1,cluster_id,Inh L2-6 VIP QPCT,37,0.46632124352331605,0.46153846153846156,0.4864864864864865,15545,21,19,18,1,['ABI3BP'],"['GPX1', 'ABI3BP', 'RSL1D1', 'ECH1', 'NPR3', 'C14orf132', 'PDE3A', 'NDN', 'SYNE3', 'TEK']",0.5965009752974725,fold_6
4.1,cluster_id,Inh L3-6 VIP HS3ST3A1,80,0.625,0.7631578947368421,0.3625,15514,9,51,29,2,"['ABI3BP', 'SLC22A3']","['ABI3BP', 'SLC22A3', 'TEK', 'RXRA', 'KLRG2', 'PDE3A', 'NDN', 'SLC7A5', 'ZNF397', 'AMZ1']",0.30453474857152574,fold_6
4.1,cluster_id,Inh L1-2 VIP PCDH20,61,0.1951219512195122,0.2222222222222222,0.13114754098360656,15514,28,53,8,2,"['TIMM13', 'NPR3']","['TIMM13', 'NPR3', 'RXRA', 'C14orf132', 'PDE3A']",0.13682259262591107,fold_6
4.1,cluster_id,Inh L2-5 VIP SERPINF1,55,0.25252525252525254,0.45454545454545453,0.09090909090909091,15542,6,50,5,3,"['SLC22A3', 'TEK', 'SEL1L3']","['SLC22A3', 'ALDH2', 'SULT2B1', 'TEK', 'ARHGAP18', 'SEL1L3', 'PDE3A', 'GRB14']",0.013838012960516309,fold_6
4.1,cluster_id,Inh L2-5 VIP TYR,62,0.373134328358209,0.5555555555555556,0.16129032258064516,15533,8,52,10,3,"['SLC22A3', 'ARHGAP18', 'RXRA']","['SLC22A3', 'NPR3', 'TEK', 'ARHGAP18', 'RXRA', 'BID', 'PDE3A', 'CORO2A', 'WDR5', 'NBPF11']",0.077006486351842,fold_6
4.1,cluster_id,Inh L1-3 VIP CHRM2,175,0.33206831119544594,0.3977272727272727,0.2,15375,53,140,35,2,"['SLC22A3', 'ZDHHC22']","['SLC22A3', 'NPR3', 'ALDH2', 'ZDHHC22', 'PDE3A', 'DPF3', 'IL1RAP', 'RXRA', 'RYR3', 'PCBP4']",0.05945978435686901,fold_6
4.1,cluster_id,Inh L2-4 VIP CBLN1,67,0.3374233128834356,0.4583333333333333,0.16417910447761194,15523,13,56,11,3,"['SLC22A3', 'SEL1L3', 'DPF3']","['SLC22A3', 'SEL1L3', 'DPF3', 'PDE3A']",0.07517841924272839,fold_6
4.1,cluster_id,Inh L1-3 VIP CCDC184,64,0.2226027397260274,0.22807017543859648,0.203125,15495,44,51,13,3,"['NPR3', 'DPF3', 'ODF2']","['NPR3', 'SLC22A3', 'ALDH2', 'DPF3', 'ZDHHC22', 'ODF2', 'IL1RAP', 'PDE3A', 'BID', 'RXRA']",0.0711708373076856,fold_6
4.1,cluster_id,Inh L1-3 VIP GGH,68,0.23148148148148148,0.2702702702702703,0.14705882352941177,15508,27,58,10,2,"['PDE3A', 'BID']","['SLC22A3', 'KLRG2', 'PDE3A', 'BID', 'GRB14']",0.06802705572874078,fold_6
4.1,cluster_id,Inh L1-2 VIP LBH,47,0.28735632183908044,0.5,0.10638297872340426,15551,5,42,5,3,"['ZDHHC22', 'NPR3', 'ALDH2']","['DOK4', 'ZDHHC22', 'NPR3', 'ALDH2', 'NDN', 'TSN', 'ARHGAP18', 'SUMO1', 'PRKAG1', 'MNS1']",0.1106058805932273,fold_6
4.1,cluster_id,Inh L2-3 VIP CASC6,45,0.3424657534246575,0.7142857142857143,0.1111111111111111,15556,2,40,5,4,"['ECH1', 'NBPF10', 'NPR3', 'MNS1']","['ECH1', 'ZDHHC22', 'NBPF10', 'NPR3', 'URM1', 'MNS1', 'DPF3', 'NDUFA6', 'ARHGAP18', 'PCBP4']",0.1440421608294996,fold_6
4.1,cluster_id,Inh L2-4 VIP SPAG17,33,0.3333333333333333,1.0,0.09090909090909091,15570,0,30,3,2,"['SPAG17', 'ZDHHC22']","['SPAG17', 'NPR3', 'EYA4', 'ZDHHC22', 'PEX11B']",0.43829678764390345,fold_6
4.1,cluster_id,Inh L1-4 VIP OPRM1,52,0.45454545454545453,0.8888888888888888,0.15384615384615385,15550,1,44,8,3,"['SLC22A3', 'NPR3', 'EYA4']","['SLC22A3', 'NPR3', 'ABI3BP', 'SULT2B1', 'EYA4', 'RXRA', 'PDE3A', 'AMZ1']",0.16307938194694505,fold_6
4.1,cluster_id,Inh L3-6 SST NPY,15,0.43478260869565216,1.0,0.13333333333333333,15588,0,13,2,3,"['U2AF1', 'CHODL', 'URB1']","['SMYD5', 'U2AF1', 'CHODL', 'ZNF578', 'MN1', 'URB1', 'ZDHHC22', 'HMOX2', 'MAML2', 'MFSD8']",0.7469041851611188,fold_6
4.1,cluster_id,Inh L3-6 SST HPGD,60,0.16304347826086957,0.375,0.05,15538,5,57,3,4,"['TBL1Y', 'SYNE3', 'USP44', 'COL25A1']","['TBL1Y', 'TRIM71', 'SYNE3', 'USP44', 'COL25A1', 'MFSD8', 'CSNK2B', 'PRKAG1', 'RXRA', 'NANS']",0.15311154752870548,fold_6
4.1,cluster_id,Inh L4-6 SST B3GAT2,182,0.20448548812664907,0.2152777777777778,0.17032967032967034,15308,113,151,31,2,"['COL25A1', 'SEL1L3']","['TBL1Y', 'SYNE3', 'EVA1C', 'USP44', 'COL25A1', 'SEL1L3', 'QRICH2']",0.04704990767160349,fold_6
4.1,cluster_id,Inh L5-6 SST KLHDC8A,63,0.2980132450331126,0.4090909090909091,0.14285714285714285,15527,13,54,9,2,"['C18orf63', 'COL25A1']","['TEX36', 'RHBDD3', 'C18orf63', 'ARRDC5', 'QRICH2', 'COL25A1', 'SEL1L3', 'NDN', 'EEFSEC', 'USP44']",0.20791621680602962,fold_6
4.1,cluster_id,Inh L5-6 SST NPM1P10,79,0.15748031496062992,0.3333333333333333,0.05063291139240506,15516,8,75,4,4,"['NDN', 'ALDH2', 'COL25A1', 'ARPC1A']","['ECH1', 'NDN', 'SYNE3', 'ALDH2', 'COL25A1', 'ARPC1A', 'MZF1', 'ARHGAP18', 'SORCS2', 'QRICH2']",0.06936205190879607,fold_6
4.1,cluster_id,Inh L4-6 SST GXYLT2,41,0.23076923076923078,0.5,0.07317073170731707,15559,3,38,3,1,['COL25A1'],"['SPAG17', 'NDN', 'SULT2B1', 'ZFYVE26', 'COL25A1', 'SNTB1', 'RSL1D1', 'USP44', 'SEL1L3', 'CLTB']",0.08330928822270249,fold_6
4.1,cluster_id,Inh L4-5 SST STK32A,93,0.23809523809523808,0.375,0.0967741935483871,15495,15,84,9,2,"['COL25A1', 'EVA1C']","['AFAP1L2', 'SYNE3', 'COL25A1', 'SNTB1', 'EVA1C']",0.06993687201247212,fold_6
4.1,cluster_id,Inh L1-3 SST CALB1,279,0.23038605230386053,0.2824427480916031,0.13261648745519714,15230,94,242,37,2,"['ARRDC5', 'EYA4']","['ARRDC5', 'TRIM71', 'TTC29', 'KLRG2', 'EYA4', 'SULT2B1', 'SNTB1', 'COL25A1', 'USP44', 'MKX']",0.13141573829445702,fold_6
4.1,cluster_id,Inh L3-5 SST ADGRG6,132,0.2777777777777778,0.3010752688172043,0.21212121212121213,15406,65,104,28,2,"['AFAP1L2', 'COL25A1']","['AFAP1L2', 'ARRDC5', 'COL25A1', 'WDR5', 'MKX', 'NANS']",0.08410890699228721,fold_6
4.1,cluster_id,Inh L2-4 SST FRZB,64,0.12096774193548387,0.2,0.046875,15527,12,61,3,4,"['SULT2B1', 'SNTB1', 'GSTK1', 'GLIPR1']","['SULT2B1', 'SNTB1', 'GSTK1', 'CORO2A', 'GLIPR1', 'QRICH2']",0.062483382432714174,fold_6
4.1,cluster_id,Inh L5-6 SST TH,27,0.19607843137254902,0.3333333333333333,0.07407407407407407,15572,4,25,2,2,"['PTPRC', 'ACAT2']","['PTPRC', 'RABIF', 'NDN', 'EEFSEC', 'ACAT2', 'NANS', 'ALG14', 'SEL1L3', 'ZMIZ1', 'OCA2']",0.03519345190238512,fold_6
4.1,cluster_id,Inh L5-6 LHX6 GLP1R,27,0.2564102564102564,0.6666666666666666,0.07407407407407407,15575,1,25,2,4,"['ZNF578', 'INAFM1', 'ANKZF1', 'USP44']","['MKRN2OS', 'ZNF578', 'INAFM1', 'ANKZF1', 'SULT2B1', 'USP44', 'MRRF', 'RPH3AL', 'MYO3B', 'QRICH2']",0.12772290103715753,fold_6
4.1,cluster_id,Inh L5-6 PVALB LGR5,52,0.25,0.5714285714285714,0.07692307692307693,15548,3,48,4,3,"['RPH3AL', 'USP44', 'PCBP4']","['RPH3AL', 'SUSD5', 'STARD9', 'USP44', 'GYS1', 'PCBP4', 'GLIPR1', 'MRRF', 'FBXO32', 'QRICH2']",0.07397697989196231,fold_6
4.1,cluster_id,Inh L4-5 PVALB MEPE,64,0.43103448275862066,0.7692307692307693,0.15625,15536,3,54,10,3,"['SNTB1', 'INAFM1', 'RBM20']","['SNTB1', 'INAFM1', 'RPH3AL', 'MYO3B', 'RBM20', 'USP44', 'PCYT1A', 'APOO', 'MRRF', 'GYS1']",0.0575268147434116,fold_6
4.1,cluster_id,Inh L2-4 PVALB WFDC2,387,0.2776044915782907,0.29276315789473684,0.22997416020671835,15001,215,298,89,2,"['USP44', 'RBM20']","['EIF4E1B', 'USP44', 'RPH3AL', 'RBM20', 'MRRF', 'SYNE3', 'COX10', 'GSTK1', 'PRKAG1', 'IL1RAP']",0.056618303811491195,fold_6
4.1,cluster_id,Inh L4-6 PVALB SULF1,167,0.21406727828746178,0.35,0.08383233532934131,15410,26,153,14,3,"['C1QL1', 'RPH3AL', 'SUSD5']","['C1QL1', 'RPH3AL', 'KLRG2', 'SUSD5', 'USP44', 'C1GALT1', 'MRRF', 'GYS1', 'IL1RAP', 'QRICH2']",0.049385520451892866,fold_6
4.1,cluster_id,Inh L5-6 SST MIR548F2,80,0.14112903225806453,0.16666666666666666,0.0875,15488,35,73,7,3,"['DNAJC4', 'PYGO1', 'STARD9']","['DNAJC4', 'FAM81B', 'PYGO1', 'RPH3AL', 'QRICH2', 'STARD9', 'GSTK1', 'ASPSCR1', 'MRRF', 'GYS1']",0.10804488536270361,fold_6
4.1,cluster_id,Inh L2-5 PVALB SCUBE3,32,0.4166666666666667,0.7142857142857143,0.15625,15569,2,27,5,3,"['C1QL1', 'MSRB3', 'CHST8']","['C1QL1', 'RHBDD3', 'ABI3BP', 'MSRB3', 'RBM20', 'CHST8', 'MRRF', 'SLC7A5', 'USP44', 'ARHGAP18']",0.10734563031377081,fold_6
4.1,cluster_id,Exc L2 LAMP5 LTK,812,0.28255528255528256,0.45098039215686275,0.11330049261083744,14679,112,720,92,3,"['RASA3', 'KRT17', 'NBPF11']","['RASA3', 'KRT17', 'LRRC27', 'NBPF11', 'FBXO32', 'ADGRV1', 'IFT122', 'CHML', 'ANKRD49', 'ETV5']",0.06967202055972008,fold_6
4.1,cluster_id,Exc L2-4 LINC00507 GLP2R,170,0.1568627450980392,0.18823529411764706,0.09411764705882353,15364,69,154,16,3,"['CHML', 'ADGRV1', 'MKX']","['CHML', 'KCNA1', 'RASA3', 'ADGRV1', 'CHST8', 'MKX', 'PEX11B', 'ETV5', 'FBXO32', 'RNFT1']",0.05602694722882906,fold_6
4.1,cluster_id,Exc L2-3 LINC00507 FREM3,2284,0.6077620173364854,0.6273512963904423,0.5402802101576182,12586,733,1050,1234,2,"['SLC38A11', 'GRB14']","['TEK', 'LRRC27', 'SLC38A11', 'GRB14', 'KRT17', 'CCNYL1', 'C14orf132', 'RASA3', 'C1GALT1', 'NBPF11']",0.08585834947076945,fold_6
4.1,cluster_id,Exc L5-6 THEMIS C1QL3,1537,0.6059722384229558,0.5906765207504264,0.6759921925829538,13346,720,498,1039,2,"['THEMIS', 'KRT17']","['EIF4E1B', 'FAM81B', 'THEMIS', 'KCNA1', 'KRT17', 'ZMPSTE24', 'MKX', 'SLC38A11', 'SERAC1', 'CHST8']",0.10191975790666782,fold_6
4.1,cluster_id,Exc L3-4 RORB CARM1P1,280,0.4079861111111111,0.6351351351351351,0.16785714285714284,15296,27,233,47,3,"['GRB14', 'NBPF10', 'CCNYL1']","['GRB14', 'FRMPD2', 'NBPF10', 'SLC38A11', 'TTC29', 'CCNYL1', 'C1GALT1', 'C14orf132', 'ASPSCR1', 'IL1RAP']",0.12412634673918596,fold_6
4.1,cluster_id,Exc L3-5 RORB ESR1,1428,0.6558641975308642,0.7657657657657657,0.4166666666666667,13993,182,833,595,2,"['SLC38A11', 'PTK7']","['FRMPD2', 'SLC38A11', 'PTK7', 'KCNA1', 'CHML', 'IL1RAP', 'MSRB3', 'IFT122', 'NANS', 'IFT57']",0.153443772055866,fold_6
4.1,cluster_id,Exc L3-5 RORB COL22A1,160,0.2620967741935484,0.5909090909090909,0.08125,15434,9,147,13,3,"['FRMPD2', 'ABI3BP', 'FIS1']","['FRMPD2', 'ABI3BP', 'FIS1', 'SLC38A11', 'ZDHHC22', 'NR4A1', 'PPDPF', 'IL1RAP', 'SUMO1', 'C14orf132']",0.12608302842007532,fold_6
4.1,cluster_id,Exc L3-5 RORB FILIP1L,153,0.10760401721664276,0.11029411764705882,0.09803921568627451,15329,121,138,15,4,"['SLC38A11', 'RASA3', 'CCNYL1', 'DAGLA']","['FRMPD2', 'SUSD5', 'SLC38A11', 'RASA3', 'CCNYL1', 'DAGLA', 'ZDHHC22', 'C1GALT1', 'CORO2A', 'C14orf132']",0.09097880257227003,fold_6
4.1,cluster_id,Exc L3-5 RORB TWIST2,93,0.1263537906137184,0.15217391304347827,0.07526881720430108,15471,39,86,7,4,"['SUSD5', 'IFT122', 'PTK7', 'C14orf132']","['FRMPD2', 'SLC38A11', 'SUSD5', 'IFT122', 'PTK7', 'C14orf132', 'DAGLA', 'IL1RAP', 'DPY19L1', 'DPF3']",0.05941004407379105,fold_6
4.1,cluster_id,Exc L4-5 RORB FOLH1B,870,0.5477634571645186,0.6538461538461539,0.332183908045977,14580,153,581,289,3,"['RBM20', 'MKX', 'THEMIS']","['RBM20', 'NR4A1', 'MKX', 'ACAT2', 'MCUR1', 'THEMIS', 'KRT17', 'CHST8', 'C14orf132', 'RHOU']",0.18451466546213802,fold_6
4.1,cluster_id,Exc L4-6 RORB SEMA3E,777,0.3595675132009052,0.3575,0.3680823680823681,14312,514,491,286,1,['MKX'],"['MKX', 'THEMIS', 'CHST8', 'CHML', 'MCUR1', 'NR4A1', 'DAGLA', 'SORCS2', 'LIN7C', 'GLIPR1']",0.2936487935355084,fold_6
4.1,cluster_id,Exc L4-5 RORB DAPK2,173,0.189873417721519,0.5625,0.05202312138728324,15423,7,164,9,4,"['CHST8', 'IL1RAP', 'DPY19L1', 'GLIPR1']","['NR4A1', 'SORCS2', 'CHST8', 'IL1RAP', 'DPY19L1', 'GLIPR1', 'CHML', 'MKX', 'KBTBD12', 'FBXO32']",0.0610917910224621,fold_6
4.1,cluster_id,Exc L5-6 RORB TTC12,167,0.3435114503816794,0.36885245901639346,0.2694610778443114,15359,77,122,45,3,"['ESAM', 'POPDC3', 'THEMIS']","['ESAM', 'POPDC3', 'MUC12', 'SPAG17', 'MCUR1', 'THEMIS', 'MZF1', 'SLC38A11', 'KRT17', 'CORO2A']",0.670767455008919,fold_6
4.1,cluster_id,Exc L4-6 RORB C1R,160,0.1906779661016949,0.47368421052631576,0.05625,15433,10,151,9,4,"['POPDC3', 'SPAG17', 'SLC38A11', 'THEMIS']","['POPDC3', 'MUC12', 'SPAG17', 'SLC38A11', 'THEMIS', 'MCUR1', 'MSRB3', 'ANKZF1', 'MNS1', 'IFT122']",0.07043153327512744,fold_6
4.1,cluster_id,Exc L4-5 FEZF2 SCN4B,25,0.7142857142857143,0.8461538461538461,0.44,15576,2,14,11,3,"['CHST8', 'GSKIP', 'EYA4']","['SERTAD4', 'CHST8', 'GSKIP', 'GRB14', 'TMED5', 'EYA4', 'MKX', 'RHOU', 'RBM20', 'KCNA1']",0.5191264567300217,fold_6
4.1,cluster_id,Exc L5-6 THEMIS DCSTAMP,53,0.39325842696629215,0.7777777777777778,0.1320754716981132,15548,2,46,7,5,"['HSD3B1', 'PSMB10', 'AMZ1', 'ACAT2', 'NR4A2']","['HSD3B1', 'PSMB10', 'AMZ1', 'ACAT2', 'LRRC27', 'NR4A2', 'SERAC1', 'THEMIS', 'SRSF9', 'KCNA1']",0.35592193905531194,fold_6
4.1,cluster_id,Exc L5-6 THEMIS CRABP1,147,0.7328605200945626,0.8985507246376812,0.4217687074829932,15449,7,85,62,2,"['SNTB1', 'KRT17']","['SNTB1', 'HSD3B1', 'THEMIS', 'AMZ1', 'NR4A2', 'KRT17', 'KCNA1', 'ASPHD2', 'BID', 'C1GALT1']",0.44518248622026146,fold_6
4.1,cluster_id,Exc L5-6 THEMIS FGF10,78,0.3389830508474576,0.8,0.10256410256410256,15523,2,70,8,2,"['PTGS2', 'THEMIS']","['PTGS2', 'RABIF', 'HSD3B1', 'PSMB10', 'AMZ1', 'THEMIS', 'NR4A2', 'SRSF9', 'MKX', 'KRT17']",0.6363705674275264,fold_6
4.1,cluster_id,Exc L4-6 FEZF2 IL26,344,0.7892749244712991,0.8530612244897959,0.6075581395348837,15223,36,135,209,1,['CD200R1L'],"['CD200R1L', 'DAPL1', 'FAT2', 'SYNE3', 'SORCS2', 'ASPSCR1', 'ETV5', 'GRB14', 'SEL1L3', 'PGP']",1.0,fold_6
4.1,cluster_id,Exc L5-6 FEZF2 ABO,373,0.42568542568542567,0.7375,0.1581769436997319,15209,21,314,59,3,"['KCNA1', 'PTK7', 'EYA4']","['PZP', 'RBM20', 'KCNA1', 'PTK7', 'EYA4', 'FAT2', 'SNTB1', 'MNS1', 'ZDHHC22', 'CCDC18']",0.09339706888460104,fold_6
4.1,cluster_id,Exc L6 FEZF2 SCUBE1,52,0.2604166666666667,0.45454545454545453,0.09615384615384616,15545,6,47,5,3,"['VWA2', 'ACAT2', 'ASPHD2']","['VWA2', 'ACAT2', 'ASPHD2', 'NANS', 'CCNYL1', 'PPDPF', 'RPH3AL', 'MKX', 'PTK7', 'DPY19L1']",0.27048985589835023,fold_6
4.1,cluster_id,Exc L5-6 FEZF2 IL15,56,0.22959183673469388,0.2571428571428571,0.16071428571428573,15521,26,47,9,4,"['NR4A2', 'ASPHD2', 'FAT2', 'CCDC18']","['KRT17', 'PCOLCE2', 'NR4A2', 'ASPHD2', 'FAT2', 'CCDC18', 'CCNYL1', 'BID', 'DPY19L1', 'OCA2']",0.11274950261033229,fold_6
4.1,cluster_id,Exc L6 FEZF2 OR2T8,19,0.5319148936170213,0.7142857142857143,0.2631578947368421,15582,2,14,5,4,"['NEU1', 'VWA2', 'SLC25A21', 'RBM20']","['NEU1', 'VWA2', 'PCOLCE2', 'SLC25A21', 'RBM20', 'ASPHD2', 'KATNA1', 'INAFM1', 'KCNA1', 'PTK7']",0.6708669965329777,fold_6
4.1,cluster_id,Exc L5-6 FEZF2 EFTUD1P1,314,0.7033248081841432,0.9401709401709402,0.3503184713375796,15282,7,204,110,2,"['GALR1', 'KRT17']","['GALR1', 'PCOLCE2', 'GSKIP', 'TTC29', 'RBM20', 'KRT17', 'NR4A2', 'ASPHD2', 'PTK7', 'CCNYL1']",0.6334414689523011,fold_6
4.1,cluster_id,OPC L1-6 PDGFRA,238,0.6894484412470024,0.7718120805369127,0.4831932773109244,15331,34,123,115,2,"['MAML2', 'CHST11']","['AFAP1L2', 'TEK', 'C1QL1', 'MAML2', 'IL1RAP', 'CHST11', 'ZMIZ1', 'ETV5', 'AMZ1']",0.0952697111862047,fold_6
4.1,cluster_id,Astro L1-6 FGFR3 SLC14A1,230,0.8240534521158129,0.8862275449101796,0.6434782608695652,15354,19,82,148,2,"['PRDM16', 'ACSS1']","['INPPL1', 'PRDM16', 'STOX1', 'NBPF10', 'PAPLN', 'ACSS1', 'ADGRV1', 'ALDH2', 'SNTB1', 'SORCS2']",0.6228356170422468,fold_6
4.1,cluster_id,Astro L1-2 FGFR3 GFAP,61,0.421455938697318,0.44,0.36065573770491804,15514,28,39,22,2,"['SNTB1', 'ADGRV1']","['ACSS1', 'PRDM16', 'PAPLN', 'SNTB1', 'STOX1', 'ADGRV1', 'NBPF10', 'SULT2B1', 'MAML2', 'SORCS2']",0.21038256284507226,fold_6
4.1,cluster_id,Oligo L1-6 OPALIN,313,0.7336108220603538,0.8703703703703703,0.4504792332268371,15269,21,172,141,1,['TMEM98'],"['TMEM98', 'SEMA3B', 'ITGA2', 'GALNT6', 'RHOU', 'SNTB1', 'SLC44A1', 'CDH1', 'MAML2']",1.0,fold_6
4.1,cluster_id,Endo L2-6 NOSTRIN,9,0.8,1.0,0.4444444444444444,15594,0,5,4,1,['SLC7A5'],"['STOM', 'SLC5A6', 'C18orf63', 'TRIM71', 'EVA1C', 'SLC7A5', 'RBM20', 'TEK', 'SNTB1', 'SNX29']",0.11939664043039432,fold_6
4.1,cluster_id,Micro L1-6 TYROBP,63,0.8746355685131195,0.8571428571428571,0.9523809523809523,15530,10,3,60,1,['APBB1IP'],"['P2RY12', 'RHBDF2', 'HPGDS', 'APBB1IP', 'PTPRC', 'MAML2', 'KBTBD12', 'SNX29', 'DIAPH2', 'CHST11']",0.9989528202288376,fold_6
4.1,cluster_id,Inh L1-2 PAX6 CDH12,90,0.46296296296296297,0.8333333333333334,0.16666666666666666,15510,3,75,15,2,"['IGFBP3', 'BCHE']","['GPR153', 'IGFBP3', 'BCHE', 'MMP28', 'UNC5B', 'TRDMT1', 'PDE1B', 'ITGB8', 'C19orf38', 'SART3']",0.3298683463355276,fold_7
4.1,cluster_id,Inh L1-2 PAX6 TNFAIP8L3,16,0.20833333333333334,0.5,0.0625,15586,1,15,1,4,"['HSDL1', 'SLC24A5', 'RBM24', 'SNRPC']","['HSDL1', 'DDR1', 'SLC24A5', 'IGFBP3', 'RBM24', 'SNRPC', 'SNRK', 'EIF4E', 'SDCBP', 'VPS26A']",0.22894935929401167,fold_7
4.1,cluster_id,Inh L1 LAMP5 NMBR,283,0.5957161981258366,0.7672413793103449,0.31448763250883394,15293,27,194,89,2,"['SCRG1', 'PDGFD']","['ADRA1D', 'SCRG1', 'PDGFD', 'IGDCC3', 'MMP28', 'CST3', 'GCNT2', 'AEN', 'SPATA6L']",0.2633840519600373,fold_7
4.1,cluster_id,Inh L1-4 LAMP5 LCP2,356,0.32388663967611336,0.3160493827160494,0.3595505617977528,14970,277,228,128,2,"['PDGFD', 'NTNG1']","['PDGFD', 'UNC5B', 'SPATA6L', 'NTNG1', 'KLF3', 'SLC25A5', 'CST3', 'ANKRD30B', 'PTPRB']",0.04196874456346622,fold_7
4.1,cluster_id,Inh L1-2 LAMP5 DBP,21,0.2,1.0,0.047619047619047616,15582,0,20,1,4,"['GCNT2', 'PDGFD', 'SPATA6L', 'SNRPC']","['SCRG1', 'SSR4', 'GCNT2', 'PDGFD', 'SPATA6L', 'SNRPC', 'SLC9A5', 'ING5', 'ANKRD30B', 'C19orf38']",0.16018082553839186,fold_7
4.1,cluster_id,Inh L2-6 LAMP5 CA1,256,0.7,0.9767441860465116,0.328125,15345,2,172,84,2,"['PDGFD', 'NTNG1']","['PDGFD', 'UNC5B', 'NTNG1', 'CST3', 'SLC24A4', 'CRTAC1', 'PTPRB', 'PREX2', 'RAB3IP', 'KLF3']",0.22140112686326793,fold_7
4.1,cluster_id,Inh L1 SST CHRNA4,52,0.28225806451612906,0.3888888888888889,0.1346153846153846,15540,11,45,7,3,"['ST8SIA2', 'ADAM33', 'PREX2']","['ST8SIA2', 'DDR1', 'CST3', 'KLHL13', 'ADAM33', 'PREX2', 'PIK3C2G']",0.11134757599218018,fold_7
4.1,cluster_id,Inh L1-2 ADARB2 MC4R,107,0.45454545454545453,0.85,0.1588785046728972,15493,3,90,17,2,"['UNC5B', 'ADAM33']","['UNC5B', 'ADAM33', 'KLHL13', 'ST8SIA2', 'ELOVL2', 'PELI1', 'PREX2', 'CST3', 'ANKRD30B', 'GCNT2']",0.1412632853563202,fold_7
4.1,cluster_id,Inh L1-2 SST BAGE2,108,0.28125,0.6923076923076923,0.08333333333333333,15491,4,99,9,2,"['PCDH18', 'ST8SIA2']","['PCDH18', 'ST8SIA2']",0.08662689554665319,fold_7
4.1,cluster_id,Inh L1-3 VIP SYT6,29,0.3246753246753247,0.4166666666666667,0.1724137931034483,15567,7,24,5,4,"['KCTD12', 'ZNF772', 'ADRA1D', 'SLC38A7']","['KCTD12', 'ZNF772', 'ADRA1D', 'DHRSX', 'ELOVL2', 'SLC38A7', 'PRKAG1', 'ZSCAN1', 'SPATA6L', 'ADAM33']",0.1739267214588518,fold_7
4.1,cluster_id,Inh L1-2 VIP TSPAN12,42,0.19607843137254902,0.26666666666666666,0.09523809523809523,15550,11,38,4,3,"['ELOVL2', 'ADAM33', 'TRDMT1']","['ADRA1D', 'ELOVL2', 'ST8SIA2', 'ADAM33', 'TRDMT1', 'GCNT2', 'UNC5B', 'PSMB5', 'CSTF2', 'ITGB8']",0.10483943152773766,fold_7
4.1,cluster_id,Inh L1-4 VIP CHRNA6,25,0.4716981132075472,0.7142857142857143,0.2,15576,2,20,5,4,"['DONSON', 'KLHL13', 'ANKRD30B', 'ADAM33']","['GCNT2', 'DONSON', 'KLHL13', 'ANKRD30B', 'ADAM33', 'CST3', 'AVIL', 'ITGB8', 'KCNG2', 'FAM216A']",0.11112134552535044,fold_7
4.1,cluster_id,Inh L1-3 VIP ADAMTSL1,72,0.3515625,0.391304347826087,0.25,15503,28,54,18,2,"['PCDH18', 'CNTRL']","['PCDH18', 'DRICH1', 'IGDCC3', 'AEN', 'CST3', 'CNTRL']",0.14682793676654957,fold_7
4.1,cluster_id,Inh L1-4 VIP PENK,17,0.5405405405405406,0.8,0.23529411764705882,15585,1,13,4,3,"['SSTR1', 'PCDH18', 'BCHE']","['ALDH1A2', 'SSTR1', 'RDH13', 'PCDH18', 'BCHE', 'SSR4', 'AEN', 'ELOVL2', 'MMP28', 'CBX1']",0.38195977096916994,fold_7
4.1,cluster_id,Inh L2-6 VIP QPCT,37,0.2597402597402597,0.4,0.10810810810810811,15560,6,33,4,3,"['SALL1', 'SSR4', 'RBSN']","['SALL1', 'SSR4', 'SMARCD1', 'WNK3', 'DLAT', 'RBSN', 'AEN', 'KCNG2', 'FARSA']",0.10552770252099807,fold_7
4.1,cluster_id,Inh L3-6 VIP HS3ST3A1,80,0.3055555555555556,0.44,0.1375,15509,14,69,11,3,"['PDE9A', 'DDR1', 'KCNG2']","['SALL1', 'PDE9A', 'IKBKB', 'DDR1', 'IGDCC3', 'KCNG2', 'SNRK', 'PXDN', 'ADAM33', 'SMARCD1']",0.07060220037423662,fold_7
4.1,cluster_id,Inh L1-2 VIP PCDH20,61,0.35398230088495575,0.6153846153846154,0.13114754098360656,15537,5,53,8,3,"['IGFBP3', 'GCNT2', 'ADAM33']","['IGFBP3', 'HSDL1', 'TRDMT1', 'GCNT2', 'ADAM33', 'EIF4G1', 'TMED10', 'SPNS2', 'KCNG2', 'SNRK']",0.06120251481605216,fold_7
4.1,cluster_id,Inh L2-5 VIP SERPINF1,55,0.14925373134328357,0.6666666666666666,0.03636363636363636,15547,1,53,2,2,"['KCNG2', 'PXDN']","['NFAM1', 'IKBKB', 'KCNG2', 'SNRK', 'PXDN', 'SPNS2', 'ADAM33', 'C19orf38']",0.08318828537514866,fold_7
4.1,cluster_id,Inh L2-5 VIP TYR,62,0.25510204081632654,0.5555555555555556,0.08064516129032258,15537,4,57,5,3,"['KCNG2', 'SPATA6L', 'ADAM33']","['KCTD12', 'IGDCC3', 'KCNG2', 'SPATA6L', 'FAM216A', 'ADAM33', 'PXDN', 'SNRK', 'PREX2']",0.09082532251673198,fold_7
4.1,cluster_id,Inh L1-3 VIP CHRM2,175,0.32448377581120946,0.5365853658536586,0.12571428571428572,15409,19,153,22,4,"['PXDN', 'PDE9A', 'SLC24A4', 'UNC5B']","['PXDN', 'PDE9A', 'SLC24A4', 'CMYA5', 'ITGAV', 'UNC5B', 'KLF3', 'KLHL13', 'SNRK']",0.06230052398000647,fold_7
4.1,cluster_id,Inh L2-4 VIP CBLN1,67,0.15097690941385436,0.13709677419354838,0.2537313432835821,15429,107,50,17,3,"['PXDN', 'SLC24A4', 'ADAM33']","['PXDN', 'PDE9A', 'SLC24A4', 'ADAM33']",0.03173762990020266,fold_7
4.1,cluster_id,Inh L1-3 VIP CCDC184,64,0.2689873417721519,0.2698412698412698,0.265625,15493,46,47,17,3,"['SALL1', 'MMP28', 'PXDN']","['SALL1', 'MMP28', 'PXDN', 'DHRS7', 'ST8SIA2', 'SNRK', 'KLHL13', 'KCNG2', 'ADAM33', 'RNF220']",0.1887011943153383,fold_7
4.1,cluster_id,Inh L1-3 VIP GGH,68,0.26785714285714285,0.36,0.1323529411764706,15519,16,59,9,2,"['PXDN', 'TRPC6']","['SALL1', 'PXDN', 'PDE9A', 'KLF3', 'SLC24A4', 'TRPC6', 'SNRK']",0.05550011880314808,fold_7
4.1,cluster_id,Inh L1-2 VIP LBH,47,0.43956043956043955,0.7272727272727273,0.1702127659574468,15553,3,39,8,3,"['KLHL13', 'PCDH18', 'MED19']","['MMP28', 'KLHL13', 'PCDH18', 'GCNT2', 'MED19', 'CYP2R1', 'PXDN', 'SNRK', 'RNF14', 'MID1']",0.16035737514739437,fold_7
4.1,cluster_id,Inh L2-3 VIP CASC6,45,0.4639175257731959,0.6923076923076923,0.2,15554,4,36,9,3,"['RET', 'KLHL13', 'PCDH18']","['KLHL23', 'SSTR1', 'RET', 'NAT8L', 'KLHL13', 'PCDH18', 'SLC29A2', 'DHRS7', 'KCNG2', 'MMP28']",0.0868314569231992,fold_7
4.1,cluster_id,Inh L2-4 VIP SPAG17,33,0.2892561983471074,0.3181818181818182,0.21212121212121213,15555,15,26,7,2,"['KCNG2', 'SALL1']","['KCNG2', 'SALL1', 'TRPC6', 'KLF3', 'STK31', 'ADAM33', 'SLC25A5', 'ITGB8', 'DHRS7']",0.1006017854190859,fold_7
4.1,cluster_id,Inh L1-4 VIP OPRM1,52,0.4069767441860465,0.4666666666666667,0.2692307692307692,15535,16,38,14,2,"['TRPC6', 'ITGAV']","['SALL1', 'KCNG2', 'TRPC6', 'TRDMT1', 'ITGAV', 'SNRK', 'CATSPERG', 'ADAM33', 'PXDN', 'PIK3C2G']",0.11914081720785544,fold_7
4.1,cluster_id,Inh L3-6 SST NPY,15,0.43478260869565216,1.0,0.13333333333333333,15588,0,13,2,4,"['ST6GALNAC1', 'S100Z', 'CRYBG3', 'TCTN3']","['ST6GALNAC1', 'RRBP1', 'S100Z', 'CRYBG3', 'NKRF', 'TCTN3', 'THSD4', 'TRPC6', 'MED19', 'SPDYA']",0.42935823847260146,fold_7
4.1,cluster_id,Inh L3-6 SST HPGD,60,0.26785714285714285,0.46153846153846156,0.1,15536,7,54,6,5,"['CBX1', 'PRDM1', 'TRPC6', 'ZCCHC9', 'MID1']","['CBX1', 'PRDM1', 'TRPC6', 'ZCCHC9', 'WNK3', 'MID1', 'DLAT', 'S100Z', 'CRYBG3', 'POGLUT1']",0.055259024111717014,fold_7
4.1,cluster_id,Inh L4-6 SST B3GAT2,182,0.18929503916449086,0.19863013698630136,0.15934065934065933,15304,117,153,29,2,"['TRPC6', 'MID1']","['TRPC6', 'MID1', 'C19orf38']",0.06900511593566691,fold_7
4.1,cluster_id,Inh L5-6 SST KLHDC8A,63,0.39267015706806285,0.46875,0.23809523809523808,15523,17,48,15,3,"['PRDM1', 'GNE', 'TRPC6']","['TRPV6', 'LIPC', 'SLC9A5', 'PRDM1', 'GNE', 'TRPC6', 'STK31', 'MID1', 'SPNS2', 'ZC3H12C']",0.14579833278252796,fold_7
4.1,cluster_id,Inh L5-6 SST NPM1P10,79,0.23809523809523808,0.4117647058823529,0.08860759493670886,15514,10,72,7,2,"['LIPC', 'MID1']","['LIPC', 'NPIPB15', 'TRPC6', 'HGF', 'ALKBH5', 'MID1', 'PRRG3', 'EIF4G1', 'SLC25A5', 'BAIAP3']",0.3300372304064287,fold_7
4.1,cluster_id,Inh L4-6 SST GXYLT2,41,0.3076923076923077,0.6666666666666666,0.0975609756097561,15560,2,37,4,4,"['DHRSX', 'MAP2K6', 'PRDM1', 'TRPC6']","['DHRSX', 'MAP2K6', 'PRDM1', 'MID1', 'TRPC6', 'HIF1AN', 'ZCCHC9', 'C19orf38', 'RBM14', 'CEP41']",0.20357930788825568,fold_7
4.1,cluster_id,Inh L4-5 SST STK32A,93,0.05034324942791762,0.04206500956022945,0.23655913978494625,15009,501,71,22,1,['MID1'],['MID1'],0.0351470123052178,fold_7
4.1,cluster_id,Inh L1-3 SST CALB1,279,0.3655107778819119,0.39593908629441626,0.27956989247311825,15205,119,201,78,1,['CRYBG3'],"['NCMAP', 'CRYBG3', 'ITGAM', 'SLC24A4', 'S100Z', 'C19orf38', 'TRPC6', 'PIK3C2G', 'KLF3']",0.2421113816928256,fold_7
4.1,cluster_id,Inh L3-5 SST ADGRG6,132,0.1893939393939394,0.30303030303030304,0.07575757575757576,15448,23,122,10,2,"['RRBP1', 'SLC24A4']","['RRBP1', 'SLC24A4', 'CRYBG3', 'C19orf38', 'S100Z', 'ZKSCAN5', 'SPATA6L', 'PIK3C2G', 'MID1']",0.1293696160028288,fold_7
4.1,cluster_id,Inh L2-4 SST FRZB,64,0.11904761904761904,0.4,0.03125,15536,3,62,2,3,"['MED17', 'HGF', 'S100Z']","['PRDM1', 'MED17', 'HGF', 'S100Z', 'CSTF2', 'USP50']",0.030463879451444943,fold_7
4.1,cluster_id,Inh L5-6 SST TH,27,0.6779661016949152,1.0,0.2962962962962963,15576,0,19,8,2,"['TH', 'SNRPC']","['TH', 'CACNG5', 'PRDM1', 'POGLUT1', 'HGF', 'SNRPC', 'CFAP20', 'WNK3', 'NKRF', 'ZC3H12C']",0.6028053120479752,fold_7
4.1,cluster_id,Inh L5-6 LHX6 GLP1R,27,0.44776119402985076,0.6,0.2222222222222222,15572,4,21,6,3,"['BCHE', 'HSDL1', 'HGF']","['DRICH1', 'BCHE', 'HSDL1', 'HGF', 'TCTN3', 'SCRG1', 'TRIM13', 'RDH13', 'ZC3H12C', 'AXIN2']",0.2685081609396291,fold_7
4.1,cluster_id,Inh L5-6 PVALB LGR5,52,0.35,0.3783783783783784,0.2692307692307692,15528,23,38,14,3,"['RET', 'HGF', 'TRPC6']","['RET', 'HGF', 'SCRG1', 'PRDM1', 'TRPC6', 'ZC3H12C', 'PHLDB2', 'SLC9A5', 'DLAT', 'USP50']",0.057647083635989596,fold_7
4.1,cluster_id,Inh L4-5 PVALB MEPE,64,0.6402439024390244,0.84,0.328125,15535,4,43,21,4,"['HGF', 'BCHE', 'SFMBT1', 'KLF3']","['HGF', 'BCHE', 'DHRS7', 'PRDM1', 'SFMBT1', 'KLF3', 'MCRS1', 'ZC3H12C', 'NAT8L', 'CPNE3']",0.10482808478127878,fold_7
4.1,cluster_id,Inh L2-4 PVALB WFDC2,387,0.15458937198067632,0.19753086419753085,0.082687338501292,15086,130,355,32,3,"['KLF3', 'SLC25A5', 'ADI1']","['KLF3', 'LAP3', 'M6PR', 'SLC25A5', 'CSTF2', 'ADI1', 'S100Z', 'DHRS7', 'DLAT', 'MED17']",0.07212032365547165,fold_7
4.1,cluster_id,Inh L4-6 PVALB SULF1,167,0.2882703777335984,0.34523809523809523,0.17365269461077845,15381,55,138,29,3,"['HGF', 'PRDM1', 'SCRG1']","['HGF', 'PRDM1', 'SCRG1', 'DHRS7', 'S100Z', 'DLAT', 'PHLDB2', 'ZKSCAN5', 'ADAMTS13', 'ZC3H12C']",0.04691525015538587,fold_7
4.1,cluster_id,Inh L5-6 SST MIR548F2,80,0.28225806451612906,0.2876712328767123,0.2625,15471,52,59,21,3,"['DLAT', 'HGF', 'PRDM1']","['LAP3', 'DLAT', 'HGF', 'PRDM1', 'SCRG1', 'ADI1', 'SLC29A2', 'HAGHL', 'DHRS7', 'WNK3']",0.1772573850836566,fold_7
4.1,cluster_id,Inh L2-5 PVALB SCUBE3,32,0.5882352941176471,0.8888888888888888,0.25,15570,1,24,8,3,"['RET', 'UNC5B', 'PDE9A']","['SMNDC1', 'RET', 'UNC5B', 'PINX1', 'SPRY4', 'PDE9A', 'KLF3', 'SDCBP', 'DLAT', 'ITGAV']",0.47150376153280066,fold_7
4.1,cluster_id,Exc L2 LAMP5 LTK,812,0.5031305903398927,0.6320224719101124,0.2770935960591133,14660,131,587,225,2,"['PDGFD', 'CMYA5']","['PDGFD', 'SLC24A4', 'DDRGK1', 'AEN', 'CMYA5', 'SLC2A12', 'KCNV1', 'FRMD8', 'SPATA6L', 'TRIM13']",0.15134811962075884,fold_7
4.1,cluster_id,Exc L2-4 LINC00507 GLP2R,170,0.15527950310559005,0.2631578947368421,0.058823529411764705,15405,28,160,10,2,"['SLC24A4', 'KCNV1']","['PDGFD', 'SLC24A4', 'KCNV1', 'CMYA5', 'AEN', 'SLC2A12', 'DDRGK1', 'TRIM13', 'FRMD8', 'SLC24A5']",0.08395058058651056,fold_7
4.1,cluster_id,Exc L2-3 LINC00507 FREM3,2284,0.5641521598968408,0.7142857142857143,0.3064798598949212,13039,280,1584,700,2,"['ROS1', 'SLC24A4']","['TAF7L', 'ROS1', 'AEN', 'RCOR1', 'SLC24A4', 'PDGFD', 'DDRGK1', 'CRYBG3', 'KCNV1', 'PDE1B']",0.027691085965512438,fold_7
4.1,cluster_id,Exc L5-6 THEMIS C1QL3,1537,0.5505574026990026,0.6297539149888143,0.36629798308392975,13735,331,974,563,3,"['FRMD8', 'PXDN', 'PELI1']","['FRMD8', 'AVIL', 'PXDN', 'AXIN2', 'PELI1', 'KCNV1', 'SKIL', 'RCOR1', 'METTL16', 'SPDYA']",0.15455940755520406,fold_7
4.1,cluster_id,Exc L3-4 RORB CARM1P1,280,0.46296296296296297,0.6521739130434783,0.21428571428571427,15291,32,220,60,3,"['ADGRF5', 'ROS1', 'PIK3C2G']","['ADGRF5', 'ROS1', 'PIK3C2G', 'FRMPD2', 'SCRG1', 'AEN', 'CRYBG3', 'THSD4', 'RDH13', 'PHLDB2']",0.19945673053338728,fold_7
4.1,cluster_id,Exc L3-5 RORB ESR1,1428,0.4320151679306609,0.5636042402826855,0.22338935574229693,13928,247,1109,319,2,"['FRMPD2', 'IGDCC3']","['FRMPD2', 'IGDCC3', 'CMYA5', 'SVIP', 'NMRK1', 'ACER2', 'CEP41', 'KCNV1', 'DDRGK1']",0.1603613800078621,fold_7
4.1,cluster_id,Exc L3-5 RORB COL22A1,160,0.37650602409638556,0.5813953488372093,0.15625,15425,18,135,25,2,"['FRMPD2', 'PHLDB2']","['FRMPD2', 'PHLDB2', 'CMYA5', 'PELI1', 'HAGHL', 'PXDN', 'LYRM9', 'BAIAP3']",0.3240643484017202,fold_7
4.1,cluster_id,Exc L3-5 RORB FILIP1L,153,0.20151133501259447,0.26229508196721313,0.10457516339869281,15405,45,137,16,4,"['ROS1', 'FRMPD2', 'CMYA5', 'PHLDB2']","['ADGRF5', 'ROS1', 'FRMPD2', 'NMRK1', 'CMYA5', 'PHLDB2', 'AEN', 'ACER2', 'HAGHL', 'NTNG1']",0.07709493004568369,fold_7
4.1,cluster_id,Exc L3-5 RORB TWIST2,93,0.07334963325183375,0.0759493670886076,0.06451612903225806,15437,73,87,6,2,"['PHLDB2', 'IQUB']","['FRMPD2', 'PHLDB2', 'NMRK1', 'CMYA5', 'IQUB', 'PDGFD', 'DDRGK1', 'ACER2', 'SVIP']",0.06751866621660316,fold_7
4.1,cluster_id,Exc L4-5 RORB FOLH1B,870,0.42012779552715657,0.4654867256637168,0.3022988505747126,14431,302,607,263,2,"['ALPL', 'PHLDB2']","['ALPL', 'AVIL', 'NMRK1', 'SNRPC', 'ADI1', 'PHLDB2', 'USP6NL', 'KCNV1', 'KCNG2', 'GK']",0.25203713413047785,fold_7
4.1,cluster_id,Exc L4-6 RORB SEMA3E,777,0.26710574460300035,0.2985685071574642,0.1879021879021879,14483,343,631,146,2,"['ALPL', 'PHLDB2']","['ALPL', 'NMRK1', 'KCNV1', 'PHLDB2', 'TOLLIP', 'EIF4H', 'GK', 'DAB2IP']",0.1870305881604255,fold_7
4.1,cluster_id,Exc L4-5 RORB DAPK2,173,0.2669039145907473,0.5555555555555556,0.08670520231213873,15418,12,158,15,3,"['PHLDB2', 'MID1', 'KCNV1']","['PHLDB2', 'MID1', 'KCNV1', 'CMYA5', 'MCRS1', 'SVIP', 'NMRK1', 'NTNG1', 'ANKRD33B', 'RBM14']",0.10314846311180784,fold_7
4.1,cluster_id,Exc L5-6 RORB TTC12,167,0.21865889212827988,0.3409090909090909,0.08982035928143713,15407,29,152,15,5,"['PINX1', 'IGDCC3', 'IQUB', 'SLC24A5', 'NMRK1']","['PINX1', 'IGDCC3', 'SPEF1', 'IQUB', 'SLC24A5', 'NMRK1', 'UNC5B', 'MED17', 'KCNV1', 'PHLDB2']",0.18101671765437116,fold_7
4.1,cluster_id,Exc L4-6 RORB C1R,160,0.17647058823529413,0.26666666666666666,0.075,15410,33,148,12,3,"['IGDCC3', 'ALPL', 'UNC5B']","['IGDCC3', 'ALPL', 'ACER2', 'UNC5B', 'CCAR2', 'PHLDB2', 'HAGHL', 'IQUB', 'SLC9A5', 'ANKRD30B']",0.2477895912224321,fold_7
4.1,cluster_id,Exc L4-5 FEZF2 SCN4B,25,0.660377358490566,1.0,0.28,15578,0,18,7,6,"['MANF', 'VASH2', 'SPEF1', 'TRPV6', 'WDR91', 'SLC9A5']","['MANF', 'VASH2', 'SPEF1', 'TRPV6', 'WDR91', 'SLC9A5', 'SLC47A2', 'FRMD8', 'FEZF2', 'CRYBG3']",0.8975944788264659,fold_7
4.1,cluster_id,Exc L5-6 THEMIS DCSTAMP,53,0.38095238095238093,0.6153846153846154,0.1509433962264151,15545,5,45,8,4,"['ST8SIA2', 'HAGHL', 'CRYBG3', 'SLC25A43']","['CAPN13', 'ST8SIA2', 'CATSPERG', 'HAGHL', 'CRYBG3', 'SLC25A43', 'KCNV1', 'SLC24A4', 'UNC5B', 'ITGB8']",0.18855476224965798,fold_7
4.1,cluster_id,Exc L5-6 THEMIS CRABP1,147,0.5393586005830904,0.7551020408163265,0.25170068027210885,15444,12,110,37,3,"['UBE2M', 'HGF', 'UNC5B']","['CAPN13', 'UBE2M', 'PELI1', 'CATSPERG', 'HGF', 'UNC5B', 'SLC24A4', 'ITGB8', 'NOL7', 'PABPC1']",0.06661134114516956,fold_7
4.1,cluster_id,Exc L5-6 THEMIS FGF10,78,0.43333333333333335,0.7222222222222222,0.16666666666666666,15520,5,65,13,5,"['CATSPERG', 'SLC2A12', 'KCNV1', 'ST8SIA2', 'PELI1']","['DDX20', 'CATSPERG', 'SLC2A12', 'KCNV1', 'ST8SIA2', 'PELI1', 'RCOR1', 'CCDC62', 'ENPP4', 'ITGB8']",0.1114807019163304,fold_7
4.1,cluster_id,Exc L4-6 FEZF2 IL26,344,0.5924170616113744,0.8,0.29069767441860467,15234,25,244,100,2,"['FEZF2', 'PDE9A']","['DCDC2C', 'FEZF2', 'WDR91', 'PDE9A', 'RBM24', 'USP6NL', 'PHLDB2', 'PPIL3', 'TRDMT1', 'KLF3']",0.32812514318099284,fold_7
4.1,cluster_id,Exc L5-6 FEZF2 ABO,373,0.580964153275649,0.8623853211009175,0.2520107238605898,15215,15,279,94,3,"['LGR6', 'FEZF2', 'PXDN']","['LGR6', 'FEZF2', 'SLC47A2', 'SLC2A12', 'CRYBG3', 'PXDN', 'ITGAV', 'PHLDB2', 'ENPP4', 'KCNG2']",0.21188514019107463,fold_7
4.1,cluster_id,Exc L6 FEZF2 SCUBE1,52,0.6666666666666666,0.9411764705882353,0.3076923076923077,15550,1,36,16,2,"['PIK3C2G', 'SLITRK6']","['LGR6', 'PIK3C2G', 'SLITRK6', 'ALDH1A2', 'SLC2A12', 'PSMB5', 'IGFBP3', 'KLF3', 'SFMBT1', 'RNF220']",0.3123946596439414,fold_7
4.1,cluster_id,Exc L5-6 FEZF2 IL15,56,0.3723404255319149,0.42424242424242425,0.25,15528,19,42,14,3,"['DCDC2C', 'ROS1', 'SLC2A12']","['F2R', 'DCDC2C', 'ROS1', 'SLC2A12', 'PIK3C2G', 'DLAT', 'RNF220', 'PELI1', 'ITGAV', 'FAM216A']",0.3329215544464592,fold_7
4.1,cluster_id,Exc L6 FEZF2 OR2T8,19,0.6382978723404256,0.8571428571428571,0.3157894736842105,15583,1,13,6,3,"['C1orf226', 'SLITRK6', 'IGFBP3']","['C1orf226', 'SLITRK6', 'ZNF772', 'CCDC43', 'IGFBP3', 'LYSMD3', 'KLF3', 'PIK3C2G', 'NKRF', 'FEZF2']",0.939951307996969,fold_7
4.1,cluster_id,Exc L5-6 FEZF2 EFTUD1P1,314,0.7256235827664399,0.9014084507042254,0.40764331210191085,15275,14,186,128,2,"['GALR1', 'ROS1']","['GALR1', 'WDR91', 'ROS1', 'SLC2A12', 'FEZF2', 'CRYBG3', 'KLF3', 'PELI1', 'MMP28', 'USP6NL']",0.6820239221078629,fold_7
4.1,cluster_id,OPC L1-6 PDGFRA,238,0.4830917874396135,0.9090909090909091,0.16806722689075632,15361,4,198,40,2,"['BCHE', 'CST3']","['PMP2', 'SPRY4', 'BCHE', 'CST3', 'CMYA5', 'DDR1', 'GATM', 'ITGAV', 'SCRG1', 'PXDN']",0.1258582677689703,fold_7
4.1,cluster_id,Astro L1-6 FGFR3 SLC14A1,230,0.7253521126760564,0.8583333333333333,0.44782608695652176,15356,17,127,103,2,"['ACSS3', 'ACSS1']","['PPP1R3C', 'ACSS3', 'RAB34', 'ACSS1', 'TULP3', 'ELOVL2', 'CST3', 'MMP28', 'PDE9A', 'MID1']",0.6873915465394879,fold_7
4.1,cluster_id,Astro L1-2 FGFR3 GFAP,61,0.5365853658536586,0.6111111111111112,0.36065573770491804,15528,14,39,22,2,"['LPAR4', 'ACSS1']","['LPAR4', 'DDR1', 'ACSS1', 'RAB34', 'ACSS3', 'GATM', 'TULP3', 'CST3', 'RNF220', 'MMP28']",0.7086330587564575,fold_7
4.1,cluster_id,Oligo L1-6 OPALIN,313,0.9093851132686084,0.9123376623376623,0.8977635782747604,15263,27,32,281,1,['RNF220'],"['EVI2A', 'CPM', 'GATM', 'RNF220', 'ADIPOR2', 'SVIP', 'AATK', 'UNC5B', 'MVB12B']",0.33122646445687054,fold_7
4.1,cluster_id,Endo L2-6 NOSTRIN,9,0.8,1.0,0.4444444444444444,15594,0,5,4,2,"['ADGRF5', 'THSD4']","['ADGRF5', 'THSD4', 'ADIPOR2', 'SDCBP', 'RNF220', 'USP6NL', 'TRIM13', 'DUT', 'CATSPERG', 'KDM6A']",0.6476677344264774,fold_7
4.1,cluster_id,Micro L1-6 TYROBP,63,0.7068062827225131,0.84375,0.42857142857142855,15535,5,36,27,1,['HPGDS'],"['HPGDS', 'RNF135', 'ITGAM', 'PELI1', 'S100Z', 'CST3', 'USP6NL', 'CYFIP1', 'PDE9A', 'IKBKB']",1.0,fold_7
4.1,cluster_id,Inh L1-2 PAX6 CDH12,90,0.34946236559139787,0.5416666666666666,0.14444444444444443,15502,11,77,13,3,"['PTN', 'PDE1B', 'HCRTR2']","['PTN', 'PDE1B', 'HCRTR2', 'CDO1', 'CTPS2', 'SLC39A6', 'HIF3A', 'MGST2', 'RPLP0', 'ABCG1']",0.07024034799496773,fold_8
4.1,cluster_id,Inh L1-2 PAX6 TNFAIP8L3,16,0.4166666666666667,1.0,0.125,15587,0,14,2,4,"['C11orf98', 'HAUS2', 'EFCAB14', 'SLC39A6']","['TMEM101', 'C11orf98', 'HAUS2', 'EFCAB14', 'SLC39A6', 'TBC1D8B', 'NCAPH2', 'ASNSD1', 'HCRTR2', 'PTN']",0.7277648146313467,fold_8
4.1,cluster_id,Inh L1 LAMP5 NMBR,283,0.5052935514918191,0.5555555555555556,0.3710247349823322,15236,84,178,105,2,"['SV2C', 'SLC10A4']","['SV2C', 'CDO1', 'VLDLR', 'SLC10A4', 'SLC39A6', 'ABCG1']",0.1318821920153273,fold_8
4.1,cluster_id,Inh L1-4 LAMP5 LCP2,356,0.738255033557047,0.8421052631578947,0.4943820224719101,15214,33,180,176,2,"['SV2C', 'UNC13C']","['SCUBE2', 'HDDC2', 'VLDLR', 'SV2C', 'CDO1', 'UNC13C']",0.1342267743014196,fold_8
4.1,cluster_id,Inh L1-2 LAMP5 DBP,21,0.30303030303030304,0.6666666666666666,0.09523809523809523,15581,1,19,2,3,"['SV2C', 'NDUFAF1', 'PAGR1']","['KIAA1210', 'APH1B', 'TBC1D8B', 'SV2C', 'NDUFAF1', 'PAGR1', 'HDDC2', 'LTBP4', 'LSS', 'TNPO2']",0.13183024686929876,fold_8
4.1,cluster_id,Inh L2-6 LAMP5 CA1,256,0.7751091703056768,0.8606060606060606,0.5546875,15324,23,114,142,2,"['SV2C', 'HCRTR2']","['SV2C', 'HDDC2', 'VLDLR', 'GLDN', 'HCRTR2', 'FADS2', 'RPLP0', 'EFCAB14', 'HLA-A', 'TSPAN9']",0.1530287537338231,fold_8
4.1,cluster_id,Inh L1 SST CHRNA4,52,0.25,0.3181818181818182,0.1346153846153846,15536,15,45,7,3,"['SLC10A4', 'COL12A1', 'HLA-A']","['BHLHE41', 'CDO1', 'SLC10A4', 'COL12A1', 'HLA-A', 'NCAPH2']",0.07876303428505016,fold_8
4.1,cluster_id,Inh L1-2 ADARB2 MC4R,107,0.3076923076923077,0.5454545454545454,0.11214953271028037,15486,10,95,12,3,"['SLC10A4', 'PTN', 'COL12A1']","['SLC10A4', 'PTN', 'NPIPB11', 'HLA-A', 'COL12A1']",0.05911783773053608,fold_8
4.1,cluster_id,Inh L1-2 SST BAGE2,108,0.19329896907216496,0.21428571428571427,0.1388888888888889,15440,55,93,15,2,"['NPIPB11', 'PDE3A']","['SCML4', 'SLC10A4', 'NPIPB11', 'PDE3A']",0.057662059212995,fold_8
4.1,cluster_id,Inh L1-3 VIP SYT6,29,0.23076923076923078,0.3333333333333333,0.10344827586206896,15568,6,26,3,4,"['CC2D1B', 'CSDC2', 'CNTFR', 'GLDN']","['CC2D1B', 'CSDC2', 'CNTFR', 'MGST2', 'GLDN', 'DUSP26', 'CD55', 'HIF3A', 'PDE3A', 'HCRTR2']",0.4899107743730317,fold_8
4.1,cluster_id,Inh L1-2 VIP TSPAN12,42,0.25862068965517243,0.75,0.07142857142857142,15560,1,39,3,3,"['BHLHE41', 'HCRTR2', 'CDO1']","['BHLHE41', 'RRAGC', 'HIF3A', 'GLDN', 'HCRTR2', 'CDO1', 'NDUFB7', 'SLC39A6', 'COL12A1', 'AKTIP']",0.03178156677393653,fold_8
4.1,cluster_id,Inh L1-4 VIP CHRNA6,25,0.4878048780487805,1.0,0.16,15578,0,21,4,3,"['TSPAN11', 'SLC10A4', 'HCRTR2']","['GOLGA5', 'MGST2', 'TSPAN11', 'FGF2', 'SLC10A4', 'HCRTR2', 'RANBP3', 'LSS', 'NPIPB11', 'TMEM192']",0.1186351445455481,fold_8
4.1,cluster_id,Inh L1-3 VIP ADAMTSL1,72,0.14285714285714285,0.23529411764705882,0.05555555555555555,15518,13,68,4,3,"['SCML4', 'RPLP0', 'PTN']","['SCML4', 'SLC10A4', 'RPLP0', 'PFKL', 'PTN', 'ZNF362', 'HLA-A']",0.004608301262180871,fold_8
4.1,cluster_id,Inh L1-4 VIP PENK,17,0.3448275862068966,0.6666666666666666,0.11764705882352941,15585,1,15,2,2,"['HMCN2', 'ESRRB']","['TMEM222', 'HMCN2', 'ESRRB', 'SLC27A2', 'CSDC2', 'CTPS2', 'FLOT2', 'IGLON5', 'PLA2R1', 'UBXN11']",0.5184231774708036,fold_8
4.1,cluster_id,Inh L2-6 VIP QPCT,37,0.2898550724637681,0.5,0.10810810810810811,15562,4,33,4,3,"['KCNF1', 'PDE3A', 'NDUFB7']","['C3orf70', 'KCNF1', 'PDE3A', 'NDUFB7', 'SLC39A6', 'GKAP1', 'HIF3A', 'MGST2', 'DGCR2', 'HLA-A']",0.09818767469211437,fold_8
4.1,cluster_id,Inh L3-6 VIP HS3ST3A1,80,0.5178571428571429,0.58,0.3625,15502,21,51,29,3,"['HIF3A', 'STK32B', 'PDE3A']","['LIMD1', 'C3orf70', 'PTH2R', 'HIF3A', 'STK32B', 'PDE3A', 'HMCN2', 'POLB', 'GKAP1', 'COL12A1']",0.07651261479053068,fold_8
4.1,cluster_id,Inh L1-2 VIP PCDH20,61,0.24691358024691357,0.8,0.06557377049180328,15541,1,57,4,4,"['HIF3A', 'ZNF362', 'HLA-A', 'PDE3A']","['SLC39A6', 'HIF3A', 'ZNF362', 'HLA-A', 'YEATS4', 'PDE3A', 'POLB', 'ABCG1']",0.04188544244054078,fold_8
4.1,cluster_id,Inh L2-5 VIP SERPINF1,55,0.19083969465648856,0.2631578947368421,0.09090909090909091,15534,14,50,5,2,"['HMCN2', 'CBLN2']","['SLC10A4', 'HMCN2', 'POLB', 'PDE3A', 'CBLN2', 'HLA-A']",0.030368072402026113,fold_8
4.1,cluster_id,Inh L2-5 VIP TYR,62,0.2727272727272727,0.5,0.0967741935483871,15535,6,56,6,4,"['EPHX1', 'SLC10A4', 'GLDN', 'C3orf70']","['EPHX1', 'SLC10A4', 'MMADHC', 'HLA-A', 'GLDN', 'C3orf70', 'POLB', 'PDE3A', 'HMCN2', 'CBLN2']",0.06439724112855348,fold_8
4.1,cluster_id,Inh L1-3 VIP CHRM2,175,0.47186932849364793,0.5531914893617021,0.29714285714285715,15386,42,123,52,2,"['FLT1', 'PDE3A']","['FLT1', 'IGLON5', 'POLB', 'PTN', 'PDE3A', 'PLEKHG5']",0.08746680452740427,fold_8
4.1,cluster_id,Inh L2-4 VIP CBLN1,67,0.18324607329842932,0.22580645161290322,0.1044776119402985,15512,24,60,7,3,"['POLB', 'PTN', 'SLC10A4']","['PTH2R', 'POLB', 'PTN', 'SLC10A4', 'PDE3A']",0.060590695542756666,fold_8
4.1,cluster_id,Inh L1-3 VIP CCDC184,64,0.35714285714285715,0.5263157894736842,0.15625,15530,9,54,10,2,"['SCML4', 'CSPG5']","['SCML4', 'TSPAN11', 'DHRS7', 'CSPG5', 'KCNF1', 'VLDLR', 'SLC10A4', 'POLB', 'SNX16', 'JDP2']",0.3146037894330175,fold_8
4.1,cluster_id,Inh L1-3 VIP GGH,68,0.3125,0.3870967741935484,0.17647058823529413,15516,19,56,12,2,"['FLT1', 'PDE3A']","['PTH2R', 'FLT1', 'PDE3A', 'SLC10A4', 'CSPG5']",0.05164649932853192,fold_8
4.1,cluster_id,Inh L1-2 VIP LBH,47,0.28169014084507044,0.6666666666666666,0.0851063829787234,15554,2,43,4,3,"['TSPAN11', 'SLC10A4', 'ZNF330']","['TSPAN11', 'METTL4', 'SCML4', 'PHAX', 'SLC10A4', 'ZNF330', 'FAAH', 'C3orf70', 'SNCG', 'LSS']",0.20398488545073304,fold_8
4.1,cluster_id,Inh L2-3 VIP CASC6,45,0.4744525547445255,0.5652173913043478,0.28888888888888886,15548,10,32,13,3,"['SCML4', 'SLC10A4', 'HIF3A']","['TSPAN11', 'SCML4', 'ABHD17C', 'SLC10A4', 'DHRS7', 'HIF3A', 'JDP2', 'IGLON5', 'STK32B', 'ACOT11']",0.1755365792939105,fold_8
4.1,cluster_id,Inh L2-4 VIP SPAG17,33,0.24691358024691357,0.3333333333333333,0.12121212121212122,15562,8,29,4,3,"['SCML4', 'NDUFB7', 'DHRS7']","['SCML4', 'NDUFB7', 'NPIPB11', 'HIF3A', 'DHRS7', 'APH1B', 'AKIRIN2', 'NDUFB9', 'ZNF41']",0.020991073546843618,fold_8
4.1,cluster_id,Inh L1-4 VIP OPRM1,52,0.20833333333333334,0.6,0.057692307692307696,15549,2,49,3,3,"['NPIPB11', 'HIF3A', 'CTPS2']","['NPIPB11', 'HIF3A', 'CTPS2', 'C3orf70', 'HLA-A', 'POLB', 'PDE3A', 'RPLP0', 'HMCN2', 'NDUFB7']",0.08549853315539901,fold_8
4.1,cluster_id,Inh L3-6 SST NPY,15,0.46511627906976744,0.5714285714285714,0.26666666666666666,15585,3,11,4,3,"['ANKRD34B', 'TRIM16', 'APH1B']","['ANKRD34B', 'CSDC2', 'SLC27A2', 'TRIM16', 'FADS2', 'APH1B', 'CD55', 'LSS', 'PSMB7', 'CDC42SE1']",0.23840173516488938,fold_8
4.1,cluster_id,Inh L3-6 SST HPGD,60,0.26785714285714285,0.46153846153846156,0.1,15536,7,54,6,3,"['PLA2R1', 'CEP120', 'TSPAN9']","['PLA2R1', 'CEP120', 'NDUFAB1', 'TSPAN9', 'C1orf112', 'ARRDC1', 'POGLUT1', 'FLOT2', 'SLC39A6', 'ZCWPW2']",0.08128979569524962,fold_8
4.1,cluster_id,Inh L4-6 SST B3GAT2,182,0.10999083409715857,0.096,0.26373626373626374,14969,452,134,48,1,['EPB41L4A'],['EPB41L4A'],0.04091522795912554,fold_8
4.1,cluster_id,Inh L5-6 SST KLHDC8A,63,0.4672897196261682,0.9090909090909091,0.15873015873015872,15539,1,53,10,3,"['SCUBE2', 'STK32B', 'EPB41L4A']","['L3MBTL2', 'SCUBE2', 'FXN', 'DUSP26', 'STK32B', 'EPB41L4A', 'RANBP3', 'PLA2R1', 'ARSA', 'SPEG']",0.11678765809273563,fold_8
4.1,cluster_id,Inh L5-6 SST NPM1P10,79,0.33816425120772947,0.4375,0.17721518987341772,15506,18,65,14,3,"['ISOC1', 'GLDN', 'EPB41L4A']","['ISOC1', 'KLHL14', 'GLDN', 'KCNF1', 'PLA2R1', 'EPB41L4A', 'SNCG', 'NCAPH2', 'DNAJC27', 'JDP2']",0.06327334648442522,fold_8
4.1,cluster_id,Inh L4-6 SST GXYLT2,41,0.46099290780141844,0.52,0.3170731707317073,15550,12,28,13,2,"['KLHL14', 'CFAP47']","['KLHL14', 'CFAP47', 'TAF9', 'TTC23L', 'DESI2', 'EPB41L4A', 'MFN2', 'PLA2R1', 'HCRTR2', 'SNCG']",0.43221962724765267,fold_8
4.1,cluster_id,Inh L4-5 SST STK32A,93,0.047961630695443645,0.04938271604938271,0.043010752688172046,15433,77,89,4,2,"['RANBP3', 'CBLN2']","['RANBP3', 'CBLN2']",0.03471489769893976,fold_8
4.1,cluster_id,Inh L1-3 SST CALB1,279,0.26370217166494314,0.29651162790697677,0.1827956989247312,15203,121,228,51,2,"['HMCN2', 'STK32B']","['HMCN2', 'ABCG1', 'SV2C', 'STK32B']",0.014051509217761498,fold_8
4.1,cluster_id,Inh L3-5 SST ADGRG6,132,0.0377906976744186,0.0327455919395466,0.09848484848484848,15087,384,119,13,1,['APH1B'],"['FADS2', 'APH1B']",0.005407496282643653,fold_8
4.1,cluster_id,Inh L2-4 SST FRZB,64,0.0880281690140845,0.09090909090909091,0.078125,15489,50,59,5,3,"['HMCN2', 'ABCG1', 'TSPAN9']","['HS3ST1', 'HMCN2', 'ABCG1', 'TSPAN9']",0.019447155977572406,fold_8
4.1,cluster_id,Inh L5-6 SST TH,27,0.3488372093023256,0.75,0.1111111111111111,15575,1,24,3,2,"['TP63', 'HS3ST1']","['TP63', 'ISOC1', 'HS3ST1', 'POGLUT1', 'JDP2', 'MMP24', 'TAF9', 'EPB41L4A', 'KCNF1', 'SEMA3A']",0.6646452445344317,fold_8
4.1,cluster_id,Inh L5-6 LHX6 GLP1R,27,0.39215686274509803,0.6666666666666666,0.14814814814814814,15574,2,23,4,3,"['C1orf162', 'LDB3', 'CFAP47']","['IL11RA', 'C1orf162', 'LDB3', 'ABCA12', 'CFAP47', 'PAK4', 'SLC27A2', 'IGLON5', 'HDDC2', 'AKTIP']",0.39007219373684043,fold_8
4.1,cluster_id,Inh L5-6 PVALB LGR5,52,0.4807692307692308,0.5769230769230769,0.28846153846153844,15540,11,37,15,2,"['ANKRD34B', 'HMCN2']","['ANKRD34B', 'HMCN2', 'MGST2', 'IGLON5', 'SNCG', 'RILPL2', 'CEP120', 'ZNF41', 'INPP1', 'RASGEF1C']",0.2929023506428968,fold_8
4.1,cluster_id,Inh L4-5 PVALB MEPE,64,0.22727272727272727,0.35294117647058826,0.09375,15528,11,58,6,3,"['CATSPER3', 'DHRS7', 'IGLON5']","['CATSPER3', 'STRIP2', 'DHRS7', 'MGST2', 'JDP2', 'IGLON5', 'PLA2R1', 'TM6SF1', 'SNCG', 'MPPE1']",0.18735139374017462,fold_8
4.1,cluster_id,Inh L2-4 PVALB WFDC2,387,0.29971455756422455,0.3795180722891566,0.16279069767441862,15113,103,324,63,3,"['STRIP2', 'ABCG1', 'TSPAN9']","['PHF7', 'STRIP2', 'ABCG1', 'HS3ST1', 'TSPAN9', 'TM6SF1', 'PDHA1', 'MMADHC', 'DHRS7', 'NDUFB9']",0.1169309527778205,fold_8
4.1,cluster_id,Inh L4-6 PVALB SULF1,167,0.14774494556765164,0.15966386554621848,0.11377245508982035,15336,100,148,19,2,"['ABCA12', 'SNCG']","['ABCA12', 'DHRS7', 'TSPAN9', 'SNCG', 'STRIP2', 'MGST2', 'HMCN2', 'PAGR1', 'COL12A1', 'ABCG1']",0.053410102860320205,fold_8
4.1,cluster_id,Inh L5-6 SST MIR548F2,80,0.10551948051948051,0.09701492537313433,0.1625,15402,121,67,13,4,"['HS3ST1', 'JDP2', 'MGST2', 'DHRS7']","['TTC23L', 'HS3ST1', 'JDP2', 'ZCCHC4', 'MGST2', 'DHRS7', 'TSPAN9', 'MPPE1', 'SCGB2B2', 'SNCG']",0.09281117680569731,fold_8
4.1,cluster_id,Inh L2-5 PVALB SCUBE3,32,0.2631578947368421,0.36363636363636365,0.125,15564,7,28,4,3,"['HS3ST1', 'ANKRD34B', 'SLC39A6']","['HS3ST1', 'CCDC38', 'ANKRD34B', 'SLC39A6', 'COL12A1', 'PLA2R1', 'INPP1', 'TM6SF1', 'TSPAN9', 'DHRS7']",0.11337878760151683,fold_8
4.1,cluster_id,Exc L2 LAMP5 LTK,812,0.4730408573342264,0.437984496124031,0.6958128078817734,14066,725,247,565,1,['CBLN2'],"['DGKA', 'PTH2R', 'MYO5C', 'HOPX', 'CBLN2', 'PLEKHG5', 'CAMKK1', 'FAAH', 'SLC30A3', 'PFKL']",0.11656672438679706,fold_8
4.1,cluster_id,Exc L2-4 LINC00507 GLP2R,170,0.19374068554396423,0.17747440273037543,0.3058823529411765,15192,241,118,52,2,"['PTH2R', 'CBLN2']","['PTH2R', 'DGKA', 'CBLN2', 'MYO5C', 'HOPX', 'PLEKHG5', 'TBR1', 'NAF1', 'SNTB2', 'CAMKK1']",0.13804779242374127,fold_8
4.1,cluster_id,Exc L2-3 LINC00507 FREM3,2284,0.5712833914053427,0.68375325803649,0.3445709281961471,12955,364,1497,787,4,"['DGKA', 'STRIP2', 'PLEKHG5', 'HOPX']","['DGKA', 'STRIP2', 'VLDLR', 'PLEKHG5', 'PTH2R', 'HOPX', 'C3orf70', 'CBLN2', 'SLC30A3', 'CAMKK1']",0.19471018519558303,fold_8
4.1,cluster_id,Exc L5-6 THEMIS C1QL3,1537,0.4821885455618973,0.5530474040632054,0.3188028627195836,13670,396,1047,490,3,"['MGST1', 'LTBP4', 'HOPX']","['DGKA', 'MGST1', 'LTBP4', 'HOPX', 'SLC30A3', 'TBR1', 'SEMA3A', 'CAMKK1', 'CBLN2', 'SNTB2']",0.07469427503465521,fold_8
4.1,cluster_id,Exc L3-4 RORB CARM1P1,280,0.24621212121212122,0.25,0.23214285714285715,15128,195,215,65,5,"['RILPL2', 'JDP2', 'C3orf70', 'PLA2R1', 'SLC30A3']","['VLDLR', 'RILPL2', 'JDP2', 'C3orf70', 'PLA2R1', 'SLC30A3', 'DPY19L3', 'HOPX', 'TM6SF1', 'LRRK2']",0.13585282988373035,fold_8
4.1,cluster_id,Exc L3-5 RORB ESR1,1428,0.33267716535433073,0.3702081051478642,0.23669467787114845,13600,575,1090,338,2,"['HOPX', 'DPY19L3']","['MYO5C', 'HOPX', 'GLDN', 'SLC30A3', 'DPY19L3', 'RILPL2', 'SEMA3A', 'GAB1', 'TBR1', 'CAMKK1']",0.08607059461481081,fold_8
4.1,cluster_id,Exc L3-5 RORB COL22A1,160,0.31690140845070425,0.5806451612903226,0.1125,15430,13,142,18,2,"['SLC30A3', 'RASGEF1C']","['NME1', 'SLC30A3', 'RASGEF1C', 'HOPX', 'RILPL2', 'NDUFB7', 'TM6SF1', 'MYO5C', 'MGST2', 'FKBP8']",0.08768524785947285,fold_8
4.1,cluster_id,Exc L3-5 RORB FILIP1L,153,0.059445178335535004,0.059602649006622516,0.058823529411764705,15308,142,144,9,4,"['RILPL2', 'HOPX', 'FADS2', 'SLC30A3']","['RILPL2', 'HOPX', 'FADS2', 'SLC30A3', 'MYO5C', 'JDP2', 'GAB1', 'MGST2', 'TSPAN9', 'ACOT11']",0.09753446940030755,fold_8
4.1,cluster_id,Exc L3-5 RORB TWIST2,93,0.11278195488721804,0.3,0.03225806451612903,15503,7,90,3,4,"['WBP2NL', 'MYO5C', 'SEMA3A', 'RILPL2']","['HOPX', 'WBP2NL', 'MYO5C', 'SEMA3A', 'SLC30A3', 'RILPL2', 'MPPE1', 'GAB1', 'FGFR1OP2', 'TBR1']",0.07662119953151614,fold_8
4.1,cluster_id,Exc L4-5 RORB FOLH1B,870,0.3918099089989889,0.5595667870036101,0.1781609195402299,14611,122,715,155,3,"['GPC4', 'ACOT11', 'SLC30A3']","['SNX16', 'GPC4', 'HDDC2', 'ACOT11', 'SLC30A3', 'PSMB7', 'SEMA3A', 'SNCG', 'PLA2R1', 'HOPX']",0.09437466322088993,fold_8
4.1,cluster_id,Exc L4-6 RORB SEMA3E,777,0.15146051208077893,0.1683366733466934,0.10810810810810811,14411,415,693,84,4,"['SLC30A3', 'TBR1', 'STRIP2', 'ACOT11']","['SLC30A3', 'TBR1', 'STRIP2', 'MYO5C', 'NAF1', 'ACOT11']",0.016251570776545352,fold_8
4.1,cluster_id,Exc L4-5 RORB DAPK2,173,0.24714828897338403,0.2532467532467532,0.2254335260115607,15315,115,134,39,2,"['BARX2', 'LRRK2']","['BARX2', 'SLC30A3', 'MYO5C', 'HOPX', 'ZNF362', 'LRRK2', 'CD164', 'TM6SF1', 'STX1A', 'GRM3']",0.34262551655897905,fold_8
4.1,cluster_id,Exc L5-6 RORB TTC12,167,0.3563218390804598,0.4626865671641791,0.18562874251497005,15400,36,136,31,4,"['VLDLR', 'GLDN', 'MGST1', 'ACOT11']","['RAI2', 'VLDLR', 'GLDN', 'MGST1', 'ACOT11', 'RILPL2', 'TBR1', 'RASGEF1C', 'SLC30A3', 'MMP24']",0.10442011315424726,fold_8
4.1,cluster_id,Exc L4-6 RORB C1R,160,0.16544117647058823,0.32142857142857145,0.05625,15424,19,151,9,4,"['GLDN', 'NAF1', 'ACOT11', 'PFKL']","['GLDN', 'MYO5C', 'SLC30A3', 'NAF1', 'ACOT11', 'PFKL', 'TBR1', 'RILPL2', 'GAB1', 'STK38L']",0.06381641879795302,fold_8
4.1,cluster_id,Exc L4-5 FEZF2 SCN4B,25,0.40816326530612246,0.6666666666666666,0.16,15576,2,21,4,4,"['MAPK13', 'SEL1L2', 'CDV3', 'KLHL14']","['CACNA1H', 'WDR86', 'MAPK13', 'SEL1L2', 'CDV3', 'KLHL14', 'ANKRD34B', 'GPC4', 'SV2C', 'PLEKHG5']",0.4996253024617396,fold_8
4.1,cluster_id,Exc L5-6 THEMIS DCSTAMP,53,0.45871559633027525,0.7142857142857143,0.18867924528301888,15546,4,43,10,5,"['C1orf112', 'CDC42SE1', 'STK32B', 'SLC25A43', 'RASGEF1C']","['C1orf112', 'CDC42SE1', 'STK32B', 'DIABLO', 'SLC25A43', 'RASGEF1C', 'STK38L', 'TBR1', 'GAB1', 'IQGAP1']",0.16221046334098127,fold_8
4.1,cluster_id,Exc L5-6 THEMIS CRABP1,147,0.5773955773955773,0.7230769230769231,0.3197278911564626,15438,18,100,47,3,"['STK32B', 'TBR1', 'RASGEF1C']","['FGF2', 'NAF1', 'CDKN2D', 'STK32B', 'TBR1', 'RASGEF1C', 'PPP1R7', 'STK38L', 'PRDX5', 'CBLN2']",0.16465639252103248,fold_8
4.1,cluster_id,Exc L5-6 THEMIS FGF10,78,0.3502415458937198,0.34523809523809523,0.3717948717948718,15470,55,49,29,4,"['STK32B', 'NDUFAB1', 'RASGEF1C', 'DIABLO']","['SNX16', 'STK32B', 'NDUFAB1', 'RASGEF1C', 'TBR1', 'DIABLO', 'STK38L', 'CBLN2', 'EPB41L4A', 'CAMKK1']",0.1267521965582204,fold_8
4.1,cluster_id,Exc L4-6 FEZF2 IL26,344,0.43248945147679324,0.543046357615894,0.23837209302325582,15190,69,262,82,2,"['BARX2', 'CD55']","['BARX2', 'IL11RA', 'C3orf70', 'HS3ST1', 'CD55', 'ASPSCR1', 'KCNF1', 'PLA2R1', 'DPY19L3', 'TM6SF1']",0.198085074953892,fold_8
4.1,cluster_id,Exc L5-6 FEZF2 ABO,373,0.22351797862001943,0.2804878048780488,0.12332439678284182,15112,118,327,46,4,"['MAPK13', 'DESI2', 'C3orf70', 'LTBP4']","['MAPK13', 'ARMC3', 'TBC1D8B', 'DESI2', 'C3orf70', 'LTBP4', 'SEMA3A', 'TBR1', 'ACOT11', 'HCRTR2']",0.094179467779955,fold_8
4.1,cluster_id,Exc L6 FEZF2 SCUBE1,52,0.5147058823529411,0.6666666666666666,0.2692307692307692,15544,7,38,14,3,"['KCNF1', 'CDKN2D', 'HCRTR2']","['KCNF1', 'PRPH2', 'CD55', 'CD164', 'CDKN2D', 'HCRTR2', 'TBR1', 'MGST1', 'PTN', 'SEMA3A']",0.20405073328361792,fold_8
4.1,cluster_id,Exc L5-6 FEZF2 IL15,56,0.38461538461538464,0.6666666666666666,0.14285714285714285,15543,4,48,8,4,"['TTC23L', 'ZNF330', 'CD55', 'HCRTR2']","['TTC23L', 'PRPH2', 'ZNF330', 'KCNF1', 'CD55', 'HCRTR2', 'PTN', 'SEMA3A', 'PLA2R1', 'RASGEF1C']",0.23595043244347166,fold_8
4.1,cluster_id,Exc L6 FEZF2 OR2T8,19,0.42857142857142855,0.75,0.15789473684210525,15583,1,16,3,5,"['CNTROB', 'PRPH2', 'CATSPER3', 'CDC42SE1', 'CD55']","['C2orf50', 'CNTROB', 'PRPH2', 'CATSPER3', 'CDC42SE1', 'CD55', 'APH1B', 'CD164', 'MGST1', 'SEMA3A']",0.44688767646167094,fold_8
4.1,cluster_id,Exc L5-6 FEZF2 EFTUD1P1,314,0.5361596009975063,0.7049180327868853,0.27388535031847133,15253,36,228,86,3,"['ABCA12', 'MGST1', 'STRIP2']","['TP53I13', 'ABCA12', 'MGST1', 'STRIP2', 'SCML4', 'KCNF1', 'AKTIP', 'SEMA3A', 'ACOT11', 'HCRTR2']",0.17252925911404668,fold_8
4.1,cluster_id,OPC L1-6 PDGFRA,238,0.3758169934640523,0.40588235294117647,0.28991596638655465,15264,101,169,69,1,['CSPG5'],"['LIMD1', 'CSPG5', 'S100B', 'PTN', 'STK32B', 'C3orf70', 'LRRK2', 'HIF3A', 'GAB1', 'ABCG1']",0.2746300989715612,fold_8
4.1,cluster_id,Astro L1-6 FGFR3 SLC14A1,230,0.7218844984802432,0.8878504672897196,0.41304347826086957,15361,12,135,95,2,"['KIAA1755', 'HIF3A']","['SYTL4', 'SH3BP2', 'FGF2', 'KIAA1755', 'HIF3A', 'ACOT11', 'MGST1', 'S100B', 'PTN', 'ZMAT1']",0.3647235682789013,fold_8
4.1,cluster_id,Astro L1-2 FGFR3 GFAP,61,0.5121951219512195,0.5833333333333334,0.3442622950819672,15527,15,40,21,2,"['S100B', 'HIF3A']","['FADS2', 'S100B', 'SH3BP2', 'GPC4', 'MGST1', 'HIF3A', 'FGF2', 'ACOT11', 'PTN', 'ZMAT1']",0.40391951525849557,fold_8
4.1,cluster_id,Oligo L1-6 OPALIN,313,0.8875739644970414,0.8940397350993378,0.8626198083067093,15258,32,43,270,1,['CNDP1'],"['CNDP1', 'DBNDD2', 'CBR1', 'LDB3', 'KIAA1755', 'GLDN', 'S100B', 'TMEM165', 'GAB1', 'PTN']",1.0,fold_8
4.1,cluster_id,Endo L2-6 NOSTRIN,9,0.8,1.0,0.4444444444444444,15594,0,5,4,1,['FLT1'],"['OSMR', 'FLT1', 'PTN', 'GAB1', 'SASH1', 'USO1', 'PARD3']",0.7509762733959277,fold_8
4.1,cluster_id,Micro L1-6 TYROBP,63,0.8085106382978723,0.8837209302325582,0.6031746031746031,15535,5,25,38,1,['RASGEF1C'],"['MILR1', 'BHLHE41', 'RASGEF1C', 'RNF125']",0.3065871201245726,fold_8
4.1,cluster_id,Inh L1-2 PAX6 CDH12,90,0.21212121212121213,0.23333333333333334,0.15555555555555556,15467,46,76,14,1,['LACC1'],"['LACC1', 'CDH23', 'TMEM200C', 'SOX2', 'XRCC1', 'CLMP', 'EMC4', 'TMEM14B']",0.1879112212268756,fold_9
4.1,cluster_id,Inh L1-2 PAX6 TNFAIP8L3,16,0.5,0.6666666666666666,0.25,15585,2,12,4,4,"['COASY', 'LACC1', 'XBP1', 'TMEM200C']","['CYB561D2', 'COASY', 'LACC1', 'XBP1', 'CDH23', 'TMEM200C', 'GYPE', 'MFAP3', 'HYOU1', 'KCNC4']",0.8071153796144308,fold_9
4.1,cluster_id,Inh L1 LAMP5 NMBR,283,0.45534924845269675,0.4858490566037736,0.36395759717314485,15211,109,180,103,2,"['MYH11', 'DLX1']","['MYH11', 'SOX2', 'ZFAND4', 'HYOU1', 'DLX1', 'PTAR1']",0.09758825794772638,fold_9
4.1,cluster_id,Inh L1-4 LAMP5 LCP2,356,0.565843621399177,0.7142857142857143,0.3089887640449438,15203,44,246,110,2,"['MYH11', 'DOK5']","['MYH11', 'PRKCD', 'ZFAND4', 'SOX2', 'DOK5']",0.13015810004652517,fold_9
4.1,cluster_id,Inh L1-2 LAMP5 DBP,21,0.20408163265306123,0.2857142857142857,0.09523809523809523,15577,5,19,2,3,"['MYH11', 'PRKCD', 'RRM1']","['MYH11', 'PRKCD', 'SOX2', 'RRM1', 'ZFAND4', 'CDH23', 'ANKRD13B', 'LIN7B', 'EPDR1', 'LSS']",0.3354194016209909,fold_9
4.1,cluster_id,Inh L2-6 LAMP5 CA1,256,0.6127450980392157,0.6544502617801047,0.48828125,15281,66,131,125,2,"['TMEM255A', 'SOX2']","['TMEM255A', 'SOX2', 'CHST9', 'HYOU1']",0.5353101280660899,fold_9
4.1,cluster_id,Inh L1 SST CHRNA4,52,0.1724137931034483,0.25,0.07692307692307693,15539,12,48,4,4,"['SOX2', 'RPS11', 'SYT10', 'PROX1']","['SOX2', 'TAF6L', 'CHST8', 'RPS11', 'SYT10', 'PROX1', 'FAM220A', 'ZFAND4']",0.06957871187131053,fold_9
4.1,cluster_id,Inh L1-2 ADARB2 MC4R,107,0.09489916963226572,0.08695652173913043,0.14953271028037382,15328,168,91,16,3,"['SYT10', 'SOX2', 'PROX1']","['SYT10', 'SOX2', 'PROX1']",0.0050962227310977085,fold_9
4.1,cluster_id,Inh L1-2 SST BAGE2,108,0.4230769230769231,0.5789473684210527,0.2037037037037037,15479,16,86,22,2,"['SYT10', 'CALB2']","['SYT10', 'CALB2', 'PROX1']",0.21365578258789117,fold_9
4.1,cluster_id,Inh L1-3 VIP SYT6,29,0.30612244897959184,0.6,0.10344827586206896,15572,2,26,3,3,"['NFKBIZ', 'CDH23', 'LYPD1']","['ZNF174', 'NFKBIZ', 'MAEA', 'RRM1', 'CDH23', 'LYPD1', 'CLMP', 'DHDH', 'CRCP', 'ZDHHC15']",0.02893551002881779,fold_9
4.1,cluster_id,Inh L1-2 VIP TSPAN12,42,0.1271186440677966,0.15789473684210525,0.07142857142857142,15545,16,39,3,4,"['OSTM1', 'TMEM200C', 'PIGF', 'CALB2']","['OSTM1', 'TMEM200C', 'PTGR2', 'PIGF', 'TMEM184C', 'CALB2', 'PROX1', 'RPS11']",0.032314311436959536,fold_9
4.1,cluster_id,Inh L1-4 VIP CHRNA6,25,0.4444444444444444,0.8,0.16,15577,1,21,4,4,"['TFB1M', 'TMEM200C', 'LSS', 'SLBP']","['TFB1M', 'LYPD1', 'TMEM200C', 'LSS', 'UBXN2A', 'SLBP', 'RANBP1', 'TMEM14B', 'ARL10', 'COL11A1']",0.051458565460204976,fold_9
4.1,cluster_id,Inh L1-3 VIP ADAMTSL1,72,0.21428571428571427,0.35294117647058826,0.08333333333333333,15520,11,66,6,4,"['SYT10', 'CCDC50', 'SOX2', 'CALB2']","['POLR3GL', 'SYT10', 'ZNF250', 'CCDC50', 'SOX2', 'CALB2', 'PROX1', 'DLX1', 'SLC5A3', 'HIP1']",0.034180644382615796,fold_9
4.1,cluster_id,Inh L1-4 VIP PENK,17,0.23809523809523808,1.0,0.058823529411764705,15586,0,16,1,2,"['ALDH1A2', 'NXNL2']","['ALDH1A2', 'XRCC1', 'OCM', 'NXNL2', 'C1QTNF3-AMACR', 'EIF4G1', 'DTWD2', 'TMEM200C', 'CALB2', 'BFAR']",0.5600486291046558,fold_9
4.1,cluster_id,Inh L2-6 VIP QPCT,37,0.2222222222222222,1.0,0.05405405405405406,15566,0,35,2,1,['DLX1'],"['VWCE', 'ZNF469', 'HYOU1', 'MRPL19', 'DLX1', 'DOK5', 'TRPC4', 'KDSR', 'CALB2', 'DGCR2']",0.08969024006677263,fold_9
4.1,cluster_id,Inh L3-6 VIP HS3ST3A1,80,0.09615384615384616,0.3333333333333333,0.025,15519,4,78,2,3,"['VPS4A', 'SYT10', 'RSPRY1']","['ZNF789', 'RFX2', 'VPS4A', 'SYT10', 'RSPRY1', 'HYOU1', 'CELA2A', 'CPSF7', 'HIP1', 'DLX1']",0.02904655963334152,fold_9
4.1,cluster_id,Inh L1-2 VIP PCDH20,61,0.18518518518518517,0.6,0.04918032786885246,15540,2,58,3,3,"['EMC4', 'CALB2', 'EPDR1']","['EMC4', 'EIF4G1', 'DLX1', 'CALB2', 'PROX1', 'EPDR1']",0.04947531572450034,fold_9
4.1,cluster_id,Inh L2-5 VIP SERPINF1,55,0.14388489208633093,0.19047619047619047,0.07272727272727272,15531,17,51,4,2,"['TMEM200C', 'ZFAND4']","['ZNF469', 'TMEM200C', 'RFX2', 'CALB2', 'PROX1', 'ZFAND4']",0.02738447977424164,fold_9
4.1,cluster_id,Inh L2-5 VIP TYR,62,0.2222222222222222,0.5714285714285714,0.06451612903225806,15538,3,58,4,3,"['ZNF469', 'PRKCD', 'DLX1']","['ZNF469', 'PRKCD', 'TMEM200C', 'DLX1', 'SLC5A3', 'CALB2', 'RPA1']",0.1819659773328978,fold_9
4.1,cluster_id,Inh L1-3 VIP CHRM2,175,0.5323590814196242,0.6710526315789473,0.2914285714285714,15403,25,124,51,3,"['FLT1', 'SYT10', 'PROX1']","['FLT1', 'SYT10', 'PROX1', 'CALB2', 'RGS17']",0.06567547051127931,fold_9
4.1,cluster_id,Inh L2-4 VIP CBLN1,67,0.12315270935960591,0.14705882352941177,0.07462686567164178,15507,29,62,5,3,"['RFX2', 'SYT10', 'CALB2']","['KYNU', 'SOX2', 'RFX2', 'SYT10', 'CALB2', 'PROX1']",0.008006870452769673,fold_9
4.1,cluster_id,Inh L1-3 VIP CCDC184,64,0.20833333333333334,0.5,0.0625,15535,4,60,4,3,"['LYPD1', 'TMEM200C', 'XRCC1']","['LYPD1', 'TMEM200C', 'SYT10', 'RFX2', 'HYOU1', 'XRCC1', 'CALB2', 'EIF4G1', 'ZNF75D', 'PROX1']",0.050119056735374784,fold_9
4.1,cluster_id,Inh L1-3 VIP GGH,68,0.3409090909090909,0.4444444444444444,0.17647058823529413,15520,15,56,12,3,"['FLT1', 'PROX1', 'CALB2']","['FLT1', 'PROX1', 'CALB2', 'ZNF24']",0.0760743176949351,fold_9
4.1,cluster_id,Inh L1-2 VIP LBH,47,0.43956043956043955,0.7272727272727273,0.1702127659574468,15553,3,39,8,3,"['XBP1', 'RAD51C', 'SYT10']","['XBP1', 'RAD51C', 'SYT10', 'TMEM200C', 'KDSR', 'CCDC50', 'CXXC5', 'CUL4B', 'LYPD1', 'SLBP']",0.2869474659021606,fold_9
4.1,cluster_id,Inh L2-3 VIP CASC6,45,0.4117647058823529,0.7,0.15555555555555556,15555,3,38,7,4,"['ADRA2A', 'LYPD1', 'TMEM200C', 'C1QTNF3-AMACR']","['NR1H3', 'ADRA2A', 'PIGF', 'LYPD1', 'TMEM200C', 'C1QTNF3-AMACR', 'CCDC50', 'ZNF75D', 'TMEM14B', 'TFB1M']",0.1503972457153922,fold_9
4.1,cluster_id,Inh L2-4 VIP SPAG17,33,0.32679738562091504,0.3333333333333333,0.30303030303030304,15550,20,23,10,2,"['CALB2', 'COL11A1']","['LYPD1', 'TMEM200C', 'CALB2', 'ALPK1', 'COL11A1', 'PEX11B', 'DLX1', 'NUDT9']",0.08297661210832151,fold_9
4.1,cluster_id,Inh L1-4 VIP OPRM1,52,0.39285714285714285,0.5,0.21153846153846154,15540,11,41,11,3,"['LYPD1', 'CALB2', 'COL11A1']","['LYPD1', 'ZNF469', 'ZNF789', 'CALB2', 'TAF6L', 'COL11A1', 'PROX1']",0.09981190672226217,fold_9
4.1,cluster_id,Inh L3-6 SST NPY,15,0.3225806451612903,0.5,0.13333333333333333,15586,2,13,2,2,"['HSD17B3', 'PRLR']","['HSD17B3', 'SMYD5', 'IQCJ', 'ZNF250', 'ZNF562', 'PRLR', 'DHDH', 'LSS', 'ZDHHC15', 'EPDR1']",0.5016512513720878,fold_9
4.1,cluster_id,Inh L3-6 SST HPGD,60,0.1388888888888889,0.25,0.05,15534,9,57,3,3,"['NFKBIZ', 'CCDC50', 'KCTD2']","['XBP1', 'TRIM67', 'NFKBIZ', 'CCDC50', 'ZNF250', 'KCTD2', 'DHDH', 'PTGR2', 'ZDHHC15', 'CUL4B']",0.04457733140603229,fold_9
4.1,cluster_id,Inh L4-6 SST B3GAT2,182,0.4106280193236715,0.5862068965517241,0.18681318681318682,15397,24,148,34,2,"['TRIM67', 'PRLR']","['TRIM67', 'PRLR', 'XRCC1', 'LYN', 'CELA2A', 'CLMP', 'FAM220A']",0.11156408414850404,fold_9
4.1,cluster_id,Inh L5-6 SST KLHDC8A,63,0.27932960893854747,0.3448275862068966,0.15873015873015872,15521,19,53,10,3,"['TRIM67', 'ADAMTS18', 'XRCC4']","['TRIM67', 'ADAMTS18', 'ACP6', 'XRCC4', 'NFKBIZ', 'HYOU1', 'TAF6L', 'FLNA', 'CLMP', 'VPS4A']",0.35802855172129466,fold_9
4.1,cluster_id,Inh L5-6 SST NPM1P10,79,0.2422907488986784,0.2972972972972973,0.13924050632911392,15498,26,68,11,2,"['ADAMTS18', 'CLMP']","['CD160', 'ADAMTS18', 'ESD', 'CLMP', 'EMC4', 'TMEM184C', 'EIF4G1', 'FLNA', 'FAM220A']",0.19876420462721855,fold_9
4.1,cluster_id,Inh L4-6 SST GXYLT2,41,0.12690355329949238,0.1282051282051282,0.12195121951219512,15528,34,36,5,4,"['LIN7B', 'TAF6L', 'CUL4B', 'ZFAND4']","['LIN7B', 'TAF6L', 'CUL4B', 'FBXO2', 'ZFAND4', 'RSPRY1', 'XRCC1', 'CLMP', 'MRPL19', 'MTG2']",0.11809567636618339,fold_9
4.1,cluster_id,Inh L4-5 SST STK32A,93,0.18433179723502305,0.25806451612903225,0.08602150537634409,15487,23,85,8,2,"['ADRA2A', 'TRIM67']","['ADRA2A', 'TRIM67']",0.09036200070335955,fold_9
4.1,cluster_id,Inh L1-3 SST CALB1,279,0.39792387543252594,0.46938775510204084,0.24731182795698925,15246,78,210,69,2,"['TRIM67', 'DGKG']","['TRIM67', 'PTGR2', 'LYN', 'CELA2A', 'DGKG', 'FAM220A']",0.04215148149043633,fold_9
4.1,cluster_id,Inh L3-5 SST ADGRG6,132,0.0689935064935065,0.058319039451114926,0.25757575757575757,14922,549,98,34,2,"['TRIM67', 'LYN']","['TRIM67', 'LYN']",0.03224303657119081,fold_9
4.1,cluster_id,Inh L2-4 SST FRZB,64,0.1,0.2222222222222222,0.03125,15532,7,62,2,4,"['CDH23', 'TMEM184C', 'TRPC4', 'ZDHHC24']","['CDH23', 'TMEM184C', 'TRPC4', 'GLDC', 'CELA2A', 'ZDHHC24']",0.02879157556322435,fold_9
4.1,cluster_id,Inh L5-6 SST TH,27,0.47619047619047616,0.6666666666666666,0.2222222222222222,15573,3,21,6,2,"['CACNG5', 'CLMP']","['CACNG5', 'SMYD5', 'NXNL2', 'HYOU1', 'CLMP', 'PTGR2', 'CDIP1', 'CTDNEP1', 'LSS', 'APOO']",0.5623957673745302,fold_9
4.1,cluster_id,Inh L5-6 LHX6 GLP1R,27,0.2857142857142857,1.0,0.07407407407407407,15576,0,25,2,4,"['CKAP4', 'ZNF174', 'ZNF250', 'COL28A1']","['CKAP4', 'ZNF174', 'ZNF250', 'ZDHHC24', 'COL28A1', 'ZNF469', 'TRIM67', 'CDIP1', 'PARP11', 'CLMP']",0.3455082349339551,fold_9
4.1,cluster_id,Inh L5-6 PVALB LGR5,52,0.08928571428571429,1.0,0.019230769230769232,15551,0,51,1,4,"['NR1H3', 'MAEA', 'C1QTNF3-AMACR', 'PTGR2']","['NR1H3', 'MAEA', 'C1QTNF3-AMACR', 'ZNF250', 'PTGR2', 'CFAP52', 'TRPC4', 'LYN', 'CELA2A']",0.09077754452719437,fold_9
4.1,cluster_id,Inh L4-5 PVALB MEPE,64,0.1388888888888889,1.0,0.03125,15539,0,62,2,2,"['RUVBL2', 'PTGR2']","['EXOC3', 'COL28A1', 'MAEA', 'C1QTNF3-AMACR', 'RUVBL2', 'PTGR2', 'SF3B3', 'APOO', 'PEX11B', 'TRPC4']",0.09930134860613783,fold_9
4.1,cluster_id,Inh L2-4 PVALB WFDC2,387,0.2116991643454039,0.2159090909090909,0.19638242894056848,14940,276,311,76,1,['CEMIP'],"['CMTM6', 'MTERF2', 'DPH7', 'CCDC50', 'TRMU', 'CEMIP', 'COL28A1', 'NDUFAF5', 'MRPL19', 'PTAR1']",0.0757319454907212,fold_9
4.1,cluster_id,Inh L4-6 PVALB SULF1,167,0.2177858439201452,0.25,0.1437125748502994,15364,72,143,24,3,"['PTGR2', 'CEMIP', 'TRPC4']","['PTGR2', 'GLDC', 'MAEA', 'CEMIP', 'COL28A1', 'TRPC4', 'CLMP', 'CCDC50']",0.07217371640472559,fold_9
4.1,cluster_id,Inh L5-6 SST MIR548F2,80,0.20833333333333334,0.3181818181818182,0.0875,15508,15,73,7,4,"['GLDC', 'TRIM67', 'NFKBIZ', 'ZBTB11']","['GLDC', 'TRIM67', 'NDUFAF5', 'TTBK1', 'NFKBIZ', 'ZBTB11', 'CLMP', 'TRPC4', 'COL28A1', 'TFB1M']",0.035729206452467466,fold_9
4.1,cluster_id,Inh L2-5 PVALB SCUBE3,32,0.1388888888888889,1.0,0.03125,15571,0,31,1,1,['DOK5'],"['SPRY4', 'PIGF', 'DOK5', 'CCDC50', 'CHST8', 'RFX2', 'KDSR', 'TAF6L', 'CFAP52', 'EIF4G1']",0.12957750532871895,fold_9
4.1,cluster_id,Exc L2 LAMP5 LTK,812,0.2248583569405099,0.2524850894632207,0.1564039408866995,14415,376,685,127,2,"['RFX2', 'ZNF469']","['RFX2', 'ZNF469', 'NAF1', 'IFRD1', 'DTWD2', 'ZNF706', 'ADGRB2', 'NPHP1', 'MBD4', 'CHST9']",0.04250823302123238,fold_9
4.1,cluster_id,Exc L2-4 LINC00507 GLP2R,170,0.12027491408934708,0.13592233009708737,0.08235294117647059,15344,89,156,14,3,"['DPP4', 'RFX2', 'PEX11B']","['DPP4', 'RFX2', 'CHST8', 'PEX11B', 'MBD4', 'NAF1', 'METAP1', 'IFRD1', 'CHST9', 'CTXN1']",0.009330494941064228,fold_9
4.1,cluster_id,Exc L2-3 LINC00507 FREM3,2284,0.5335803059273423,0.5871137409598948,0.39098073555166374,12691,628,1391,893,2,"['ZNF469', 'GYPE']","['RTKN2', 'ZNF469', 'GYPE', 'CFAP52', 'C1orf115', 'RFX2', 'ANKRD13B', 'IFRD1', 'DTWD2', 'COL28A1']",0.21710288670386133,fold_9
4.1,cluster_id,Exc L5-6 THEMIS C1QL3,1537,0.36823022886924994,0.4520166898470097,0.2114508783344177,13672,394,1212,325,3,"['ALPK1', 'FLNA', 'CTXN1']","['CFAP52', 'NEFM', 'CHST8', 'ALPK1', 'FLNA', 'CTXN1', 'HS3ST2', 'METAP1', 'IFRD1', 'ZNF706']",0.07365688952946206,fold_9
4.1,cluster_id,Exc L3-4 RORB CARM1P1,280,0.5078125,0.5909090909090909,0.325,15260,63,189,91,3,"['CCDC68', 'IQCJ', 'GLDC']","['RTKN2', 'CCDC68', 'IQCJ', 'CMTM6', 'GLDC', 'ZNF75D', 'NEFM', 'FGD6', 'METAP1', 'CD276']",0.34648907984248123,fold_9
4.1,cluster_id,Exc L3-5 RORB ESR1,1428,0.4667812142038946,0.46940244780417567,0.4565826330532213,13438,737,776,652,2,"['GYPE', 'FOXP2']","['DPP4', 'GYPE', 'CXXC5', 'HS3ST2', 'FOXP2', 'C1orf115', 'ITPK1']",0.05143884504659856,fold_9
4.1,cluster_id,Exc L3-5 RORB COL22A1,160,0.1483050847457627,0.3684210526315789,0.04375,15431,12,153,7,1,['C1orf115'],"['C1orf115', 'JMJD8', 'KCTD2', 'RPS9', 'CFAP52', 'STK32C', 'CEMIP', 'FOXP2', 'TOMM7', 'CTXN1']",0.13765710449362453,fold_9
4.1,cluster_id,Exc L3-5 RORB FILIP1L,153,0.18413597733711048,0.26,0.08496732026143791,15413,37,140,13,4,"['CCDC68', 'C1orf115', 'SYT10', 'RPS9']","['CCDC68', 'C1orf115', 'GYPE', 'CFAP52', 'SYT10', 'RPS9', 'STK32C', 'FLNA', 'FOXP2', 'NEFM']",0.01005402777160954,fold_9
4.1,cluster_id,Exc L3-5 RORB TWIST2,93,0.14056224899598393,0.1794871794871795,0.07526881720430108,15478,32,86,7,4,"['SLCO2A1', 'MTERF2', 'CEMIP', 'FOXP2']","['SLCO2A1', 'C1orf115', 'MTERF2', 'CEMIP', 'TMEM8B', 'FOXP2', 'CXXC5', 'HS3ST2', 'FLNA', 'MBD4']",0.04133478145852707,fold_9
4.1,cluster_id,Exc L4-5 RORB FOLH1B,870,0.5575539568345323,0.623400365630713,0.39195402298850573,14527,206,529,341,3,"['CCDC68', 'ARSJ', 'NEFM']","['CCDC68', 'ARSJ', 'NEFM', 'FGD6', 'CHST8', 'ALPK1', 'HS3ST2', 'TFB1M', 'STK32C', 'ESD']",0.09922388516224792,fold_9
4.1,cluster_id,Exc L4-6 RORB SEMA3E,777,0.6018333997608609,0.6974595842956121,0.3886743886743887,14695,131,475,302,2,"['RPRM', 'ARSJ']","['RPRM', 'ARHGAP25', 'ARSJ', 'CCKBR', 'CXXC5', 'HS3ST2', 'CHST8', 'CEMIP', 'SLC25A32', 'FOXP2']",0.2977215705200041,fold_9
4.1,cluster_id,Exc L4-5 RORB DAPK2,173,0.24731182795698925,0.3150684931506849,0.1329479768786127,15380,50,150,23,3,"['CCDC68', 'ARSJ', 'FGD6']","['CCDC68', 'ARSJ', 'FGD6', 'KCNC4', 'CHST8', 'HS3ST2', 'FOXP2', 'MFAP3', 'ANKRD33B', 'SLC25A32']",0.1526422257498137,fold_9
4.1,cluster_id,Exc L5-6 RORB TTC12,167,0.17318435754189945,0.17032967032967034,0.18562874251497005,15285,151,136,31,4,"['POPDC3', 'NAF1', 'CFAP52', 'HS3ST2']","['POPDC3', 'VWCE', 'NAF1', 'CFAP52', 'HS3ST2', 'NEFM', 'FOXP2', 'STK32C', 'INF2', 'ITPK1']",0.1377556243637344,fold_9
4.1,cluster_id,Exc L4-6 RORB C1R,160,0.22569444444444445,0.40625,0.08125,15424,19,147,13,3,"['POPDC3', 'CCDC68', 'HS3ST2']","['POPDC3', 'CCDC68', 'HS3ST2', 'NAF1', 'CEMIP', 'MBD4', 'FOXP2', 'ITPK1', 'C1orf115', 'XRCC1']",0.10311473021299128,fold_9
4.1,cluster_id,Exc L4-5 FEZF2 SCN4B,25,0.5263157894736842,0.75,0.24,15576,2,19,6,4,"['FZD4', 'ZNF35', 'CHST8', 'MUC4']","['FZD4', 'CCDC142', 'ZNF35', 'CHST8', 'MUC4', 'PALD1', 'ALPK1', 'REL', 'ADAMTS18', 'NXNL2']",0.9463480289858022,fold_9
4.1,cluster_id,Exc L5-6 THEMIS DCSTAMP,53,0.3286384976525822,0.35,0.2641509433962264,15524,26,39,14,4,"['PRLR', 'SLCO2A1', 'NME2', 'ANKRD13B']","['SH3BGR', 'PRLR', 'SLCO2A1', 'NME2', 'FAM98B', 'ANKRD13B', 'SYT10', 'FLNA', 'STK32C', 'FGD6']",0.3061488082415147,fold_9
4.1,cluster_id,Exc L5-6 THEMIS CRABP1,147,0.45977011494252873,0.5555555555555556,0.272108843537415,15424,32,107,40,3,"['PRLR', 'RPS9', 'SYT10']","['PRLR', 'NAF1', 'RPS9', 'NME2', 'DERA', 'SYT10', 'C1orf115', 'STK32C', 'CTXN1', 'PABPC1']",0.2969128627359516,fold_9
4.1,cluster_id,Exc L5-6 THEMIS FGF10,78,0.29914529914529914,0.358974358974359,0.1794871794871795,15500,25,64,14,4,"['SLCO2A1', 'PRLR', 'DERA', 'NME2']","['SLCO2A1', 'PRLR', 'DERA', 'JMJD8', 'NME2', 'STK32C', 'SYT10', 'CFAP52', 'CTXN1', 'PABPC1']",0.13636705499914775,fold_9
4.1,cluster_id,Exc L4-6 FEZF2 IL26,344,0.1961883408071749,0.25547445255474455,0.10174418604651163,15157,102,309,35,3,"['RELL1', 'C1orf115', 'ORAI2']","['RELL1', 'DERA', 'C1orf115', 'TMEM8B', 'ORAI2', 'DHDH', 'NEFM', 'LSS', 'BCO2', 'KCNC4']",0.08907044187090146,fold_9
4.1,cluster_id,Exc L5-6 FEZF2 ABO,373,0.4096228868660598,0.6363636363636364,0.16890080428954424,15194,36,310,63,4,"['RPRM', 'CCKBR', 'INF2', 'ANKRD13B']","['RPRM', 'CCKBR', 'INF2', 'ZYX', 'ANKRD13B', 'ALPK1', 'HS3ST2', 'RPN2', 'CTXN1', 'FOXP2']",0.20906578524782737,fold_9
4.1,cluster_id,Exc L6 FEZF2 SCUBE1,52,0.5208333333333334,0.9090909090909091,0.19230769230769232,15550,1,42,10,4,"['DERA', 'DPP4', 'ADRA2A', 'LYPD1']","['DERA', 'ALDH1A2', 'DPP4', 'ARHGAP25', 'ADRA2A', 'LYPD1', 'ORAI2', 'ARSJ', 'BNIP3', 'CTXN1']",0.1805647995812521,fold_9
4.1,cluster_id,Exc L5-6 FEZF2 IL15,56,0.2403846153846154,0.4166666666666667,0.08928571428571429,15540,7,51,5,4,"['DAP', 'TMEM70', 'DPP4', 'ARSJ']","['DAP', 'TMEM70', 'DERA', 'DPP4', 'ARSJ', 'ALPK1', 'FLNA', 'EIF2AK1', 'ESD', 'ANKRD33B']",0.4125347596711916,fold_9
4.1,cluster_id,Exc L6 FEZF2 OR2T8,19,0.2727272727272727,0.3333333333333333,0.15789473684210525,15578,6,16,3,5,"['EDN1', 'ADCK2', 'ADRA2A', 'ARHGAP25', 'EIF4G1']","['EDN1', 'ADCK2', 'ADRA2A', 'ARHGAP25', 'EIF4G1', 'NFKBIZ', 'DPP4', 'SLC25A32', 'MFAP3', 'XRCC4']",0.43501453221243735,fold_9
4.1,cluster_id,Exc L5-6 FEZF2 EFTUD1P1,314,0.5449591280653951,0.7619047619047619,0.25477707006369427,15264,25,234,80,3,"['TP53I13', 'DPP4', 'ARSJ']","['TP53I13', 'ALPK1', 'DPP4', 'PRKCD', 'ARSJ', 'MFAP3', 'NEFM', 'CD276', 'STK32C', 'FOXP2']",0.21285487184648252,fold_9
4.1,cluster_id,OPC L1-6 PDGFRA,238,0.5601659751037344,0.8852459016393442,0.226890756302521,15358,7,184,54,2,"['CCDC50', 'HIP1']","['SPRY4', 'CCDC50', 'HIP1', 'DGKG', 'COL11A1']",0.36867422151621887,fold_9
4.1,cluster_id,Astro L1-6 FGFR3 SLC14A1,230,0.7063711911357341,0.8292682926829268,0.4434782608695652,15352,21,128,102,1,['SLC14A1'],"['SLC14A1', 'TP53BP2', 'ACP6', 'RFX2', 'GJA1', 'RELL1', 'CDC42EP4', 'PTAR1', 'PLXNB3', 'SOX2']",1.0,fold_9
4.1,cluster_id,Astro L1-2 FGFR3 GFAP,61,0.2857142857142857,0.5454545454545454,0.09836065573770492,15537,5,55,6,3,"['CDC42EP4', 'GJA1', 'PLXNB3']","['CDC42EP4', 'GJA1', 'TP53BP2', 'PLXNB3', 'RFX2', 'RELL1', 'TTYH2', 'SOX2', 'PTAR1', 'VWCE']",0.38383061439361277,fold_9
4.1,cluster_id,Oligo L1-6 OPALIN,313,0.8817891373801917,0.8817891373801917,0.8817891373801917,15253,37,37,276,1,['MOG'],"['MOG', 'PPP1R14A', 'CPM', 'TTYH2', 'PLXNB3', 'HIP1', 'CELA2A', 'LSS', 'INF2', 'MVB12B']",1.0,fold_9
4.1,cluster_id,Endo L2-6 NOSTRIN,9,0.8,1.0,0.4444444444444444,15594,0,5,4,1,['FLT1'],"['LEF1', 'YBX3', 'PARP9', 'CMTM6', 'FLT1', 'PDGFB', 'TK2', 'FGD6', 'SNRPD3', 'CDH23']",0.7509762733959277,fold_9
4.1,cluster_id,Micro L1-6 TYROBP,63,0.8565737051792829,0.9148936170212766,0.6825396825396826,15536,4,20,43,1,['IKZF1'],"['IKZF1', 'HLA-DRA', 'HLA-DRB5', 'IFI16', 'GPR34', 'MRC1', 'PALD1', 'ARHGAP25', 'LYN', 'PDGFB']",1.0,fold_9
4.1,cluster_id,Inh L1-2 PAX6 CDH12,90,0.3082191780821918,0.6428571428571429,0.1,15508,5,81,9,3,"['NID1', 'FAT1', 'PCDH8']","['ASCL1', 'NID1', 'FAT1', 'PCDH8', 'ABCA1']",0.052070502626766615,fold_10
4.1,cluster_id,Inh L1-2 PAX6 TNFAIP8L3,16,0.4166666666666667,1.0,0.125,15587,0,14,2,2,"['SCGN', 'ZNF136']","['SCGN', 'FLRT1', 'ISYNA1', 'ZNF136', 'FOXO3B', 'TRPC3', 'FAM20C', 'PPP5C', 'SPCS3', 'API5']",0.6710727361197983,fold_10
4.1,cluster_id,Inh L1 LAMP5 NMBR,283,0.5654496883348175,0.6047619047619047,0.44876325088339225,15237,83,156,127,2,"['FAT1', 'PDGFD']","['ADRA1D', 'FAT1', 'TRPC3', 'PDGFD', 'PAPSS2', 'PRIM1', 'DOCK6', 'CST3', 'ANKFN1']",0.18940296103781037,fold_10
4.1,cluster_id,Inh L1-4 LAMP5 LCP2,356,0.728744939271255,0.9113924050632911,0.4044943820224719,15233,14,212,144,2,"['TRPC3', 'PKP2']","['TRPC3', 'ASCL1', 'MDGA1', 'FAT1', 'PDGFD', 'PKP2', 'COL4A4', 'PAPSS2', 'ARID3B', 'DOCK6']",0.25392584090420056,fold_10
4.1,cluster_id,Inh L1-2 LAMP5 DBP,21,0.20408163265306123,0.2857142857142857,0.09523809523809523,15577,5,19,2,4,"['UQCC2', 'PDGFD', 'FOXO3B', 'FAT1']","['UQCC2', 'ZNF783', 'TRPC3', 'PDGFD', 'FOXO3B', 'FAT1', 'PAPSS2', 'SMG9', 'PKP2', 'ECSIT']",0.2136761366060661,fold_10
4.1,cluster_id,Inh L2-6 LAMP5 CA1,256,0.6334080717488789,0.710691823899371,0.44140625,15301,46,143,113,2,"['PDGFD', 'TRPC3']","['COL4A4', 'MDGA1', 'PDGFD', 'MAP3K1', 'TRPC3', 'ARID3B', 'FAT1', 'PKP2', 'CST3', 'PAPSS2']",0.21676794918057313,fold_10
4.1,cluster_id,Inh L1 SST CHRNA4,52,0.2857142857142857,0.36363636363636365,0.15384615384615385,15537,14,44,8,2,"['ANKFN1', 'ATP10A']","['CST3', 'ANKFN1', 'ATP10A', 'RPS6KA5']",0.06321483224296161,fold_10
4.1,cluster_id,Inh L1-2 ADARB2 MC4R,107,0.38011695906432746,0.8125,0.12149532710280374,15493,3,94,13,2,"['SLC25A48', 'COBLL1']","['SLC25A48', 'COBLL1', 'ANKFN1', 'RPS6KA5', 'CST3', 'PKP2', 'PCDH8']",0.1375157986712276,fold_10
4.1,cluster_id,Inh L1-2 SST BAGE2,108,0.1936619718309859,0.1774193548387097,0.3055555555555556,15342,153,75,33,2,"['ANKFN1', 'PKP2']","['ANKFN1', 'PKP2', 'COBLL1']",0.058750101628026574,fold_10
4.1,cluster_id,Inh L1-3 VIP SYT6,29,0.15384615384615385,0.2222222222222222,0.06896551724137931,15567,7,27,2,2,"['ADRA1D', 'NID1']","['ADRA1D', 'IL11RA', 'NID1', 'COL4A4', 'KCNQ1', 'RNF41', 'TVP23B', 'KIF1C', 'ZDHHC15', 'SPCS3']",0.19756619653793947,fold_10
4.1,cluster_id,Inh L1-2 VIP TSPAN12,42,0.11627906976744186,0.18181818181818182,0.047619047619047616,15552,9,40,2,2,"['NID1', 'MAPK8IP2']","['ADRA1D', 'ZNF783', 'NID1', 'FOXO3B', 'MAPK8IP2', 'PRIM1', 'COL4A4', 'PKP2', 'ABCA1', 'APC2']",0.16481618085100563,fold_10
4.1,cluster_id,Inh L1-4 VIP CHRNA6,25,0.2222222222222222,0.4,0.08,15575,3,23,2,3,"['COBLL1', 'MAP3K1', 'PTGDS']","['DONSON', 'FOXO3B', 'COBLL1', 'MAP3K1', 'LSR', 'PTGDS', 'CST3', 'GSG1L', 'FAT1', 'COL11A1']",0.015930805777216433,fold_10
4.1,cluster_id,Inh L1-3 VIP ADAMTSL1,72,0.17857142857142858,0.4,0.05555555555555555,15525,6,68,4,3,"['HAP1', 'ANKFN1', 'RADIL']","['HAP1', 'NARS2', 'ANKFN1', 'AMER2', 'CST3', 'RADIL', 'PKP2', 'PAG1', 'CACNA1G']",0.060240325608629124,fold_10
4.1,cluster_id,Inh L1-4 VIP PENK,17,0.23809523809523808,1.0,0.058823529411764705,15586,0,16,1,3,"['TRIM28', 'SMG7', 'ANKFN1']","['ZIM2', 'TRIM28', 'PRRT4', 'DOCK6', 'SMG7', 'ANKFN1', 'CEP68', 'KIF1C', 'PAG1', 'PTPRF']",0.0838032285986765,fold_10
4.1,cluster_id,Inh L2-6 VIP QPCT,37,0.2631578947368421,0.6,0.08108108108108109,15564,2,34,3,3,"['P2RX6', 'HAP1', 'RSL1D1']","['P2RX6', 'HAP1', 'MRPL18', 'RSL1D1', 'PRTG', 'ARID3B', 'DTX1', 'PCDH8', 'GDAP1L1', 'IK']",0.21304935363344985,fold_10
4.1,cluster_id,Inh L3-6 VIP HS3ST3A1,80,0.25,0.4666666666666667,0.0875,15515,8,73,7,3,"['HAP1', 'HCN2', 'COL4A4']","['HAP1', 'HCN2', 'NOX4', 'P2RX6', 'COL4A4', 'JADE1', 'PKP2', 'KIF1C', 'DOCK6', 'PDGFD']",0.33403342850649786,fold_10
4.1,cluster_id,Inh L1-2 VIP PCDH20,61,0.22935779816513763,0.4166666666666667,0.08196721311475409,15535,7,56,5,2,"['PCDH8', 'ATP10A']","['NID1', 'COL4A4', 'P2RX6', 'PCDH8', 'ATP10A', 'PKP2']",0.04832046893693271,fold_10
4.1,cluster_id,Inh L2-5 VIP SERPINF1,55,0.2702702702702703,0.42857142857142855,0.10909090909090909,15540,8,49,6,3,"['HAP1', 'NOX4', 'PCDH8']","['HAP1', 'NOX4', 'TMEM127', 'PKP2', 'LSR', 'PCDH8']",0.15988976640784403,fold_10
4.1,cluster_id,Inh L2-5 VIP TYR,62,0.4365079365079365,0.6875,0.1774193548387097,15536,5,51,11,3,"['PCDH8', 'PAPSS2', 'PKP2']","['NOX4', 'HAP1', 'ABCA1', 'PCDH8', 'PAPSS2', 'PKP2', 'ERV3-1']",0.013425656036794787,fold_10
4.1,cluster_id,Inh L1-3 VIP CHRM2,175,0.41442824251726784,0.3829787234042553,0.6171428571428571,15254,174,67,108,2,"['PTGDS', 'PKP2']","['SLC12A7', 'PTGDS', 'PKP2', 'KCNQ1', 'PCDH8']",0.07267924329785237,fold_10
4.1,cluster_id,Inh L2-4 VIP CBLN1,67,0.18518518518518517,0.29411764705882354,0.07462686567164178,15524,12,62,5,2,"['LPCAT3', 'PCDH8']","['IL17RB', 'HAP1', 'KIF1C', 'LPCAT3', 'PKP2', 'PCDH8', 'MAP3K1']",0.05387121132941692,fold_10
4.1,cluster_id,Inh L1-3 VIP CCDC184,64,0.22727272727272727,0.35294117647058826,0.09375,15528,11,58,6,3,"['IL17RB', 'CAMK2N2', 'COL27A1']","['TMEM51', 'IL17RB', 'FAM162B', 'CAMK2N2', 'COL27A1', 'HAP1', 'DTX1', 'PTGDS', 'COL4A4', 'PKP2']",0.045055055799642876,fold_10
4.1,cluster_id,Inh L1-3 VIP GGH,68,0.3442028985507246,0.36538461538461536,0.27941176470588236,15502,33,49,19,3,"['PTGDS', 'PKP2', 'PCDH8']","['PTGDS', 'P2RX6', 'PKP2', 'PCDH8', 'TECR']",0.0663962246366304,fold_10
4.1,cluster_id,Inh L1-2 VIP LBH,47,0.2,0.42857142857142855,0.06382978723404255,15552,4,44,3,3,"['RSL1D1', 'HAP1', 'KCNQ1']","['ZNF136', 'DNAJC9', 'RSL1D1', 'HAP1', 'KCNQ1', 'PTGDS', 'CST3', 'ANKFN1', 'ATF4', 'OTUB1']",0.02449131478881787,fold_10
4.1,cluster_id,Inh L2-3 VIP CASC6,45,0.3418803418803419,0.4444444444444444,0.17777777777777778,15548,10,37,8,3,"['FAM162B', 'ANKFN1', 'PTGDS']","['FAM162B', 'TMEM127', 'NKAP', 'ANKFN1', 'PTGDS', 'KCNQ1', 'COBLL1', 'LIAS', 'SRFBP1', 'GREB1']",0.1166384498899369,fold_10
4.1,cluster_id,Inh L2-4 VIP SPAG17,33,0.43859649122807015,0.8333333333333334,0.15151515151515152,15569,1,28,5,3,"['PKP2', 'ANKFN1', 'COL11A1']","['NID1', 'FAM162B', 'PKP2', 'ANKFN1', 'KIF1C', 'COL11A1', 'ABCA1', 'COBLL1', 'GREB1', 'MAP3K1']",0.06661198852101279,fold_10
4.1,cluster_id,Inh L1-4 VIP OPRM1,52,0.2631578947368421,0.6666666666666666,0.07692307692307693,15549,2,48,4,3,"['PRTG', 'PCDH8', 'COL11A1']","['PRTG', 'TMEM51', 'NID1', 'PKP2', 'PCDH8', 'COL11A1', 'ABCA1', 'COBLL1']",0.05916441205231193,fold_10
4.1,cluster_id,Inh L3-6 SST NPY,15,0.37037037037037035,0.6666666666666666,0.13333333333333333,15587,1,13,2,4,"['MX1', 'JADE1', 'FAT1', 'ZSWIM7']","['MX1', 'ZNF69', 'JADE1', 'AKNA', 'FAT1', 'ZSWIM7', 'ANKFN1', 'ASL', 'ZDHHC15', 'CDC42SE1']",0.2508560840965368,fold_10
4.1,cluster_id,Inh L3-6 SST HPGD,60,0.375,0.6,0.15,15537,6,51,9,4,"['C1QTNF2', 'PRIM1', 'FLT3', 'PAPSS2']","['C1QTNF2', 'CAMK2N2', 'PRIM1', 'FLT3', 'CENPW', 'PAPSS2', 'USP44', 'ADAM19', 'ZDHHC15', 'C11orf87']",0.11946285221681685,fold_10
4.1,cluster_id,Inh L4-6 SST B3GAT2,182,0.23930753564154786,0.235,0.25824175824175827,15268,153,135,47,3,"['FLT3', 'PHACTR2', 'SOX6']","['FLT3', 'USP44', 'PAPSS2', 'PHACTR2', 'SOX6']",0.04866456345821029,fold_10
4.1,cluster_id,Inh L5-6 SST KLHDC8A,63,0.2608695652173913,0.46153846153846156,0.09523809523809523,15533,7,57,6,4,"['FLT3', 'CENPW', 'ZNF69', 'FAT1']","['KCNQ1', 'FLT3', 'CENPW', 'ASL', 'ZNF69', 'FAT1', 'PIWIL4', 'LEO1', 'PHACTR2', 'GREB1']",0.04587805973136543,fold_10
4.1,cluster_id,Inh L5-6 SST NPM1P10,79,0.38961038961038963,0.47368421052631576,0.22784810126582278,15504,20,61,18,4,"['FAT1', 'FLT3', 'OPRD1', 'PHACTR2']","['FAT1', 'FLT3', 'OPRD1', 'PHACTR2', 'ARPC1A', 'GREB1', 'EXD3', 'C11orf87', 'ZNF559-ZNF177']",0.07844688770392007,fold_10
4.1,cluster_id,Inh L4-6 SST GXYLT2,41,0.33962264150943394,0.32142857142857145,0.43902439024390244,15524,38,23,18,2,"['FLT3', 'PHACTR2']","['ZNF783', 'MRPL18', 'LSM11', 'FLT3', 'PHACTR2', 'RBM14', 'RSL1D1', 'USP44', 'FAT1', 'JOSD1']",0.09994902743547754,fold_10
4.1,cluster_id,Inh L4-5 SST STK32A,93,0.2442159383033419,0.25675675675675674,0.20430107526881722,15455,55,74,19,3,"['FLT3', 'PHACTR2', 'SOX6']","['FLT3', 'PHACTR2', 'OPRD1', 'SOX6']",0.06272222683030973,fold_10
4.1,cluster_id,Inh L1-3 SST CALB1,279,0.11676396997497915,0.12173913043478261,0.1003584229390681,15122,202,251,28,1,['USP44'],"['ARID3B', 'PHF21B', 'USP44', 'KIF1C', 'DOCK6', 'LSR', 'FLT3', 'SOX6']",0.06052981126110813,fold_10
4.1,cluster_id,Inh L3-5 SST ADGRG6,132,0.30952380952380953,0.3611111111111111,0.19696969696969696,15425,46,106,26,2,"['FAM20A', 'FLT3']","['FAM20A', 'AKNA', 'ARID3B', 'KIF1C', 'DCT', 'FLT3', 'OPRD1', 'PIWIL4', 'SOX6', 'PHACTR2']",0.5169526274077457,fold_10
4.1,cluster_id,Inh L2-4 SST FRZB,64,0.19736842105263158,0.2727272727272727,0.09375,15523,16,58,6,3,"['LIAS', 'FLT3', 'PIWIL4']","['FAM20C', 'MED17', 'LIAS', 'FLT3', 'PHF21B', 'PIWIL4', 'TMEM127', 'ZNF594', 'SLC27A1', 'CACNA1G']",0.08052021412402223,fold_10
4.1,cluster_id,Inh L5-6 SST TH,27,0.14285714285714285,0.5,0.037037037037037035,15575,1,26,1,3,"['STOML2', 'ZNF587B', 'ZNF714']","['STOML2', 'DCHS1', 'GTF2F1', 'ASL', 'ZNF587B', 'ZNF714', 'FAT2', 'PNCK', 'DTX1', 'FLT3']",0.11178116472953381,fold_10
4.1,cluster_id,Inh L5-6 LHX6 GLP1R,27,0.23255813953488372,0.5,0.07407407407407407,15574,2,25,2,4,"['IL11RA', 'PRRT4', 'C1QTNF2', 'TMEM51']","['IL11RA', 'PRRT4', 'C1QTNF2', 'TMEM51', 'CAMK2N2', 'LONP1', 'SLC25A42', 'SOCS6', 'MRPL32', 'FLT3']",0.32420886561050044,fold_10
4.1,cluster_id,Inh L5-6 PVALB LGR5,52,0.2976190476190476,0.625,0.09615384615384616,15548,3,47,5,4,"['PAMR1', 'TRPC3', 'SLC25A42', 'PTGDS']","['PAMR1', 'COL27A1', 'TRPC3', 'SLC25A42', 'SOCS6', 'PTGDS', 'USP44', 'FLT3', 'POLR1A', 'TRPC5']",0.021764684695879777,fold_10
4.1,cluster_id,Inh L4-5 PVALB MEPE,64,0.2616279069767442,0.3333333333333333,0.140625,15521,18,55,9,3,"['CDKN2AIPNL', 'TMEM51', 'GREB1']","['CDKN2AIPNL', 'CASP3', 'TMEM51', 'PRRT4', 'AKNA', 'GREB1', 'P2RX6', 'COBLL1', 'OPRD1', 'FLT3']",0.35805955768142356,fold_10
4.1,cluster_id,Inh L2-4 PVALB WFDC2,387,0.28683181225554105,0.4631578947368421,0.11369509043927649,15165,51,343,44,3,"['CAMK2N2', 'OPRD1', 'USP44']","['CAMK2N2', 'OPRD1', 'USP44', 'HS6ST1', 'PHF21B', 'COQ6', 'MED17', 'GREB1', 'SLC25A42', 'PIWIL4']",0.12445010973729657,fold_10
4.1,cluster_id,Inh L4-6 PVALB SULF1,167,0.22137404580152673,0.23770491803278687,0.17365269461077845,15343,93,138,29,3,"['PHF21B', 'COBLL1', 'TRPC5']","['PHF21B', 'OPRD1', 'USP44', 'ABCA1', 'COBLL1', 'TRPC5', 'LIAS', 'FLT3', 'GREB1', 'SLC25A42']",0.025977545791666442,fold_10
4.1,cluster_id,Inh L5-6 SST MIR548F2,80,0.2734375,0.3181818181818182,0.175,15493,30,66,14,3,"['AKNA', 'TMEM51', 'PAMR1']","['AKNA', 'CYSTM1', 'TMEM51', 'PAMR1', 'COQ6', 'ZNF714', 'OPRD1', 'FLT3', 'PRTG', 'NEDD4']",0.04305668035036955,fold_10
4.1,cluster_id,Inh L2-5 PVALB SCUBE3,32,0.3409090909090909,1.0,0.09375,15571,0,29,3,3,"['FAM20C', 'PAMR1', 'ZNF714']","['FAM20C', 'LIAS', 'TRPC3', 'PAMR1', 'GSG1L', 'ZNF714', 'COBLL1', 'PIWIL4', 'OPRD1', 'GREB1']",0.09514875936371549,fold_10
4.1,cluster_id,Exc L2 LAMP5 LTK,812,0.4713356973995272,0.49611197511664074,0.39285714285714285,14467,324,493,319,2,"['PDGFD', 'COL27A1']","['ARL4A', 'PDGFD', 'MDGA1', 'COL27A1', 'HS6ST1', 'KCNV1', 'GSG1L', 'LRRK2']",0.19344194543905927,fold_10
4.1,cluster_id,Exc L2-4 LINC00507 GLP2R,170,0.1652892561983471,0.4444444444444444,0.047058823529411764,15423,10,162,8,2,"['PAMR1', 'KCNV1']","['ARL4A', 'COL27A1', 'PDGFD', 'PAMR1', 'KCNV1', 'C11orf87', 'SPCS3', 'LRRK2', 'PCDH8', 'RPS6KA5']",0.04473016472539577,fold_10
4.1,cluster_id,Exc L2-3 LINC00507 FREM3,2284,0.4485522233712513,0.5091709464416728,0.30385288966725044,12650,669,1590,694,3,"['ARL4A', 'HS6ST1', 'SHROOM3']","['ARL4A', 'HS6ST1', 'STX16-NPEPL1', 'COL27A1', 'SHROOM3', 'PAPSS2', 'PDGFD', 'OPRD1', 'KCNV1', 'C18orf25']",0.06750458148853783,fold_10
4.1,cluster_id,Exc L5-6 THEMIS C1QL3,1537,0.49295774647887325,0.6229260935143288,0.2687052700065062,13816,250,1124,413,2,"['COL27A1', 'ABCC9']","['ARL4A', 'COL27A1', 'CENPW', 'ABCC9', 'KCNV1', 'SPICE1', 'PDGFD', 'ZNF69', 'RPS6KA5', 'MRPL32']",0.04714876077586505,fold_10
4.1,cluster_id,Exc L3-4 RORB CARM1P1,280,0.4166666666666667,0.515625,0.2357142857142857,15261,62,214,66,4,"['ASCL1', 'FAM162B', 'HS6ST1', 'PAPSS2']","['ASCL1', 'FAM162B', 'HS6ST1', 'ANTXR2', 'BEND5', 'PAPSS2', 'SHROOM3', 'COBLL1', 'LRRK2', 'MICAL1']",0.21794450277728933,fold_10
4.1,cluster_id,Exc L3-5 RORB ESR1,1428,0.7046511627906977,0.8440111420612814,0.42436974789915966,14063,112,822,606,3,"['PAPSS2', 'COBLL1', 'TRPC5']","['PAPSS2', 'COBLL1', 'GSG1L', 'KCNV1', 'RPS6KA5', 'TRPC5']",0.07955904322256922,fold_10
4.1,cluster_id,Exc L3-5 RORB COL22A1,160,0.16983695652173914,0.1736111111111111,0.15625,15324,119,135,25,2,"['ANTXR2', 'COBLL1']","['ANTXR2', 'HS6ST1', 'PAMR1', 'COBLL1', 'LPCAT3', 'KCNV1']",0.10438168065806655,fold_10
4.1,cluster_id,Exc L3-5 RORB FILIP1L,153,0.11450381679389313,0.15,0.058823529411764705,15399,51,144,9,3,"['HS6ST1', 'ANTXR2', 'POGK']","['HS6ST1', 'ANTXR2', 'BEND5', 'PAMR1', 'P2RX6', 'POGK', 'LPCAT3', 'SHROOM3', 'COBLL1', 'PAG1']",0.05891106817315336,fold_10
4.1,cluster_id,Exc L3-5 RORB TWIST2,93,0.1937984496124031,0.5555555555555556,0.053763440860215055,15506,4,88,5,2,"['ANTXR2', 'COBLL1']","['ANTXR2', 'COBLL1', 'IQUB', 'BEND5', 'PAPSS2', 'PDGFD', 'CACNA1G', 'LPCAT3', 'KCNV1']",0.06731358736058436,fold_10
4.1,cluster_id,Exc L4-5 RORB FOLH1B,870,0.5381254964257347,0.6577669902912622,0.3114942528735632,14592,141,599,271,3,"['ANTXR2', 'NOX4', 'CENPW']","['BTC', 'ANTXR2', 'NOX4', 'FAM162B', 'CENPW', 'BEND5', 'LPCAT3', 'SRFBP1', 'KCNV1', 'PIWIL4']",0.22051369765759585,fold_10
4.1,cluster_id,Exc L4-6 RORB SEMA3E,777,0.2246955060898782,0.26683291770573564,0.1377091377091377,14532,294,670,107,2,"['ABCC9', 'DOCK6']","['ABCC9', 'HS6ST1', 'BEND5', 'KCNV1', 'DOCK6', 'PIWIL4', 'CENPW', 'ZNF559-ZNF177', 'COL11A1', 'MAPK8IP2']",0.06346506606624924,fold_10
4.1,cluster_id,Exc L4-5 RORB DAPK2,173,0.486284289276808,0.6842105263157895,0.2254335260115607,15412,18,134,39,2,"['ATP10A', 'PHACTR2']","['ATP10A', 'KCNV1', 'BEND5', 'PHACTR2', 'ABCC9', 'SHROOM3', 'LRRK2', 'RBM14', 'COL11A1']",0.0947617591810815,fold_10
4.1,cluster_id,Exc L5-6 RORB TTC12,167,0.15444015444015444,0.34782608695652173,0.04790419161676647,15421,15,159,8,5,"['BTC', 'IQUB', 'ABCC9', 'COL27A1', 'ADAM19']","['BTC', 'IQUB', 'ZNF69', 'ABCC9', 'COL27A1', 'ADAM19', 'ATP10A', 'KCNV1', 'SHROOM3', 'GSG1L']",0.030399772061637024,fold_10
4.1,cluster_id,Exc L4-6 RORB C1R,160,0.34552845528455284,0.40963855421686746,0.2125,15394,49,126,34,3,"['C1R', 'ATP10A', 'GSG1L']","['C1R', 'ABCC9', 'PAPSS2', 'ADAM19', 'ATP10A', 'GSG1L', 'COBLL1', 'SHROOM3', 'IQUB', 'RPS6KA5']",0.06521253392963199,fold_10
4.1,cluster_id,Exc L4-5 FEZF2 SCN4B,25,0.2830188679245283,0.42857142857142855,0.12,15574,4,22,3,5,"['ACOT6', 'GLUD2', 'CASP3', 'MX1', 'SYCP3']","['ACOT6', 'GLUD2', 'CASP3', 'MX1', 'KCNQ1', 'SYCP3', 'FAM162B', 'FUCA1', 'ZNF883', 'ATP10A']",0.6010970899477556,fold_10
4.1,cluster_id,Exc L5-6 THEMIS DCSTAMP,53,0.5181347150259067,0.5714285714285714,0.37735849056603776,15535,15,33,20,4,"['DGKQ', 'SYCP3', 'ATP10A', 'KCNV1']","['DGKQ', 'HSD3B1', 'TAF6', 'SYCP3', 'ATP10A', 'KCNV1', 'GSG1L', 'CACNA1G', 'ZNF69', 'PIWIL4']",0.2744036598053783,fold_10
4.1,cluster_id,Exc L5-6 THEMIS CRABP1,147,0.4989384288747346,0.5802469135802469,0.3197278911564626,15422,34,100,47,2,"['ATP10A', 'TRPC5']","['HSD3B1', 'ATP10A', 'CYSTM1', 'CDC42SE1', 'GSG1L', 'TRPC5', 'REEP3', 'PRIM2', 'UROS', 'RPS6KA5']",0.14202048960060498,fold_10
4.1,cluster_id,Exc L5-6 THEMIS FGF10,78,0.3821656050955414,0.4067796610169492,0.3076923076923077,15490,35,54,24,4,"['ATP10A', 'KCNV1', 'ENPP4', 'GSG1L']","['HSD3B1', 'C20orf96', 'ATP10A', 'KCNV1', 'ENPP4', 'GSG1L', 'TRPC5', 'SHROOM3', 'RPS6KA5', 'CACNA1G']",0.13182116472259545,fold_10
4.1,cluster_id,Exc L4-6 FEZF2 IL26,344,0.5443548387096774,0.81,0.23546511627906977,15240,19,263,81,3,"['ABCC9', 'PAPSS2', 'FAT1']","['IL11RA', 'JADE1', 'ABCC9', 'FAT2', 'PAPSS2', 'FAT1', 'TRPC3', 'ABCB6', 'KCNQ1', 'SHROOM3']",0.11517344770537667,fold_10
4.1,cluster_id,Exc L5-6 FEZF2 ABO,373,0.40494166094715167,0.4354243542435424,0.3163538873994638,15077,153,255,118,4,"['ABCC9', 'CENPW', 'ZNF883', 'SHROOM3']","['DUSP22', 'ABCC9', 'CENPW', 'SYCP3', 'ZNF883', 'SHROOM3', 'ARID3B', 'ENPP4', 'PIWIL4', 'ADAM19']",0.15840126164022625,fold_10
4.1,cluster_id,Exc L6 FEZF2 SCUBE1,52,0.5555555555555556,0.8571428571428571,0.23076923076923078,15549,2,40,12,3,"['AARD', 'ATP10A', 'ABCC9']","['AARD', 'LSM11', 'MYOF', 'ATP10A', 'ABCC9', 'CYSTM1', 'PIWIL4', 'MAPK8IP2', 'SPCS3', 'FAT2']",0.11817008111642334,fold_10
4.1,cluster_id,Exc L5-6 FEZF2 IL15,56,0.3618421052631579,0.4583333333333333,0.19642857142857142,15534,13,45,11,4,"['ANGPTL5', 'MYOF', 'ASL', 'ZNF883']","['ANGPTL5', 'MYOF', 'MDGA1', 'ASL', 'ZNF883', 'PIWIL4', 'AP1B1', 'ABCB6', 'FAT2', 'CYSTM1']",0.17461147443504701,fold_10
4.1,cluster_id,Exc L6 FEZF2 OR2T8,19,0.37037037037037035,1.0,0.10526315789473684,15584,0,17,2,4,"['TEKT1', 'CBLL1', 'CDC42SE1', 'ANGPTL5']","['TEKT1', 'CBLL1', 'TAF6', 'DBN1', 'CDC42SE1', 'ANGPTL5', 'ABCC9', 'PIWIL4', 'GSG1L', 'ADAM19']",0.6786942796455265,fold_10
4.1,cluster_id,Exc L5-6 FEZF2 EFTUD1P1,314,0.478494623655914,0.577922077922078,0.28343949044585987,15224,65,225,89,3,"['MDGA1', 'QSOX1', 'FAM162B']","['AMY2A', 'MDGA1', 'ANGPTL5', 'QSOX1', 'FAM162B', 'ZNF883', 'CENPW', 'LPCAT3', 'ABCB6', 'PIWIL4']",0.20827855762004469,fold_10
4.1,cluster_id,OPC L1-6 PDGFRA,238,0.6743869209809265,0.7983870967741935,0.41596638655462187,15340,25,139,99,2,"['OLIG1', 'CST3']","['OLIG1', 'MAP3K1', 'CST3', 'COL4A4', 'PTGDS', 'PHF21B', 'LRRK2', 'COL11A1', 'SOX6']",0.4077666569428469,fold_10
4.1,cluster_id,Astro L1-6 FGFR3 SLC14A1,230,0.7063711911357341,0.8292682926829268,0.4434782608695652,15352,21,128,102,1,['SLC14A1'],"['SLC14A1', 'PHF21B', 'SLC25A48', 'PLCG1', 'PAMR1', 'IL17RB', 'AMER2', 'KREMEN1', 'ZSWIM7', 'CST3']",1.0,fold_10
4.1,cluster_id,Astro L1-2 FGFR3 GFAP,61,0.41353383458646614,0.6111111111111112,0.18032786885245902,15535,7,50,11,3,"['KREMEN1', 'PAMR1', 'CST3']","['KREMEN1', 'IL17RB', 'PAMR1', 'PHF21B', 'CST3', 'SLC25A48', 'COL27A1', 'MDGA1', 'SHROOM3', 'PTGDS']",0.41228383685548575,fold_10
4.1,cluster_id,Oligo L1-6 OPALIN,313,0.7811400422237861,0.8014440433212996,0.7092651757188498,15235,55,91,222,1,['PTGDS'],"['PIGH', 'AMER2', 'OLIG1', 'PTGDS', 'ARAP2']",0.23995671834062549,fold_10
4.1,cluster_id,Endo L2-6 NOSTRIN,9,0.5882352941176471,1.0,0.2222222222222222,15594,0,7,2,1,['COBLL1'],"['CERS2', 'PML', 'LDLRAP1', 'PTGDS', 'COBLL1', 'LSR', 'KREMEN1', 'ATP10A', 'FAM118A', 'TMEM127']",0.16006708236241143,fold_10
4.1,cluster_id,Micro L1-6 TYROBP,63,0.812807881773399,0.9428571428571428,0.5238095238095238,15538,2,30,33,1,['RHBDF2'],"['RHBDF2', 'SELPLG', 'STAB1', 'HAVCR2', 'SOCS6', 'MYOF', 'KCNQ1', 'CST3', 'AKNA', 'AP1B1']",1.0,fold_10
4.1,cluster_id,Inh L1-2 PAX6 CDH12,90,0.4343629343629344,0.4205607476635514,0.5,15451,62,45,45,1,['DDR2'],"['DDR2', 'SART3', 'TMOD1', 'MEIS1', 'CTR9', 'MTHFD1']",0.369727234083531,fold_11
4.1,cluster_id,Inh L1-2 PAX6 TNFAIP8L3,16,0.5357142857142857,1.0,0.1875,15587,0,13,3,1,['DDR2'],"['ARL1', 'DDR2', 'RPN1', 'SS18L2', 'ETF1', 'PLSCR4', 'CDC42EP3', 'JADE3', 'RGPD6', 'SGTB']",0.3935687233167497,fold_11
4.1,cluster_id,Inh L1 LAMP5 NMBR,283,0.42747021723896284,0.42657342657342656,0.43109540636042404,15156,164,161,122,2,"['DDR2', 'LAMP5']","['DDR2', 'LAMP5', 'ITGBL1', 'COL25A1', 'PRELID2', 'CTR9']",0.1518786886116547,fold_11
4.1,cluster_id,Inh L1-4 LAMP5 LCP2,356,0.4257246376811594,0.5026737967914439,0.2640449438202247,15154,93,262,94,2,"['SCUBE2', 'LAMP5']","['SCUBE2', 'PRSS12', 'LAMP5', 'PRKCD', 'GABRD', 'MTHFD1', 'PRELID2', 'DOK5', 'PLXDC1', 'DDR2']",0.44511577007491177,fold_11
4.1,cluster_id,Inh L1-2 LAMP5 DBP,21,0.2222222222222222,0.3333333333333333,0.09523809523809523,15578,4,19,2,2,"['LAMP5', 'MEIOB']","['ITGBL1', 'PRKCD', 'ABCA13', 'LAMP5', 'MEIOB', 'NDUFB11', 'RPN1', 'DDR2', 'RRM1', 'NT5DC1']",0.24284676948049572,fold_11
4.1,cluster_id,Inh L2-6 LAMP5 CA1,256,0.6910569105691057,0.7472527472527473,0.53125,15301,46,120,136,2,"['SFRP1', 'LAMP5']","['SFRP1', 'LAMP5', 'PRSS12', 'GABRD', 'JADE3', 'PRELID2', 'DDR2', 'COL25A1', 'CCBE1', 'NUSAP1']",0.5646619607210094,fold_11
4.1,cluster_id,Inh L1 SST CHRNA4,52,0.1461038961038961,0.140625,0.17307692307692307,15496,55,43,9,4,"['DDR2', 'PRELID2', 'RELB', 'COL25A1']","['MEIOB', 'DDR2', 'PRELID2', 'RELB', 'PTGFRN', 'COL25A1', 'FAM220A']",0.07237285404942054,fold_11
4.1,cluster_id,Inh L1-2 ADARB2 MC4R,107,0.13815238626849008,0.11392405063291139,0.9252336448598131,14726,770,8,99,1,['PRELID2'],"['BEAN1', 'PRELID2', 'CELF3']",0.09540205647671753,fold_11
4.1,cluster_id,Inh L1-2 SST BAGE2,108,0.14322916666666666,0.15942028985507245,0.10185185185185185,15437,58,97,11,2,"['DDR2', 'COL25A1']","['DDR2', 'PRELID2', 'COL25A1']",0.03529003472838112,fold_11
4.1,cluster_id,Inh L1-3 VIP SYT6,29,0.30612244897959184,0.6,0.10344827586206896,15572,2,26,3,4,"['PRDM4', 'PYGO1', 'ITGBL1', 'CRIPT']","['PRDM4', 'PYGO1', 'ITGBL1', 'PIK3R2', 'DHRSX', 'CRIPT', 'ZNF26', 'C12orf29', 'COX19', 'MSMO1']",0.3966991832901657,fold_11
4.1,cluster_id,Inh L1-2 VIP TSPAN12,42,0.10869565217391304,1.0,0.023809523809523808,15561,0,41,1,3,"['NOTCH3', 'ANKRD29', 'DDR2']","['NOTCH3', 'MEIOB', 'ANKRD29', 'DDR2', 'TMEM184C', 'CRIPT', 'TMOD1', 'UQCRHL', 'WWP1', 'CCDC25']",0.08819578674471176,fold_11
4.1,cluster_id,Inh L1-4 VIP CHRNA6,25,0.2222222222222222,0.4,0.08,15575,3,23,2,3,"['HIPK3', 'NUSAP1', 'CFAP70']","['MTHFR', 'PDAP1', 'HIPK3', 'C12orf29', 'NUSAP1', 'CFAP70', 'FGD4', 'WWP1', 'MEIS1', 'LRPAP1']",0.06858517501188281,fold_11
4.1,cluster_id,Inh L1-3 VIP ADAMTSL1,72,0.4772727272727273,0.5675675675675675,0.2916666666666667,15515,16,51,21,3,"['PRELID2', 'KCNIP2', 'ZBTB20']","['PRELID2', 'DDR2', 'KCNIP2', 'ZBTB20', 'COL25A1']",0.06513874271040336,fold_11
4.1,cluster_id,Inh L1-4 VIP PENK,17,0.2459016393442623,0.2727272727272727,0.17647058823529413,15578,8,14,3,2,"['WNT9B', 'CDC42EP3']","['WNT9B', 'ECT2', 'DCAF13', 'DBN1', 'DHRSX', 'CDC42EP3', 'ZNF587', 'TAC3', 'RPN1', 'EEF2K']",0.5160480294097456,fold_11
4.1,cluster_id,Inh L2-6 VIP QPCT,37,0.2459016393442623,0.5,0.08108108108108109,15563,3,34,3,3,"['SLC12A9', 'PRTG', 'DOK5']","['SLC12A9', 'SPAG1', 'PRTG', 'BARD1', 'HPCA', 'DOK5', 'TAC3', 'ANKRD29', 'SRRT', 'ATP6V0D1']",0.0926696925377984,fold_11
4.1,cluster_id,Inh L3-6 VIP HS3ST3A1,80,0.15625,0.75,0.0375,15522,1,77,3,3,"['CYP27A1', 'SLC12A9', 'BEAN1']","['CYP27A1', 'SLC12A9', 'PIK3R2', 'BARD1', 'CCBE1', 'BEAN1', 'ANKRD29', 'TAC3', 'SRRT', 'BTBD3']",0.21208564553582188,fold_11
4.1,cluster_id,Inh L1-2 VIP PCDH20,61,0.30864197530864196,1.0,0.08196721311475409,15542,0,56,5,2,"['BTBD3', 'TAC3']","['BTBD3', 'TAC3', 'ANKRD29', 'CD63', 'HPCA']",0.1147439631690324,fold_11
4.1,cluster_id,Inh L2-5 VIP SERPINF1,55,0.532319391634981,0.5384615384615384,0.509090909090909,15524,24,27,28,3,"['SFRP1', 'TAC3', 'ZBTB20']","['SFRP1', 'TAC3', 'NUSAP1', 'ANKRD29', 'ZBTB20']",0.12477077170496792,fold_11
4.1,cluster_id,Inh L2-5 VIP TYR,62,0.6040268456375839,0.6101694915254238,0.5806451612903226,15518,23,26,36,2,"['TAC3', 'ZBTB20']","['SFRP1', 'PRKCD', 'TAC3', 'BTBD3', 'ANKRD29', 'ZBTB20']",0.10453421855329756,fold_11
4.1,cluster_id,Inh L1-3 VIP CHRM2,175,0.45685279187817257,0.5192307692307693,0.30857142857142855,15378,50,121,54,2,"['TAC3', 'RYR3']","['SLC12A9', 'TAC3', 'CDC42EP3', 'RYR3']",0.05099633648853339,fold_11
4.1,cluster_id,Inh L2-4 VIP CBLN1,67,0.2608695652173913,0.5,0.08955223880597014,15530,6,61,6,3,"['TAC3', 'RELB', 'CDC42EP3']","['TAC3', 'RELB', 'CDC42EP3', 'ANKRD29']",0.09815458377045828,fold_11
4.1,cluster_id,Inh L1-3 VIP CCDC184,64,0.22727272727272727,0.6666666666666666,0.0625,15537,2,60,4,2,"['FBN3', 'HTR4']","['PDAP1', 'FBN3', 'CDC42EP3', 'HTR4', 'ZNF75D', 'CTR9']",0.07741437378240776,fold_11
4.1,cluster_id,Inh L1-3 VIP GGH,68,0.13480392156862744,0.12941176470588237,0.16176470588235295,15461,74,57,11,2,"['TAC3', 'BTBD3']","['SLC12A9', 'TAC3', 'BTBD3']",0.0775514634318168,fold_11
4.1,cluster_id,Inh L1-2 VIP LBH,47,0.1477832512315271,0.15384615384615385,0.1276595744680851,15523,33,41,6,3,"['MID1', 'DDA1', 'TXNRD1']","['C12orf29', 'TMEM184C', 'MID1', 'DDA1', 'TXNRD1', 'MTHFD1', 'SCYL1', 'FEM1B', 'ELMO2', 'CDC42EP3']",0.08465853340934375,fold_11
4.1,cluster_id,Inh L2-3 VIP CASC6,45,0.21739130434782608,0.5,0.06666666666666667,15555,3,42,3,3,"['NBPF14', 'ARL1', 'FANK1']","['NBPF14', 'ARL1', 'ACBD5', 'FANK1', 'PLXDC1', 'CRIPT', 'EXTL2', 'GDI2', 'CDC42EP3', 'OGDHL']",0.10939070715465762,fold_11
4.1,cluster_id,Inh L2-4 VIP SPAG17,33,0.24390243902439024,1.0,0.06060606060606061,15570,0,31,2,1,['HTR4'],"['HTR4', 'ANKRD29', 'GP6', 'FGD4']",0.07411504661477908,fold_11
4.1,cluster_id,Inh L1-4 VIP OPRM1,52,0.36585365853658536,0.42857142857142855,0.23076923076923078,15535,16,40,12,2,"['PRTG', 'TAC3']","['PRTG', 'TAC3', 'FBN3', 'ANKRD29', 'NUSAP1', 'HTR4']",0.23614445607620788,fold_11
4.1,cluster_id,Inh L3-6 SST NPY,15,0.2631578947368421,1.0,0.06666666666666667,15588,0,14,1,3,"['MX1', 'SLC35C2', 'ZDHHC15']","['MX1', 'PIK3R2', 'SLC35C2', 'PTGFRN', 'ZDHHC15', 'S100A6', 'ZNF717', 'CELF3', 'HTR4', 'MSMO1']",0.19203280173816623,fold_11
4.1,cluster_id,Inh L3-6 SST HPGD,60,0.3879310344827586,0.6428571428571429,0.15,15538,5,51,9,3,"['TPH2', 'TANC1', 'CDC42EP3']","['TPH2', 'ENPP1', 'TANC1', 'CDC42EP3', 'STARD10', 'MID1', 'COL25A1', 'FASTK', 'GP6', 'EEF2K']",0.12267964331935285,fold_11
4.1,cluster_id,Inh L4-6 SST B3GAT2,182,0.39182282793867124,0.3709677419354839,0.5054945054945055,15265,156,90,92,2,"['TAC3', 'TANC1']","['TAC3', 'TANC1', 'MID1', 'COL25A1', 'FAM220A']",0.07324462889053654,fold_11
4.1,cluster_id,Inh L5-6 SST KLHDC8A,63,0.31446540880503143,0.4166666666666667,0.15873015873015872,15526,14,53,10,3,"['BEAN1', 'MID1', 'COL25A1']","['SCUBE2', 'BEAN1', 'MPP2', 'MID1', 'PGS1', 'COL25A1', 'PLOD3', 'SENP1', 'STARD10', 'TAC3']",0.0988993552097803,fold_11
4.1,cluster_id,Inh L5-6 SST NPM1P10,79,0.2962962962962963,0.5714285714285714,0.10126582278481013,15518,6,71,8,4,"['NDUFB11', 'TAC3', 'TANC1', 'MID1']","['NDUFB11', 'TAC3', 'TANC1', 'COX19', 'MID1', 'ESD', 'COL25A1', 'TMEM184C', 'FAM220A', 'AHSA1']",0.06646488948311861,fold_11
4.1,cluster_id,Inh L4-6 SST GXYLT2,41,0.3076923076923077,0.6666666666666666,0.0975609756097561,15560,2,37,4,4,"['GXYLT2', 'DHRSX', 'MID1', 'ZFYVE26']","['GXYLT2', 'DHRSX', 'MID1', 'ZFYVE26', 'BEAN1', 'SS18L2', 'COL25A1', 'C12orf29', 'PDAP1', 'SRRT']",0.2596689377350377,fold_11
4.1,cluster_id,Inh L4-5 SST STK32A,93,0.30303030303030304,0.2905982905982906,0.3655913978494624,15427,83,59,34,2,"['TANC1', 'COL25A1']","['TANC1', 'COL25A1', 'MID1']",0.1048467400650647,fold_11
4.1,cluster_id,Inh L1-3 SST CALB1,279,0.26512322628827484,0.2679245283018868,0.25448028673835127,15130,194,208,71,2,"['RELB', 'COL25A1']","['ABCA13', 'RELB', 'PTGFRN', 'COL25A1', 'NUSAP1', 'GP6', 'MZT1', 'FAM220A', 'BRIP1']",0.09318047226391188,fold_11
4.1,cluster_id,Inh L3-5 SST ADGRG6,132,0.16447368421052633,0.16806722689075632,0.15151515151515152,15372,99,112,20,3,"['COL25A1', 'TANC1', 'MZT1']","['RELB', 'COL25A1', 'NUSAP1', 'TANC1', 'MZT1', 'MID1', 'UST']",0.03654334353446729,fold_11
4.1,cluster_id,Inh L2-4 SST FRZB,64,0.11904761904761904,0.15384615384615385,0.0625,15517,22,60,4,3,"['TANC1', 'TMEM184C', 'EEF2K']","['CENPI', 'TANC1', 'CDC42EP3', 'TMEM184C', 'OGDHL', 'EEF2K', 'GABRD', 'UQCRHL', 'STARD10']",0.06794945354043187,fold_11
4.1,cluster_id,Inh L5-6 SST TH,27,0.16129032258064516,1.0,0.037037037037037035,15576,0,26,1,2,"['GPRIN1', 'PDAP1']","['ARL1', 'PLOD3', 'MKRN2', 'GPRIN1', 'PDAP1', 'MTHFR', 'RPN1', 'EPM2A', 'DHCR24', 'MCRS1']",0.14400856106030796,fold_11
4.1,cluster_id,Inh L5-6 LHX6 GLP1R,27,0.10638297872340426,0.2,0.037037037037037035,15572,4,26,1,3,"['RBM18', 'BARD1', 'EPM2A']","['RBM18', 'BARD1', 'EPM2A', 'BEAN1', 'OGDHL', 'STARD10', 'CPSF7', 'LAMTOR4', 'TRPM3', 'EEF2K']",0.13053599096038418,fold_11
4.1,cluster_id,Inh L5-6 PVALB LGR5,52,0.3333333333333333,0.47058823529411764,0.15384615384615385,15542,9,44,8,3,"['ELOVL7', 'BARD1', 'KCNIP2']","['PAN2', 'ELOVL7', 'BARD1', 'BEAN1', 'KCNIP2', 'FASTK', 'HTR4', 'FBXO32', 'GABRD', 'NUSAP1']",0.03705486235385146,fold_11
4.1,cluster_id,Inh L4-5 PVALB MEPE,64,0.15625,0.1875,0.09375,15513,26,58,6,4,"['IFT27', 'BARD1', 'DHRSX', 'MPPE1']","['IFT27', 'BARD1', 'DHRSX', 'CDC42EP3', 'MCRS1', 'MPPE1', 'GABRD', 'EPM2A', 'HTR4', 'RASGEF1C']",0.1569523089033718,fold_11
4.1,cluster_id,Inh L2-4 PVALB WFDC2,387,0.3316645807259074,0.5145631067961165,0.13695090439276486,15166,50,334,53,3,"['CDC42EP3', 'GABRD', 'TANC1']","['IFT27', 'CDC42EP3', 'GABRD', 'EPM2A', 'HTR4', 'TANC1', 'FASTK', 'EXTL2', 'EEF2K', 'FANK1']",0.07223883870171963,fold_11
4.1,cluster_id,Inh L4-6 PVALB SULF1,167,0.1901743264659271,0.20689655172413793,0.1437125748502994,15344,92,143,24,3,"['BARD1', 'CDC42EP3', 'GABRD']","['BARD1', 'IFT27', 'CDC42EP3', 'RELB', 'GABRD', 'FASTK', 'KCNIP2', 'FAM220A']",0.052791965389430325,fold_11
4.1,cluster_id,Inh L5-6 SST MIR548F2,80,0.125,0.15,0.075,15489,34,74,6,4,"['IFT27', 'PYGO1', 'MPPE1', 'PDAP1']","['IFT27', 'NT5DC1', 'PYGO1', 'MPPE1', 'PDAP1', 'TLN1', 'PRTG', 'ELOVL7', 'EPM2A', 'ZNF717']",0.09762755340756969,fold_11
4.1,cluster_id,Inh L2-5 PVALB SCUBE3,32,0.375,0.5,0.1875,15565,6,26,6,2,"['GABRD', 'TANC1']","['GABRD', 'CDC42EP3', 'MKRN2', 'TANC1', 'DOK5', 'PRSS12', 'ELOVL7', 'EXTL2', 'CELF3', 'FGD4']",0.19316070397125337,fold_11
4.1,cluster_id,Exc L2 LAMP5 LTK,812,0.32457081545064376,0.4600760456273764,0.14901477832512317,14649,142,691,121,2,"['LAMP5', 'NAGPA']","['LAMP5', 'NAGPA', 'C12orf29', 'KBTBD11', 'SLC22A9', 'TMOD1', 'FBXO32', 'DOC2A', 'MEIS1', 'SPAG1']",0.09108024337753096,fold_11
4.1,cluster_id,Exc L2-4 LINC00507 GLP2R,170,0.11786600496277916,0.11949685534591195,0.11176470588235295,15293,140,151,19,4,"['S100A6', 'LAMP5', 'KBTBD11', 'FBXO32']","['S100A6', 'LAMP5', 'KBTBD11', 'C12orf29', 'FBXO32', 'NAGPA', 'GABRD', 'NAF1', 'HTR4', 'MTHFD1']",0.0816820825794685,fold_11
4.1,cluster_id,Exc L2-3 LINC00507 FREM3,2284,0.6560230024213075,0.8020351526364478,0.37959719789842383,13105,214,1417,867,4,"['LAMP5', 'TOM1L1', 'SHROOM3', 'TMOD1']","['TIMP3', 'LAMP5', 'TOM1L1', 'SHROOM3', 'KBTBD11', 'TMOD1', 'GABRD', 'NAGPA', 'MEIS1', 'TTL']",0.07189366113647269,fold_11
4.1,cluster_id,Exc L5-6 THEMIS C1QL3,1537,0.37364275069193104,0.4443037974683544,0.2283669486011711,13627,439,1186,351,4,"['TIMP3', 'MFSD6', 'DHCR24', 'KBTBD11']","['TIMP3', 'TMPO', 'EXOSC9', 'MFSD6', 'DHCR24', 'KBTBD11', 'DOC2A', 'NAGPA', 'SNED1', 'PLXDC1']",0.092688367538171,fold_11
4.1,cluster_id,Exc L3-4 RORB CARM1P1,280,0.5642857142857143,0.7523809523809524,0.28214285714285714,15297,26,201,79,3,"['PRSS12', 'HAPLN2', 'NBPF14']","['PRSS12', 'HAPLN2', 'BEAN1', 'NBPF14', 'ELMO2', 'TOM1L1', 'RAD54B', 'SHROOM3', 'EXTL2', 'EPM2A']",0.057451097495491765,fold_11
4.1,cluster_id,Exc L3-5 RORB ESR1,1428,0.5237978410206084,0.6450151057401813,0.29901960784313725,13940,235,1001,427,3,"['BARD1', 'SLC22A9', 'SNED1']","['BARD1', 'RAD54B', 'PTGFRN', 'SLC22A9', 'HPCA', 'SNED1', 'GABRD']",0.07517165501808905,fold_11
4.1,cluster_id,Exc L3-5 RORB COL22A1,160,0.37337662337662336,0.6216216216216216,0.14375,15429,14,137,23,2,"['S100A6', 'HPCA']","['RHCG', 'S100A6', 'PTGFRN', 'HPCA', 'PLSCR4', 'PRSS12', 'BEAN1', 'RELB', 'RASGEF1C', 'SNED1']",0.34306710105742577,fold_11
4.1,cluster_id,Exc L3-5 RORB FILIP1L,153,0.20059435364041606,0.2076923076923077,0.17647058823529413,15347,103,126,27,4,"['PRSS12', 'PTGFRN', 'BEAN1', 'TOM1L1']","['PRSS12', 'PTGFRN', 'BEAN1', 'KBTBD11', 'RAD54B', 'TOM1L1', 'GRAMD4', 'SHROOM3', 'HPCA', 'EXTL2']",0.1640247529222566,fold_11
4.1,cluster_id,Exc L3-5 RORB TWIST2,93,0.19337016574585636,0.3181818181818182,0.07526881720430108,15495,15,86,7,3,"['PRSS12', 'BARD1', 'SLC22A9']","['PTGFRN', 'PRSS12', 'RAD54B', 'BARD1', 'ARMC10', 'SLC22A9', 'HPCA', 'KBTBD11', 'MPPE1', 'SNED1']",0.004160254504817065,fold_11
4.1,cluster_id,Exc L4-5 RORB FOLH1B,870,0.33702677746999077,0.4506172839506173,0.167816091954023,14555,178,724,146,4,"['SLC22A9', 'PTGFRN', 'RASGRP3', 'ARMC10']","['MUC12', 'LYRM1', 'SLC22A9', 'PTGFRN', 'RASGRP3', 'ARMC10', 'RAD54B', 'HPCA', 'HTR4', 'CCBE1']",0.10326930158878656,fold_11
4.1,cluster_id,Exc L4-6 RORB SEMA3E,777,0.15833651278138114,0.18004338394793926,0.10682110682110682,14448,378,694,83,3,"['HPCA', 'PLXDC1', 'HTR4']","['SLC22A9', 'PTGFRN', 'HPCA', 'PLXDC1', 'NAF1', 'HTR4']",0.051762244576489605,fold_11
4.1,cluster_id,Exc L4-5 RORB DAPK2,173,0.1509433962264151,0.34782608695652173,0.046242774566473986,15415,15,165,8,2,"['MID1', 'SLC22A9']","['MID1', 'PTGFRN', 'HPCA', 'SLC22A9', 'FASTK', 'RAD54B', 'MCRS1', 'CDYL', 'PLXDC1', 'UST']",0.053393490337643484,fold_11
4.1,cluster_id,Exc L5-6 RORB TTC12,167,0.26418786692759294,0.313953488372093,0.16167664670658682,15377,59,140,27,4,"['ESAM', 'NT5DC1', 'NAF1', 'PLXDC1']","['ESAM', 'MUC12', 'NT5DC1', 'NAF1', 'SPAG1', 'PLXDC1', 'RNF121', 'RASGEF1C', 'PAIP1', 'SHROOM3']",0.20310300130732906,fold_11
4.1,cluster_id,Exc L4-6 RORB C1R,160,0.125,0.5,0.03125,15438,5,155,5,4,"['S100A6', 'SLC22A9', 'MKRN2', 'MPP2']","['MUC12', 'S100A6', 'SLC22A9', 'MKRN2', 'HPCA', 'MPP2', 'NAF1', 'PTGFRN', 'SHROOM3', 'FEM1B']",0.08616540638706241,fold_11
4.1,cluster_id,Exc L4-5 FEZF2 SCN4B,25,0.24691358024691357,0.2857142857142857,0.16,15568,10,21,4,4,"['RAD51AP2', 'STEAP1B', 'MX1', 'SEL1L2']","['RAD51AP2', 'FURIN', 'STEAP1B', 'KCNJ4', 'MX1', 'SEL1L2', 'EPM2A', 'ELOVL7', 'PLXDC1', 'ZNF197']",0.7791628656770024,fold_11
4.1,cluster_id,Exc L5-6 THEMIS DCSTAMP,53,0.43795620437956206,0.5714285714285714,0.22641509433962265,15541,9,41,12,3,"['CAPN13', 'ELOVL7', 'PLXNB2']","['CAPN13', 'RASGRP3', 'ELOVL7', 'LSM3', 'PLXNB2', 'SLC22A9', 'FEM1B', 'RASGEF1C', 'DOC2A', 'CDYL']",0.31797744330653466,fold_11
4.1,cluster_id,Exc L5-6 THEMIS CRABP1,147,0.30927835051546393,0.5,0.12244897959183673,15438,18,129,18,3,"['CAPN13', 'NAF1', 'ELOVL7']","['CAPN13', 'NAF1', 'IFT22', 'LSM3', 'PLXNB2', 'ELOVL7', 'MTHFR', 'RASGEF1C', 'PPP1R7', 'DOC2A']",0.10168561865659803,fold_11
4.1,cluster_id,Exc L5-6 THEMIS FGF10,78,0.17094017094017094,0.20512820512820512,0.10256410256410256,15494,31,70,8,5,"['DDX20', 'ELOVL7', 'DDA1', 'MTHFR', 'LSM3']","['DDX20', 'EXOSC9', 'ELOVL7', 'DDA1', 'MTHFR', 'LSM3', 'PPP1R7', 'RASGEF1C', 'DOC2A', 'TTL']",0.18829628012817737,fold_11
4.1,cluster_id,Exc L4-6 FEZF2 IL26,344,0.6370192307692307,0.8688524590163934,0.3081395348837209,15243,16,238,106,3,"['HAPLN2', 'TLE4', 'UST']","['HAPLN2', 'ELMO2', 'SPAG1', 'TLE4', 'UST', 'STARD10', 'BTBD3', 'SCPEP1', 'SHROOM3', 'PZP']",0.08882925886196451,fold_11
4.1,cluster_id,Exc L5-6 FEZF2 ABO,373,0.6213364595545134,0.8833333333333333,0.28418230563002683,15216,14,267,106,3,"['ENPP1', 'SHROOM3', 'TLE4']","['ENPP1', 'MAP3K8', 'SLC22A9', 'PZP', 'SHROOM3', 'TLE4', 'TOM1L1', 'STARD10', 'NAGPA', 'CES4A']",0.08499246861428682,fold_11
4.1,cluster_id,Exc L6 FEZF2 SCUBE1,52,0.3353658536585366,0.39285714285714285,0.21153846153846154,15534,17,41,11,3,"['GPRIN1', 'DIRAS1', 'CCBE1']","['STEAP1B', 'SLC25A22', 'PIK3R2', 'GPRIN1', 'DIRAS1', 'CCBE1', 'DHCR24', 'MSMO1', 'TLE4', 'UQCRHL']",0.2424347625276903,fold_11
4.1,cluster_id,Exc L5-6 FEZF2 IL15,56,0.3787878787878788,0.5263157894736842,0.17857142857142858,15538,9,46,10,3,"['CCBE1', 'TLE4', 'ATAD2']","['CCBE1', 'DHCR24', 'BARD1', 'TLE4', 'EPM2A', 'ATAD2', 'ESD', 'CLTA', 'UST', 'RASGEF1C']",0.09980267242978852,fold_11
4.1,cluster_id,Exc L6 FEZF2 OR2T8,19,0.38461538461538464,0.6,0.15789473684210525,15582,2,16,3,5,"['TMEM151A', 'PI4K2B', 'ENPP1', 'SLC25A22', 'DBN1']","['TMEM151A', 'PI4K2B', 'ENPP1', 'MAP3K8', 'SLC25A22', 'DBN1', 'RNF121', 'DCK', 'CCBE1', 'RASGRP3']",0.9581432978887993,fold_11
4.1,cluster_id,Exc L5-6 FEZF2 EFTUD1P1,314,0.6004140786749482,0.7116564417177914,0.36942675159235666,15242,47,198,116,3,"['BARD1', 'MAP3K8', 'SLC22A9']","['CERS1', 'BARD1', 'MAP3K8', 'PRKCD', 'SLC22A9', 'LSM3', 'CCBE1', 'EPM2A', 'TLE4', 'ATAD2']",0.2598154407523577,fold_11
4.1,cluster_id,OPC L1-6 PDGFRA,238,0.4751131221719457,0.8235294117647058,0.17647058823529413,15356,9,196,42,2,"['UST', 'ZBTB20']","['ZCCHC24', 'PLLP', 'TANC1', 'UST', 'TLE4', 'ZBTB20']",0.07191472198411764,fold_11
4.1,cluster_id,Astro L1-6 FGFR3 SLC14A1,230,0.6060606060606061,0.7912087912087912,0.3130434782608696,15354,19,158,72,2,"['NBPF14', 'PLSCR4']","['NBPF14', 'MT1E', 'PLSCR4', 'SHROOM3', 'MID1', 'FGD4', 'PFKFB3', 'DOK5', 'BBS2', 'CHKA']",0.4305113162626478,fold_11
4.1,cluster_id,Astro L1-2 FGFR3 GFAP,61,0.3588516746411483,0.40540540540540543,0.2459016393442623,15520,22,46,15,1,['MT1E'],"['MT1E', 'NBPF14', 'PLSCR4', 'SHROOM3', 'FGD4', 'DDR2', 'SNED1', 'ZBTB20', 'BBS2']",0.956392086158118,fold_11
4.1,cluster_id,Oligo L1-6 OPALIN,313,0.7534246575342466,0.89937106918239,0.45686900958466453,15274,16,170,143,1,['HAPLN2'],"['CBR1', 'HAPLN2', 'LARP6', 'CYP27A1', 'PLLP', 'MEIS1', 'ZCCHC24', 'RASGRP3', 'ADIPOR2', 'NT5DC1']",0.9158773523542821,fold_11
4.1,cluster_id,Endo L2-6 NOSTRIN,9,0.7142857142857143,1.0,0.3333333333333333,15594,0,6,3,1,['COL1A2'],"['COL1A2', 'YBX3', 'PARP9', 'MBD6', 'SLC2A1', 'TIMP3', 'PLSCR4', 'ADIPOR2', 'ZCCHC24', 'DUT']",1.0,fold_11
4.1,cluster_id,Micro L1-6 TYROBP,63,0.8842443729903537,0.8870967741935484,0.873015873015873,15533,7,8,55,1,['CD74'],"['CD74', 'C1QC', 'ADAP2', 'RNF135', 'RASGEF1C', 'PRKCD', 'FGD4', 'TANC1']",1.0,fold_11
4.1,cluster_id,Inh L1-2 PAX6 CDH12,90,0.31512605042016806,0.40540540540540543,0.16666666666666666,15491,22,75,15,3,"['FOXO1', 'LDOC1', 'PNOC']","['FOXO1', 'LDOC1', 'SDC3', 'SMAD5', 'ANP32A', 'PNOC', 'SLC41A3']",0.03459816512641474,fold_12
4.1,cluster_id,Inh L1-2 PAX6 TNFAIP8L3,16,0.25,1.0,0.0625,15587,0,15,1,4,"['VAMP3', 'SMIM12', 'CHRDL1', 'MAP3K1']","['VAMP3', 'SMIM12', 'CHRDL1', 'TRIM4', 'MAP3K1', 'KCNC4', 'SMAD5', 'CNN3', 'VAV3', 'PMEPA1']",0.16849748684744592,fold_12
4.1,cluster_id,Inh L1 LAMP5 NMBR,283,0.31479967293540473,0.3276595744680851,0.27208480565371024,15162,158,206,77,2,"['PMEPA1', 'PNOC']","['PMEPA1', 'SLITRK5', 'TMBIM4', 'PNOC', 'RNF103']",0.05754325655826997,fold_12
4.1,cluster_id,Inh L1-4 LAMP5 LCP2,356,0.5125523012552301,0.6533333333333333,0.2752808988764045,15195,52,258,98,2,"['PMEPA1', 'DOK5']","['CHRDL1', 'PMEPA1', 'MMD2', 'DOK5']",0.18034585389223162,fold_12
4.1,cluster_id,Inh L1-2 LAMP5 DBP,21,0.2222222222222222,0.3333333333333333,0.09523809523809523,15578,4,19,2,3,"['PMEPA1', 'SRD5A3', 'MMD2']","['PMEPA1', 'STAT1', 'C1QBP', 'APH1B', 'SRD5A3', 'MMD2', 'STX5', 'ANKRD13B', 'TMBIM4', 'DOK5']",0.16411193941932248,fold_12
4.1,cluster_id,Inh L2-6 LAMP5 CA1,256,0.7182320441988951,0.8888888888888888,0.40625,15334,13,152,104,2,"['CHRDL1', 'ADGRG6']","['CHRDL1', 'ADGRG6', 'VAV3', 'MAP3K1', 'PMEPA1', 'ETS1', 'FOXO1', 'PCCB', 'SRD5A3', 'LEMD2']",0.43264291003913824,fold_12
4.1,cluster_id,Inh L1 SST CHRNA4,52,0.2734375,0.3684210526315789,0.1346153846153846,15539,12,45,7,3,"['CHRNA6', 'FOXO1', 'YBX1']","['CHRNA6', 'FOXO1', 'YBX1', 'LRRN3', 'HEATR4']",0.04602942058907532,fold_12
4.1,cluster_id,Inh L1-2 ADARB2 MC4R,107,0.3832752613240418,0.4888888888888889,0.205607476635514,15473,23,85,22,2,"['FOXO1', 'LRRN3']","['CHRNA6', 'FOXO1', 'LRRN3', 'PXDNL', 'ELOVL2', 'ARHGAP28', 'PNOC']",0.1458835403970313,fold_12
4.1,cluster_id,Inh L1-2 SST BAGE2,108,0.06996268656716417,0.06224066390041494,0.1388888888888889,15269,226,93,15,1,['LRRN3'],['LRRN3'],0.049472962062551765,fold_12
4.1,cluster_id,Inh L1-3 VIP SYT6,29,0.37735849056603776,0.6666666666666666,0.13793103448275862,15572,2,25,4,5,"['YBX1', 'COPS3', 'CNTFR', 'NPL', 'CNOT3']","['YBX1', 'COPS3', 'CNTFR', 'NPL', 'CNOT3', 'ELOVL2', 'BEND7', 'IPMK', 'ASRGL1', 'MSMO1']",0.41269022761875684,fold_12
4.1,cluster_id,Inh L1-2 VIP TSPAN12,42,0.30303030303030304,0.6666666666666666,0.09523809523809523,15559,2,38,4,3,"['ELOVL2', 'AMPD2', 'CHRNA6']","['GSTP1', 'ELOVL2', 'NPL', 'AMPD2', 'CHRNA6', 'BNIP2', 'PNOC', 'ARHGAP28']",0.12698778372254219,fold_12
4.1,cluster_id,Inh L1-4 VIP CHRNA6,25,0.24752475247524752,0.2631578947368421,0.2,15564,14,20,5,1,['CHRNA6'],"['CHRNA6', 'KHK', 'MAP3K1', 'WNT10B', 'PNOC', 'CLCN6', 'COPB2', 'ASRGL1', 'ARHGAP28']",0.8085441496447929,fold_12
4.1,cluster_id,Inh L1-3 VIP ADAMTSL1,72,0.1388888888888889,0.3333333333333333,0.041666666666666664,15525,6,69,3,3,"['ARHGAP28', 'RNF103', 'POMT2']","['MARCKSL1', 'ARHGAP28', 'RNF103', 'POMT2']",0.07092128963651824,fold_12
4.1,cluster_id,Inh L1-4 VIP PENK,17,0.23809523809523808,1.0,0.058823529411764705,15586,0,16,1,3,"['SLITRK5', 'SHISA5', 'ELOVL2']","['SLITRK5', 'OCM', 'SHISA5', 'GNB2', 'ELOVL2', 'CMPK1', 'ASRGL1', 'CHKB', 'SDC3', 'CCP110']",0.27613468261157376,fold_12
4.1,cluster_id,Inh L2-6 VIP QPCT,37,0.18867924528301888,0.5,0.05405405405405406,15564,2,35,2,3,"['MRPL18', 'BEND7', 'NPL']","['MARCKSL1', 'MRPL18', 'BEND7', 'NPL', 'SMIM12', 'AMPD2', 'EEF1G', 'DOK5', 'DNAJA1', 'CLNS1A']",0.012168592506040818,fold_12
4.1,cluster_id,Inh L3-6 VIP HS3ST3A1,80,0.08522727272727272,0.125,0.0375,15502,21,77,3,3,"['SMIM12', 'NPL', 'HEATR4']","['SMIM12', 'NPL', 'HEATR4', 'ZNF439']",0.041454188919906404,fold_12
4.1,cluster_id,Inh L1-2 VIP PCDH20,61,0.3167420814479638,0.35,0.22950819672131148,15516,26,47,14,2,"['CHRNA6', 'CMTM8']","['LDOC1', 'CHRNA6', 'TMBIM4', 'CMTM8', 'AMPD2']",0.03685301342062974,fold_12
4.1,cluster_id,Inh L2-5 VIP SERPINF1,55,0.22900763358778625,0.3157894736842105,0.10909090909090909,15535,13,49,6,2,"['CMTM8', 'PNOC']","['TMEM127', 'CMTM8', 'RARB', 'PNOC', 'ARHGAP28', 'FOXO1']",0.07107396228776891,fold_12
4.1,cluster_id,Inh L2-5 VIP TYR,62,0.37735849056603776,0.7272727272727273,0.12903225806451613,15538,3,54,8,3,"['FOXO1', 'CMTM8', 'TMBIM4']","['LDOC1', 'FOXO1', 'CMTM8', 'TMBIM4', 'HEATR4']",0.13437431564883148,fold_12
4.1,cluster_id,Inh L1-3 VIP CHRM2,175,0.26165556612749763,0.2511415525114155,0.3142857142857143,15264,164,120,55,2,"['PLCE1', 'RARB']","['PLCE1', 'AMPD2', 'RARB']",0.07029731145671804,fold_12
4.1,cluster_id,Inh L2-4 VIP CBLN1,67,0.24475524475524477,0.3684210526315789,0.1044776119402985,15524,12,60,7,3,"['PLCE1', 'RARB', 'MAP3K1']","['PLCE1', 'ARHGAP28', 'RARB', 'AMPD2', 'MAP3K1']",0.0686988911038519,fold_12
4.1,cluster_id,Inh L1-3 VIP CCDC184,64,0.3125,0.39285714285714285,0.171875,15522,17,53,11,3,"['ARHGAP28', 'PLCE1', 'RNF220']","['SMC2', 'ARHGAP28', 'AMPD2', 'PLCE1', 'RNF220', 'CUEDC2', 'RARB', 'RNF103', 'EEF1G', 'MAGED2']",0.07236320399580023,fold_12
4.1,cluster_id,Inh L1-3 VIP GGH,68,0.20569620253164558,0.20967741935483872,0.19117647058823528,15486,49,55,13,2,"['MARCKSL1', 'PLCE1']","['MARCKSL1', 'PLCE1', 'LRRN3']",0.07010766728517441,fold_12
4.1,cluster_id,Inh L1-2 VIP LBH,47,0.15789473684210525,0.25,0.06382978723404255,15547,9,44,3,3,"['CHRNA6', 'APH1B', 'MAGED2']","['SMAD5', 'YBX1', 'CHRNA6', 'APH1B', 'MAGED2', 'ENDOD1', 'NAP1L2', 'DNAJA1', 'PDZD9', 'FAM98B']",0.03767130945230171,fold_12
4.1,cluster_id,Inh L2-3 VIP CASC6,45,0.410958904109589,0.8571428571428571,0.13333333333333333,15557,1,39,6,3,"['ADRA2A', 'PXDNL', 'CHRNA6']","['ADRA2A', 'CNTFR', 'SMC2', 'PXDNL', 'CHRNA6', 'SMC1A', 'POMT2', 'ARHGAP28', 'AMPD2', 'ASRGL1']",0.1720313675668802,fold_12
4.1,cluster_id,Inh L2-4 VIP SPAG17,33,0.24390243902439024,1.0,0.06060606060606061,15570,0,31,2,2,"['PLCE1', 'ENDOD1']","['NDUFS8', 'ARHGAP28', 'PLCE1', 'ENDOD1', 'DGAT1', 'MAP3K1', 'APH1B', 'AMPD2']",0.04276176280172712,fold_12
4.1,cluster_id,Inh L1-4 VIP OPRM1,52,0.2564102564102564,0.3076923076923077,0.15384615384615385,15533,18,44,8,1,['PLCE1'],"['PLCE1', 'AMPD2']",0.103878813106794,fold_12
4.1,cluster_id,Inh L3-6 SST NPY,15,0.9859154929577465,1.0,0.9333333333333333,15588,0,1,14,1,['NPY'],"['NSUN7', 'BEND7', 'NPY', 'VRK2', 'SLC16A1', 'LDLR', 'ADGRG6', 'ZNF439', 'PGD', 'CMTM8']",0.815220367010937,fold_12
4.1,cluster_id,Inh L3-6 SST HPGD,60,0.3125,0.36363636363636365,0.2,15522,21,48,12,3,"['AGMO', 'PRKCQ', 'CUX2']","['AGMO', 'PRKCQ', 'ENDOD1', 'UTP18', 'STARD10', 'CUX2', 'LRRN2', 'CNN3', 'SRD5A3', 'SDC3']",0.212258700475301,fold_12
4.1,cluster_id,Inh L4-6 SST B3GAT2,182,0.3514056224899598,0.4430379746835443,0.19230769230769232,15377,44,147,35,2,"['FGF1', 'PNOC']","['FGF1', 'PNOC']",0.07137521626737606,fold_12
4.1,cluster_id,Inh L5-6 SST KLHDC8A,63,0.4198473282442748,0.6470588235294118,0.1746031746031746,15534,6,52,11,3,"['NPY', 'WNT10B', 'ZNF823']","['NPY', 'ERBB3', 'MTIF2', 'WNT10B', 'ZNF823', 'TRIM4', 'CMTM8', 'STK40', 'FGF1', 'SH3RF1']",0.13674268825882055,fold_12
4.1,cluster_id,Inh L5-6 SST NPM1P10,79,0.16556291390728478,0.2777777777777778,0.06329113924050633,15511,13,74,5,4,"['PMEPA1', 'FGF1', 'EEF1G', 'MAGED2']","['SMC2', 'CUEDC2', 'PMEPA1', 'FGF1', 'EEF1G', 'MAGED2', 'LEMD2', 'SDC3', 'KCNA3', 'APH1B']",0.051559464193757995,fold_12
4.1,cluster_id,Inh L4-6 SST GXYLT2,41,0.15555555555555556,0.15217391304347827,0.17073170731707318,15523,39,34,7,3,"['SMC2', 'SMIM12', 'NIPSNAP3A']","['SMC2', 'MRPL18', 'SMIM12', 'SDC3', 'SLITRK5', 'NIPSNAP3A', 'SRD5A3', 'POMT2', 'MMD2', 'PRKCG']",0.08367597635907305,fold_12
4.1,cluster_id,Inh L4-5 SST STK32A,93,0.37549407114624506,0.475,0.20430107526881722,15489,21,74,19,3,"['ADGRG6', 'FGF1', 'PNOC']","['ADRA2A', 'ADGRG6', 'ETS1', 'SMC2', 'FGF1', 'PNOC']",0.06328403483019497,fold_12
4.1,cluster_id,Inh L1-3 SST CALB1,279,0.5651672433679354,0.6666666666666666,0.35125448028673834,15275,49,181,98,2,"['CMTM8', 'CUX2']","['ATP6V0A4', 'PRKCQ', 'ZNF823', 'CMTM8', 'CUX2', 'SPI1']",0.11321608790548102,fold_12
4.1,cluster_id,Inh L3-5 SST ADGRG6,132,0.4430379746835443,0.6086956521739131,0.21212121212121213,15453,18,104,28,3,"['ADGRG6', 'FGF1', 'CMTM8']","['ADGRG6', 'FGF1', 'CMTM8', 'MMP17', 'APH1B']",0.08769884571459621,fold_12
4.1,cluster_id,Inh L2-4 SST FRZB,64,0.125,0.16666666666666666,0.0625,15519,20,60,4,5,"['ETS1', 'ZNF823', 'CMTM8', 'TMEM127', 'CUX2']","['PGD', 'ETS1', 'ZNF823', 'CMTM8', 'TMEM127', 'CUX2']",0.04905353708739743,fold_12
4.1,cluster_id,Inh L5-6 SST TH,27,0.3191489361702128,0.6,0.1111111111111111,15574,2,24,3,3,"['ERBB3', 'SPI1', 'SHISA5']","['ERBB3', 'EHD3', 'SPI1', 'ENDOD1', 'SHISA5', 'HPS1', 'NAP1L2', 'SH3RF1', 'ZNF823', 'AMPD2']",0.16348786793083284,fold_12
4.1,cluster_id,Inh L5-6 LHX6 GLP1R,27,0.5494505494505495,0.625,0.37037037037037035,15570,6,17,10,2,"['GLP1R', 'EHD3']","['GLP1R', 'PAK4', 'BEND7', 'LTA4H', 'EHD3', 'STARD10', 'PLCE1', 'ZNF785', 'AMPD2', 'VAV3']",0.5433891712630687,fold_12
4.1,cluster_id,Inh L5-6 PVALB LGR5,52,0.2840909090909091,0.5555555555555556,0.09615384615384616,15547,4,47,5,2,"['PLCE1', 'VAV3']","['CKMT2', 'BEND7', 'MTIF2', 'PLCE1', 'ZNF823', 'VAV3', 'BNIP2', 'CFAP52', 'ANKRD18B', 'RIMKLA']",0.08662717539437192,fold_12
4.1,cluster_id,Inh L4-5 PVALB MEPE,64,0.40441176470588236,0.6111111111111112,0.171875,15532,7,53,11,4,"['ETS1', 'ENDOD1', 'PLCE1', 'PXDNL']","['ETS1', 'ENDOD1', 'APH1B', 'MRPL4', 'PLCE1', 'PXDNL', 'VAV3', 'RIMKLA', 'CUX2', 'ANKRD42']",0.1357169120282742,fold_12
4.1,cluster_id,Inh L2-4 PVALB WFDC2,387,0.3261840929401251,0.3989071038251366,0.18863049095607234,15106,110,314,73,2,"['PXDNL', 'CUX2']","['ETS1', 'SPI1', 'PXDNL', 'SMC2', 'CUX2', 'PCCB', 'HPS1', 'EIF4EBP2', 'PLCE1', 'CUEDC2']",0.09668983695353989,fold_12
4.1,cluster_id,Inh L4-6 PVALB SULF1,167,0.19640852974186307,0.19337016574585636,0.20958083832335328,15290,146,132,35,3,"['ETS1', 'PLCE1', 'CMTM8']","['ETS1', 'PXDNL', 'PLCE1', 'CMTM8']",0.03847053562189759,fold_12
4.1,cluster_id,Inh L5-6 SST MIR548F2,80,0.22321428571428573,0.625,0.0625,15520,3,75,5,4,"['MTIF2', 'BEND7', 'VAV3', 'ENDOD1']","['TUFT1', 'MTIF2', 'BEND7', 'VAV3', 'ZNF264', 'ENDOD1', 'TTBK1', 'EIF4EBP2', 'SPI1', 'PLCE1']",0.08966706357466085,fold_12
4.1,cluster_id,Inh L2-5 PVALB SCUBE3,32,0.1388888888888889,1.0,0.03125,15571,0,31,1,1,['DOK5'],"['HPS1', 'DPM3', 'PPP1R9B', 'SLITRK5', 'SPI1', 'DOK5', 'LMAN2L', 'PMEPA1', 'EXTL2', 'GSTCD']",0.12957750532871895,fold_12
4.1,cluster_id,Exc L2 LAMP5 LTK,812,0.5197192513368984,0.5706422018348624,0.3830049261083744,14557,234,501,311,2,"['VRK2', 'CUX2']","['VRK2', 'CUX2', 'GRHL1', 'ANKRD18B', 'LAMB1', 'ELK4']",0.09669764975555001,fold_12
4.1,cluster_id,Exc L2-4 LINC00507 GLP2R,170,0.12745098039215685,0.15294117647058825,0.07647058823529412,15361,72,157,13,4,"['IFFO1', 'CUX2', 'ERCC1', 'ELK4']","['IFFO1', 'CUX2', 'PTPN14', 'LAMB1', 'ERCC1', 'ELK4', 'ANKRD18B', 'SLITRK5', 'C1orf115']",0.07402766246042844,fold_12
4.1,cluster_id,Exc L2-3 LINC00507 FREM3,2284,0.6313278816199377,0.6494742113169755,0.5678633975481612,12619,700,987,1297,2,"['WNT10B', 'CUX2']","['PLXND1', 'GRHL1', 'WNT10B', 'CFAP52', 'CUX2', 'ZNF439', 'ANKRD18B', 'C1orf115', 'PPP1R14C', 'PTPN14']",0.09904042214558084,fold_12
4.1,cluster_id,Exc L5-6 THEMIS C1QL3,1537,0.48449990251511016,0.5534521158129176,0.32335718932986335,13665,401,1040,497,3,"['PLA2G7', 'MMD', 'PPP1R14C']","['PLA2G7', 'SEMA7A', 'GRHL1', 'MMD', 'WNT10B', 'PPP1R14C', 'PTPN14', 'SLITRK5', 'CFAP52', 'KCTD17']",0.1359788350237463,fold_12
4.1,cluster_id,Exc L3-4 RORB CARM1P1,280,0.34375,0.38823529411764707,0.2357142857142857,15219,104,214,66,4,"['TMEM200A', 'CUX2', 'ANKRD18B', 'EXTL2']","['PLXND1', 'TMEM200A', 'STAB2', 'CUX2', 'ANKRD18B', 'EXTL2', 'LRRK1', 'ANKRD27', 'COL26A1', 'MRPL3']",0.10248913379823352,fold_12
4.1,cluster_id,Exc L3-5 RORB ESR1,1428,0.4982327351821642,0.49460188933873145,0.5133053221288515,13426,749,695,733,2,"['LRRK1', 'RARB']","['PLXND1', 'PTPN14', 'MTHFD2L', 'LRRK1', 'RARB', 'C1orf115', 'STAT6']",0.06457659882935997,fold_12
4.1,cluster_id,Exc L3-5 RORB COL22A1,160,0.33482142857142855,0.3515625,0.28125,15360,83,115,45,2,"['TWIST2', 'FOXO1']","['TWIST2', 'C1orf115', 'PTPN14', 'FOXO1', 'CFAP52', 'LRRK1', 'ANKRD18B', 'SYT5', 'MMP17']",0.0957149247574071,fold_12
4.1,cluster_id,Exc L3-5 RORB FILIP1L,153,0.08175779253960143,0.07095343680709534,0.20915032679738563,15031,419,121,32,5,"['PLXND1', 'C1orf115', 'CUX2', 'LRRK1', 'PTPN14']","['PLXND1', 'C1orf115', 'CUX2', 'LRRK1', 'CFAP52', 'PTPN14', 'PPP1R14C', 'ANKRD18B', 'ANKRD27', 'EXTL2']",0.10045038362859059,fold_12
4.1,cluster_id,Exc L3-5 RORB TWIST2,93,0.18134715025906736,0.28,0.07526881720430108,15492,18,86,7,3,"['TWIST2', 'CUX2', 'MTBP']","['TWIST2', 'C1orf115', 'PTPN14', 'LRRK1', 'CUX2', 'MTBP', 'TMEM8B', 'MTHFD2L', 'RARB']",0.0564234073680988,fold_12
4.1,cluster_id,Exc L4-5 RORB FOLH1B,870,0.35694210230466555,0.37797619047619047,0.29195402298850576,14315,418,616,254,4,"['NME2', 'PTPN14', 'STAT6', 'LRRK1']","['M1AP', 'KCTD9', 'NME2', 'PTPN14', 'STAT6', 'LRRK1', 'LDLR', 'ANKRD18B', 'SH3RF1', 'NIPSNAP3A']",0.1122479685019637,fold_12
4.1,cluster_id,Exc L4-6 RORB SEMA3E,777,0.30283080974325216,0.2920634920634921,0.3552123552123552,14157,669,501,276,2,"['LRRK1', 'MMP17']","['LRRK1', 'PTPN14', 'MMD', 'ADORA1', 'EHD3', 'MMP17', 'MTBP', 'RPS17', 'NAP1L2']",0.08380893539817069,fold_12
4.1,cluster_id,Exc L4-5 RORB DAPK2,173,0.17013232514177692,0.20224719101123595,0.10404624277456648,15359,71,155,18,2,"['PIDD1', 'LRRK1']","['PIDD1', 'LRRK1', 'KCNC4', 'GSTCD', 'PTPN14', 'ADORA1']",0.11358245241814749,fold_12
4.1,cluster_id,Exc L5-6 RORB TTC12,167,0.18741633199464525,0.19310344827586207,0.16766467065868262,15319,117,139,28,4,"['TLE3', 'PLA2G7', 'PLXND1', 'MMD']","['TLE3', 'PLA2G7', 'M1AP', 'PLXND1', 'MMD', 'CNN3', 'PRKCQ', 'VAV3', 'CFAP52', 'IFFO1']",0.5458185608392464,fold_12
4.1,cluster_id,Exc L4-6 RORB C1R,160,0.21484375,0.4583333333333333,0.06875,15430,13,149,11,3,"['DRC1', 'VAV3', 'MMD']","['DRC1', 'TWIST2', 'PLXND1', 'VAV3', 'STAT6', 'MMD', 'LRRK1', 'PPP1R14C', 'MMP17', 'MTBP']",0.05028951578279199,fold_12
4.1,cluster_id,Exc L4-5 FEZF2 SCN4B,25,0.136986301369863,0.16666666666666666,0.08,15568,10,23,2,5,"['DNPEP', 'EXOC3', 'PCYOX1L', 'TNXB', 'IQCH']","['DNPEP', 'RBM14-RBM4', 'EXOC3', 'PCYOX1L', 'TNXB', 'IQCH', 'CDC34', 'RIMKLA', 'STAT6', 'TRAF6']",0.8314000846298724,fold_12
4.1,cluster_id,Exc L5-6 THEMIS DCSTAMP,53,0.17777777777777778,0.18604651162790697,0.1509433962264151,15515,35,45,8,5,"['TMEM200A', 'RHEBL1', 'WNT10B', 'ANKRD13B', 'PPP1R14C']","['TMEM200A', 'RHEBL1', 'WNT10B', 'NME2', 'ANKRD13B', 'PPP1R14C', 'C1orf115', 'TRAF6', 'ELOVL2', 'ANKRD27']",0.3503206619186656,fold_12
4.1,cluster_id,Exc L5-6 THEMIS CRABP1,147,0.43478260869565216,0.6842105263157895,0.17687074829931973,15444,12,121,26,4,"['ITPKB', 'NME2', 'EEF1G', 'MMD']","['ITPKB', 'NME2', 'EEF1G', 'C1orf115', 'MTBP', 'MMD', 'KCTD17', 'RPS17', 'ANKRD13B', 'PPP1R14C']",0.1683486956185943,fold_12
4.1,cluster_id,Exc L5-6 THEMIS FGF10,78,0.14018691588785046,0.17647058823529413,0.07692307692307693,15497,28,72,6,5,"['GRHL1', 'RHEBL1', 'WNT10B', 'CNN3', 'STAT6']","['GRHL1', 'RHEBL1', 'ELK4', 'WNT10B', 'CNN3', 'STAT6', 'SLC16A1', 'NME2', 'TRAF6', 'ANKRD27']",0.20473325913279453,fold_12
4.1,cluster_id,Exc L4-6 FEZF2 IL26,344,0.437192118226601,0.6068376068376068,0.2063953488372093,15213,46,273,71,3,"['CCDC88B', 'ADORA1', 'MMD2']","['CCDC88B', 'TMEM200A', 'RAPGEF3', 'ADORA1', 'SPI1', 'MMD2', 'ASRGL1', 'C1orf115', 'AP4B1', 'TMEM8B']",0.1284418984239139,fold_12
4.1,cluster_id,Exc L5-6 FEZF2 ABO,373,0.24413145539906103,0.30057803468208094,0.13941018766756033,15109,121,321,52,4,"['MMD', 'CX3CL1', 'SLC16A1', 'SPI1']","['SEMA7A', 'MMD', 'ADORA1', 'CX3CL1', 'SLC16A1', 'SPI1', 'SH3RF1', 'ANKRD18B', 'SDC3', 'MTBP']",0.08144961899315815,fold_12
4.1,cluster_id,Exc L6 FEZF2 SCUBE1,52,0.5514705882352942,0.7142857142857143,0.28846153846153844,15545,6,37,15,3,"['ADRA2A', 'ADGRG6', 'RNF220']","['PLCZ1', 'ADRA2A', 'ADGRG6', 'STAB2', 'CAPNS1', 'RNF220', 'EHD3', 'SDC3', 'CX3CL1', 'ADORA1']",0.10879974526978178,fold_12
4.1,cluster_id,Exc L5-6 FEZF2 IL15,56,0.3177966101694915,0.3333333333333333,0.26785714285714285,15517,30,41,15,3,"['RNF220', 'SLC16A1', 'ZNF439']","['RNF220', 'STAB2', 'LMAN2L', 'SLC16A1', 'TYW5', 'ZNF439', 'WNT10B', 'SMURF2', 'PSMD12', 'SLC41A3']",0.09703918643329723,fold_12
4.1,cluster_id,Exc L6 FEZF2 OR2T8,19,0.23255813953488372,0.3333333333333333,0.10526315789473684,15580,4,17,2,4,"['SNX18', 'VAMP3', 'SEMA7A', 'RHEBL1']","['KIF12', 'SNX18', 'VAMP3', 'SEMA7A', 'ADRA2A', 'RHEBL1', 'PAK4', 'PCCB', 'ADORA1', 'SLITRK5']",0.9317653197900908,fold_12
4.1,cluster_id,Exc L5-6 FEZF2 EFTUD1P1,314,0.24771838331160365,0.24918032786885247,0.24203821656050956,15060,229,238,76,4,"['TYW5', 'CNN3', 'SLITRK5', 'PMEPA1']","['STAB2', 'TYW5', 'CNN3', 'SLITRK5', 'PMEPA1', 'SLC16A1', 'KCTD17', 'PPP1R14C', 'CX3CL1', 'ANKRD27']",0.1021087182796779,fold_12
4.1,cluster_id,OPC L1-6 PDGFRA,238,0.5051150895140665,0.5808823529411765,0.3319327731092437,15308,57,159,79,2,"['MMD2', 'PLCE1']","['MAP3K1', 'SDC3', 'MMD2', 'PLCE1']",0.10783035831703017,fold_12
4.1,cluster_id,Astro L1-6 FGFR3 SLC14A1,230,0.6962864721485411,0.8015267175572519,0.45652173913043476,15347,26,125,105,2,"['ITPKB', 'EMX2']","['GJB6', 'RAPGEF3', 'ITPKB', 'EMX2', 'PRKCQ', 'ELOVL2', 'NPL', 'NWD1', 'MMD2', 'FOXO1']",0.5595065484253681,fold_12
4.1,cluster_id,Astro L1-2 FGFR3 GFAP,61,0.32432432432432434,0.3870967741935484,0.19672131147540983,15523,19,49,12,3,"['EMX2', 'NWD1', 'NPL']","['TTC23', 'EMX2', 'RAPGEF3', 'ITPKB', 'NWD1', 'NPL', 'MMD2', 'FOXO1', 'CNN3', 'PRKCQ']",0.4407812863010699,fold_12
4.1,cluster_id,Oligo L1-6 OPALIN,313,0.9093851132686084,0.9123376623376623,0.8977635782747604,15263,27,32,281,1,['RNF220'],"['TSPAN15', 'ERBB3', 'MARCKSL1', 'LRP2', 'VRK2', 'RNF220', 'RAPGEF3', 'TMEM165', 'CCP110', 'ENDOD1']",0.33122646445687054,fold_12
4.1,cluster_id,Endo L2-6 NOSTRIN,9,0.38461538461538464,1.0,0.1111111111111111,15594,0,8,1,1,['ETS1'],"['TNFRSF1A', 'YBX3', 'ETS1', 'RNF220', 'STAB2', 'CNN3', 'EIF4EBP2', 'SNX29', 'IQCH', 'TMEM127']",0.07522859207799837,fold_12
4.1,cluster_id,Micro L1-6 TYROBP,63,0.9109311740890689,0.9782608695652174,0.7142857142857143,15539,1,18,45,1,['CSF1R'],"['CSF1R', 'C1QA', 'RGS10', 'CLEC7A', 'IL18', 'ITPKB', 'NPL', 'VRK2', 'LRRK1', 'SPI1']",1.0,fold_12
4.1,cluster_id,Inh L1-2 PAX6 CDH12,90,0.29914529914529914,0.3888888888888889,0.15555555555555556,15491,22,76,14,2,"['SPATA13', 'UBE2QL1']","['ASCL1', 'CLGN', 'MMP28', 'SPATA13', 'TMEM123', 'UBE2QL1', 'UBE2Q2', 'BCL9', 'B3GAT2', 'DAD1']",0.10449376964654383,fold_13
4.1,cluster_id,Inh L1-2 PAX6 TNFAIP8L3,16,0.46875,0.75,0.1875,15586,1,13,3,3,"['TNFAIP8L3', 'DNAH11', 'MKRN1']","['TNFAIP8L3', 'HAUS2', 'TMEM123', 'SP9', 'DNAH11', 'MKRN1', 'AKTIP', 'NCAPH2', 'SPATA13', 'SMPD3']",0.2294898864866457,fold_13
4.1,cluster_id,Inh L1 LAMP5 NMBR,283,0.17695473251028807,0.18454935622317598,0.1519434628975265,15130,190,240,43,2,"['MMP28', 'FRMPD1']","['MMP28', 'FRMPD1', 'HLA-B']",0.022734328256344527,fold_13
4.1,cluster_id,Inh L1-4 LAMP5 LCP2,356,0.2922661870503597,0.3439153439153439,0.18258426966292135,15123,124,291,65,2,"['ASCL1', 'FRMPD1']","['ASCL1', 'ADAMTS20', 'FRMPD1', 'CRYAB', 'MCF2', 'ZNF770', 'UNC13C', 'KCNH5', 'B3GAT2']",0.16157017879826469,fold_13
4.1,cluster_id,Inh L1-2 LAMP5 DBP,21,0.2,1.0,0.047619047619047616,15582,0,20,1,2,"['MYPOP', 'ADAMTS20']","['MYPOP', 'ADAMTS20', 'FRMPD1', 'UBXN6', 'ART3', 'TXNDC15', 'CHRM1', 'KCNH5', 'CSE1L', 'NAP1L5']",0.4612611991663239,fold_13
4.1,cluster_id,Inh L2-6 LAMP5 CA1,256,0.30732044198895025,0.2986577181208054,0.34765625,15138,209,167,89,3,"['FRMPD1', 'KCNH5', 'UNC13C']","['TSPAN14', 'FRMPD1', 'MCF2', 'KCNH5', 'ZNF770', 'UNC13C', 'MTERF2']",0.04863521705296051,fold_13
4.1,cluster_id,Inh L1 SST CHRNA4,52,0.17857142857142858,0.26666666666666666,0.07692307692307693,15540,11,48,4,3,"['BCL9', 'NCAPH2', 'RGS16']","['HLA-B', 'BCL9', 'LRRN3', 'CHST8', 'NCAPH2', 'RGS16', 'CREG1', 'UNK']",0.03991520821650219,fold_13
4.1,cluster_id,Inh L1-2 ADARB2 MC4R,107,0.2631578947368421,0.3148148148148148,0.1588785046728972,15459,37,90,17,2,"['CRYAB', 'HLA-B']","['CRYAB', 'HLA-B', 'LRRN3', 'PXDNL', 'CHST15']",0.15414089515382987,fold_13
4.1,cluster_id,Inh L1-2 SST BAGE2,108,0.1636904761904762,0.19298245614035087,0.10185185185185185,15449,46,97,11,2,"['LRRN3', 'PDE3A']","['LRRN3', 'PDE3A']",0.04170180411152086,fold_13
4.1,cluster_id,Inh L1-3 VIP SYT6,29,0.4444444444444444,1.0,0.13793103448275862,15574,0,25,4,3,"['PYGO1', 'MMAB', 'NPL']","['ARSF', 'PYGO1', 'MMAB', 'DHRSX', 'NPL', 'PUS1', 'KCNQ1', 'CHRM1', 'POLE4', 'PDE3A']",0.4383193781223094,fold_13
4.1,cluster_id,Inh L1-2 VIP TSPAN12,42,0.30303030303030304,0.6666666666666666,0.09523809523809523,15559,2,38,4,3,"['TSPAN12', 'CRYAB', 'RGS16']","['TSPAN12', 'CRYAB', 'NPL', 'AKTIP', 'RGS16', 'C1orf122', 'PDE3A', 'HLA-B', 'CHST15', 'DTX1']",0.04927009103350928,fold_13
4.1,cluster_id,Inh L1-4 VIP CHRNA6,25,0.1724137931034483,1.0,0.04,15578,0,24,1,2,"['TXNDC15', 'COPB2']","['CLGN', 'CHRM1', 'TXNDC15', 'COPB2', 'NBPF19', 'RNF217', 'KBTBD12', 'UBE2QL1']",0.061688987234951795,fold_13
4.1,cluster_id,Inh L1-3 VIP ADAMTSL1,72,0.15625,0.18421052631578946,0.09722222222222222,15500,31,65,7,3,"['IGSF3', 'FRMPD1', 'CHST15']","['ARSF', 'IGSF3', 'BCL9', 'FRMPD1', 'CHST15', 'TSPAN14', 'LRRN3']",0.05958320087736048,fold_13
4.1,cluster_id,Inh L1-4 VIP PENK,17,0.45454545454545453,0.75,0.17647058823529413,15585,1,14,3,3,"['DNAH11', 'MMP28', 'RGS16']","['DNAH11', 'ARSF', 'DHRSX', 'MMP28', 'PIGX', 'RGS16', 'VHL', 'HLA-B', 'LTBP4', 'CREG1']",0.017833160350707318,fold_13
4.1,cluster_id,Inh L2-6 VIP QPCT,37,0.4098360655737705,0.8333333333333334,0.13513513513513514,15565,1,32,5,3,"['MMAB', 'RGS16', 'PDE3A']","['MMAB', 'RGS16', 'NPL', 'TMEM144', 'PDE3A', 'DTX1', 'ZNF770', 'C1orf122', 'SPATA13', 'MCOLN1']",0.22796769887407012,fold_13
4.1,cluster_id,Inh L3-6 VIP HS3ST3A1,80,0.29017857142857145,0.3611111111111111,0.1625,15500,23,67,13,3,"['PHKA1', 'PDE3A', 'RGS16']","['ARSF', 'NPL', 'PHKA1', 'IGSF3', 'PDE3A', 'RGS16', 'CHST15', 'TMEM144', 'CFAP44', 'ITPR2']",0.003135440305470279,fold_13
4.1,cluster_id,Inh L1-2 VIP PCDH20,61,0.3821656050955414,0.5,0.19672131147540983,15530,12,49,12,3,"['RGS16', 'HLA-B', 'ITPR2']","['RGS16', 'HLA-B', 'ITPR2', 'PDE3A', 'NAP1L5', 'SMPD3']",0.07710051385666145,fold_13
4.1,cluster_id,Inh L2-5 VIP SERPINF1,55,0.28735632183908044,0.625,0.09090909090909091,15545,3,50,5,4,"['NFAM1', 'RGS16', 'SULT2B1', 'IGSF3']","['NFAM1', 'RGS16', 'SULT2B1', 'IGSF3', 'HLA-B', 'PDE3A']",0.07773488910000295,fold_13
4.1,cluster_id,Inh L2-5 VIP TYR,62,0.47619047619047616,0.75,0.1935483870967742,15537,4,50,12,2,"['KLHDC8A', 'RGS16']","['KLHDC8A', 'RGS16', 'CRYAB', 'IGSF3', 'HLA-B', 'MMADHC', 'FRMPD1', 'PDE3A', 'MYADM', 'CHST15']",0.23481572463524192,fold_13
4.1,cluster_id,Inh L1-3 VIP CHRM2,175,0.46349942062572425,0.46511627906976744,0.45714285714285713,15336,92,95,80,2,"['RGS16', 'PLCE1']","['RGS16', 'IGSF3', 'PLCE1', 'KCNQ1', 'BCL9', 'PDE3A']",0.12617664076524876,fold_13
4.1,cluster_id,Inh L2-4 VIP CBLN1,67,0.3710247349823322,0.3888888888888889,0.31343283582089554,15503,33,46,21,2,"['SCTR', 'RGS16']","['SCTR', 'RGS16', 'IGSF3', 'PLCE1', 'PDE3A']",0.3093141241755629,fold_13
4.1,cluster_id,Inh L1-3 VIP CCDC184,64,0.2564102564102564,0.34782608695652173,0.125,15524,15,56,8,3,"['TMEM51', 'IGSF3', 'PLCE1']","['TMEM51', 'MMP28', 'BCL9', 'IGSF3', 'DTX1', 'PLCE1', 'PLEKHA2', 'NBPF19', 'PDE3A', 'UNC13C']",0.10004321196459137,fold_13
4.1,cluster_id,Inh L1-3 VIP GGH,68,0.37790697674418605,0.5,0.19117647058823528,15522,13,55,13,3,"['SCTR', 'PLCE1', 'PDE3A']","['SCTR', 'IGSF3', 'PLCE1', 'PDE3A', 'RGS16', 'LRRN3', 'CFAP44', 'CHST15', 'FRMPD1']",0.09168683805524638,fold_13
4.1,cluster_id,Inh L1-2 VIP LBH,47,0.23809523809523808,0.75,0.06382978723404255,15555,1,44,3,3,"['MMP28', 'LSG1', 'DAD1']","['MMP28', 'LSG1', 'ARSF', 'DAD1', 'BCL9', 'KCNQ1', 'NAP1L5', 'HINT3', 'PDE3A', 'CSE1L']",0.19440432926743662,fold_13
4.1,cluster_id,Inh L2-3 VIP CASC6,45,0.21739130434782608,0.5,0.06666666666666667,15555,3,42,3,3,"['MPG', 'ARL1', 'PXDNL']","['TNS1', 'MPG', 'ARL1', 'PXDNL', 'TAF7', 'RACGAP1', 'MMP28', 'KCNQ1', 'NAP1L5', 'NBPF19']",0.1720313675668802,fold_13
4.1,cluster_id,Inh L2-4 VIP SPAG17,33,0.18867924528301888,0.4,0.06060606060606061,15567,3,31,2,1,['PLCE1'],"['PLCE1', 'FAM118A', 'DAD1']",0.07720611026846456,fold_13
4.1,cluster_id,Inh L1-4 VIP OPRM1,52,0.2564102564102564,0.3076923076923077,0.15384615384615385,15533,18,44,8,1,['PLCE1'],"['TMEM51', 'ARSF', 'MMAB', 'PLCE1', 'SULT2B1', 'RGS16', 'PDE3A', 'UNK', 'TXNDC15']",0.103878813106794,fold_13
4.1,cluster_id,Inh L3-6 SST NPY,15,0.2631578947368421,1.0,0.06666666666666667,15588,0,14,1,4,"['RNF113A', 'PABPC1L', 'ENTPD1', 'MBOAT4']","['RNF113A', 'PABPC1L', 'HMCES', 'ENTPD1', 'MBOAT4', 'LRRC36', 'AHR', 'KLHDC8A', 'HLA-B', 'SPATA13']",0.6085436866804005,fold_13
4.1,cluster_id,Inh L3-6 SST HPGD,60,0.44642857142857145,0.7692307692307693,0.16666666666666666,15540,3,50,10,2,"['HPGD', 'TMEM123']","['HPGD', 'TMEM123', 'NCK1', 'HINT3', 'AHR', 'NDUFAB1', 'NBPF19', 'NAP1L5', 'MYADM', 'LHFPL2']",0.6580219722265549,fold_13
4.1,cluster_id,Inh L4-6 SST B3GAT2,182,0.242914979757085,0.3076923076923077,0.13186813186813187,15367,54,158,24,2,"['B3GAT2', 'IGSF3']","['B3GAT2', 'IGSF3']",0.07740130723149119,fold_13
4.1,cluster_id,Inh L5-6 SST KLHDC8A,63,0.3225806451612903,0.43478260869565216,0.15873015873015872,15527,13,53,10,3,"['KLHDC8A', 'LRRC36', 'WBP1L']","['ZNF282', 'KLHDC8A', 'LRRC36', 'NEURL4', 'WBP1L', 'BCL9', 'KCNQ1', 'DNAH11', 'RAB11FIP5', 'AHR']",0.2680091181767594,fold_13
4.1,cluster_id,Inh L5-6 SST NPM1P10,79,0.4093567251461988,0.6086956521739131,0.17721518987341772,15515,9,65,14,3,"['ADAMTS20', 'KLHDC8A', 'SPATA13']","['ADAMTS20', 'KLHDC8A', 'MMADHC', 'SPATA13', 'NCAPH2', 'MYADM', 'HINT3', 'KCNA3']",0.1482166841343396,fold_13
4.1,cluster_id,Inh L4-6 SST GXYLT2,41,0.30973451327433627,0.3888888888888889,0.17073170731707318,15551,11,34,7,3,"['DHRSX', 'ADAMTS20', 'SPATA13']","['DHRSX', 'ADAMTS20', 'ZNF182', 'SPATA13', 'LSM11', 'TTC23L', 'EIF3D', 'MYADM', 'F5', 'CLTB']",0.17504313276588254,fold_13
4.1,cluster_id,Inh L4-5 SST STK32A,93,0.14071294559099437,0.13636363636363635,0.16129032258064516,15415,95,78,15,1,['B3GAT2'],"['LRRC36', 'IGSF3', 'B3GAT2']",0.00414165207992672,fold_13
4.1,cluster_id,Inh L1-3 SST CALB1,279,0.2727272727272727,0.5,0.0967741935483871,15297,27,252,27,2,"['AHR', 'ITPR2']","['NCMAP', 'ITGAM', 'SULT2B1', 'AHR', 'ITPR2', 'DNAH11', 'TSPAN14', 'FRMPD1']",0.030329024019496005,fold_13
4.1,cluster_id,Inh L3-5 SST ADGRG6,132,0.1984126984126984,0.3333333333333333,0.07575757575757576,15451,20,122,10,2,"['AHR', 'PYGO1']","['AHR', 'SLC12A8', 'PYGO1']",0.1276812696052419,fold_13
4.1,cluster_id,Inh L2-4 SST FRZB,64,0.1271186440677966,0.13953488372093023,0.09375,15502,37,58,6,3,"['AHR', 'FRMPD1', 'SULT2B1']","['AHR', 'FRMPD1', 'SULT2B1', 'RACGAP1']",0.0705078162544567,fold_13
4.1,cluster_id,Inh L5-6 SST TH,27,0.29411764705882354,0.5,0.1111111111111111,15573,3,24,3,3,"['MED8', 'ARL1', 'PHKA1']","['MED8', 'ARL1', 'PHKA1', 'LRRC36', 'GPRIN1', 'DNAJB9', 'AIDA', 'KLHDC8A', 'MKRN1', 'SH3RF1']",0.3732852482742401,fold_13
4.1,cluster_id,Inh L5-6 LHX6 GLP1R,27,0.425531914893617,0.8,0.14814814814814814,15575,1,23,4,4,"['SP9', 'PHKA1', 'TMEM51', 'CLGN']","['SP9', 'PHKA1', 'TMEM51', 'CLGN', 'CTNNBIP1', 'KRR1', 'SULT2B1', 'AKTIP', 'MKRN1', 'TMEM144']",0.27116724250372926,fold_13
4.1,cluster_id,Inh L5-6 PVALB LGR5,52,0.2604166666666667,0.45454545454545453,0.09615384615384616,15545,6,47,5,4,"['PHKA1', 'PLCE1', 'RASGEF1C', 'ITPR2']","['PHKA1', 'PLCE1', 'TMEM144', 'RASGEF1C', 'RAB11FIP5', 'ITPR2', 'DEPDC5', 'PDGFC', 'KRR1', 'CAPS2']",0.029966934014323716,fold_13
4.1,cluster_id,Inh L4-5 PVALB MEPE,64,0.29411764705882354,0.4444444444444444,0.125,15529,10,56,8,4,"['TMEM51', 'F5', 'PHKA1', 'TM6SF1']","['RIPK2', 'TMEM51', 'F5', 'ADAMTS20', 'PHKA1', 'TM6SF1', 'PLCE1', 'PXDNL', 'PDGFC', 'RASGEF1C']",0.13639661657589097,fold_13
4.1,cluster_id,Inh L2-4 PVALB WFDC2,387,0.30583873957367935,0.3815028901734104,0.17054263565891473,15109,107,321,66,2,"['PXDNL', 'FRMPD1']","['ADAMTS20', 'PHKA1', 'PXDNL', 'FRMPD1', 'MTERF2', 'TM6SF1', 'ACO2', 'MMADHC', 'PLCE1', 'RAB11FIP5']",0.08468322453959752,fold_13
4.1,cluster_id,Inh L4-6 PVALB SULF1,167,0.22693997071742314,0.24031007751937986,0.18562874251497005,15338,98,136,31,3,"['FRMPD1', 'PLCE1', 'RASGEF1C']","['FRMPD1', 'PXDNL', 'PLCE1', 'RASGEF1C']",0.03651960852285397,fold_13
4.1,cluster_id,Inh L5-6 SST MIR548F2,80,0.24390243902439024,0.38095238095238093,0.1,15510,13,72,8,3,"['TTC23L', 'TMEM51', 'ADAMTS20']","['MYPOP', 'TTC23L', 'TMEM51', 'PYGO1', 'ADAMTS20', 'FRMPD1', 'ACO2', 'PHKA1', 'PLCE1', 'TM6SF1']",0.04305668035036955,fold_13
4.1,cluster_id,Inh L2-5 PVALB SCUBE3,32,0.47619047619047616,0.6153846153846154,0.25,15566,5,24,8,2,"['SP9', 'CDH6']","['FAM222A', 'SP9', 'ADHFE1', 'FRMPD1', 'LSM11', 'CDH6', 'NBPF19', 'RACGAP1', 'CHST8', 'B3GAT2']",0.08715725122679543,fold_13
4.1,cluster_id,Exc L2 LAMP5 LTK,812,0.36196911196911197,0.39198606271777003,0.2770935960591133,14442,349,587,225,1,['ART3'],"['ART3', 'DDRGK1', 'SLC12A8', 'PLEKHA2', 'E2F3', 'IFT122', 'MCOLN1', 'GLCE']",0.3577774862928307,fold_13
4.1,cluster_id,Exc L2-4 LINC00507 GLP2R,170,0.24285714285714285,0.37777777777777777,0.1,15405,28,153,17,2,"['GLP2R', 'ADRB1']","['GLP2R', 'MFGE8', 'ART3', 'ADRB1', 'PLEKHA2', 'CHST8', 'MCOLN1', 'DDRGK1', 'SLC12A8', 'C16orf87']",0.5597484738933636,fold_13
4.1,cluster_id,Exc L2-3 LINC00507 FREM3,2284,0.43617021276595747,0.4609331084879146,0.35901926444833626,12360,959,1464,820,3,"['ART3', 'RCOR1', 'E2F3']","['TIMP3', 'ADRB1', 'ART3', 'PLEKHA2', 'RCOR1', 'E2F3', 'AGRN', 'SLC12A8', 'NBPF19', 'DDRGK1']",0.0960465521820077,fold_13
4.1,cluster_id,Exc L5-6 THEMIS C1QL3,1537,0.6607369758576874,0.7331319234642497,0.47364996746909566,13801,265,809,728,2,"['TPO', 'THEMIS']","['RIPK2', 'TIMP3', 'TPO', 'PLEKHA2', 'THEMIS', 'ART3', 'MCOLN1', 'MFSD6', 'CHST8', 'AHR']",0.17154836795835954,fold_13
4.1,cluster_id,Exc L3-4 RORB CARM1P1,280,0.3775167785234899,0.569620253164557,0.16071428571428573,15289,34,235,45,4,"['ASCL1', 'NBPF19', 'F5', 'PLEKHA2']","['ASCL1', 'NBPF19', 'F5', 'PLEKHA2', 'LIPA', 'AGRN', 'RAB11FIP5', 'KCNH5', 'E2F3', 'WWC3']",0.1735751723412314,fold_13
4.1,cluster_id,Exc L3-5 RORB ESR1,1428,0.36896745230078565,0.49250936329588013,0.18417366946778713,13904,271,1165,263,2,"['KCNH5', 'IFT122']","['ART3', 'KCNH5', 'AHR', 'IFT122', 'DDRGK1', 'ATP8B1', 'SPEF2', 'ABTB1', 'LRRN3']",0.06791174058161964,fold_13
4.1,cluster_id,Exc L3-5 RORB COL22A1,160,0.3695652173913043,0.4533333333333333,0.2125,15402,41,126,34,2,"['ABCC3', 'KLHDC8A']","['MOB2', 'ABCC3', 'KLHDC8A', 'LIPA', 'FIS1', 'CRYAB', 'RASGEF1C', 'NR4A1', 'TM6SF1', 'KCNH5']",0.01997029477138679,fold_13
4.1,cluster_id,Exc L3-5 RORB FILIP1L,153,0.12944983818770225,0.20512820512820512,0.05228758169934641,15419,31,145,8,4,"['MOB2', 'NBPF19', 'KCNH5', 'C16orf87']","['MOB2', 'NBPF19', 'PLEKHA2', 'AGRN', 'KCNH5', 'C16orf87', 'DDRGK1', 'ATP8B1', 'UBXN6', 'WWC3']",0.07063561907929197,fold_13
4.1,cluster_id,Exc L3-5 RORB TWIST2,93,0.1745635910224439,0.18181818181818182,0.15053763440860216,15447,63,79,14,4,"['ABCC3', 'AHR', 'IFT122', 'KCNH5']","['ABCC3', 'AHR', 'IFT122', 'MTERF2', 'KCNH5', 'DDRGK1', 'F5', 'NBPF19', 'ABTB1', 'AGRN']",0.07088691090244123,fold_13
4.1,cluster_id,Exc L4-5 RORB FOLH1B,870,0.43953116675546083,0.4576976421636616,0.3793103448275862,14342,391,540,330,3,"['LIPA', 'SEMA3D', 'SH3RF1']","['LIPA', 'SEMA3D', 'THEMIS', 'CHST8', 'CTNNBIP1', 'SH3RF1', 'BANK1', 'PDGFC', 'CAPS2', 'KBTBD12']",0.06022534127637977,fold_13
4.1,cluster_id,Exc L4-6 RORB SEMA3E,777,0.21289295662554716,0.2465437788018433,0.1377091377091377,14499,327,670,107,2,"['LHFPL2', 'CHST8']","['NEK6', 'CCKBR', 'THEMIS', 'LHFPL2', 'LIPA', 'CHST8', 'CREG1', 'GFPT2', 'PDGFC', 'ATP8B1']",0.014203685404468511,fold_13
4.1,cluster_id,Exc L4-5 RORB DAPK2,173,0.12345679012345678,0.1724137931034483,0.057803468208092484,15382,48,163,10,3,"['NEK6', 'NR4A1', 'NBPF19']","['NEK6', 'NR4A1', 'LIPA', 'NBPF19', 'CHST8', 'PDGFC', 'GFPT2', 'ABTB1', 'KBTBD12', 'TM6SF1']",0.05250271078482155,fold_13
4.1,cluster_id,Exc L5-6 RORB TTC12,167,0.12965050732807215,0.12777777777777777,0.1377245508982036,15279,157,144,23,5,"['POLE4', 'THEMIS', 'ART3', 'F5', 'ABTB1']","['POLE4', 'ADRB1', 'THEMIS', 'ART3', 'F5', 'ABTB1', 'RASGEF1C', 'PLBD2', 'KCNH5', 'ATP8B1']",0.12751758920739553,fold_13
4.1,cluster_id,Exc L4-6 RORB C1R,160,0.2113970588235294,0.23958333333333334,0.14375,15370,73,137,23,3,"['THEMIS', 'AHR', 'KCNH5']","['ABTB1', 'MOB2', 'THEMIS', 'AHR', 'KCNH5', 'UBXN6', 'IFT122', 'NR4A1', 'ATP8B1', 'LRRN3']",0.047559643714419744,fold_13
4.1,cluster_id,Exc L4-5 FEZF2 SCN4B,25,0.5797101449275363,0.7272727272727273,0.32,15575,3,17,8,4,"['CHST8', 'KCNQ1', 'TPO', 'SEMA3D']","['CCDC142', 'CHST8', 'PCYOX1L', 'KCNQ1', 'TPO', 'SEMA3D', 'SH3RF1', 'IPO11', 'SLC12A8', 'SMPD3']",0.45076592423994133,fold_13
4.1,cluster_id,Exc L5-6 THEMIS DCSTAMP,53,0.4700854700854701,0.6875,0.20754716981132076,15545,5,42,11,4,"['NSMCE1', 'TMEM244', 'ABCC3', 'B3GAT2']","['NSMCE1', 'TMEM244', 'ABCC3', 'C10orf88', 'B3GAT2', 'THEMIS', 'LHFPL2', 'UBR7', 'RASGEF1C', 'ATP8B1']",0.6186413377462376,fold_13
4.1,cluster_id,Exc L5-6 THEMIS CRABP1,147,0.5037037037037037,0.5151515151515151,0.46258503401360546,15392,64,79,68,2,"['B3GAT2', 'THEMIS']","['SMCO2', 'TMEM244', 'ABCC3', 'B3GAT2', 'THEMIS', 'UBR7', 'ATP8B1', 'RASGEF1C', 'CLTB', 'AMZ2']",0.2487206795031029,fold_13
4.1,cluster_id,Exc L5-6 THEMIS FGF10,78,0.4782608695652174,0.5789473684210527,0.28205128205128205,15509,16,56,22,3,"['THEMIS', 'B3GAT2', 'PLEKHA2']","['TMEM244', 'ABCC3', 'MFSD1', 'THEMIS', 'B3GAT2', 'PLEKHA2', 'UBR7', 'AHR', 'ATP8B1', 'RCOR1']",0.16154296815175034,fold_13
4.1,cluster_id,Exc L4-6 FEZF2 IL26,344,0.6818181818181818,0.9642857142857143,0.313953488372093,15255,4,236,108,2,"['ADAMTS12', 'CDCP1']","['ADAMTS12', 'CDCP1', 'RELL1', 'LHFPL2', 'CTNNBIP1', 'LRRC36', 'GFPT2', 'CDH6', 'TMEM144', 'SMPD3']",0.7995127600023755,fold_13
4.1,cluster_id,Exc L5-6 FEZF2 ABO,373,0.38161318300086733,0.4512820512820513,0.2359249329758713,15123,107,285,88,3,"['OBP2B', 'TPO', 'LTBP4']","['OBP2B', 'TPO', 'CCKBR', 'LTBP4', 'SMPD3', 'GFPT2', 'CDH6', 'SH3RF1', 'KCNH5', 'ATP8B1']",0.4757049152008136,fold_13
4.1,cluster_id,Exc L6 FEZF2 SCUBE1,52,0.3618421052631579,0.44,0.21153846153846154,15537,14,41,11,3,"['MYADM', 'CDH6', 'SPATA13']","['MYADM', 'PABPC1L', 'CDH6', 'UBR7', 'SPATA13', 'PLBD2', 'TM6SF1', 'B3GAT2', 'HLA-B', 'PDGFC']",0.15220262251150168,fold_13
4.1,cluster_id,Exc L5-6 FEZF2 IL15,56,0.3125,0.8333333333333334,0.08928571428571429,15546,1,51,5,3,"['SEMA3D', 'UBR7', 'LHFPL2']","['TTC23L', 'SEMA3D', 'UBR7', 'LHFPL2', 'POLE4', 'MFSD1', 'CDH6', 'MMADHC', 'HLA-B', 'RASGEF1C']",0.21452436733112357,fold_13
4.1,cluster_id,Exc L6 FEZF2 OR2T8,19,0.38461538461538464,0.6,0.15789473684210525,15582,2,16,3,4,"['BIRC3', 'PI4K2B', 'CDCP1', 'MBOAT4']","['BIRC3', 'PI4K2B', 'CDCP1', 'VHL', 'RHEBL1', 'MBOAT4', 'B3GAT2', 'CDH6', 'SPATA13', 'SLC12A8']",0.6411682435331157,fold_13
4.1,cluster_id,Exc L5-6 FEZF2 EFTUD1P1,314,0.7363977485928705,0.8351063829787234,0.5,15258,31,157,157,2,"['SEMA3D', 'TMEM144']","['MRC2', 'SEMA3D', 'POLE4', 'UBR7', 'AKTIP', 'TMEM144', 'MMP28', 'ITPR2', 'SPATA13', 'KCNH5']",0.24628237079379947,fold_13
4.1,cluster_id,OPC L1-6 PDGFRA,238,0.5432098765432098,0.6153846153846154,0.3697478991596639,15310,55,150,88,2,"['DOCK1', 'PLCE1']","['KLF17', 'DOCK1', 'DNAH11', 'ITPR2', 'PLCE1', 'PLEKHA2', 'PDGFC', 'NBPF19']",0.14547784977771866,fold_13
4.1,cluster_id,Astro L1-6 FGFR3 SLC14A1,230,0.35789473684210527,0.37777777777777777,0.2956521739130435,15261,112,162,68,1,['SOX9'],"['ATP13A5', 'MFGE8', 'SOX9', 'NEK6', 'ADHFE1', 'PHKA1', 'NBPF19', 'NPL', 'DOCK1', 'MMP28']",0.6087498735686374,fold_13
4.1,cluster_id,Astro L1-2 FGFR3 GFAP,61,0.3902439024390244,0.4444444444444444,0.26229508196721313,15522,20,45,16,1,['SOX9'],"['ADHFE1', 'SOX9', 'MFGE8', 'NPL', 'DOCK1', 'AMZ2', 'NBPF19', 'GFPT2', 'CRYAB', 'MMP28']",0.3912501264313626,fold_13
4.1,cluster_id,Oligo L1-6 OPALIN,313,0.8746618575293057,0.9748743718592965,0.6198083067092651,15285,5,119,194,2,"['MAL', 'TMEM144']","['ABCA8', 'MAL', 'CRYAB', 'TMEM144', 'DOCK1', 'SPATA13', 'TMEM123', 'LIPA', 'DNAH11']",0.7053148581159959,fold_13
4.1,cluster_id,Endo L2-6 NOSTRIN,9,0.5882352941176471,1.0,0.2222222222222222,15594,0,7,2,2,"['PARP9', 'TNS1']","['PARP9', 'CNPY4', 'TNS1', 'TIMP3', 'MYLK4', 'TMEM123', 'DOCK1', 'ZMYM6', 'HLA-B', 'FAM118A']",0.9982127710506954,fold_13
4.1,cluster_id,Micro L1-6 TYROBP,63,0.7361963190184049,0.96,0.38095238095238093,15539,1,39,24,1,['LAPTM5'],"['ITGAX', 'HCLS1', 'LAPTM5', 'TMIGD3', 'IL13RA1', 'ITGAM', 'ENTPD1', 'LHFPL2', 'MRC2', 'RASGEF1C']",1.0,fold_13
4.1,cluster_id,Inh L1-2 PAX6 CDH12,90,0.33251231527093594,0.34177215189873417,0.3,15461,52,63,27,2,"['CHRM2', 'CRH']","['REC8', 'YIPF3', 'TMEM123', 'CHRM2', 'CRH', 'HEXIM1']",0.07074689643720768,fold_14
4.1,cluster_id,Inh L1-2 PAX6 TNFAIP8L3,16,0.46875,0.75,0.1875,15586,1,13,3,2,"['SCGN', 'XBP1']","['SCGN', 'PPP1R14B', 'XBP1', 'TMEM123', 'LPCAT1', 'ZNF229', 'DNAH11', 'ZNF160', 'LPCAT2', 'TUBB']",0.9010709902278686,fold_14
4.1,cluster_id,Inh L1 LAMP5 NMBR,283,0.2159827213822894,0.4444444444444444,0.0706713780918728,15295,25,263,20,2,"['CBLN4', 'GLRA3']","['CBLN4', 'MTMR8', 'GLRA3']",0.10875261531883526,fold_14
4.1,cluster_id,Inh L1-4 LAMP5 LCP2,356,0.6736311239193083,0.7248062015503876,0.5252808988764045,15176,71,169,187,2,"['ITGB5', 'CRH']","['ITGB5', 'CBLN4', 'HSPBAP1', 'LTBP1', 'ADAMTSL3', 'CRH']",0.1685945600403095,fold_14
4.1,cluster_id,Inh L1-2 LAMP5 DBP,21,0.3448275862068966,1.0,0.09523809523809523,15582,0,19,2,1,['CBLN4'],"['POLD1', 'CETN3', 'CBLN4', 'HSPBAP1', 'DNAJB11', 'ITGB5', 'ANKRD13B', 'RGS2', 'LPCAT1', 'ADAMTSL3']",0.2318365150003452,fold_14
4.1,cluster_id,Inh L2-6 LAMP5 CA1,256,0.49030172413793105,0.5416666666666666,0.35546875,15270,77,165,91,2,"['LTBP1', 'ITGB5']","['LTBP1', 'ITGB5', 'HSPBAP1', 'MYH14', 'CDKL1', 'PREX2', 'CETN3']",0.2229718511988105,fold_14
4.1,cluster_id,Inh L1 SST CHRNA4,52,0.4166666666666667,0.6428571428571429,0.17307692307692307,15546,5,43,9,4,"['TNFRSF19', 'YBX1', 'COL12A1', 'PROX1']","['TNFRSF19', 'CHRNA6', 'YBX1', 'MTMR8', 'COL12A1', 'PROX1', 'PREX2']",0.0696802036266991,fold_14
4.1,cluster_id,Inh L1-2 ADARB2 MC4R,107,0.46255506607929514,0.7,0.19626168224299065,15487,9,86,21,2,"['CHRNA6', 'NCKAP5']","['CHRNA6', 'ILK', 'MTMR8', 'NCKAP5', 'COL12A1', 'PREX2', 'PROX1']",0.07462007260885746,fold_14
4.1,cluster_id,Inh L1-2 SST BAGE2,108,0.07358351729212656,0.06006006006006006,0.7407407407407407,14243,1252,28,80,1,['PROX1'],['PROX1'],0.061364595513794605,fold_14
4.1,cluster_id,Inh L1-3 VIP SYT6,29,0.3424657534246575,0.45454545454545453,0.1724137931034483,15568,6,24,5,3,"['YBX1', 'MMAB', 'LPCAT2']","['YBX1', 'MMAB', 'LPCAT2', 'HSPBAP1', 'GTF2A1', 'DTNBP1', 'TUBB2B', 'ACLY', 'RGS2', 'PSMA5']",0.4383193781223094,fold_14
4.1,cluster_id,Inh L1-2 VIP TSPAN12,42,0.38461538461538464,0.6666666666666666,0.14285714285714285,15558,3,36,6,3,"['LTBP1', 'CRH', 'COL12A1']","['LTBP1', 'ACOXL', 'CHRNA6', 'CRH', 'NDUFB7', 'COL12A1', 'TUBB2B']",0.07458486406097577,fold_14
4.1,cluster_id,Inh L1-4 VIP CHRNA6,25,0.24752475247524752,0.2631578947368421,0.2,15564,14,20,5,1,['CHRNA6'],"['CHRNA6', 'PGM1', 'LPCAT2', 'HSPBAP1', 'TEX9', 'TUBB2B', 'CRH', 'TPMT', 'COX8A', 'GLRA3']",0.8085441496447929,fold_14
4.1,cluster_id,Inh L1-3 VIP ADAMTSL1,72,0.26785714285714285,0.6,0.08333333333333333,15527,4,66,6,3,"['TEX9', 'ILK', 'PROX1']","['TEK', 'TEX9', 'MTMR8', 'SGCB', 'ILK', 'PROX1']",0.05623222176614739,fold_14
4.1,cluster_id,Inh L1-4 VIP PENK,17,0.45454545454545453,0.75,0.17647058823529413,15585,1,14,3,3,"['DNAH11', 'ANLN', 'MANEAL']","['DNAH11', 'ANLN', 'ZBTB21', 'DVL2', 'TEK', 'MANEAL', 'LPCAT2', 'EEF1G', 'NT5DC3', 'PIGX']",0.2632475602467144,fold_14
4.1,cluster_id,Inh L2-6 VIP QPCT,37,0.5504587155963303,0.6666666666666666,0.32432432432432434,15560,6,25,12,2,"['PCP4', 'TUBB2B']","['MMAB', 'PCP4', 'TUBB2B', 'NDUFB7', 'CRH', 'EEF1G', 'TEK', 'CENPV', 'PGAM1', 'PGM1']",0.20811492359778153,fold_14
4.1,cluster_id,Inh L3-6 VIP HS3ST3A1,80,0.21551724137931033,0.2631578947368421,0.125,15495,28,70,10,2,"['TEK', 'TUBB2B']","['SLC9A2', 'TEK', 'TUBB2B', 'LPCAT1', 'PCP4', 'DTNBP1', 'CRH', 'ZNF397', 'CELA2A', 'COL12A1']",0.09055165470568138,fold_14
4.1,cluster_id,Inh L1-2 VIP PCDH20,61,0.40145985401459855,0.5789473684210527,0.18032786885245902,15534,8,50,11,3,"['CHRNA6', 'CRH', 'PROX1']","['CHRNA6', 'CRH', 'LPCAT2', 'TUBB2B', 'FOXG1', 'PROX1', 'PSMA4']",0.05707680244806855,fold_14
4.1,cluster_id,Inh L2-5 VIP SERPINF1,55,0.2112676056338028,0.75,0.05454545454545454,15547,1,52,3,3,"['RGS2', 'NRP1', 'SEL1L3']","['NFAM1', 'RGS2', 'NRP1', 'ILK', 'TEK', 'SEL1L3', 'RND3', 'CRH', 'PROX1']",0.08431545381170628,fold_14
4.1,cluster_id,Inh L2-5 VIP TYR,62,0.35294117647058826,0.4444444444444444,0.1935483870967742,15526,15,50,12,2,"['CBLN4', 'NRP1']","['ILK', 'CBLN4', 'NRP1', 'TEK', 'PGM1', 'MYADM', 'PREX2', 'PGAM1', 'RND3']",0.14325406129324086,fold_14
4.1,cluster_id,Inh L1-3 VIP CHRM2,175,0.41731066460587324,0.4576271186440678,0.30857142857142855,15364,64,121,54,2,"['CHRM2', 'PROX1']","['GMPR', 'CLDN10', 'CHRM2', 'SLC9A2', 'PROX1']",0.07495138633108128,fold_14
4.1,cluster_id,Inh L2-4 VIP CBLN1,67,0.25252525252525254,0.625,0.07462686567164178,15533,3,62,5,3,"['NRP1', 'SEL1L3', 'PROX1']","['CLDN10', 'SLC9A2', 'NRP1', 'RGS2', 'SEL1L3', 'PROX1', 'RND3', 'CRH']",0.06404134326881974,fold_14
4.1,cluster_id,Inh L1-3 VIP CCDC184,64,0.18867924528301888,0.21621621621621623,0.125,15510,29,56,8,3,"['GCSH', 'RGS2', 'LPCAT2']","['GCSH', 'RGS2', 'UNC119', 'CLDN10', 'SLC9A2', 'LPCAT2', 'SCN1B', 'EEF1G', 'GOT2', 'GSAP']",0.2824989209642725,fold_14
4.1,cluster_id,Inh L1-3 VIP GGH,68,0.3515625,0.6,0.1323529411764706,15529,6,59,9,3,"['REC8', 'SLC9A2', 'CRH']","['REC8', 'MAT2B', 'SLC9A2', 'PROX1', 'CRH', 'TMEM160', 'CHRM2', 'RND3']",0.09403362906175423,fold_14
4.1,cluster_id,Inh L1-2 VIP LBH,47,0.2542372881355932,1.0,0.06382978723404255,15556,0,44,3,3,"['RNH1', 'RGS2', 'GNA11']","['XBP1', 'RNH1', 'CHRNA6', 'RGS2', 'GNA11', 'ACLY', 'TUBB2B', 'TUBB', 'ILK', 'VAMP4']",0.10965627708783923,fold_14
4.1,cluster_id,Inh L2-3 VIP CASC6,45,0.3305785123966942,0.42105263157894735,0.17777777777777778,15547,11,37,8,3,"['RGS2', 'SLC9A2', 'CHRNA6']","['TMEM229B', 'CYP7B1', 'RGS2', 'LPCAT2', 'SLC9A2', 'CHRNA6', 'DTNBP1', 'PGM1', 'CRH', 'TEX9']",0.0702510910084143,fold_14
4.1,cluster_id,Inh L2-4 VIP SPAG17,33,0.2222222222222222,0.6666666666666666,0.06060606060606061,15569,1,31,2,3,"['UNC119', 'GOT2', 'NDUFB7']","['TMEM229B', 'RGS2', 'UNC119', 'GOT2', 'LPCAT2', 'NDUFB7', 'CMSS1', 'CRH', 'PGM1', 'FOXG1']",0.09771619561186305,fold_14
4.1,cluster_id,Inh L1-4 VIP OPRM1,52,0.43103448275862066,0.4444444444444444,0.38461538461538464,15526,25,32,20,2,"['PCP4', 'CRH']","['PCP4', 'MMAB', 'TNFRSF19', 'CRH', 'WDR83', 'LPCAT2', 'SLC9A2']",0.14050223536895495,fold_14
4.1,cluster_id,Inh L3-6 SST NPY,15,0.43478260869565216,1.0,0.13333333333333333,15588,0,13,2,3,"['CNBD2', 'RBP4', 'LDLR']","['CNBD2', 'RBP4', 'SPRY3', 'ZNF229', 'LDLR', 'PRKX', 'HSPBAP1', 'CHRM2', 'TUBB2B', 'RGS2']",0.48498821439774675,fold_14
4.1,cluster_id,Inh L3-6 SST HPGD,60,0.21739130434782608,0.5,0.06666666666666667,15539,4,56,4,3,"['TMEM123', 'XBP1', 'RND3']","['TMEM123', 'XBP1', 'CENPW', 'TRPV1', 'ARRDC1', 'RND3', 'IVNS1ABP', 'GHR', 'CELA2A', 'ZBBX']",0.05767851270698466,fold_14
4.1,cluster_id,Inh L4-6 SST B3GAT2,182,0.2808988764044944,0.3409090909090909,0.16483516483516483,15363,58,152,30,2,"['RBP4', 'B3GAT2']","['RBP4', 'B3GAT2', 'SLC9A2', 'ADAMTSL3', 'IVNS1ABP', 'CELA2A', 'SEL1L3']",0.10892037128344123,fold_14
4.1,cluster_id,Inh L5-6 SST KLHDC8A,63,0.3448275862068966,1.0,0.09523809523809523,15540,0,57,6,3,"['SLC9A2', 'DNAH11', 'SEL1L3']","['PER2', 'RBP4', 'SLC9A2', 'DNAH11', 'CENPW', 'SEL1L3', 'PRKX', 'ADAMTSL3', 'B3GAT2', 'DNAH9']",0.03731173786568707,fold_14
4.1,cluster_id,Inh L5-6 SST NPM1P10,79,0.17985611510791366,0.3333333333333333,0.06329113924050633,15514,10,74,5,4,"['RBP4', 'IVNS1ABP', 'TUBB2B', 'TUBA4A']","['RBP4', 'IVNS1ABP', 'TUBB2B', 'EEF1G', 'TUBA4A', 'GOT2', 'NDUFB3', 'BAIAP3', 'ACLY', 'MYADM']",0.10028914043741632,fold_14
4.1,cluster_id,Inh L4-6 SST GXYLT2,41,0.19047619047619047,0.25,0.0975609756097561,15550,12,37,4,3,"['IVNS1ABP', 'RBP4', 'LPCAT1']","['IVNS1ABP', 'DNAJB11', 'MYADM', 'RBP4', 'ZNF160', 'LPCAT1', 'POLR3E', 'KLHL8', 'BAIAP3', 'SEL1L3']",0.039296252736189474,fold_14
4.1,cluster_id,Inh L4-5 SST STK32A,93,0.2824858757062147,0.47619047619047616,0.10752688172043011,15499,11,83,10,2,"['ADAMTSL3', 'GRIK3']","['SLC9A2', 'RBP4', 'IVNS1ABP', 'ADAMTSL3', 'GRIK3', 'B3GAT2']",0.06567332523754191,fold_14
4.1,cluster_id,Inh L1-3 SST CALB1,279,0.3448275862068966,0.5588235294117647,0.13620071684587814,15294,30,241,38,3,"['TICAM1', 'ITGB5', 'CBLN4']","['EFCAB8', 'TICAM1', 'ITGB5', 'ACOXL', 'CBLN4', 'CHAF1A', 'MTMR8', 'CELA2A', 'PRKX', 'RIN3']",0.11741111529820485,fold_14
4.1,cluster_id,Inh L3-5 SST ADGRG6,132,0.390625,0.4430379746835443,0.26515151515151514,15427,44,97,35,2,"['SLC9A2', 'ITGB5']","['SLC9A2', 'ITGB5', 'TICAM1', 'RBP4', 'PRKX', 'ADAMTSL3', 'GRIK3', 'FAM184B']",0.24601317448045412,fold_14
4.1,cluster_id,Inh L2-4 SST FRZB,64,0.11986301369863013,0.12280701754385964,0.109375,15489,50,57,7,2,"['GHR', 'CYTH1']","['ACOXL', 'GHR', 'CYTH1', 'CELA2A']",0.06187176477150231,fold_14
4.1,cluster_id,Inh L5-6 SST TH,27,0.3968253968253968,0.5555555555555556,0.18518518518518517,15572,4,22,5,3,"['ANXA5', 'SEL1L3', 'PIGX']","['MANEAL', 'ANXA5', 'DVL3', 'ALG14', 'SEL1L3', 'PIGX', 'ARRDC1', 'GLRA3', 'PGAM1', 'RND3']",0.10654972452722243,fold_14
4.1,cluster_id,Inh L5-6 LHX6 GLP1R,27,0.36363636363636365,0.5714285714285714,0.14814814814814814,15573,3,23,4,3,"['ACOXL', 'CHRM2', 'RND3']","['DNAI1', 'ACOXL', 'TRPV1', 'HSPBAP1', 'CHRM2', 'RND3', 'METTL8', 'HEATR5A', 'PRKX', 'DTNBP1']",0.10454546551784337,fold_14
4.1,cluster_id,Inh L5-6 PVALB LGR5,52,0.22321428571428573,0.3333333333333333,0.09615384615384616,15541,10,47,5,3,"['CHRM2', 'RND3', 'SAMM50']","['MUC16', 'TICAM1', 'DNAI1', 'CHRM2', 'RND3', 'SAMM50', 'PGM1', 'SCN1B', 'CELA2A']",0.08938310601213857,fold_14
4.1,cluster_id,Inh L4-5 PVALB MEPE,64,0.4326923076923077,0.9,0.140625,15538,1,55,9,4,"['CTSC', 'RBM20', 'CHRM2', 'SCN1B']","['CTSC', 'GTF3C3', 'RBM20', 'CHRM2', 'DTNBP1', 'SCN1B', 'GCLM', 'ZNF713', 'GOT2', 'CENPW']",0.11318558380109618,fold_14
4.1,cluster_id,Inh L2-4 PVALB WFDC2,387,0.3208065994500458,0.3977272727272727,0.18087855297157623,15110,106,317,70,3,"['DNAI1', 'RBM20', 'SCN1B']","['DNAI1', 'GTF3C3', 'PGM1', 'RBM20', 'YIF1B', 'SCN1B', 'GCLM', 'GHR', 'SAMM50', 'CETN3']",0.01287296900428573,fold_14
4.1,cluster_id,Inh L4-6 PVALB SULF1,167,0.10762331838565023,0.10126582278481013,0.1437125748502994,15223,213,143,24,3,"['SCN1B', 'CHRM2', 'RND3']","['PGM1', 'SCN1B', 'CHRM2', 'RND3']",0.016227969993599562,fold_14
4.1,cluster_id,Inh L5-6 SST MIR548F2,80,0.189873417721519,0.2033898305084746,0.15,15476,47,68,12,3,"['DNAI1', 'IVNS1ABP', 'MYH14']","['UNC119', 'DNAI1', 'IVNS1ABP', 'ACOXL', 'DVL3', 'MYH14', 'RND3', 'SCN1B', 'GTF3C3', 'ZBTB11']",0.10364484651344984,fold_14
4.1,cluster_id,Inh L2-5 PVALB SCUBE3,32,0.22727272727272727,0.6666666666666666,0.0625,15570,1,30,2,2,"['SCN1B', 'RBM20']","['METTL8', 'SCN1B', 'WDR83', 'FSCN1', 'RBM20', 'SGCB', 'HEXIM1', 'COL12A1', 'B3GAT2', 'NDUFB3']",0.06623043697010239,fold_14
4.1,cluster_id,Exc L2 LAMP5 LTK,812,0.3179043743641913,0.32051282051282054,0.3078817733990148,14261,530,562,250,2,"['PCP4', 'RIN3']","['PCP4', 'RIN3', 'GLRA3', 'NIPAL2', 'GALNT9', 'FBXW8', 'KCNH3']",0.033774594502525325,fold_14
4.1,cluster_id,Exc L2-4 LINC00507 GLP2R,170,0.24390243902439024,0.3333333333333333,0.11764705882352941,15393,40,150,20,4,"['CBLN4', 'ANXA5', 'GLRA3', 'FBXW8']","['CBLN4', 'ANXA5', 'ZBBX', 'GLRA3', 'RIN3', 'FBXW8', 'GALNT9', 'TPMT', 'NIPAL2']",0.055484257401142045,fold_14
4.1,cluster_id,Exc L2-3 LINC00507 FREM3,2284,0.5755728011825573,0.7966751918158568,0.27276707530647987,13160,159,1661,623,4,"['TEK', 'CBLN4', 'CDKL1', 'GLRA3']","['TPMT', 'TEK', 'CBLN4', 'DTNBP1', 'CDKL1', 'GLRA3', 'NIPAL2', 'DNAH9', 'TNFSF13B', 'GLB1L3']",0.06567599946222283,fold_14
4.1,cluster_id,Exc L5-6 THEMIS C1QL3,1537,0.6078779801569673,0.629601226993865,0.5341574495770982,13583,483,716,821,2,"['THEMIS', 'ANXA5']","['THEMIS', 'ANXA5', 'CENPW', 'KCTD17', 'ZNF577', 'MYADM', 'OTUD3', 'CRLS1', 'GALNT9', 'CDKL1']",0.12480755622301024,fold_14
4.1,cluster_id,Exc L3-4 RORB CARM1P1,280,0.3089080459770115,0.41346153846153844,0.15357142857142858,15262,61,237,43,4,"['PGM1', 'MERTK', 'LPCAT2', 'NT5DC3']","['PGM1', 'NRG4', 'MERTK', 'GLB1L3', 'LPCAT2', 'NT5DC3', 'TNFSF13B', 'ZNF713', 'CDKL1', 'SLC20A1']",0.05343805024557309,fold_14
4.1,cluster_id,Exc L3-5 RORB ESR1,1428,0.5099601593625498,0.5701559020044543,0.3585434173669468,13789,386,916,512,1,['ABCA4'],"['ABCA4', 'SCN1B', 'MERTK', 'CBLN4', 'CDKL1']",1.0,fold_14
4.1,cluster_id,Exc L3-5 RORB COL22A1,160,0.16566265060240964,0.2558139534883721,0.06875,15411,32,149,11,3,"['NDUFB7', 'RPS10', 'TMEM160']","['CMSS1', 'NDUFB7', 'RPS10', 'RIN3', 'TMEM160', 'BAIAP3', 'SLC20A1', 'ZBBX']",0.07133077756614001,fold_14
4.1,cluster_id,Exc L3-5 RORB FILIP1L,153,0.1864801864801865,0.2318840579710145,0.10457516339869281,15397,53,137,16,3,"['GLRA3', 'ZBBX', 'TPM4']","['GLRA3', 'ZBBX', 'CDKL1', 'NRP1', 'TPM4', 'TPMT', 'MERTK', 'SLC20A1', 'FBXW8', 'GLB1L3']",0.09018637317750554,fold_14
4.1,cluster_id,Exc L3-5 RORB TWIST2,93,0.08,0.25,0.021505376344086023,15504,6,91,2,2,"['TMEM8B', 'SLC20A1']","['MERTK', 'CDKL1', 'TMEM8B', 'SLC20A1', 'GLRA3']",0.04023478844180546,fold_14
4.1,cluster_id,Exc L4-5 RORB FOLH1B,870,0.6651090342679128,0.7299145299145299,0.4908045977011494,14575,158,443,427,3,"['RBM20', 'CENPW', 'PCP4']","['CYP7B1', 'RBM20', 'CENPW', 'APOD', 'THEMIS', 'PCP4', 'GCLM', 'NIPAL2', 'LDLR', 'GLRA3']",0.15639959733404116,fold_14
4.1,cluster_id,Exc L4-6 RORB SEMA3E,777,0.29522909777987716,0.373134328358209,0.16087516087516088,14616,210,652,125,3,"['THEMIS', 'APOD', 'GHR']","['THEMIS', 'APOD', 'NIPAL2', 'GALNT9', 'SCN1B', 'GHR']",0.019697811514563346,fold_14
4.1,cluster_id,Exc L4-5 RORB DAPK2,173,0.2702702702702703,0.45,0.10404624277456648,15408,22,155,18,2,"['CRISPLD2', 'ZBBX']","['CRISPLD2', 'APOD', 'PCP4', 'NIPAL2', 'ZBBX', 'GALNT9', 'MERTK', 'GHR', 'GLRA3', 'SLC20A1']",0.217387690089408,fold_14
4.1,cluster_id,Exc L5-6 RORB TTC12,167,0.47493403693931396,0.6792452830188679,0.2155688622754491,15419,17,131,36,4,"['TRIM22', 'THEMIS', 'FUT10', 'NRG4']","['BVES', 'TRIM22', 'THEMIS', 'FUT10', 'ANXA5', 'NRG4', 'SCN1B', 'GLB1L3', 'ARHGEF6', 'FBXW8']",0.10800396598923076,fold_14
4.1,cluster_id,Exc L4-6 RORB C1R,160,0.19675925925925927,0.19318181818181818,0.2125,15301,142,126,34,2,"['TRIM22', 'ARHGEF6']","['TRIM22', 'THEMIS', 'SCN1B', 'MTMR8', 'GCLM', 'ARHGEF6', 'TYW3', 'GLB1L3', 'PTPN21', 'ZBBX']",0.09184330201870354,fold_14
4.1,cluster_id,Exc L4-5 FEZF2 SCN4B,25,0.20408163265306123,0.3333333333333333,0.08,15574,4,23,2,4,"['IGSF5', 'DAW1', 'C10orf67', 'COMMD8']","['IGSF5', 'DAW1', 'C10orf67', 'MED12', 'MKS1', 'COMMD8', 'DNAI1', 'TOMM34', 'TNFRSF19', 'RBM20']",1.0,fold_14
4.1,cluster_id,Exc L5-6 THEMIS DCSTAMP,53,0.45871559633027525,0.7142857142857143,0.18867924528301888,15546,4,43,10,4,"['GGCX', 'TPMT', 'LTBP1', 'TNFRSF19']","['TMEM234', 'GGCX', 'TPMT', 'LTBP1', 'B3GAT2', 'TNFRSF19', 'THEMIS', 'ANKRD13B', 'GOT2', 'FBXW8']",0.3103723100668361,fold_14
4.1,cluster_id,Exc L5-6 THEMIS CRABP1,147,0.5277044854881267,0.6896551724137931,0.272108843537415,15438,18,107,40,3,"['B3GAT2', 'THEMIS', 'EEF1G']","['TPMT', 'B3GAT2', 'TNFRSF19', 'THEMIS', 'EEF1G', 'ANXA5', 'FBXW8', 'RPS10', 'UBA52', 'SLC20A1']",0.21590131404617133,fold_14
4.1,cluster_id,Exc L5-6 THEMIS FGF10,78,0.4523809523809524,0.5757575757575758,0.24358974358974358,15511,14,59,19,3,"['CEMP1', 'THEMIS', 'B3GAT2']","['CEMP1', 'TPMT', 'THEMIS', 'TNFRSF19', 'B3GAT2', 'ANXA5', 'FBXW8', 'TAF1B', 'OTUD3', 'SLC20A1']",0.2727411348550527,fold_14
4.1,cluster_id,Exc L4-6 FEZF2 IL26,344,0.6276595744680851,0.7919463087248322,0.3430232558139535,15228,31,226,118,2,"['TRIM22', 'PCP4']","['MYOCD', 'MDM1', 'TRIM22', 'PCP4', 'NRG4', 'ASPSCR1', 'NUP107', 'TMEM8B', 'CHRM2', 'GHR']",0.20908281296716996,fold_14
4.1,cluster_id,Exc L5-6 FEZF2 ABO,373,0.5376344086021505,0.7758620689655172,0.24128686327077747,15204,26,283,90,3,"['TRIM22', 'CENPW', 'NRP1']","['TRIM22', 'CENPW', 'RBM20', 'NRP1', 'NIPAL2', 'GALNT9', 'ANKRD13B', 'CRLS1', 'GHR', 'GLB1L3']",0.16640532062566804,fold_14
4.1,cluster_id,Exc L6 FEZF2 SCUBE1,52,0.35,0.5833333333333334,0.1346153846153846,15546,5,45,7,3,"['MYADM', 'ANXA5', 'CHRM2']","['P4HA3', 'MYADM', 'FSCN1', 'ANXA5', 'TUBA4A', 'CHRM2', 'RBM20', 'PCP4', 'B3GAT2', 'TUBB']",0.24590543949517046,fold_14
4.1,cluster_id,Exc L5-6 FEZF2 IL15,56,0.45454545454545453,0.631578947368421,0.21428571428571427,15540,7,44,12,5,"['RIN3', 'RBP4', 'ANXA5', 'PCP4', 'CRLS1']","['P4HA3', 'RIN3', 'RBP4', 'ANXA5', 'PCP4', 'CRLS1', 'NRP1', 'ADAMTSL3', 'NT5DC3', 'IVNS1ABP']",0.12074642234302148,fold_14
4.1,cluster_id,Exc L6 FEZF2 OR2T8,19,0.2564102564102564,0.4,0.10526315789473684,15581,3,17,2,4,"['PGAP3', 'ZNF229', 'SLC35A3', 'RBM20']","['NPHS1', 'PGAP3', 'ZNF229', 'SLC35A3', 'RBM20', 'TRIM22', 'ZBTB11', 'B3GAT2', 'KCTD17', 'KLHL8']",0.7024708881778925,fold_14
4.1,cluster_id,Exc L5-6 FEZF2 EFTUD1P1,314,0.40381791483113066,0.4198473282442748,0.3503184713375796,15137,152,204,110,3,"['RBM20', 'RIN3', 'NRP1']","['CRISPLD2', 'RBM20', 'RIN3', 'APOD', 'CENPW', 'NRP1', 'CRLS1', 'GLRA3', 'IVNS1ABP', 'KIAA1671']",0.08371501359779075,fold_14
4.1,cluster_id,OPC L1-6 PDGFRA,238,0.4753265602322206,0.45964912280701753,0.5504201680672269,15211,154,107,131,2,"['APOD', 'PON2']","['TEK', 'APOD', 'CRISPLD2', 'PON2', 'CLDN10', 'DNAH11', 'NCKAP5', 'PREX2']",0.30388268811648383,fold_14
4.1,cluster_id,Astro L1-6 FGFR3 SLC14A1,230,0.7361376673040153,0.7549019607843137,0.6695652173913044,15323,50,76,154,2,"['EMX2', 'PON2']","['FAM83F', 'HEPH', 'EMX2', 'CLDN10', 'FUT10', 'PON2', 'MERTK', 'TRPV1', 'PREX2', 'PRTFDC1']",0.46405486092582027,fold_14
4.1,cluster_id,Astro L1-2 FGFR3 GFAP,61,0.3943217665615142,0.390625,0.4098360655737705,15503,39,36,25,2,"['IFITM3', 'PON2']","['IFITM3', 'EMX2', 'CLDN10', 'PON2', 'MERTK', 'FUT10', 'LTBP1', 'HEPH', 'PREX2', 'CELA2A']",0.6801127780619362,fold_14
4.1,cluster_id,Oligo L1-6 OPALIN,313,0.7466666666666667,0.8275862068965517,0.536741214057508,15255,35,145,168,1,['ANLN'],"['ANLN', 'APOD', 'PON2', 'TMEM123', 'NCKAP5', 'HHIP', 'PDE8A', 'CELA2A', 'LITAF', 'FSCN1']",0.9966415005829878,fold_14
4.1,cluster_id,Endo L2-6 NOSTRIN,9,0.38461538461538464,1.0,0.1111111111111111,15594,0,8,1,1,['SLC5A6'],"['SLC5A6', 'MUC16', 'TMEM123', 'PON2', 'TRIM22', 'RBM20', 'TEK', 'RND3', 'GNA11', 'CELA2A']",0.5243986636003267,fold_14
4.1,cluster_id,Micro L1-6 TYROBP,63,0.717948717948718,0.8484848484848485,0.4444444444444444,15535,5,35,28,1,['P2RY13'],"['P2RY13', 'RGS10', 'IL17RA', 'MSR1', 'ARHGEF6', 'RIN3', 'MYO1F', 'LPCAT2', 'CTSC', 'MERTK']",1.0,fold_14
4.1,cluster_id,Inh L1-2 PAX6 CDH12,90,0.5272108843537415,0.6078431372549019,0.34444444444444444,15493,20,59,31,2,"['SP8', 'SPON1']","['SP8', 'KCNK3', 'SPON1', 'DARS2', 'RNPEP', 'MXD4', 'LGR4', 'RASSF8', 'MOB3B']",0.10209211013590608,fold_15
4.1,cluster_id,Inh L1-2 PAX6 TNFAIP8L3,16,0.5555555555555556,0.8,0.25,15586,1,12,4,3,"['PPFIBP2', 'DOC2B', 'SP8']","['PPFIBP2', 'DOC2B', 'RANBP6', 'SP8', 'ATAT1', 'PRKD2', 'GYPB', 'MXD4', 'C16orf87', 'SPON1']",0.6095833436861232,fold_15
4.1,cluster_id,Inh L1 LAMP5 NMBR,283,0.38204393505253104,0.418848167539267,0.2826855123674912,15209,111,203,80,2,"['TPD52L1', 'CORT']","['TPD52L1', 'KCNK3', 'CORT', 'MXD4', 'GYPB', 'RASSF8', 'PRELID2']",0.06440698140147849,fold_15
4.1,cluster_id,Inh L1-4 LAMP5 LCP2,356,0.616576819407008,0.648936170212766,0.5140449438202247,15148,99,173,183,2,"['TPD52L1', 'PRELID2']","['ADAMTS20', 'TPD52L1', 'MXD4', 'KCNK3', 'PRELID2', 'CORT', 'SSTR2', 'ID2', 'CACNA1I', 'GRAP2']",0.11052445892126483,fold_15
4.1,cluster_id,Inh L1-2 LAMP5 DBP,21,0.2,1.0,0.047619047619047616,15582,0,20,1,2,"['QSOX2', 'ADAMTS20']","['QSOX2', 'ADAMTS20', 'PTP4A3', 'MANBAL', 'CACNA1I', 'MXD4', 'SETD4', 'TPD52L1', 'CORT', 'THAP6']",0.559902679172382,fold_15
4.1,cluster_id,Inh L2-6 LAMP5 CA1,256,0.28214285714285714,0.2762237762237762,0.30859375,15140,207,177,79,2,"['CACNA1I', 'PRELID2']","['KCNK3', 'TPD52L1', 'RPLP0', 'CACNA1I', 'PRELID2', 'NME4', 'ID2', 'SMCO4', 'DCT', 'CDKL1']",0.06794647222744851,fold_15
4.1,cluster_id,Inh L1 SST CHRNA4,52,0.2,0.3333333333333333,0.07692307692307693,15543,8,48,4,2,"['HLA-C', 'PRELID2']","['VRTN', 'HLA-C', 'PRELID2', 'RASSF8', 'PRMT1', 'ID2']",0.09935679876117276,fold_15
4.1,cluster_id,Inh L1-2 ADARB2 MC4R,107,0.35294117647058826,0.4864864864864865,0.16822429906542055,15477,19,89,18,2,"['HLA-C', 'PRELID2']","['HLA-C', 'PRELID2', 'RASSF8']",0.07737614910987728,fold_15
4.1,cluster_id,Inh L1-2 SST BAGE2,108,0.07321731748726655,0.05994787141615986,0.6388888888888888,14413,1082,39,69,1,['PRELID2'],['PRELID2'],0.07183098287052775,fold_15
4.1,cluster_id,Inh L1-3 VIP SYT6,29,0.40816326530612246,0.8,0.13793103448275862,15573,1,25,4,5,"['ZNF322', 'QSOX2', 'AKR1B1', 'KCNK3', 'SP8']","['ZNF322', 'QSOX2', 'AKR1B1', 'KCNK3', 'CNOT3', 'SP8', 'PPFIBP2', 'ISCA1', 'LGR4', 'ADGRV1']",0.22994579719688618,fold_15
4.1,cluster_id,Inh L1-2 VIP TSPAN12,42,0.19083969465648856,0.18181818181818182,0.23809523809523808,15516,45,32,10,2,"['SP8', 'AMPD2']","['SP8', 'AMPD2', 'PAICS', 'TIMM21', 'POLR2I', 'MXD4', 'TPD52L1', 'C15orf40', 'PSMB5', 'RASSF8']",0.09428606271069817,fold_15
4.1,cluster_id,Inh L1-4 VIP CHRNA6,25,0.20408163265306123,0.3333333333333333,0.08,15574,4,23,2,5,"['PTP4A3', 'FGF2', 'TPD52L1', 'MXD4', 'ARHGAP24']","['PTP4A3', 'FGF2', 'TPD52L1', 'MXD4', 'ARHGAP24', 'LAPTM4B', 'POLR2E', 'CCNC', 'KCNG2', 'ADGRV1']",0.043585574533273955,fold_15
4.1,cluster_id,Inh L1-3 VIP ADAMTSL1,72,0.1893939393939394,0.3333333333333333,0.06944444444444445,15521,10,67,5,3,"['TEK', 'TPD52L1', 'PRELID2']","['TEK', 'HAVCR1', 'CACNA1I', 'TPD52L1', 'RPLP0', 'PRELID2', 'OPN3']",0.030650402393552757,fold_15
4.1,cluster_id,Inh L1-4 VIP PENK,17,0.24390243902439024,0.3333333333333333,0.11764705882352941,15582,4,15,2,3,"['MAPK3', 'SLC7A7', 'SMCO4']","['MAPK3', 'AKR1B1', 'TEK', 'SLC7A7', 'SMCO4', 'MXD4', 'KCNK3', 'GNB2', 'CACNA1I', 'EIF3C']",0.3161897597567521,fold_15
4.1,cluster_id,Inh L2-6 VIP QPCT,37,0.1891891891891892,0.1891891891891892,0.1891891891891892,15536,30,30,7,2,"['SP8', 'ARHGDIG']","['SP8', 'ZNF322', 'AMPD2', 'TEK', 'PRMT1', 'ARHGDIG', 'KCNG2']",0.0638767372605265,fold_15
4.1,cluster_id,Inh L3-6 VIP HS3ST3A1,80,0.20833333333333334,0.375,0.075,15513,10,74,6,2,"['TEK', 'KCNG2']","['TEK', 'KCNG2', 'SSTR2', 'ANGEL1', 'HIP1']",0.05850108297248542,fold_15
4.1,cluster_id,Inh L1-2 VIP PCDH20,61,0.44,0.6875,0.18032786885245902,15537,5,50,11,2,"['SP8', 'SVIL']","['SP8', 'HLA-C', 'FBXO31', 'TPD52L1', 'SVIL', 'GRAP2', 'MXD4', 'AMPD2', 'KCNG2', 'PSMA4']",0.1531453220165644,fold_15
4.1,cluster_id,Inh L2-5 VIP SERPINF1,55,0.3216374269005848,0.3793103448275862,0.2,15530,18,44,11,3,"['KCNG2', 'TPD52L1', 'CACNG4']","['KCNG2', 'TPD52L1', 'TEK', 'CACNG4', 'SLC4A5', 'ARHGAP24']",0.10687922472009537,fold_15
4.1,cluster_id,Inh L2-5 VIP TYR,62,0.2710843373493976,0.34615384615384615,0.14516129032258066,15524,17,53,9,3,"['FBXO31', 'TPD52L1', 'KCNG2']","['HLA-C', 'FBXO31', 'TPD52L1', 'KCNG2', 'TEK', 'EIF3C', 'SLC4A5', 'CACNG4', 'MOB3B']",0.11702256621306688,fold_15
4.1,cluster_id,Inh L1-3 VIP CHRM2,175,0.20408163265306123,0.3333333333333333,0.08,15400,28,161,14,3,"['ZNF322', 'RNF144B', 'AMPD2']","['ZNF322', 'MXD4', 'AKR1B1', 'RNF144B', 'SLC4A5', 'AMPD2']",0.04258475910058706,fold_15
4.1,cluster_id,Inh L2-4 VIP CBLN1,67,0.1402805611222445,0.12962962962962962,0.208955223880597,15442,94,53,14,2,"['ARHGAP24', 'AMPD2']","['ZNF322', 'ARHGAP24', 'AMPD2', 'MXD4']",0.057844626010546324,fold_15
4.1,cluster_id,Inh L1-3 VIP CCDC184,64,0.28225806451612906,0.4666666666666667,0.109375,15531,8,57,7,3,"['FAM162B', 'ZNF322', 'RNF144B']","['PAICS', 'AKR1B1', 'FAM162B', 'ZNF322', 'FBXO31', 'RNF144B', 'ARHGAP24', 'KCNG2', 'AMPD2', 'SETD4']",0.04177851616769466,fold_15
4.1,cluster_id,Inh L1-3 VIP GGH,68,0.1893939393939394,0.3125,0.07352941176470588,15524,11,63,5,4,"['ZNF322', 'AKR1B1', 'TRPC6', 'MXD4']","['ZNF322', 'AKR1B1', 'TRPC6', 'PCDH15', 'PRMT1', 'MXD4']",0.008960762609067098,fold_15
4.1,cluster_id,Inh L1-2 VIP LBH,47,0.09803921568627451,1.0,0.02127659574468085,15556,0,46,1,3,"['TMEM64', 'RPLP0', 'LSG1']","['TMEM64', 'METTL4', 'POLR2C', 'RPLP0', 'LSG1', 'CYP2R1', 'NME4', 'MAPK3', 'PRMT1', 'EIF3C']",0.21437896284699953,fold_15
4.1,cluster_id,Inh L2-3 VIP CASC6,45,0.273972602739726,0.5714285714285714,0.08888888888888889,15555,3,41,4,3,"['FAM162B', 'RANBP6', 'KCNG2']","['FAM162B', 'RANBP6', 'AKR1B1', 'KCNG2', 'PRMT1', 'MXD1', 'AMPD2', 'RNF144B', 'ARHGAP24', 'PSMB2']",0.11829161221818173,fold_15
4.1,cluster_id,Inh L2-4 VIP SPAG17,33,0.46153846153846156,0.75,0.18181818181818182,15568,2,27,6,3,"['KCNG2', 'TRPC6', 'RNF144B']","['KCNG2', 'PPFIBP2', 'FAM162B', 'TRPC6', 'ARHGAP24', 'RNF144B', 'CMSS1', 'LAPTM4B', 'ADIPOR1', 'AMPD2']",0.0878578027531893,fold_15
4.1,cluster_id,Inh L1-4 VIP OPRM1,52,0.4326923076923077,0.6923076923076923,0.17307692307692307,15547,4,43,9,3,"['TRPC6', 'ARHGAP24', 'RPLP0']","['KCNG2', 'TRPC6', 'ARHGAP24', 'RPLP0', 'AMPD2']",0.05218179454841235,fold_15
4.1,cluster_id,Inh L3-6 SST NPY,15,0.813953488372093,1.0,0.4666666666666667,15588,0,8,7,3,"['CORT', 'KCNK3', 'TCTN3']","['SDR16C5', 'TYMS', 'TTC39A', 'CORT', 'KCNK3', 'TCTN3', 'THSD4', 'TRPC6', 'SMCO4', 'HMOX2']",0.36039901063564306,fold_15
4.1,cluster_id,Inh L3-6 SST HPGD,60,0.35714285714285715,1.0,0.1,15543,0,54,6,3,"['RCAN3', 'SPON1', 'CENPW']","['RCAN3', 'CORT', 'TTC39A', 'SPON1', 'CENPW', 'TRPC6', 'RER1', 'AKR1B1', 'HAVCR1', 'RNF144B']",0.10197654312049981,fold_15
4.1,cluster_id,Inh L4-6 SST B3GAT2,182,0.4219409282700422,0.547945205479452,0.21978021978021978,15388,33,142,40,2,"['RCAN3', 'TRPC6']","['RCAN3', 'CORT', 'TRPC6']",0.29916432295003814,fold_15
4.1,cluster_id,Inh L5-6 SST KLHDC8A,63,0.30434782608695654,0.5384615384615384,0.1111111111111111,15534,6,56,7,4,"['TRPC6', 'IQCE', 'CORT', 'SPPL2A']","['FZR1', 'RCAN3', 'TRPC6', 'IQCE', 'CORT', 'SPPL2A', 'CENPW', 'CACNG4', 'GNB2', 'PCDH15']",0.10602496843632862,fold_15
4.1,cluster_id,Inh L5-6 SST NPM1P10,79,0.5719557195571956,0.6458333333333334,0.3924050632911392,15507,17,48,31,2,"['ADAMTS20', 'SPON1']","['ADAMTS20', 'CDC7', 'SPON1', 'TRPC6', 'EIF3C', 'SLC25A44', 'C15orf40']",0.29735897831652314,fold_15
4.1,cluster_id,Inh L4-6 SST GXYLT2,41,0.410958904109589,0.75,0.14634146341463414,15560,2,35,6,4,"['SPARC', 'SPON1', 'TRPC6', 'CNR2']","['SPARC', 'ADAMTS20', 'RCAN3', 'SPON1', 'TRPC6', 'CNR2', 'TMEM87B', 'CTSL', 'C15orf40', 'TRMT44']",0.10298976793433112,fold_15
4.1,cluster_id,Inh L4-5 SST STK32A,93,0.37542662116040953,0.44,0.23655913978494625,15482,28,71,22,3,"['RCAN3', 'PCDH15', 'SOX6']","['RCAN3', 'PPFIBP2', 'PCDH15', 'CORT', 'SOX6']",0.051685243523633975,fold_15
4.1,cluster_id,Inh L1-3 SST CALB1,279,0.3039647577092511,0.32242990654205606,0.24731182795698925,15179,145,210,69,3,"['VRTN', 'CNR2', 'SOX6']","['EFCAB8', 'VRTN', 'CNR2', 'HAVCR1', 'TRPC6', 'SOX6']",0.1241785769665162,fold_15
4.1,cluster_id,Inh L3-5 SST ADGRG6,132,0.35060975609756095,0.46938775510204084,0.17424242424242425,15445,26,109,23,3,"['PPFIBP2', 'CORT', 'PCDH15']","['PPFIBP2', 'CNR2', 'HAVCR1', 'CORT', 'DCT', 'PCDH15', 'SOX6']",0.05172779166337165,fold_15
4.1,cluster_id,Inh L2-4 SST FRZB,64,0.1595744680851064,0.1935483870967742,0.09375,15514,25,58,6,4,"['THAP6', 'RNF144B', 'CORT', 'SLC45A1']","['THAP6', 'RNF144B', 'CORT', 'CTSL', 'SLC45A1', 'DARS2', 'PCDH15', 'SOX6', 'FAM149B1']",0.05228121071815378,fold_15
4.1,cluster_id,Inh L5-6 SST TH,27,0.29850746268656714,0.4,0.14814814814814814,15570,6,23,4,4,"['CDV3', 'PITHD1', 'CORT', 'TRPC6']","['SLC25A44', 'CDV3', 'PITHD1', 'TTC39A', 'CORT', 'TRPC6', 'AMPD2', 'POLR2C', 'SETD4', 'PRPSAP1']",0.09152398289038027,fold_15
4.1,cluster_id,Inh L5-6 LHX6 GLP1R,27,0.16129032258064516,1.0,0.037037037037037035,15576,0,26,1,2,"['KCNK3', 'TTC39A']","['SLC7A7', 'KCNK3', 'THAP4', 'TCTN3', 'ANGEL1', 'TTC39A', 'C15orf40', 'RNPEP', 'LAPTM4B', 'CLEC2L']",0.13549249626412369,fold_15
4.1,cluster_id,Inh L5-6 PVALB LGR5,52,0.4838709677419355,0.6666666666666666,0.23076923076923078,15545,6,40,12,3,"['LGR4', 'TRPC6', 'PHLDB2']","['TTC39A', 'LGR4', 'TRPC6', 'CEND1', 'SVIL', 'PHLDB2', 'RNF144B', 'RASSF8', 'DDX25', 'RIMKLA']",0.057647083635989596,fold_15
4.1,cluster_id,Inh L4-5 PVALB MEPE,64,0.2717391304347826,0.3333333333333333,0.15625,15519,20,54,10,4,"['NMD3', 'SMCO4', 'CTSL', 'RNF144B']","['IL16', 'NMD3', 'TTC39A', 'SMCO4', 'CTSL', 'RNF144B', 'ZFAND2B', 'LGR4', 'PRPSAP1', 'SGPP2']",0.11804480401848536,fold_15
4.1,cluster_id,Inh L2-4 PVALB WFDC2,387,0.4338719329742669,0.4517133956386293,0.37467700258397935,15040,176,242,145,2,"['CTSL', 'RNF144B']","['PHF7', 'AKR1B1', 'CTSL', 'ADAMTS20', 'RANBP6', 'RNF144B', 'EAF2', 'DDX25', 'RASSF8', 'PRPSAP1']",0.1383134983463519,fold_15
4.1,cluster_id,Inh L4-6 PVALB SULF1,167,0.2928647497337593,0.2849740932642487,0.32934131736526945,15298,138,112,55,2,"['RNF144B', 'PHLDB2']","['RNF144B', 'RNPEP', 'HAVCR1', 'DARS2', 'PRMT1', 'PHLDB2', 'EAF2', 'SOX6', 'PRPSAP1']",0.0602133954768354,fold_15
4.1,cluster_id,Inh L5-6 SST MIR548F2,80,0.23148148148148148,0.29411764705882354,0.125,15499,24,70,10,4,"['RANBP6', 'ADAMTS20', 'RNF144B', 'ISCA1']","['RANBP6', 'ADAMTS20', 'PC', 'AKR1B1', 'RNF144B', 'ISCA1', 'CORT', 'PCDH15', 'SCGB2B2', 'PRPSAP1']",0.06676462069974483,fold_15
4.1,cluster_id,Inh L2-5 PVALB SCUBE3,32,0.4166666666666667,1.0,0.125,15571,0,28,4,3,"['RASSF8', 'SVIL', 'SLC45A1']","['RASSF8', 'SVIL', 'SLC45A1', 'SETD4', 'RNPEP', 'HAVCR1', 'ARHGEF2', 'PHLDB2', 'C18orf32', 'PRMT1']",0.09355523560226547,fold_15
4.1,cluster_id,Exc L2 LAMP5 LTK,812,0.3345070422535211,0.5112107623318386,0.14039408866995073,14682,109,698,114,3,"['KRT17', 'TPD52L1', 'ADGRV1']","['KRT17', 'MYH9', 'TPD52L1', 'OPN3', 'ACTN4', 'ADGRV1', 'CFAP74', 'E2F3', 'SBK1', 'ZFAND2B']",0.017739391899050036,fold_15
4.1,cluster_id,Exc L2-4 LINC00507 GLP2R,170,0.13803680981595093,0.23076923076923078,0.052941176470588235,15403,30,161,9,3,"['ADGRV1', 'TPD52L1', 'CFAP74']","['OPN3', 'ADGRV1', 'TPD52L1', 'ACTN4', 'TIMM21', 'CFAP74', 'GYPB', 'TBR1', 'ADAM9', 'C16orf87']",0.03386392396237379,fold_15
4.1,cluster_id,Exc L2-3 LINC00507 FREM3,2284,0.5817115054378935,0.6913265306122449,0.35595446584938706,12956,363,1471,813,3,"['GYPB', 'TEK', 'MYH9']","['CFAP74', 'GYPB', 'TEK', 'MYH9', 'OPN3', 'SGPP2', 'ACTN4', 'KRT17', 'CDKL1', 'E2F3']",0.1192653394652745,fold_15
4.1,cluster_id,Exc L5-6 THEMIS C1QL3,1537,0.4323034080360695,0.4343770819453698,0.42420299284320107,13217,849,885,652,3,"['OPN3', 'SSTR2', 'KRT17']","['PLAC9', 'NEUROD2', 'OPN3', 'SSTR2', 'KRT17', 'CENPW', 'MYH9', 'TBR1', 'PGBD1', 'KCNN1']",0.0988277316670547,fold_15
4.1,cluster_id,Exc L3-4 RORB CARM1P1,280,0.2631578947368421,0.4444444444444444,0.1,15288,35,252,28,4,"['BMP8A', 'FAM162B', 'PPFIBP2', 'SGPP2']","['BMP8A', 'FAM162B', 'RNF103-CHMP3', 'PPFIBP2', 'SGPP2', 'THSD4', 'RAD54B', 'PHLDB2', 'SPPL2A', 'CDKL1']",0.161027751271828,fold_15
4.1,cluster_id,Exc L3-5 RORB ESR1,1428,0.36742424242424243,0.4597156398104265,0.20378151260504201,13833,342,1137,291,2,"['RAD54B', 'SBK1']","['RAD54B', 'GYPB', 'OPN3', 'SBK1', 'CDKL1', 'TBR1']",0.12126289003479462,fold_15
4.1,cluster_id,Exc L3-5 RORB COL22A1,160,0.3416666666666667,0.37272727272727274,0.25625,15374,69,119,41,1,['PHLDB2'],"['PHLDB2', 'CMSS1', 'ZSCAN30', 'CACNA1I', 'SLC4A5', 'GRAP2', 'RAD54B', 'CFAP74', 'SBK1', 'C16orf87']",0.22128259220416271,fold_15
4.1,cluster_id,Exc L3-5 RORB FILIP1L,153,0.16096579476861167,0.18604651162790697,0.10457516339869281,15380,70,137,16,4,"['BMP8A', 'GYPB', 'PHLDB2', 'CACNA1I']","['BMP8A', 'GYPB', 'RAD54B', 'PHLDB2', 'NME9', 'CACNA1I', 'SBK1', 'MYH9', 'CDKL1', 'SGPP2']",0.09175084058464113,fold_15
4.1,cluster_id,Exc L3-5 RORB TWIST2,93,0.13761467889908258,0.75,0.03225806451612903,15509,1,90,3,4,"['PHLDB2', 'RAD54B', 'CDKL1', 'CACNA1I']","['PHLDB2', 'RAD54B', 'CDKL1', 'GRAP2', 'SLC4A5', 'CACNA1I', 'FGFR1OP2', 'SBK1', 'OPN3', 'GYPB']",0.08883628503468505,fold_15
4.1,cluster_id,Exc L4-5 RORB FOLH1B,870,0.5868470736312146,0.6464471403812825,0.42873563218390803,14529,204,497,373,3,"['FAM162B', 'CENPW', 'PHLDB2']","['BTC', 'ALPL', 'GPC4', 'FAM162B', 'CENPW', 'PHLDB2', 'RAD54B', 'SGPP2', 'SSTR2', 'KRT17']",0.1534722730059035,fold_15
4.1,cluster_id,Exc L4-6 RORB SEMA3E,777,0.26914660831509846,0.32625994694960214,0.1583011583011583,14572,254,654,123,2,"['ALPL', 'CACNA1I']","['ALPL', 'NEUROD2', 'SSTR2', 'OPN3', 'PHLDB2', 'CACNA1I', 'NME9', 'TBR1', 'KRT10']",0.19167049257091373,fold_15
4.1,cluster_id,Exc L4-5 RORB DAPK2,173,0.12919896640826872,0.1214574898785425,0.17341040462427745,15213,217,143,30,3,"['PHLDB2', 'KRT10', 'GRAP2']","['PHLDB2', 'KRT10', 'OPN3', 'RAD54B', 'GRAP2']",0.12449124894530364,fold_15
4.1,cluster_id,Exc L5-6 RORB TTC12,167,0.09783368273934312,0.08860759493670886,0.16766467065868262,15148,288,139,28,5,"['BTC', 'NME9', 'SSTR2', 'TBR1', 'RNF121']","['BTC', 'NME9', 'SSTR2', 'TBR1', 'KRT17', 'RNF121', 'PHLDB2', 'RIMKLA', 'ACTN4', 'CFAP74']",0.1036789425549336,fold_15
4.1,cluster_id,Exc L4-6 RORB C1R,160,0.10989010989010989,0.1568627450980392,0.05,15400,43,152,8,2,"['ALPL', 'SSTR2']","['ALPL', 'PHLDB2', 'OPN3', 'TBR1', 'UBXN6', 'SSTR2', 'NUDT4', 'CFAP74', 'BRSK2', 'SBK1']",0.1254392791398027,fold_15
4.1,cluster_id,Exc L4-5 FEZF2 SCN4B,25,0.2830188679245283,0.42857142857142855,0.12,15574,4,22,3,5,"['FZD4', 'ZNF354C', 'CFAP74', 'CDV3', 'FAM162B']","['FZD4', 'ZNF354C', 'CFAP74', 'CDV3', 'FAM162B', 'SPARC', 'KCNN1', 'GPC4', 'SGPP2', 'SSTR2']",0.5396817156321303,fold_15
4.1,cluster_id,Exc L5-6 THEMIS DCSTAMP,53,0.1724137931034483,0.21739130434782608,0.09433962264150944,15532,18,48,5,4,"['RNF121', 'THAP4', 'KRT17', 'IQCE']","['PLAC9', 'RNF121', 'THAP4', 'KRT17', 'IQCE', 'SSTR2', 'SGPP2', 'SBK1', 'GYPB', 'TBR1']",0.177067237570224,fold_15
4.1,cluster_id,Exc L5-6 THEMIS CRABP1,147,0.36363636363636365,0.41379310344827586,0.24489795918367346,15405,51,111,36,3,"['FGF2', 'KRT17', 'SBK1']","['FGF2', 'KRT17', 'MAPK3', 'TBR1', 'SSTR2', 'SBK1', 'RPLP0', 'TRMT44', 'ACTN4', 'POLR2I']",0.1245804564902341,fold_15
4.1,cluster_id,Exc L5-6 THEMIS FGF10,78,0.19911504424778761,0.24324324324324326,0.11538461538461539,15497,28,69,9,5,"['FN3KRP', 'PLAC9', 'KRT17', 'SSTR2', 'TBR1']","['FN3KRP', 'PLAC9', 'DARS2', 'KRT17', 'SSTR2', 'TBR1', 'RINT1', 'SBK1', 'CCDC18', 'KLF7']",0.09733784774908806,fold_15
4.1,cluster_id,Exc L4-6 FEZF2 IL26,344,0.547752808988764,0.8478260869565217,0.22674418604651161,15245,14,266,78,2,"['SPON1', 'PHLDB2']","['SPATC1', 'BMP8A', 'SPON1', 'SGPP2', 'PHLDB2', 'ASPSCR1', 'RTTN', 'CDC7', 'AKR1B1', 'PGBD1']",0.1238186267654145,fold_15
4.1,cluster_id,Exc L5-6 FEZF2 ABO,373,0.28786536758193093,0.3439153439153439,0.1742627345844504,15106,124,308,65,6,"['CENPW', 'SSTR2', 'SGPP2', 'RTTN', 'CACNA1I', 'TBR1']","['CENPW', 'SSTR2', 'SGPP2', 'RTTN', 'CACNA1I', 'TBR1', 'KCNN1', 'PHLDB2', 'CDKL1', 'KCNG2']",0.09336614776080146,fold_15
4.1,cluster_id,Exc L6 FEZF2 SCUBE1,52,0.4583333333333333,0.6470588235294118,0.21153846153846154,15545,6,41,11,3,"['SLITRK6', 'DOC2B', 'ST6GALNAC6']","['SAMD9', 'SLITRK6', 'PLAUR', 'NEUROD2', 'DOC2B', 'ST6GALNAC6', 'TATDN2', 'PSMB5', 'TBR1', 'SLC25A44']",0.24022636344614043,fold_15
4.1,cluster_id,Exc L5-6 FEZF2 IL15,56,0.3448275862068966,0.5333333333333333,0.14285714285714285,15540,7,48,8,4,"['KRT17', 'EAF2', 'TMEM87B', 'WWTR1']","['ARPC4', 'KRT17', 'EAF2', 'TMEM87B', 'WWTR1', 'NUDT4', 'NEUROD2', 'HLA-C', 'PANK3', 'ATAD2']",0.2810368174453029,fold_15
4.1,cluster_id,Exc L6 FEZF2 OR2T8,19,0.4838709677419355,1.0,0.15789473684210525,15584,0,16,3,3,"['MMAA', 'SLITRK6', 'PLAUR']","['MMAA', 'PI4K2B', 'TMEM151A', 'SLITRK6', 'ARPC4', 'PLAUR', 'RNF121', 'SLC25A21', 'NEUROD2', 'DOC2B']",0.939951307996969,fold_15
4.1,cluster_id,Exc L5-6 FEZF2 EFTUD1P1,314,0.6561679790026247,0.8928571428571429,0.3184713375796178,15277,12,214,100,2,"['CFTR', 'KRT17']","['CFTR', 'RASEF', 'KRT17', 'SPARC', 'FAM162B', 'CENPW', 'WWTR1', 'RTTN', 'PRKD2', 'UPP2']",0.6334414689523011,fold_15
4.1,cluster_id,OPC L1-6 PDGFRA,238,0.8611599297012302,0.8711111111111111,0.8235294117647058,15336,29,42,196,1,['PCDH15'],"['TEK', 'CACNG4', 'PPFIBP2', 'HIP1', 'PCDH15', 'SOX6', 'ANGEL1']",0.1214328135670195,fold_15
4.1,cluster_id,Astro L1-6 FGFR3 SLC14A1,230,0.6020408163265306,0.9076923076923077,0.2565217391304348,15367,6,171,59,2,"['PLA2G5', 'EYA2']","['PLA2G5', 'PYGM', 'SPATC1', 'EYA2', 'LAMA1', 'NWD1', 'ADGRV1', 'TPD52L1', 'SPON1', 'ARHGAP24']",0.7977867446710716,fold_15
4.1,cluster_id,Astro L1-2 FGFR3 GFAP,61,0.31645569620253167,0.3409090909090909,0.2459016393442623,15513,29,46,15,1,['GPC4'],"['METTL7A', 'LAMA1', 'SPATC1', 'NWD1', 'GPC4', 'EYA2', 'FGF2', 'ADGRV1', 'SPON1', 'ID2']",0.38411157209262575,fold_15
4.1,cluster_id,Oligo L1-6 OPALIN,313,0.5016008537886874,0.6025641025641025,0.3003194888178914,15228,62,219,94,1,['MOB3B'],"['HIP1', 'MOB3B']",0.07256309156251003,fold_15
4.1,cluster_id,Endo L2-6 NOSTRIN,9,0.5882352941176471,1.0,0.2222222222222222,15594,0,7,2,2,"['THSD4', 'TEK']","['SPARC', 'THSD4', 'WWTR1', 'TEK']",0.26483187068906416,fold_15
4.1,cluster_id,Micro L1-6 TYROBP,63,0.6882591093117408,0.7391304347826086,0.5396825396825397,15528,12,29,34,1,['ANKRD44'],"['BIN2', 'SLC7A7', 'RTTN', 'HLA-C', 'ARHGAP24', 'ANKRD44', 'TAB2']",0.08984577504584722,fold_15
