software_version,cluster_header,clusterName,clusterSize,f_score,precision,recall,TN,FP,FN,TP,marker_count,NSForest_markers,binary_genes,onTarget,fold
4.1,ThirdAnnotation,Astro_1,2459,0.6960879855213699,0.8467400508044031,0.406669377795852,25985,181,1459,1000,2,"['ENSG00000038427', 'ENSG00000131386']","['ENSG00000106624', 'ENSG00000156535', 'ENSG00000175287', 'ENSG00000128833', 'ENSG00000038427', 'ENSG00000131386', 'ENSG00000144909', 'ENSG00000182902', 'ENSG00000117519', 'ENSG00000138685']",0.37002614,fold_1
4.1,ThirdAnnotation,Astro_2,1442,0.4277942631058358,0.44896193771626297,0.35991678224687934,26546,637,923,519,2,"['ENSG00000129151', 'ENSG00000144908']","['ENSG00000129151', 'ENSG00000144908', 'ENSG00000056487', 'ENSG00000182902', 'ENSG00000144909', 'ENSG00000117519', 'ENSG00000138685', 'ENSG00000182732', 'ENSG00000110693', 'ENSG00000116729']",0.49820304,fold_1
4.1,ThirdAnnotation,Astro_3,529,0.2273516140229087,0.2227891156462585,0.24763705103969755,27639,457,398,131,3,"['ENSG00000056487', 'ENSG00000144908', 'ENSG00000182902']","['ENSG00000056487', 'ENSG00000144908', 'ENSG00000117519', 'ENSG00000182902', 'ENSG00000144909', 'ENSG00000038427', 'ENSG00000101605', 'ENSG00000143878', 'ENSG00000131386', 'ENSG00000182732']",0.56258804,fold_1
4.1,ThirdAnnotation,EX_1,18,0.46296296296296297,0.5555555555555556,0.2777777777777778,28603,4,13,5,3,"['ENSG00000172197', 'ENSG00000050628', 'ENSG00000151892']","['ENSG00000172197', 'ENSG00000050628', 'ENSG00000104549', 'ENSG00000151892', 'ENSG00000170381', 'ENSG00000138442', 'ENSG00000107614', 'ENSG00000113494', 'ENSG00000104967', 'ENSG00000144847']",0.089039676,fold_1
4.1,ThirdAnnotation,EX_2,78,0.5844155844155844,0.9473684210526315,0.23076923076923078,28546,1,60,18,3,"['ENSG00000151892', 'ENSG00000050628', 'ENSG00000179542']","['ENSG00000178235', 'ENSG00000151892', 'ENSG00000050628', 'ENSG00000170381', 'ENSG00000179542', 'ENSG00000203685', 'ENSG00000258947', 'ENSG00000175866', 'ENSG00000183780', 'ENSG00000011347']",0.17274022,fold_1
4.1,ThirdAnnotation,EX_3,76,0.5405405405405406,0.8888888888888888,0.21052631578947367,28547,2,60,16,4,"['ENSG00000123643', 'ENSG00000119681', 'ENSG00000103056', 'ENSG00000175745']","['ENSG00000164270', 'ENSG00000123643', 'ENSG00000119681', 'ENSG00000103056', 'ENSG00000122490', 'ENSG00000175745', 'ENSG00000158089', 'ENSG00000164076', 'ENSG00000170381', 'ENSG00000182732']",0.33566153,fold_1
4.1,ThirdAnnotation,EX_4,141,0.6515580736543909,0.8679245283018868,0.3262411347517731,28477,7,95,46,3,"['ENSG00000073792', 'ENSG00000213983', 'ENSG00000050628']","['ENSG00000073792', 'ENSG00000213983', 'ENSG00000197702', 'ENSG00000146530', 'ENSG00000050628', 'ENSG00000157005', 'ENSG00000198732', 'ENSG00000198785', 'ENSG00000151952', 'ENSG00000203685']",0.7079273,fold_1
4.1,ThirdAnnotation,EX_5,103,0.6653992395437263,0.875,0.33980582524271846,28517,5,68,35,2,"['ENSG00000166863', 'ENSG00000146530']","['ENSG00000166863', 'ENSG00000161249', 'ENSG00000154478', 'ENSG00000146530', 'ENSG00000095587', 'ENSG00000157005', 'ENSG00000203685', 'ENSG00000158089', 'ENSG00000164076', 'ENSG00000121297']",0.76348937,fold_1
4.1,ThirdAnnotation,EX_6,56,0.46296296296296297,0.7692307692307693,0.17857142857142858,28566,3,46,10,5,"['ENSG00000063127', 'ENSG00000164211', 'ENSG00000158220', 'ENSG00000084628', 'ENSG00000169116']","['ENSG00000063127', 'ENSG00000164211', 'ENSG00000158220', 'ENSG00000146530', 'ENSG00000084628', 'ENSG00000169116', 'ENSG00000203685', 'ENSG00000180875', 'ENSG00000122025', 'ENSG00000158089']",0.46356454,fold_1
4.1,ThirdAnnotation,EX_7,42,0.7142857142857143,1.0,0.3333333333333333,28583,0,28,14,3,"['ENSG00000149527', 'ENSG00000151892', 'ENSG00000157005']","['ENSG00000149527', 'ENSG00000178235', 'ENSG00000119681', 'ENSG00000151892', 'ENSG00000157005', 'ENSG00000124302', 'ENSG00000102572', 'ENSG00000177181', 'ENSG00000164076', 'ENSG00000170381']",0.24764395,fold_1
4.1,ThirdAnnotation,EX_8,123,0.6739811912225705,0.8775510204081632,0.34959349593495936,28496,6,80,43,4,"['ENSG00000095587', 'ENSG00000050628', 'ENSG00000151892', 'ENSG00000170381']","['ENSG00000095587', 'ENSG00000050628', 'ENSG00000157005', 'ENSG00000151892', 'ENSG00000170381', 'ENSG00000124302', 'ENSG00000113494', 'ENSG00000180875', 'ENSG00000075461', 'ENSG00000174099']",0.23097318,fold_1
4.1,ThirdAnnotation,EX_9,203,0.32367972742759793,0.3958333333333333,0.18719211822660098,28364,58,165,38,3,"['ENSG00000158201', 'ENSG00000158258', 'ENSG00000177181']","['ENSG00000158201', 'ENSG00000158258', 'ENSG00000177181', 'ENSG00000065989', 'ENSG00000126934', 'ENSG00000082293', 'ENSG00000180875', 'ENSG00000182732', 'ENSG00000151952', 'ENSG00000198431']",0.17420222,fold_1
4.1,ThirdAnnotation,EX_10,65,0.20504731861198738,0.20634920634920634,0.2,28510,50,52,13,4,"['ENSG00000095587', 'ENSG00000138311', 'ENSG00000158089', 'ENSG00000175745']","['ENSG00000095587', 'ENSG00000138311', 'ENSG00000122367', 'ENSG00000158089', 'ENSG00000112561', 'ENSG00000175745', 'ENSG00000164161', 'ENSG00000186468', 'ENSG00000078269', 'ENSG00000116729']",0.10914759,fold_1
4.1,ThirdAnnotation,EX_11,77,0.5583756345177665,0.7333333333333333,0.2857142857142857,28540,8,55,22,3,"['ENSG00000124302', 'ENSG00000166025', 'ENSG00000183780']","['ENSG00000162433', 'ENSG00000179542', 'ENSG00000124302', 'ENSG00000151892', 'ENSG00000166025', 'ENSG00000183780', 'ENSG00000198785', 'ENSG00000180875', 'ENSG00000022567', 'ENSG00000107614']",0.13164584,fold_1
4.1,ThirdAnnotation,EX_12,112,0.5892857142857143,0.7857142857142857,0.29464285714285715,28504,9,79,33,4,"['ENSG00000182752', 'ENSG00000169083', 'ENSG00000163377', 'ENSG00000158089']","['ENSG00000182752', 'ENSG00000169083', 'ENSG00000131951', 'ENSG00000163377', 'ENSG00000157005', 'ENSG00000158089', 'ENSG00000151892', 'ENSG00000124302', 'ENSG00000116729', 'ENSG00000135503']",0.40713012,fold_1
4.1,ThirdAnnotation,EX_13,163,0.5095541401273885,0.6233766233766234,0.294478527607362,28433,29,115,48,3,"['ENSG00000215788', 'ENSG00000067842', 'ENSG00000077943']","['ENSG00000215788', 'ENSG00000067842', 'ENSG00000124191', 'ENSG00000173805', 'ENSG00000123360', 'ENSG00000077943', 'ENSG00000169116', 'ENSG00000151892', 'ENSG00000146376', 'ENSG00000082293']",1.0,fold_1
4.1,ThirdAnnotation,Endothelial_1,189,0.7775255391600454,0.791907514450867,0.7248677248677249,28400,36,52,137,1,['ENSG00000184113'],"['ENSG00000184113', 'ENSG00000165949', 'ENSG00000178878', 'ENSG00000100234', 'ENSG00000131386', 'ENSG00000034510', 'ENSG00000186468', 'ENSG00000166710', 'ENSG00000140416', 'ENSG00000169946']",1.0,fold_1
4.1,ThirdAnnotation,Ependymal_1,68,0.8401639344262295,0.9318181818181818,0.6029411764705882,28554,3,27,41,1,['ENSG00000186710'],"['ENSG00000186710', 'ENSG00000162643', 'ENSG00000203780', 'ENSG00000172771', 'ENSG00000140795', 'ENSG00000215217', 'ENSG00000152779', 'ENSG00000131044', 'ENSG00000183690', 'ENSG00000079974']",1.0,fold_1
4.1,ThirdAnnotation,INH_1,119,0.8394160583941606,0.9452054794520548,0.5798319327731093,28502,4,50,69,3,"['ENSG00000144227', 'ENSG00000158258', 'ENSG00000077943']","['ENSG00000154736', 'ENSG00000115290', 'ENSG00000144227', 'ENSG00000158258', 'ENSG00000077943', 'ENSG00000084628', 'ENSG00000180875', 'ENSG00000147041', 'ENSG00000151952', 'ENSG00000082293']",0.3717807,fold_1
4.1,ThirdAnnotation,INH_2,28,0.7352941176470589,1.0,0.35714285714285715,28597,0,18,10,3,"['ENSG00000164756', 'ENSG00000139044', 'ENSG00000115290']","['ENSG00000164756', 'ENSG00000116815', 'ENSG00000139044', 'ENSG00000123360', 'ENSG00000180537', 'ENSG00000115290', 'ENSG00000144227', 'ENSG00000065675', 'ENSG00000180875', 'ENSG00000198785']",1.0,fold_1
4.1,ThirdAnnotation,INH_3,66,0.6179775280898876,0.7857142857142857,0.3333333333333333,28553,6,44,22,4,"['ENSG00000110881', 'ENSG00000108950', 'ENSG00000065675', 'ENSG00000169116']","['ENSG00000110881', 'ENSG00000116852', 'ENSG00000108950', 'ENSG00000065675', 'ENSG00000169116', 'ENSG00000177181', 'ENSG00000065989', 'ENSG00000158258', 'ENSG00000187068', 'ENSG00000158089']",0.24713495,fold_1
4.1,ThirdAnnotation,INH_4,121,0.5536332179930796,0.7619047619047619,0.2644628099173554,28494,10,89,32,3,"['ENSG00000165970', 'ENSG00000174145', 'ENSG00000169116']","['ENSG00000153162', 'ENSG00000165970', 'ENSG00000174145', 'ENSG00000169116', 'ENSG00000084628', 'ENSG00000160229', 'ENSG00000077943', 'ENSG00000147041', 'ENSG00000111696', 'ENSG00000198732']",0.24306293,fold_1
4.1,ThirdAnnotation,INH_5,83,0.6621004566210046,0.8529411764705882,0.3493975903614458,28537,5,54,29,3,"['ENSG00000122585', 'ENSG00000165970', 'ENSG00000143195']","['ENSG00000122585', 'ENSG00000165970', 'ENSG00000143195', 'ENSG00000174145', 'ENSG00000082293', 'ENSG00000164161', 'ENSG00000147041', 'ENSG00000103707', 'ENSG00000180875', 'ENSG00000151952']",0.511803,fold_1
4.1,ThirdAnnotation,INH_6,162,0.715547703180212,0.801980198019802,0.5,28443,20,81,81,2,"['ENSG00000136999', 'ENSG00000174145']","['ENSG00000136999', 'ENSG00000088881', 'ENSG00000004777', 'ENSG00000180537', 'ENSG00000167642', 'ENSG00000174145', 'ENSG00000153162', 'ENSG00000147041', 'ENSG00000164076', 'ENSG00000050628']",0.6696923,fold_1
4.1,ThirdAnnotation,INH_7,53,0.7241379310344828,0.9130434782608695,0.39622641509433965,28570,2,32,21,2,"['ENSG00000122585', 'ENSG00000144227']","['ENSG00000122585', 'ENSG00000154736', 'ENSG00000153162', 'ENSG00000144227', 'ENSG00000165970', 'ENSG00000104490', 'ENSG00000158258', 'ENSG00000151952', 'ENSG00000082293', 'ENSG00000174145']",0.4141442,fold_1
4.1,ThirdAnnotation,Lymphocyte_1,155,0.620253164556962,0.8166666666666667,0.3161290322580645,28459,11,106,49,2,"['ENSG00000143119', 'ENSG00000166710']","['ENSG00000164543', 'ENSG00000065675', 'ENSG00000149273', 'ENSG00000143119', 'ENSG00000166710', 'ENSG00000124813', 'ENSG00000070882', 'ENSG00000114423', 'ENSG00000133112']",0.15610483,fold_1
4.1,ThirdAnnotation,MN_1,69,0.7837837837837838,1.0,0.42028985507246375,28556,0,40,29,2,"['ENSG00000258947', 'ENSG00000197043']","['ENSG00000258947', 'ENSG00000082641', 'ENSG00000034510', 'ENSG00000197043', 'ENSG00000147416', 'ENSG00000155980', 'ENSG00000105568', 'ENSG00000170540', 'ENSG00000105696', 'ENSG00000170315']",0.38731292,fold_1
4.1,ThirdAnnotation,Macro_1,160,0.7541899441340782,0.7769784172661871,0.675,28434,31,52,108,1,['ENSG00000124491'],"['ENSG00000124491', 'ENSG00000101336', 'ENSG00000146376', 'ENSG00000105967', 'ENSG00000165168', 'ENSG00000196126', 'ENSG00000162511', 'ENSG00000180353', 'ENSG00000143119', 'ENSG00000118855']",1.0,fold_1
4.1,ThirdAnnotation,Meninges_1,93,0.7719298245614035,0.9166666666666666,0.4731182795698925,28528,4,49,44,2,"['ENSG00000126778', 'ENSG00000124107']","['ENSG00000126778', 'ENSG00000124107', 'ENSG00000173848', 'ENSG00000144476', 'ENSG00000139178', 'ENSG00000108950', 'ENSG00000104490', 'ENSG00000102572', 'ENSG00000022567', 'ENSG00000175745']",1.0,fold_1
4.1,ThirdAnnotation,Meninges_2,165,0.48632218844984804,0.7804878048780488,0.19393939393939394,28451,9,133,32,2,"['ENSG00000000971', 'ENSG00000117525']","['ENSG00000000971', 'ENSG00000117525', 'ENSG00000168477', 'ENSG00000187498', 'ENSG00000100234', 'ENSG00000175745', 'ENSG00000102572', 'ENSG00000140416']",1.0,fold_1
4.1,ThirdAnnotation,Micro_1,964,0.4629963898916967,0.44842657342657344,0.5321576763485477,27030,631,451,513,2,"['ENSG00000165168', 'ENSG00000145685']","['ENSG00000101336', 'ENSG00000142583', 'ENSG00000165168', 'ENSG00000198223', 'ENSG00000105967', 'ENSG00000145685', 'ENSG00000180353', 'ENSG00000143119', 'ENSG00000124813', 'ENSG00000104043']",0.17775883,fold_1
4.1,ThirdAnnotation,Micro_2,472,0.2638751238850347,0.23905723905723905,0.451271186440678,27475,678,259,213,2,"['ENSG00000198223', 'ENSG00000145685']","['ENSG00000142583', 'ENSG00000101336', 'ENSG00000198223', 'ENSG00000145685', 'ENSG00000165168', 'ENSG00000105967', 'ENSG00000162511', 'ENSG00000143119', 'ENSG00000180353', 'ENSG00000136603']",0.18263876,fold_1
4.1,ThirdAnnotation,Micro_3,432,0.4427792915531335,0.5019305019305019,0.30092592592592593,28064,129,302,130,2,"['ENSG00000136235', 'ENSG00000196126']","['ENSG00000136235', 'ENSG00000196126', 'ENSG00000198223', 'ENSG00000105967', 'ENSG00000162511', 'ENSG00000165168', 'ENSG00000145685', 'ENSG00000180353', 'ENSG00000070882', 'ENSG00000124813']",0.5858422,fold_1
4.1,ThirdAnnotation,Micro_4,291,0.1269276393831554,0.109072375127421,0.36769759450171824,27460,874,184,107,2,"['ENSG00000142583', 'ENSG00000145685']","['ENSG00000142583', 'ENSG00000145685', 'ENSG00000165168', 'ENSG00000198223', 'ENSG00000105967', 'ENSG00000180353', 'ENSG00000198121', 'ENSG00000143119', 'ENSG00000124813', 'ENSG00000104043']",0.15470345,fold_1
4.1,ThirdAnnotation,Micro_5,216,0.18032786885245902,0.1752988047808765,0.2037037037037037,28202,207,172,44,4,"['ENSG00000198223', 'ENSG00000196126', 'ENSG00000162511', 'ENSG00000180353']","['ENSG00000198223', 'ENSG00000196126', 'ENSG00000162511', 'ENSG00000142583', 'ENSG00000180353', 'ENSG00000145685', 'ENSG00000136603', 'ENSG00000068724', 'ENSG00000124813', 'ENSG00000104043']",0.18479463,fold_1
4.1,ThirdAnnotation,Micro_6,116,0.352112676056338,0.47619047619047616,0.1724137931034483,28487,22,96,20,3,"['ENSG00000008988', 'ENSG00000034510', 'ENSG00000196126']","['ENSG00000008988', 'ENSG00000186468', 'ENSG00000162511', 'ENSG00000034510', 'ENSG00000122406', 'ENSG00000196126', 'ENSG00000165168', 'ENSG00000145685', 'ENSG00000149273', 'ENSG00000070882']",0.22182314,fold_1
4.1,ThirdAnnotation,OligoProg_1,86,0.18867924528301888,0.8,0.046511627906976744,28538,1,82,4,1,['ENSG00000198732'],"['ENSG00000138311', 'ENSG00000198732', 'ENSG00000164161', 'ENSG00000112561', 'ENSG00000104549', 'ENSG00000112972', 'ENSG00000110693', 'ENSG00000173905', 'ENSG00000198121', 'ENSG00000054690']",0.2377991,fold_1
4.1,ThirdAnnotation,Oligo_1,3214,0.6442427478198968,0.7218344965104686,0.4505289359054138,24853,558,1766,1448,3,"['ENSG00000151388', 'ENSG00000166450', 'ENSG00000172197']","['ENSG00000151388', 'ENSG00000166450', 'ENSG00000197993', 'ENSG00000163377', 'ENSG00000172197', 'ENSG00000136870', 'ENSG00000100097', 'ENSG00000122367', 'ENSG00000131386', 'ENSG00000078269']",1.0,fold_1
4.1,ThirdAnnotation,Oligo_2,4013,0.37625589501742873,0.36029844885136464,0.4572638923498629,21354,3258,2178,1835,2,"['ENSG00000172197', 'ENSG00000078269']","['ENSG00000172197', 'ENSG00000122367', 'ENSG00000100097', 'ENSG00000136541', 'ENSG00000108387', 'ENSG00000078269', 'ENSG00000164161', 'ENSG00000015592', 'ENSG00000167123', 'ENSG00000198121']",0.2070626,fold_1
4.1,ThirdAnnotation,Oligo_3,7002,0.5818310715009115,0.6095490716180372,0.4922879177377892,19415,2208,3555,3447,2,"['ENSG00000108387', 'ENSG00000164161']","['ENSG00000204278', 'ENSG00000108387', 'ENSG00000164161', 'ENSG00000116574', 'ENSG00000122367', 'ENSG00000167106', 'ENSG00000198121', 'ENSG00000167123', 'ENSG00000078269', 'ENSG00000054690']",0.25402862,fold_1
4.1,ThirdAnnotation,Oligo_4,2500,0.23213654050229926,0.208789023662756,0.42,22146,3979,1450,1050,4,"['ENSG00000108387', 'ENSG00000164161', 'ENSG00000136541', 'ENSG00000198121']","['ENSG00000108387', 'ENSG00000164161', 'ENSG00000122367', 'ENSG00000136541', 'ENSG00000167106', 'ENSG00000198121', 'ENSG00000078269', 'ENSG00000167123', 'ENSG00000015592', 'ENSG00000054690']",0.2143721,fold_1
4.1,ThirdAnnotation,Opc_1,2000,0.8453290246768508,0.9575707154742097,0.5755,26574,51,849,1151,2,"['ENSG00000038427', 'ENSG00000198732']","['ENSG00000127325', 'ENSG00000038427', 'ENSG00000104490', 'ENSG00000198732', 'ENSG00000143195', 'ENSG00000077943', 'ENSG00000110693', 'ENSG00000173905', 'ENSG00000151952', 'ENSG00000169946']",0.4441772,fold_1
4.1,ThirdAnnotation,Pericyte_1,101,0.5415162454873647,0.6818181818181818,0.297029702970297,28510,14,71,30,1,['ENSG00000187498'],"['ENSG00000101335', 'ENSG00000187498', 'ENSG00000100234', 'ENSG00000143878', 'ENSG00000100097', 'ENSG00000186468', 'ENSG00000034510', 'ENSG00000196531', 'ENSG00000166710', 'ENSG00000149273']",0.84838194,fold_1
4.1,ThirdAnnotation,Astro_1,2459,0.7544419134396355,0.777829967120714,0.6734444896299309,25693,473,803,1656,2,"['ENSG00000038427', 'ENSG00000135063']","['ENSG00000056998', 'ENSG00000038427', 'ENSG00000135063', 'ENSG00000240583', 'ENSG00000117519', 'ENSG00000120907', 'ENSG00000143772', 'ENSG00000174628', 'ENSG00000128536', 'ENSG00000170485']",0.3510099,fold_2
4.1,ThirdAnnotation,Astro_2,1442,0.519584916691026,0.5266666666666666,0.4930651872399445,26544,639,731,711,2,"['ENSG00000135063', 'ENSG00000198963']","['ENSG00000240583', 'ENSG00000135063', 'ENSG00000117519', 'ENSG00000143772', 'ENSG00000198963', 'ENSG00000128536', 'ENSG00000140090', 'ENSG00000137936', 'ENSG00000170485', 'ENSG00000145794']",0.24356663,fold_2
4.1,ThirdAnnotation,Astro_3,529,0.2554027504911591,0.25793650793650796,0.24574669187145556,27722,374,399,130,2,"['ENSG00000117519', 'ENSG00000198963']","['ENSG00000117519', 'ENSG00000240583', 'ENSG00000038427', 'ENSG00000163638', 'ENSG00000135063', 'ENSG00000198963', 'ENSG00000143772', 'ENSG00000174628', 'ENSG00000128536', 'ENSG00000170485']",0.2712908,fold_2
4.1,ThirdAnnotation,EX_1,18,0.39473684210526316,0.6,0.16666666666666666,28605,2,15,3,3,"['ENSG00000162444', 'ENSG00000125895', 'ENSG00000134222']","['ENSG00000162444', 'ENSG00000125895', 'ENSG00000197448', 'ENSG00000134222', 'ENSG00000163050', 'ENSG00000070193', 'ENSG00000256771', 'ENSG00000107611', 'ENSG00000182240', 'ENSG00000128655']",0.38263413,fold_2
4.1,ThirdAnnotation,EX_2,78,0.6910569105691057,0.8095238095238095,0.4358974358974359,28539,8,44,34,3,"['ENSG00000147655', 'ENSG00000164483', 'ENSG00000170381']","['ENSG00000147655', 'ENSG00000144152', 'ENSG00000100473', 'ENSG00000164483', 'ENSG00000187955', 'ENSG00000170381', 'ENSG00000128655', 'ENSG00000183780', 'ENSG00000134533', 'ENSG00000140090']",0.19432198,fold_2
4.1,ThirdAnnotation,EX_3,76,0.6338028169014085,0.6923076923076923,0.47368421052631576,28533,16,40,36,3,"['ENSG00000165023', 'ENSG00000164483', 'ENSG00000170381']","['ENSG00000165023', 'ENSG00000119681', 'ENSG00000164483', 'ENSG00000175745', 'ENSG00000143499', 'ENSG00000170381', 'ENSG00000179242', 'ENSG00000128655', 'ENSG00000170485', 'ENSG00000140090']",0.18456335,fold_2
4.1,ThirdAnnotation,EX_4,141,0.43942992874109266,0.5285714285714286,0.2624113475177305,28451,33,104,37,4,"['ENSG00000072135', 'ENSG00000070193', 'ENSG00000107611', 'ENSG00000157570']","['ENSG00000072135', 'ENSG00000070193', 'ENSG00000162368', 'ENSG00000180611', 'ENSG00000107611', 'ENSG00000157570', 'ENSG00000203685', 'ENSG00000164100', 'ENSG00000128536', 'ENSG00000170485']",0.2684458,fold_2
4.1,ThirdAnnotation,EX_5,103,0.7190635451505016,0.8775510204081632,0.4174757281553398,28516,6,60,43,4,"['ENSG00000133454', 'ENSG00000100473', 'ENSG00000203685', 'ENSG00000187955']","['ENSG00000133454', 'ENSG00000007062', 'ENSG00000100473', 'ENSG00000070193', 'ENSG00000203685', 'ENSG00000187955', 'ENSG00000109158', 'ENSG00000157570', 'ENSG00000115944', 'ENSG00000135048']",0.26845008,fold_2
4.1,ThirdAnnotation,EX_6,56,0.6048387096774194,0.8823529411764706,0.26785714285714285,28567,2,41,15,4,"['ENSG00000147655', 'ENSG00000164099', 'ENSG00000145808', 'ENSG00000164100']","['ENSG00000125895', 'ENSG00000147655', 'ENSG00000164099', 'ENSG00000145808', 'ENSG00000070193', 'ENSG00000164100', 'ENSG00000135750', 'ENSG00000203685', 'ENSG00000157570', 'ENSG00000107147']",0.29699,fold_2
4.1,ThirdAnnotation,EX_7,42,0.7727272727272727,1.0,0.40476190476190477,28583,0,25,17,4,"['ENSG00000144152', 'ENSG00000119681', 'ENSG00000157404', 'ENSG00000162733']","['ENSG00000063438', 'ENSG00000144152', 'ENSG00000119681', 'ENSG00000157404', 'ENSG00000162733', 'ENSG00000171451', 'ENSG00000179242', 'ENSG00000187955', 'ENSG00000140090', 'ENSG00000151490']",0.4849658,fold_2
4.1,ThirdAnnotation,EX_8,123,0.7033639143730887,0.9019607843137255,0.37398373983739835,28497,5,77,46,3,"['ENSG00000107438', 'ENSG00000128849', 'ENSG00000170381']","['ENSG00000107438', 'ENSG00000134013', 'ENSG00000128849', 'ENSG00000170381', 'ENSG00000155530', 'ENSG00000107611', 'ENSG00000128655', 'ENSG00000203685', 'ENSG00000151490', 'ENSG00000134533']",0.272252,fold_2
4.1,ThirdAnnotation,EX_9,203,0.36626916524701875,0.4479166666666667,0.21182266009852216,28369,53,160,43,4,"['ENSG00000115353', 'ENSG00000120907', 'ENSG00000065989', 'ENSG00000142197']","['ENSG00000115353', 'ENSG00000120907', 'ENSG00000162368', 'ENSG00000065989', 'ENSG00000178209', 'ENSG00000142197', 'ENSG00000179242', 'ENSG00000143499', 'ENSG00000099365', 'ENSG00000139364']",0.14751497,fold_2
4.1,ThirdAnnotation,EX_10,65,0.062111801242236024,0.08333333333333333,0.03076923076923077,28538,22,63,2,4,"['ENSG00000115271', 'ENSG00000106682', 'ENSG00000072864', 'ENSG00000175745']","['ENSG00000115271', 'ENSG00000106682', 'ENSG00000072864', 'ENSG00000170775', 'ENSG00000141540', 'ENSG00000175745', 'ENSG00000132702', 'ENSG00000135074', 'ENSG00000130787', 'ENSG00000013297']",0.11007297,fold_2
4.1,ThirdAnnotation,EX_11,77,0.3815261044176707,0.4418604651162791,0.24675324675324675,28524,24,58,19,5,"['ENSG00000115353', 'ENSG00000119636', 'ENSG00000158079', 'ENSG00000135750', 'ENSG00000107611']","['ENSG00000115353', 'ENSG00000115170', 'ENSG00000119636', 'ENSG00000158079', 'ENSG00000135750', 'ENSG00000107611', 'ENSG00000155530', 'ENSG00000128655', 'ENSG00000133818', 'ENSG00000157570']",0.21149795,fold_2
4.1,ThirdAnnotation,EX_12,112,0.65625,0.8076923076923077,0.375,28503,10,70,42,2,"['ENSG00000204262', 'ENSG00000163032']","['ENSG00000204262', 'ENSG00000145808', 'ENSG00000174996', 'ENSG00000163050', 'ENSG00000163032', 'ENSG00000175745', 'ENSG00000109118', 'ENSG00000128951', 'ENSG00000135074', 'ENSG00000128655']",0.58784384,fold_2
4.1,ThirdAnnotation,EX_13,163,0.5649717514124294,0.6521739130434783,0.36809815950920244,28430,32,103,60,4,"['ENSG00000175093', 'ENSG00000130558', 'ENSG00000173805', 'ENSG00000115353']","['ENSG00000175093', 'ENSG00000130558', 'ENSG00000173805', 'ENSG00000123360', 'ENSG00000115353', 'ENSG00000183837', 'ENSG00000107147', 'ENSG00000179242', 'ENSG00000133818', 'ENSG00000142197']",0.63128495,fold_2
4.1,ThirdAnnotation,Endothelial_1,189,0.7417974322396577,0.8125,0.5502645502645502,28412,24,85,104,1,['ENSG00000118777'],"['ENSG00000118777', 'ENSG00000164035', 'ENSG00000158710', 'ENSG00000128849', 'ENSG00000117318', 'ENSG00000163638', 'ENSG00000182240', 'ENSG00000156313', 'ENSG00000135048', 'ENSG00000110841']",1.0,fold_2
4.1,ThirdAnnotation,Ependymal_1,68,0.7777777777777778,1.0,0.4117647058823529,28557,0,40,28,2,"['ENSG00000154099', 'ENSG00000181378']","['ENSG00000154099', 'ENSG00000181378', 'ENSG00000132554', 'ENSG00000183346', 'ENSG00000165802', 'ENSG00000119636', 'ENSG00000056998', 'ENSG00000156313', 'ENSG00000155530', 'ENSG00000104450']",1.0,fold_2
4.1,ThirdAnnotation,INH_1,119,0.4610951008645533,0.5614035087719298,0.2689075630252101,28481,25,87,32,4,"['ENSG00000179242', 'ENSG00000157570', 'ENSG00000143499', 'ENSG00000135074']","['ENSG00000197757', 'ENSG00000173805', 'ENSG00000179242', 'ENSG00000157570', 'ENSG00000143499', 'ENSG00000135074', 'ENSG00000107147', 'ENSG00000136040', 'ENSG00000164100', 'ENSG00000155561']",0.13866797,fold_2
4.1,ThirdAnnotation,INH_2,28,0.7738095238095238,0.9285714285714286,0.4642857142857143,28596,1,15,13,4,"['ENSG00000112218', 'ENSG00000123360', 'ENSG00000157404', 'ENSG00000169031']","['ENSG00000124467', 'ENSG00000112218', 'ENSG00000123360', 'ENSG00000164099', 'ENSG00000157404', 'ENSG00000169031', 'ENSG00000168081', 'ENSG00000198963', 'ENSG00000155530', 'ENSG00000107147']",0.65788627,fold_2
4.1,ThirdAnnotation,INH_3,66,0.6868131868131868,0.8620689655172413,0.3787878787878788,28555,4,41,25,3,"['ENSG00000237289', 'ENSG00000187955', 'ENSG00000128536']","['ENSG00000237289', 'ENSG00000076716', 'ENSG00000187955', 'ENSG00000135750', 'ENSG00000128536', 'ENSG00000065989', 'ENSG00000135074', 'ENSG00000100473', 'ENSG00000143499', 'ENSG00000107147']",0.19393994,fold_2
4.1,ThirdAnnotation,INH_4,121,0.6156156156156156,0.7735849056603774,0.33884297520661155,28492,12,80,41,3,"['ENSG00000168081', 'ENSG00000180611', 'ENSG00000136040']","['ENSG00000168081', 'ENSG00000130558', 'ENSG00000180611', 'ENSG00000136040', 'ENSG00000164048', 'ENSG00000146856', 'ENSG00000155530', 'ENSG00000120907', 'ENSG00000157927', 'ENSG00000115944']",0.32025114,fold_2
4.1,ThirdAnnotation,INH_5,83,0.7722007722007722,0.9090909090909091,0.4819277108433735,28538,4,43,40,3,"['ENSG00000181744', 'ENSG00000120907', 'ENSG00000164483']","['ENSG00000136261', 'ENSG00000181744', 'ENSG00000145808', 'ENSG00000120907', 'ENSG00000168081', 'ENSG00000164483', 'ENSG00000164100', 'ENSG00000187955', 'ENSG00000151490', 'ENSG00000107147']",0.33414724,fold_2
4.1,ThirdAnnotation,INH_6,162,0.6951219512195121,0.9193548387096774,0.35185185185185186,28458,5,105,57,2,"['ENSG00000101327', 'ENSG00000091879']","['ENSG00000101327', 'ENSG00000091879', 'ENSG00000165023', 'ENSG00000198963', 'ENSG00000171451', 'ENSG00000115353', 'ENSG00000136040', 'ENSG00000120907', 'ENSG00000155530', 'ENSG00000157927']",1.0,fold_2
4.1,ThirdAnnotation,INH_7,53,0.2459016393442623,0.23809523809523808,0.2830188679245283,28524,48,38,15,5,"['ENSG00000164879', 'ENSG00000146856', 'ENSG00000065989', 'ENSG00000099365', 'ENSG00000142197']","['ENSG00000164879', 'ENSG00000146856', 'ENSG00000183837', 'ENSG00000065989', 'ENSG00000099365', 'ENSG00000142197', 'ENSG00000133818', 'ENSG00000179242', 'ENSG00000128536', 'ENSG00000183696']",0.23083265,fold_2
4.1,ThirdAnnotation,Lymphocyte_1,155,0.6901408450704225,0.98,0.3161290322580645,28469,1,106,49,2,"['ENSG00000165929', 'ENSG00000121966']","['ENSG00000165929', 'ENSG00000121966', 'ENSG00000083845', 'ENSG00000089157', 'ENSG00000204628', 'ENSG00000130255', 'ENSG00000164483', 'ENSG00000131504', 'ENSG00000155307', 'ENSG00000125354']",1.0,fold_2
4.1,ThirdAnnotation,MN_1,69,0.6551724137931034,1.0,0.2753623188405797,28556,0,50,19,2,"['ENSG00000127824', 'ENSG00000155980']","['ENSG00000127824', 'ENSG00000171314', 'ENSG00000128245', 'ENSG00000069329', 'ENSG00000008056', 'ENSG00000155980', 'ENSG00000103034', 'ENSG00000125827', 'ENSG00000167552', 'ENSG00000133872']",0.62118083,fold_2
4.1,ThirdAnnotation,Macro_1,160,0.4852941176470588,0.7333333333333333,0.20625,28453,12,127,33,2,"['ENSG00000010327', 'ENSG00000004399']","['ENSG00000010327', 'ENSG00000004399', 'ENSG00000091831', 'ENSG00000173372', 'ENSG00000101336', 'ENSG00000132405', 'ENSG00000038945', 'ENSG00000165168', 'ENSG00000139679', 'ENSG00000254087']",1.0,fold_2
4.1,ThirdAnnotation,Meninges_1,93,0.7475083056478405,0.8653846153846154,0.4838709677419355,28525,7,48,45,2,"['ENSG00000126778', 'ENSG00000073282']","['ENSG00000126778', 'ENSG00000173848', 'ENSG00000073282', 'ENSG00000117143', 'ENSG00000117318', 'ENSG00000182240', 'ENSG00000175745', 'ENSG00000110841', 'ENSG00000121440', 'ENSG00000106615']",1.0,fold_2
4.1,ThirdAnnotation,Meninges_2,165,0.517799352750809,0.8888888888888888,0.19393939393939394,28456,4,133,32,2,"['ENSG00000168477', 'ENSG00000112769']","['ENSG00000168477', 'ENSG00000139926', 'ENSG00000112769', 'ENSG00000182158', 'ENSG00000175745', 'ENSG00000110841', 'ENSG00000121440', 'ENSG00000013297', 'ENSG00000138639']",0.73474544,fold_2
4.1,ThirdAnnotation,Micro_1,964,0.4655094679891794,0.47580645161290325,0.4284232365145228,27206,455,551,413,2,"['ENSG00000171488', 'ENSG00000165025']","['ENSG00000171488', 'ENSG00000165168', 'ENSG00000154237', 'ENSG00000165025', 'ENSG00000038945', 'ENSG00000139679', 'ENSG00000254087', 'ENSG00000148429', 'ENSG00000082074', 'ENSG00000138639']",0.19800128,fold_2
4.1,ThirdAnnotation,Micro_2,472,0.2939233817701453,0.27856025039123633,0.3771186440677966,27692,461,294,178,3,"['ENSG00000154237', 'ENSG00000254087', 'ENSG00000155307']","['ENSG00000171488', 'ENSG00000154237', 'ENSG00000165168', 'ENSG00000165025', 'ENSG00000254087', 'ENSG00000155307', 'ENSG00000038945', 'ENSG00000132405', 'ENSG00000139679', 'ENSG00000082074']",0.16350694,fold_2
4.1,ThirdAnnotation,Micro_3,432,0.2412974683544304,0.23282442748091603,0.2824074074074074,27791,402,310,122,3,"['ENSG00000242574', 'ENSG00000038945', 'ENSG00000155307']","['ENSG00000242574', 'ENSG00000154237', 'ENSG00000038945', 'ENSG00000165025', 'ENSG00000155307', 'ENSG00000139679', 'ENSG00000254087', 'ENSG00000082074', 'ENSG00000138639', 'ENSG00000151702']",0.15426077,fold_2
4.1,ThirdAnnotation,Micro_4,291,0.11796108145341828,0.09934735315445975,0.47079037800687284,27092,1242,154,137,2,"['ENSG00000165168', 'ENSG00000254087']","['ENSG00000171488', 'ENSG00000165168', 'ENSG00000154237', 'ENSG00000254087', 'ENSG00000165025', 'ENSG00000139679', 'ENSG00000038945', 'ENSG00000082074', 'ENSG00000132405', 'ENSG00000155307']",0.14060542,fold_2
4.1,ThirdAnnotation,Micro_5,216,0.15625,0.1482758620689655,0.19907407407407407,28162,247,173,43,2,"['ENSG00000038945', 'ENSG00000132405']","['ENSG00000242574', 'ENSG00000038945', 'ENSG00000132405', 'ENSG00000139679', 'ENSG00000165025', 'ENSG00000254087', 'ENSG00000154237', 'ENSG00000155307', 'ENSG00000068724', 'ENSG00000082074']",0.15839224,fold_2
4.1,ThirdAnnotation,Micro_6,116,0.3055555555555556,0.6875,0.09482758620689655,28504,5,105,11,3,"['ENSG00000241343', 'ENSG00000173372', 'ENSG00000089009']","['ENSG00000241343', 'ENSG00000172809', 'ENSG00000173372', 'ENSG00000089009', 'ENSG00000242574', 'ENSG00000122406', 'ENSG00000165168', 'ENSG00000139679', 'ENSG00000165025', 'ENSG00000254087']",0.51805073,fold_2
4.1,ThirdAnnotation,OligoProg_1,86,0.4012345679012346,0.6842105263157895,0.1511627906976744,28533,6,73,13,1,['ENSG00000139364'],"['ENSG00000139364', 'ENSG00000141540', 'ENSG00000170775', 'ENSG00000013297', 'ENSG00000184144', 'ENSG00000132702', 'ENSG00000145794', 'ENSG00000170381', 'ENSG00000130787', 'ENSG00000065809']",0.20729613,fold_2
4.1,ThirdAnnotation,Oligo_1,3214,0.5495786265017034,0.617632241813602,0.3814561294337274,24652,759,1988,1226,3,"['ENSG00000160678', 'ENSG00000135535', 'ENSG00000182240']","['ENSG00000160678', 'ENSG00000125820', 'ENSG00000197448', 'ENSG00000135535', 'ENSG00000182240', 'ENSG00000072864', 'ENSG00000132702', 'ENSG00000141540', 'ENSG00000145794', 'ENSG00000143772']",0.49132043,fold_2
4.1,ThirdAnnotation,Oligo_2,4013,0.32419609910384817,0.30976365749709417,0.3984550211811612,21049,3563,2414,1599,2,"['ENSG00000182240', 'ENSG00000132702']","['ENSG00000135535', 'ENSG00000072864', 'ENSG00000182240', 'ENSG00000141540', 'ENSG00000132702', 'ENSG00000170775', 'ENSG00000130787', 'ENSG00000184144', 'ENSG00000145794', 'ENSG00000013297']",0.14036949,fold_2
4.1,ThirdAnnotation,Oligo_3,7002,0.5272863661936613,0.5400128040973111,0.4818623250499857,18749,2874,3628,3374,1,['ENSG00000204278'],"['ENSG00000204278', 'ENSG00000141540', 'ENSG00000170775', 'ENSG00000072864', 'ENSG00000132702', 'ENSG00000184144', 'ENSG00000143772', 'ENSG00000130787', 'ENSG00000013297', 'ENSG00000145794']",0.65082425,fold_2
4.1,ThirdAnnotation,Oligo_4,2500,0.1963330185709789,0.16808892881203683,0.5988,18716,7409,1003,1497,3,"['ENSG00000170775', 'ENSG00000141540', 'ENSG00000184144']","['ENSG00000154642', 'ENSG00000072864', 'ENSG00000170775', 'ENSG00000141540', 'ENSG00000132702', 'ENSG00000184144', 'ENSG00000143772', 'ENSG00000013297', 'ENSG00000130787', 'ENSG00000145794']",0.20730658,fold_2
4.1,ThirdAnnotation,Opc_1,2000,0.8243840808591283,0.96398891966759,0.522,26586,39,956,1044,2,"['ENSG00000038427', 'ENSG00000170381']","['ENSG00000169031', 'ENSG00000038427', 'ENSG00000171451', 'ENSG00000130787', 'ENSG00000170381', 'ENSG00000139364', 'ENSG00000179241', 'ENSG00000175928', 'ENSG00000058668']",0.33795744,fold_2
4.1,ThirdAnnotation,Pericyte_1,101,0.39344262295081966,0.47058823529411764,0.2376237623762376,28497,27,77,24,1,['ENSG00000163638'],"['ENSG00000163638', 'ENSG00000110841']",0.5489495,fold_2
4.1,ThirdAnnotation,Astro_1,2459,0.6095271617974891,0.6853562005277045,0.4225294835298902,25689,477,1420,1039,2,"['ENSG00000127241', 'ENSG00000141469']","['ENSG00000127241', 'ENSG00000183943', 'ENSG00000141469', 'ENSG00000182175', 'ENSG00000102362', 'ENSG00000149090', 'ENSG00000143772', 'ENSG00000174628', 'ENSG00000103740', 'ENSG00000152767']",0.6652334,fold_3
4.1,ThirdAnnotation,Astro_2,1442,0.6039603960396039,0.6762749445676275,0.42302357836338417,26891,292,832,610,2,"['ENSG00000133067', 'ENSG00000141469']","['ENSG00000133067', 'ENSG00000164089', 'ENSG00000182175', 'ENSG00000129521', 'ENSG00000158186', 'ENSG00000141469', 'ENSG00000102362', 'ENSG00000149090', 'ENSG00000143772', 'ENSG00000152767']",0.67736155,fold_3
4.1,ThirdAnnotation,Astro_3,529,0.39249890972525076,0.40816326530612246,0.34026465028355385,27835,261,349,180,3,"['ENSG00000164089', 'ENSG00000129521', 'ENSG00000149090']","['ENSG00000103710', 'ENSG00000164089', 'ENSG00000101680', 'ENSG00000129521', 'ENSG00000141469', 'ENSG00000149090', 'ENSG00000152583', 'ENSG00000143772', 'ENSG00000152767', 'ENSG00000103740']",0.4071581,fold_3
4.1,ThirdAnnotation,EX_1,18,0.2127659574468085,0.21052631578947367,0.2222222222222222,28592,15,14,4,4,"['ENSG00000108375', 'ENSG00000132911', 'ENSG00000187950', 'ENSG00000111450']","['ENSG00000108375', 'ENSG00000071967', 'ENSG00000132911', 'ENSG00000187950', 'ENSG00000111450', 'ENSG00000140403', 'ENSG00000151892', 'ENSG00000028116', 'ENSG00000135643', 'ENSG00000053328']",0.2891046,fold_3
4.1,ThirdAnnotation,EX_2,78,0.6989247311827957,0.9629629629629629,0.3333333333333333,28546,1,52,26,3,"['ENSG00000168032', 'ENSG00000151892', 'ENSG00000145703']","['ENSG00000132274', 'ENSG00000168032', 'ENSG00000176273', 'ENSG00000151892', 'ENSG00000145703', 'ENSG00000089199', 'ENSG00000185742', 'ENSG00000134215', 'ENSG00000134533', 'ENSG00000171208']",0.26000488,fold_3
4.1,ThirdAnnotation,EX_3,76,0.28716216216216217,0.3090909090909091,0.2236842105263158,28511,38,59,17,4,"['ENSG00000152056', 'ENSG00000187720', 'ENSG00000162729', 'ENSG00000185742']","['ENSG00000152056', 'ENSG00000143742', 'ENSG00000187720', 'ENSG00000162729', 'ENSG00000126705', 'ENSG00000185742', 'ENSG00000111696', 'ENSG00000111450', 'ENSG00000134533', 'ENSG00000143995']",0.10440789,fold_3
4.1,ThirdAnnotation,EX_4,141,0.4461942257217848,0.5666666666666667,0.24113475177304963,28458,26,107,34,4,"['ENSG00000106537', 'ENSG00000091622', 'ENSG00000118971', 'ENSG00000064655']","['ENSG00000106537', 'ENSG00000091622', 'ENSG00000118971', 'ENSG00000064655', 'ENSG00000187950', 'ENSG00000168490', 'ENSG00000111696', 'ENSG00000204131', 'ENSG00000138134', 'ENSG00000188517']",0.22994226,fold_3
4.1,ThirdAnnotation,EX_5,103,0.7951482479784366,0.8805970149253731,0.5728155339805825,28514,8,44,59,3,"['ENSG00000109255', 'ENSG00000047617', 'ENSG00000184677']","['ENSG00000109255', 'ENSG00000010438', 'ENSG00000196557', 'ENSG00000047617', 'ENSG00000168032', 'ENSG00000184677', 'ENSG00000182175', 'ENSG00000183654', 'ENSG00000204131', 'ENSG00000121297']",0.250907,fold_3
4.1,ThirdAnnotation,EX_6,56,0.5288461538461539,0.9166666666666666,0.19642857142857142,28568,1,45,11,4,"['ENSG00000167528', 'ENSG00000089250', 'ENSG00000170419', 'ENSG00000182568']","['ENSG00000167528', 'ENSG00000089250', 'ENSG00000170419', 'ENSG00000182568', 'ENSG00000091622', 'ENSG00000106714', 'ENSG00000145920', 'ENSG00000188517', 'ENSG00000111696', 'ENSG00000162374']",0.46332234,fold_3
4.1,ThirdAnnotation,EX_7,42,0.8461538461538461,1.0,0.5238095238095238,28583,0,20,22,4,"['ENSG00000175274', 'ENSG00000141668', 'ENSG00000102362', 'ENSG00000151892']","['ENSG00000175274', 'ENSG00000141668', 'ENSG00000136720', 'ENSG00000089199', 'ENSG00000102362', 'ENSG00000151892', 'ENSG00000134215', 'ENSG00000162729', 'ENSG00000187720', 'ENSG00000185742']",0.40406805,fold_3
4.1,ThirdAnnotation,EX_8,123,0.6559766763848397,0.8181818181818182,0.36585365853658536,28492,10,78,45,3,"['ENSG00000132911', 'ENSG00000140403', 'ENSG00000151892']","['ENSG00000136383', 'ENSG00000175356', 'ENSG00000187950', 'ENSG00000132911', 'ENSG00000140403', 'ENSG00000151892', 'ENSG00000134215', 'ENSG00000134533', 'ENSG00000157542', 'ENSG00000165186']",0.22083378,fold_3
4.1,ThirdAnnotation,EX_9,203,0.38247566063977745,0.4263565891472868,0.270935960591133,28348,74,148,55,3,"['ENSG00000169752', 'ENSG00000162374', 'ENSG00000183654']","['ENSG00000169752', 'ENSG00000151176', 'ENSG00000150967', 'ENSG00000162374', 'ENSG00000065989', 'ENSG00000183654', 'ENSG00000183696', 'ENSG00000174238', 'ENSG00000164970', 'ENSG00000165186']",0.16865979,fold_3
4.1,ThirdAnnotation,EX_10,65,0.18413597733711048,0.18055555555555555,0.2,28501,59,52,13,4,"['ENSG00000034713', 'ENSG00000184677', 'ENSG00000183654', 'ENSG00000176641']","['ENSG00000034713', 'ENSG00000184677', 'ENSG00000028116', 'ENSG00000135643', 'ENSG00000183654', 'ENSG00000176641', 'ENSG00000103740', 'ENSG00000066468', 'ENSG00000174780', 'ENSG00000121297']",0.116365224,fold_3
4.1,ThirdAnnotation,EX_11,77,0.3584905660377358,0.40425531914893614,0.24675324675324675,28520,28,58,19,3,"['ENSG00000132911', 'ENSG00000053328', 'ENSG00000170004']","['ENSG00000157693', 'ENSG00000132911', 'ENSG00000091622', 'ENSG00000187950', 'ENSG00000053328', 'ENSG00000170004', 'ENSG00000198929', 'ENSG00000171208', 'ENSG00000169432', 'ENSG00000157657']",0.13884652,fold_3
4.1,ThirdAnnotation,EX_12,112,0.625,0.8333333333333334,0.3125,28506,7,77,35,3,"['ENSG00000182568', 'ENSG00000184677', 'ENSG00000106714']","['ENSG00000182568', 'ENSG00000184677', 'ENSG00000141668', 'ENSG00000106714', 'ENSG00000152056', 'ENSG00000170419', 'ENSG00000204131', 'ENSG00000151892', 'ENSG00000162729', 'ENSG00000183654']",0.37716562,fold_3
4.1,ThirdAnnotation,EX_13,163,0.527306967984934,0.6086956521739131,0.34355828220858897,28426,36,107,56,4,"['ENSG00000077092', 'ENSG00000089101', 'ENSG00000150967', 'ENSG00000151892']","['ENSG00000077092', 'ENSG00000089101', 'ENSG00000169752', 'ENSG00000150967', 'ENSG00000151892', 'ENSG00000170419', 'ENSG00000162374', 'ENSG00000183654', 'ENSG00000156395', 'ENSG00000156564']",0.20176703,fold_3
4.1,ThirdAnnotation,Endothelial_1,189,0.8175559380378657,0.9693877551020408,0.5026455026455027,28433,3,94,95,2,"['ENSG00000110799', 'ENSG00000047617']","['ENSG00000110799', 'ENSG00000047617', 'ENSG00000173706', 'ENSG00000127528', 'ENSG00000204525', 'ENSG00000138594', 'ENSG00000187720', 'ENSG00000105835', 'ENSG00000105854', 'ENSG00000168028']",0.8745465,fold_3
4.1,ThirdAnnotation,Ependymal_1,68,0.7777777777777778,1.0,0.4117647058823529,28557,0,40,28,2,"['ENSG00000137473', 'ENSG00000153347']","['ENSG00000137473', 'ENSG00000182329', 'ENSG00000167858', 'ENSG00000283361', 'ENSG00000153347', 'ENSG00000158486', 'ENSG00000141519', 'ENSG00000089101', 'ENSG00000171811', 'ENSG00000169752']",1.0,fold_3
4.1,ThirdAnnotation,INH_1,119,0.5791505791505791,0.8571428571428571,0.25210084033613445,28501,5,89,30,4,"['ENSG00000115290', 'ENSG00000235162', 'ENSG00000256463', 'ENSG00000063015']","['ENSG00000115290', 'ENSG00000235162', 'ENSG00000176273', 'ENSG00000256463', 'ENSG00000063015', 'ENSG00000176641', 'ENSG00000165186', 'ENSG00000135643', 'ENSG00000171208', 'ENSG00000188517']",0.26069945,fold_3
4.1,ThirdAnnotation,INH_2,28,0.7638888888888888,1.0,0.39285714285714285,28597,0,17,11,3,"['ENSG00000164756', 'ENSG00000165194', 'ENSG00000256463']","['ENSG00000164756', 'ENSG00000001617', 'ENSG00000115290', 'ENSG00000101680', 'ENSG00000165194', 'ENSG00000256463', 'ENSG00000145920', 'ENSG00000176641', 'ENSG00000163873', 'ENSG00000144681']",0.4467568,fold_3
4.1,ThirdAnnotation,INH_3,66,0.6179775280898876,0.7857142857142857,0.3333333333333333,28553,6,44,22,3,"['ENSG00000198353', 'ENSG00000256463', 'ENSG00000168032']","['ENSG00000076716', 'ENSG00000198353', 'ENSG00000256463', 'ENSG00000150967', 'ENSG00000168032', 'ENSG00000170419', 'ENSG00000187950', 'ENSG00000183654', 'ENSG00000145920', 'ENSG00000204131']",0.3504486,fold_3
4.1,ThirdAnnotation,INH_4,121,0.39112050739957716,0.42045454545454547,0.30578512396694213,28453,51,84,37,3,"['ENSG00000163285', 'ENSG00000171208', 'ENSG00000111696']","['ENSG00000163285', 'ENSG00000165194', 'ENSG00000063015', 'ENSG00000163873', 'ENSG00000171208', 'ENSG00000111696', 'ENSG00000089199', 'ENSG00000125869', 'ENSG00000145920', 'ENSG00000165186']",0.18527862,fold_3
4.1,ThirdAnnotation,INH_5,83,0.49327354260089684,0.6285714285714286,0.26506024096385544,28529,13,61,22,3,"['ENSG00000163873', 'ENSG00000106714', 'ENSG00000063015']","['ENSG00000166436', 'ENSG00000163873', 'ENSG00000106537', 'ENSG00000169752', 'ENSG00000106714', 'ENSG00000063015', 'ENSG00000162636', 'ENSG00000171208', 'ENSG00000125869', 'ENSG00000162374']",0.23599109,fold_3
4.1,ThirdAnnotation,INH_6,162,0.5939226519337016,0.86,0.2654320987654321,28456,7,119,43,3,"['ENSG00000242173', 'ENSG00000163285', 'ENSG00000163873']","['ENSG00000242173', 'ENSG00000089250', 'ENSG00000235162', 'ENSG00000163285', 'ENSG00000139200', 'ENSG00000163873', 'ENSG00000064655', 'ENSG00000125869', 'ENSG00000162729', 'ENSG00000145920']",0.2827628,fold_3
4.1,ThirdAnnotation,INH_7,53,0.6611570247933884,0.9411764705882353,0.3018867924528302,28571,1,37,16,4,"['ENSG00000001626', 'ENSG00000123243', 'ENSG00000106123', 'ENSG00000150967']","['ENSG00000120088', 'ENSG00000001626', 'ENSG00000123243', 'ENSG00000106123', 'ENSG00000171811', 'ENSG00000150967', 'ENSG00000170419', 'ENSG00000106714', 'ENSG00000256463', 'ENSG00000145920']",0.37332928,fold_3
4.1,ThirdAnnotation,Lymphocyte_1,155,0.7322834645669292,0.775,0.6,28443,27,62,93,1,['ENSG00000113263'],"['ENSG00000113263', 'ENSG00000198821', 'ENSG00000115165', 'ENSG00000168421', 'ENSG00000015133', 'ENSG00000204525', 'ENSG00000043462', 'ENSG00000168028', 'ENSG00000145703', 'ENSG00000071051']",1.0,fold_3
4.1,ThirdAnnotation,MN_1,69,0.6050955414012739,0.8636363636363636,0.2753623188405797,28553,3,50,19,2,"['ENSG00000167815', 'ENSG00000152234']","['ENSG00000176171', 'ENSG00000167815', 'ENSG00000168824', 'ENSG00000133169', 'ENSG00000168490', 'ENSG00000152234', 'ENSG00000104904', 'ENSG00000162374', 'ENSG00000107742', 'ENSG00000111640']",0.51963913,fold_3
4.1,ThirdAnnotation,Macro_1,160,0.3669724770642202,0.463768115942029,0.2,28428,37,128,32,1,['ENSG00000110077'],"['ENSG00000104365', 'ENSG00000182022', 'ENSG00000145703', 'ENSG00000043462', 'ENSG00000145431', 'ENSG00000110077', 'ENSG00000101336', 'ENSG00000105835', 'ENSG00000122862', 'ENSG00000113532']",0.27558088,fold_3
4.1,ThirdAnnotation,Meninges_1,93,0.6838905775075987,0.7627118644067796,0.4838709677419355,28518,14,48,45,2,"['ENSG00000168079', 'ENSG00000149131']","['ENSG00000168079', 'ENSG00000112715', 'ENSG00000074047', 'ENSG00000149131', 'ENSG00000127528', 'ENSG00000064655', 'ENSG00000176273', 'ENSG00000187720', 'ENSG00000204131', 'ENSG00000105835']",1.0,fold_3
4.1,ThirdAnnotation,Meninges_2,165,0.5044510385756676,0.7906976744186046,0.20606060606060606,28451,9,131,34,2,"['ENSG00000112769', 'ENSG00000134871']","['ENSG00000112769', 'ENSG00000123243', 'ENSG00000134871', 'ENSG00000106571', 'ENSG00000187720', 'ENSG00000182871', 'ENSG00000204131', 'ENSG00000181234', 'ENSG00000169504', 'ENSG00000152583']",0.5384946,fold_3
4.1,ThirdAnnotation,Micro_1,964,0.47216936251189345,0.4901234567901235,0.4118257261410788,27248,413,567,397,2,"['ENSG00000132274', 'ENSG00000107719']","['ENSG00000132274', 'ENSG00000110077', 'ENSG00000107719', 'ENSG00000071051', 'ENSG00000198223', 'ENSG00000119535', 'ENSG00000196126', 'ENSG00000090104', 'ENSG00000179583', 'ENSG00000087253']",0.39756823,fold_3
4.1,ThirdAnnotation,Micro_2,472,0.351123595505618,0.382262996941896,0.2648305084745763,27951,202,347,125,2,"['ENSG00000071051', 'ENSG00000090104']","['ENSG00000043462', 'ENSG00000071051', 'ENSG00000090104', 'ENSG00000198223', 'ENSG00000107719', 'ENSG00000119535', 'ENSG00000119321', 'ENSG00000196126', 'ENSG00000122862', 'ENSG00000101096']",0.2151925,fold_3
4.1,ThirdAnnotation,Micro_3,432,0.33576051779935273,0.4129353233830846,0.19212962962962962,28075,118,349,83,3,"['ENSG00000145703', 'ENSG00000057252', 'ENSG00000090104']","['ENSG00000145703', 'ENSG00000057252', 'ENSG00000145431', 'ENSG00000090104', 'ENSG00000196126', 'ENSG00000110077', 'ENSG00000198223', 'ENSG00000119535', 'ENSG00000107719', 'ENSG00000179583']",0.20167248,fold_3
4.1,ThirdAnnotation,Micro_4,291,0.12264365205541676,0.10505836575875487,0.3711340206185567,27414,920,183,108,2,"['ENSG00000071051', 'ENSG00000107719']","['ENSG00000071051', 'ENSG00000119535', 'ENSG00000198223', 'ENSG00000090104', 'ENSG00000107719', 'ENSG00000179583', 'ENSG00000087253', 'ENSG00000101096', 'ENSG00000122862', 'ENSG00000113532']",0.15752977,fold_3
4.1,ThirdAnnotation,Micro_5,216,0.4051724137931034,0.5164835164835165,0.2175925925925926,28365,44,169,47,2,"['ENSG00000090104', 'ENSG00000105835']","['ENSG00000204388', 'ENSG00000090104', 'ENSG00000122862', 'ENSG00000057252', 'ENSG00000105835', 'ENSG00000198223', 'ENSG00000196126', 'ENSG00000119535', 'ENSG00000110077', 'ENSG00000107719']",0.24282429,fold_3
4.1,ThirdAnnotation,Micro_6,116,0.3024193548387097,0.45454545454545453,0.12931034482758622,28491,18,101,15,3,"['ENSG00000159189', 'ENSG00000138326', 'ENSG00000196126']","['ENSG00000159189', 'ENSG00000174444', 'ENSG00000188846', 'ENSG00000138326', 'ENSG00000168028', 'ENSG00000196126', 'ENSG00000163682', 'ENSG00000196531', 'ENSG00000090104', 'ENSG00000107719']",0.24599953,fold_3
4.1,ThirdAnnotation,OligoProg_1,86,0.05555555555555555,1.0,0.011627906976744186,28539,0,85,1,1,['ENSG00000112972'],"['ENSG00000170271', 'ENSG00000135643', 'ENSG00000112972', 'ENSG00000185896', 'ENSG00000028116', 'ENSG00000165476', 'ENSG00000169504', 'ENSG00000066468', 'ENSG00000103540', 'ENSG00000107331']",0.18515152,fold_3
4.1,ThirdAnnotation,Oligo_1,3214,0.5740037950664136,0.6353221957040572,0.41412570006222776,24647,764,1883,1331,4,"['ENSG00000182541', 'ENSG00000186522', 'ENSG00000066468', 'ENSG00000103740']","['ENSG00000182541', 'ENSG00000122863', 'ENSG00000173706', 'ENSG00000186522', 'ENSG00000066468', 'ENSG00000103740', 'ENSG00000182871', 'ENSG00000123119', 'ENSG00000143772', 'ENSG00000087842']",0.30614907,fold_3
4.1,ThirdAnnotation,Oligo_2,4013,0.3379832049413561,0.37475952289342057,0.24271118863692998,22987,1625,3039,974,4,"['ENSG00000100399', 'ENSG00000103740', 'ENSG00000135643', 'ENSG00000066468']","['ENSG00000100399', 'ENSG00000170271', 'ENSG00000103740', 'ENSG00000028116', 'ENSG00000135643', 'ENSG00000066468', 'ENSG00000143772', 'ENSG00000182871', 'ENSG00000121957', 'ENSG00000123119']",0.16210859,fold_3
4.1,ThirdAnnotation,Oligo_3,7002,0.5773756390489329,0.6452051688959419,0.4064552984861468,20058,1565,4156,2846,2,"['ENSG00000028116', 'ENSG00000135643']","['ENSG00000124251', 'ENSG00000028116', 'ENSG00000135643', 'ENSG00000170271', 'ENSG00000143772', 'ENSG00000066468', 'ENSG00000169504', 'ENSG00000121957', 'ENSG00000123119', 'ENSG00000103540']",0.24156696,fold_3
4.1,ThirdAnnotation,Oligo_4,2500,0.21388206388206388,0.18230366492146596,0.6964,18316,7809,759,1741,2,"['ENSG00000135643', 'ENSG00000066468']","['ENSG00000135643', 'ENSG00000028116', 'ENSG00000170271', 'ENSG00000143772', 'ENSG00000066468', 'ENSG00000103740', 'ENSG00000121957', 'ENSG00000165476', 'ENSG00000123119', 'ENSG00000169504']",0.18308085,fold_3
4.1,ThirdAnnotation,Opc_1,2000,0.8303219448094612,0.9892367906066536,0.5055,26614,11,989,1011,2,"['ENSG00000154080', 'ENSG00000181234']","['ENSG00000154080', 'ENSG00000164309', 'ENSG00000163873', 'ENSG00000181234', 'ENSG00000134376', 'ENSG00000121957', 'ENSG00000196376', 'ENSG00000079482', 'ENSG00000156395', 'ENSG00000152583']",0.41530704,fold_3
4.1,ThirdAnnotation,Pericyte_1,101,0.42328042328042326,0.7272727272727273,0.15841584158415842,28518,6,85,16,2,"['ENSG00000134871', 'ENSG00000182871']","['ENSG00000134871', 'ENSG00000196531', 'ENSG00000163682', 'ENSG00000182871', 'ENSG00000169504', 'ENSG00000152583', 'ENSG00000233927']",0.35771722,fold_3
4.1,ThirdAnnotation,Astro_1,2459,0.6762764380978041,0.8090249798549557,0.4082960553070354,25929,237,1455,1004,2,"['ENSG00000119139', 'ENSG00000080493']","['ENSG00000119139', 'ENSG00000080493', 'ENSG00000101439', 'ENSG00000116729', 'ENSG00000135838', 'ENSG00000158966', 'ENSG00000107104', 'ENSG00000182050']",0.28385574,fold_4
4.1,ThirdAnnotation,Astro_2,1442,0.4683898584129075,0.4913644214162349,0.3945908460471567,26594,589,873,569,3,"['ENSG00000164188', 'ENSG00000080493', 'ENSG00000135838']","['ENSG00000164188', 'ENSG00000146005', 'ENSG00000164089', 'ENSG00000080493', 'ENSG00000101439', 'ENSG00000135838', 'ENSG00000116729', 'ENSG00000149633', 'ENSG00000158966', 'ENSG00000186716']",0.18512411,fold_4
4.1,ThirdAnnotation,Astro_3,529,0.30449251247920134,0.2956381260096931,0.34593572778827975,27660,436,346,183,2,"['ENSG00000164089', 'ENSG00000111962']","['ENSG00000164089', 'ENSG00000198948', 'ENSG00000119139', 'ENSG00000101439', 'ENSG00000080493', 'ENSG00000111962', 'ENSG00000116729', 'ENSG00000135838', 'ENSG00000158966', 'ENSG00000122870']",0.4042104,fold_4
4.1,ThirdAnnotation,EX_1,18,0.2222222222222222,0.2222222222222222,0.2222222222222222,28593,14,14,4,4,"['ENSG00000162444', 'ENSG00000163050', 'ENSG00000164116', 'ENSG00000153820']","['ENSG00000162444', 'ENSG00000163050', 'ENSG00000135362', 'ENSG00000154493', 'ENSG00000164116', 'ENSG00000153820', 'ENSG00000107614', 'ENSG00000147488', 'ENSG00000072657', 'ENSG00000157470']",0.21479589,fold_4
4.1,ThirdAnnotation,EX_2,78,0.7522123893805309,0.918918918918919,0.4358974358974359,28544,3,44,34,3,"['ENSG00000106113', 'ENSG00000153993', 'ENSG00000164116']","['ENSG00000106113', 'ENSG00000164484', 'ENSG00000153993', 'ENSG00000147180', 'ENSG00000072657', 'ENSG00000164116', 'ENSG00000153820', 'ENSG00000134247', 'ENSG00000133119', 'ENSG00000144834']",0.28933296,fold_4
4.1,ThirdAnnotation,EX_3,76,0.5681818181818182,0.8,0.2631578947368421,28544,5,56,20,4,"['ENSG00000165023', 'ENSG00000169213', 'ENSG00000122490', 'ENSG00000175745']","['ENSG00000165023', 'ENSG00000169213', 'ENSG00000272636', 'ENSG00000122490', 'ENSG00000175745', 'ENSG00000134247', 'ENSG00000109118', 'ENSG00000119682', 'ENSG00000164116', 'ENSG00000154359']",0.35450664,fold_4
4.1,ThirdAnnotation,EX_4,141,0.6067415730337079,0.7105263157894737,0.3829787234042553,28462,22,87,54,3,"['ENSG00000143341', 'ENSG00000117069', 'ENSG00000134247']","['ENSG00000135577', 'ENSG00000171793', 'ENSG00000143341', 'ENSG00000152953', 'ENSG00000117069', 'ENSG00000134247', 'ENSG00000171094', 'ENSG00000095397', 'ENSG00000108219', 'ENSG00000133119']",0.13581721,fold_4
4.1,ThirdAnnotation,EX_5,103,0.5882352941176471,0.7894736842105263,0.2912621359223301,28514,8,73,30,4,"['ENSG00000163803', 'ENSG00000074527', 'ENSG00000272636', 'ENSG00000134247']","['ENSG00000101230', 'ENSG00000163803', 'ENSG00000074527', 'ENSG00000144229', 'ENSG00000272636', 'ENSG00000134247', 'ENSG00000153993', 'ENSG00000122870', 'ENSG00000080493', 'ENSG00000095397']",0.62847114,fold_4
4.1,ThirdAnnotation,EX_6,56,0.625,0.8181818181818182,0.32142857142857145,28565,4,38,18,3,"['ENSG00000144395', 'ENSG00000161381', 'ENSG00000171094']","['ENSG00000144395', 'ENSG00000112053', 'ENSG00000161381', 'ENSG00000182568', 'ENSG00000152953', 'ENSG00000171094', 'ENSG00000117069', 'ENSG00000144596', 'ENSG00000204271', 'ENSG00000179603']",0.6366807,fold_4
4.1,ThirdAnnotation,EX_7,42,0.6111111111111112,0.9166666666666666,0.2619047619047619,28582,1,31,11,4,"['ENSG00000130748', 'ENSG00000006118', 'ENSG00000171451', 'ENSG00000272636']","['ENSG00000130748', 'ENSG00000006118', 'ENSG00000106113', 'ENSG00000171451', 'ENSG00000272636', 'ENSG00000153012', 'ENSG00000153820', 'ENSG00000154359', 'ENSG00000072657', 'ENSG00000132170']",0.7455514,fold_4
4.1,ThirdAnnotation,EX_8,123,0.6619718309859155,0.8103448275862069,0.3821138211382114,28491,11,76,47,4,"['ENSG00000111907', 'ENSG00000080493', 'ENSG00000072657', 'ENSG00000153820']","['ENSG00000111907', 'ENSG00000165730', 'ENSG00000080493', 'ENSG00000072657', 'ENSG00000164116', 'ENSG00000153820', 'ENSG00000127329', 'ENSG00000075461', 'ENSG00000116729', 'ENSG00000133119']",0.11998533,fold_4
4.1,ThirdAnnotation,EX_9,203,0.3935599284436494,0.4943820224719101,0.21674876847290642,28377,45,159,44,4,"['ENSG00000127838', 'ENSG00000169752', 'ENSG00000148082', 'ENSG00000171488']","['ENSG00000127838', 'ENSG00000169752', 'ENSG00000116668', 'ENSG00000006695', 'ENSG00000148082', 'ENSG00000171488', 'ENSG00000160352', 'ENSG00000171094', 'ENSG00000085377', 'ENSG00000158683']",0.16072106,fold_4
4.1,ThirdAnnotation,EX_10,65,0.09174311926605505,0.18181818181818182,0.03076923076923077,28551,9,63,2,1,['ENSG00000154803'],"['ENSG00000154803', 'ENSG00000175745', 'ENSG00000134247', 'ENSG00000158352', 'ENSG00000204655', 'ENSG00000173786', 'ENSG00000154493', 'ENSG00000116729', 'ENSG00000147488', 'ENSG00000156531']",0.17016982,fold_4
4.1,ThirdAnnotation,EX_11,77,0.5121951219512195,0.65625,0.2727272727272727,28537,11,56,21,4,"['ENSG00000183317', 'ENSG00000117069', 'ENSG00000072657', 'ENSG00000114270']","['ENSG00000215440', 'ENSG00000183317', 'ENSG00000117069', 'ENSG00000185621', 'ENSG00000072657', 'ENSG00000114270', 'ENSG00000153820', 'ENSG00000138378', 'ENSG00000107614', 'ENSG00000136319']",0.12565902,fold_4
4.1,ThirdAnnotation,EX_12,112,0.6119791666666666,0.6911764705882353,0.41964285714285715,28492,21,65,47,3,"['ENSG00000182752', 'ENSG00000169213', 'ENSG00000182568']","['ENSG00000182752', 'ENSG00000169213', 'ENSG00000280789', 'ENSG00000182568', 'ENSG00000136811', 'ENSG00000144596', 'ENSG00000168772', 'ENSG00000085377', 'ENSG00000134247', 'ENSG00000116729']",0.50244856,fold_4
4.1,ThirdAnnotation,EX_13,163,0.6756756756756757,0.9016393442622951,0.3374233128834356,28456,6,108,55,2,"['ENSG00000175093', 'ENSG00000144229']","['ENSG00000175093', 'ENSG00000198598', 'ENSG00000077092', 'ENSG00000173805', 'ENSG00000144229', 'ENSG00000117069', 'ENSG00000155893', 'ENSG00000169752', 'ENSG00000144596', 'ENSG00000146376']",0.7753694,fold_4
4.1,ThirdAnnotation,Endothelial_1,189,0.5962059620596206,0.9777777777777777,0.2328042328042328,28435,1,145,44,2,"['ENSG00000165949', 'ENSG00000111859']","['ENSG00000165949', 'ENSG00000142089', 'ENSG00000111859', 'ENSG00000100345', 'ENSG00000105640', 'ENSG00000137831', 'ENSG00000100316', 'ENSG00000108219', 'ENSG00000164587', 'ENSG00000127329']",0.71710384,fold_4
4.1,ThirdAnnotation,Ependymal_1,68,0.7142857142857143,0.96,0.35294117647058826,28556,1,44,24,2,"['ENSG00000162814', 'ENSG00000157856']","['ENSG00000163071', 'ENSG00000162814', 'ENSG00000157856', 'ENSG00000138587', 'ENSG00000114473', 'ENSG00000103260', 'ENSG00000109771', 'ENSG00000169752', 'ENSG00000197816', 'ENSG00000140319']",1.0,fold_4
4.1,ThirdAnnotation,INH_1,119,0.712401055408971,0.8307692307692308,0.453781512605042,28495,11,65,54,4,"['ENSG00000144227', 'ENSG00000152953', 'ENSG00000153976', 'ENSG00000158683']","['ENSG00000173805', 'ENSG00000144227', 'ENSG00000152953', 'ENSG00000153976', 'ENSG00000158683', 'ENSG00000136750', 'ENSG00000179603', 'ENSG00000132170', 'ENSG00000138378', 'ENSG00000146376']",0.24727055,fold_4
4.1,ThirdAnnotation,INH_2,28,0.625,0.8181818181818182,0.32142857142857145,28595,2,19,9,3,"['ENSG00000111816', 'ENSG00000153012', 'ENSG00000153976']","['ENSG00000139044', 'ENSG00000169071', 'ENSG00000111816', 'ENSG00000183379', 'ENSG00000153012', 'ENSG00000153976', 'ENSG00000144227', 'ENSG00000183317', 'ENSG00000144596', 'ENSG00000136750']",0.43585187,fold_4
4.1,ThirdAnnotation,INH_3,66,0.7,1.0,0.3181818181818182,28559,0,45,21,3,"['ENSG00000183379', 'ENSG00000117069', 'ENSG00000136750']","['ENSG00000076716', 'ENSG00000183379', 'ENSG00000117069', 'ENSG00000171793', 'ENSG00000153012', 'ENSG00000136750', 'ENSG00000153976', 'ENSG00000179603', 'ENSG00000185736', 'ENSG00000158683']",0.41256255,fold_4
4.1,ThirdAnnotation,INH_4,121,0.4341736694677871,0.5254237288135594,0.256198347107438,28476,28,90,31,5,"['ENSG00000196116', 'ENSG00000139998', 'ENSG00000136750', 'ENSG00000179603', 'ENSG00000114270']","['ENSG00000196116', 'ENSG00000139998', 'ENSG00000136750', 'ENSG00000090006', 'ENSG00000179603', 'ENSG00000114270', 'ENSG00000158966', 'ENSG00000153820', 'ENSG00000072657', 'ENSG00000146376']",0.19530934,fold_4
4.1,ThirdAnnotation,INH_5,83,0.6826568265682657,0.7872340425531915,0.4457831325301205,28532,10,46,37,2,"['ENSG00000164484', 'ENSG00000122585']","['ENSG00000164484', 'ENSG00000122585', 'ENSG00000143341', 'ENSG00000042088', 'ENSG00000169752', 'ENSG00000183317', 'ENSG00000162636', 'ENSG00000136750', 'ENSG00000111962', 'ENSG00000138378']",0.6258439,fold_4
4.1,ThirdAnnotation,INH_6,162,0.7555555555555555,0.9444444444444444,0.41975308641975306,28459,4,94,68,3,"['ENSG00000143341', 'ENSG00000153976', 'ENSG00000158966']","['ENSG00000147036', 'ENSG00000143341', 'ENSG00000165023', 'ENSG00000153976', 'ENSG00000144596', 'ENSG00000158966', 'ENSG00000136750', 'ENSG00000179603', 'ENSG00000114270', 'ENSG00000135678']",0.23600228,fold_4
4.1,ThirdAnnotation,INH_7,53,0.7241379310344828,0.9130434782608695,0.39622641509433965,28570,2,32,21,2,"['ENSG00000122585', 'ENSG00000144227']","['ENSG00000173698', 'ENSG00000122585', 'ENSG00000127838', 'ENSG00000144227', 'ENSG00000165023', 'ENSG00000153012', 'ENSG00000179603', 'ENSG00000136750', 'ENSG00000138378', 'ENSG00000072657']",0.4141442,fold_4
4.1,ThirdAnnotation,Lymphocyte_1,155,0.7972665148063781,0.9859154929577465,0.45161290322580644,28469,1,85,70,2,"['ENSG00000271503', 'ENSG00000165929']","['ENSG00000271503', 'ENSG00000165929', 'ENSG00000136167', 'ENSG00000111859', 'ENSG00000043462', 'ENSG00000100345', 'ENSG00000105640', 'ENSG00000138378', 'ENSG00000100316', 'ENSG00000140988']",1.0,fold_4
4.1,ThirdAnnotation,MN_1,69,0.6666666666666666,0.9166666666666666,0.3188405797101449,28554,2,47,22,1,['ENSG00000109107'],"['ENSG00000109107', 'ENSG00000197747', 'ENSG00000151729', 'ENSG00000176171', 'ENSG00000116661', 'ENSG00000102144', 'ENSG00000082641', 'ENSG00000140319', 'ENSG00000144834', 'ENSG00000130770']",1.0,fold_4
4.1,ThirdAnnotation,Macro_1,160,0.45058139534883723,0.6739130434782609,0.19375,28450,15,129,31,2,"['ENSG00000111252', 'ENSG00000146376']","['ENSG00000111252', 'ENSG00000110324', 'ENSG00000092531', 'ENSG00000043462', 'ENSG00000110077', 'ENSG00000146376', 'ENSG00000135678', 'ENSG00000180353', 'ENSG00000108219', 'ENSG00000189319']",0.61738974,fold_4
4.1,ThirdAnnotation,Meninges_1,93,0.632183908045977,0.7857142857142857,0.3548387096774194,28523,9,60,33,2,"['ENSG00000112175', 'ENSG00000096433']","['ENSG00000112175', 'ENSG00000167779', 'ENSG00000096433', 'ENSG00000150961', 'ENSG00000159403', 'ENSG00000162496', 'ENSG00000080493', 'ENSG00000137831', 'ENSG00000100345', 'ENSG00000131370']",1.0,fold_4
4.1,ThirdAnnotation,Meninges_2,165,0.4948805460750853,0.90625,0.17575757575757575,28457,3,136,29,2,"['ENSG00000117525', 'ENSG00000137831']","['ENSG00000117525', 'ENSG00000119686', 'ENSG00000182158', 'ENSG00000137831', 'ENSG00000175745', 'ENSG00000122870', 'ENSG00000111962', 'ENSG00000149633', 'ENSG00000154262', 'ENSG00000138639']",0.65819716,fold_4
4.1,ThirdAnnotation,Micro_1,964,0.4971705739692805,0.4939759036144578,0.5103734439834025,27157,504,472,492,3,"['ENSG00000125730', 'ENSG00000107719', 'ENSG00000131724']","['ENSG00000169087', 'ENSG00000171488', 'ENSG00000110077', 'ENSG00000125730', 'ENSG00000107719', 'ENSG00000131724', 'ENSG00000161791', 'ENSG00000108219', 'ENSG00000180353', 'ENSG00000138639']",0.18634437,fold_4
4.1,ThirdAnnotation,Micro_2,472,0.28938906752411575,0.2857142857142857,0.3050847457627119,27793,360,328,144,3,"['ENSG00000043462', 'ENSG00000171488', 'ENSG00000125730']","['ENSG00000043462', 'ENSG00000171488', 'ENSG00000125730', 'ENSG00000107719', 'ENSG00000131724', 'ENSG00000108219', 'ENSG00000110077', 'ENSG00000161791', 'ENSG00000180353', 'ENSG00000112033']",0.20479378,fold_4
4.1,ThirdAnnotation,Micro_3,432,0.29829545454545453,0.6176470588235294,0.09722222222222222,28167,26,390,42,2,"['ENSG00000135678', 'ENSG00000110077']","['ENSG00000135678', 'ENSG00000110077', 'ENSG00000131724', 'ENSG00000107719', 'ENSG00000125730', 'ENSG00000108219', 'ENSG00000161791', 'ENSG00000180353', 'ENSG00000138639', 'ENSG00000135838']",0.19118252,fold_4
4.1,ThirdAnnotation,Micro_4,291,0.11268169089211895,0.09378468368479467,0.5807560137457045,26701,1633,122,169,2,"['ENSG00000125730', 'ENSG00000107719']","['ENSG00000171488', 'ENSG00000125730', 'ENSG00000107719', 'ENSG00000131724', 'ENSG00000161791', 'ENSG00000180353', 'ENSG00000138639', 'ENSG00000112033', 'ENSG00000186417', 'ENSG00000147488']",0.14855197,fold_4
4.1,ThirdAnnotation,Micro_5,216,0.15862944162436549,0.14705882352941177,0.23148148148148148,28119,290,166,50,4,"['ENSG00000110324', 'ENSG00000131724', 'ENSG00000125730', 'ENSG00000180353']","['ENSG00000110324', 'ENSG00000110077', 'ENSG00000131724', 'ENSG00000125730', 'ENSG00000107719', 'ENSG00000180353', 'ENSG00000161791', 'ENSG00000112033', 'ENSG00000108219', 'ENSG00000189319']",0.16536595,fold_4
4.1,ThirdAnnotation,Micro_6,116,0.26119402985074625,0.3684210526315789,0.1206896551724138,28485,24,102,14,3,"['ENSG00000241343', 'ENSG00000198918', 'ENSG00000105640']","['ENSG00000241343', 'ENSG00000198918', 'ENSG00000188846', 'ENSG00000149806', 'ENSG00000105640', 'ENSG00000101439', 'ENSG00000125730', 'ENSG00000131724', 'ENSG00000100316', 'ENSG00000107719']",1.0,fold_4
4.1,ThirdAnnotation,OligoProg_1,86,0.05555555555555555,1.0,0.011627906976744186,28539,0,85,1,2,"['ENSG00000126822', 'ENSG00000173786']","['ENSG00000102760', 'ENSG00000073060', 'ENSG00000166925', 'ENSG00000126822', 'ENSG00000173786', 'ENSG00000111266', 'ENSG00000204655', 'ENSG00000158352', 'ENSG00000154493', 'ENSG00000147488']",0.23826721,fold_4
4.1,ThirdAnnotation,Oligo_1,3214,0.5791836734693877,0.6281540504648074,0.4415059116365899,24571,840,1795,1419,3,"['ENSG00000059691', 'ENSG00000182541', 'ENSG00000122367']","['ENSG00000059691', 'ENSG00000160678', 'ENSG00000182600', 'ENSG00000182541', 'ENSG00000122367', 'ENSG00000219481', 'ENSG00000135362', 'ENSG00000158352', 'ENSG00000166912', 'ENSG00000147488']",0.5938665,fold_4
4.1,ThirdAnnotation,Oligo_2,4013,0.32299920417978617,0.30006428801028606,0.4652379765761276,20257,4355,2146,1867,3,"['ENSG00000122367', 'ENSG00000135362', 'ENSG00000158352']","['ENSG00000214253', 'ENSG00000122367', 'ENSG00000135362', 'ENSG00000204655', 'ENSG00000158352', 'ENSG00000173786', 'ENSG00000166912', 'ENSG00000154493', 'ENSG00000147488', 'ENSG00000164124']",0.20586981,fold_4
4.1,ThirdAnnotation,Oligo_3,7002,0.5350033801547359,0.5807174887892377,0.4068837475007141,19566,2057,4153,2849,2,"['ENSG00000104267', 'ENSG00000173786']","['ENSG00000104267', 'ENSG00000102760', 'ENSG00000188706', 'ENSG00000126822', 'ENSG00000122367', 'ENSG00000173786', 'ENSG00000204655', 'ENSG00000158352', 'ENSG00000154493', 'ENSG00000189319']",0.32847866,fold_4
4.1,ThirdAnnotation,Oligo_4,2500,0.23058884835852006,0.2203548085901027,0.2832,23620,2505,1792,708,4,"['ENSG00000104267', 'ENSG00000126860', 'ENSG00000188706', 'ENSG00000173786']","['ENSG00000104267', 'ENSG00000126860', 'ENSG00000188706', 'ENSG00000135362', 'ENSG00000204655', 'ENSG00000173786', 'ENSG00000158352', 'ENSG00000135678', 'ENSG00000154493', 'ENSG00000147488']",0.25765774,fold_4
4.1,ThirdAnnotation,Opc_1,2000,0.8202133062468258,0.8795098706603132,0.646,26448,177,708,1292,1,['ENSG00000101311'],"['ENSG00000101311', 'ENSG00000112280', 'ENSG00000006468', 'ENSG00000171451', 'ENSG00000152953', 'ENSG00000111962', 'ENSG00000153993', 'ENSG00000148082', 'ENSG00000171094', 'ENSG00000161791']",1.0,fold_4
4.1,ThirdAnnotation,Pericyte_1,101,0.2564102564102564,0.32558139534883723,0.13861386138613863,28495,29,87,14,2,"['ENSG00000142089', 'ENSG00000101439']","['ENSG00000142089', 'ENSG00000149806', 'ENSG00000105640', 'ENSG00000100345', 'ENSG00000101439', 'ENSG00000137831', 'ENSG00000164587', 'ENSG00000100316', 'ENSG00000145592', 'ENSG00000140988']",0.36273637,fold_4
4.1,ThirdAnnotation,Astro_1,2459,0.6282331302448557,0.7006410256410256,0.4444896299308662,25699,467,1366,1093,2,"['ENSG00000183943', 'ENSG00000131095']","['ENSG00000168209', 'ENSG00000183943', 'ENSG00000125148', 'ENSG00000174705', 'ENSG00000117643', 'ENSG00000131095', 'ENSG00000124942', 'ENSG00000113645', 'ENSG00000144857', 'ENSG00000165895']",0.4000066,fold_5
4.1,ThirdAnnotation,Astro_2,1442,0.5283911671924291,0.6261682242990654,0.32524271844660196,26903,280,973,469,2,"['ENSG00000164188', 'ENSG00000080573']","['ENSG00000164188', 'ENSG00000080573', 'ENSG00000056487', 'ENSG00000158186', 'ENSG00000131095', 'ENSG00000144857', 'ENSG00000113645', 'ENSG00000165895', 'ENSG00000070759', 'ENSG00000165029']",1.0,fold_5
4.1,ThirdAnnotation,Astro_3,529,0.2107534019249917,0.20450885668276972,0.24007561436672967,27602,494,402,127,3,"['ENSG00000174705', 'ENSG00000101605', 'ENSG00000144857']","['ENSG00000056487', 'ENSG00000174705', 'ENSG00000101605', 'ENSG00000131095', 'ENSG00000144857', 'ENSG00000113645', 'ENSG00000165895', 'ENSG00000165029', 'ENSG00000011201', 'ENSG00000152977']",0.33245844,fold_5
4.1,ThirdAnnotation,EX_1,18,0.5,1.0,0.16666666666666666,28607,0,15,3,4,"['ENSG00000001460', 'ENSG00000123700', 'ENSG00000151470', 'ENSG00000134343']","['ENSG00000001460', 'ENSG00000123700', 'ENSG00000151470', 'ENSG00000151838', 'ENSG00000125166', 'ENSG00000134343', 'ENSG00000206199', 'ENSG00000173988', 'ENSG00000214029', 'ENSG00000138442']",0.32247195,fold_5
4.1,ThirdAnnotation,EX_2,78,0.6958762886597938,0.9310344827586207,0.34615384615384615,28545,2,51,27,4,"['ENSG00000162595', 'ENSG00000153993', 'ENSG00000108960', 'ENSG00000135750']","['ENSG00000162595', 'ENSG00000100473', 'ENSG00000141433', 'ENSG00000153993', 'ENSG00000108960', 'ENSG00000135750', 'ENSG00000187955', 'ENSG00000185483', 'ENSG00000173114', 'ENSG00000168830']",0.27712536,fold_5
4.1,ThirdAnnotation,EX_3,76,0.3968253968253968,0.45454545454545453,0.2631578947368421,28525,24,56,20,3,"['ENSG00000053747', 'ENSG00000101605', 'ENSG00000141433']","['ENSG00000053747', 'ENSG00000272636', 'ENSG00000173114', 'ENSG00000101605', 'ENSG00000100473', 'ENSG00000141433', 'ENSG00000108960', 'ENSG00000165606', 'ENSG00000102780', 'ENSG00000117016']",0.15516612,fold_5
4.1,ThirdAnnotation,EX_4,141,0.6129032258064516,0.7037037037037037,0.40425531914893614,28460,24,84,57,2,"['ENSG00000181195', 'ENSG00000168830']","['ENSG00000135577', 'ENSG00000140284', 'ENSG00000171793', 'ENSG00000181195', 'ENSG00000168830', 'ENSG00000151838', 'ENSG00000118432', 'ENSG00000141433', 'ENSG00000113645', 'ENSG00000171094']",0.26372677,fold_5
4.1,ThirdAnnotation,EX_5,103,0.7457627118644068,0.9166666666666666,0.42718446601941745,28518,4,59,44,2,"['ENSG00000197261', 'ENSG00000153064']","['ENSG00000197261', 'ENSG00000141052', 'ENSG00000165304', 'ENSG00000153064', 'ENSG00000150457', 'ENSG00000100473', 'ENSG00000143061', 'ENSG00000187955', 'ENSG00000141433', 'ENSG00000165606']",1.0,fold_5
4.1,ThirdAnnotation,EX_6,56,0.5288461538461539,0.9166666666666666,0.19642857142857142,28568,1,45,11,4,"['ENSG00000063127', 'ENSG00000181195', 'ENSG00000171094', 'ENSG00000153993']","['ENSG00000063127', 'ENSG00000156076', 'ENSG00000181195', 'ENSG00000171094', 'ENSG00000197106', 'ENSG00000153993', 'ENSG00000118432', 'ENSG00000144596', 'ENSG00000165675', 'ENSG00000165606']",0.23936927,fold_5
4.1,ThirdAnnotation,EX_7,42,0.6914893617021277,1.0,0.30952380952380953,28583,0,29,13,2,"['ENSG00000142173', 'ENSG00000089199']","['ENSG00000142173', 'ENSG00000133116', 'ENSG00000167306', 'ENSG00000053747', 'ENSG00000089199', 'ENSG00000185483', 'ENSG00000134215', 'ENSG00000187955', 'ENSG00000141433', 'ENSG00000102780']",0.6874013,fold_5
4.1,ThirdAnnotation,EX_8,123,0.5223880597014925,0.660377358490566,0.2845528455284553,28484,18,88,35,3,"['ENSG00000150457', 'ENSG00000141433', 'ENSG00000168830']","['ENSG00000150457', 'ENSG00000019505', 'ENSG00000151838', 'ENSG00000141433', 'ENSG00000197106', 'ENSG00000168830', 'ENSG00000134343', 'ENSG00000100346', 'ENSG00000134215', 'ENSG00000064692']",0.23305655,fold_5
4.1,ThirdAnnotation,EX_9,203,0.2921535893155259,0.35353535353535354,0.1724137931034483,28358,64,168,35,4,"['ENSG00000170074', 'ENSG00000185344', 'ENSG00000099365', 'ENSG00000198873']","['ENSG00000170074', 'ENSG00000185344', 'ENSG00000099365', 'ENSG00000198873', 'ENSG00000138670', 'ENSG00000171094', 'ENSG00000131095', 'ENSG00000204677', 'ENSG00000134215', 'ENSG00000122012']",0.13691133,fold_5
4.1,ThirdAnnotation,EX_10,65,0.12306289881494986,0.10465116279069768,0.4153846153846154,28329,231,38,27,2,"['ENSG00000115271', 'ENSG00000165606']","['ENSG00000115271', 'ENSG00000070759', 'ENSG00000173988', 'ENSG00000167641', 'ENSG00000165606', 'ENSG00000146592', 'ENSG00000153904', 'ENSG00000189058', 'ENSG00000206199', 'ENSG00000156531']",0.2196085,fold_5
4.1,ThirdAnnotation,EX_11,77,0.41450777202072536,0.5517241379310345,0.2077922077922078,28535,13,61,16,4,"['ENSG00000118432', 'ENSG00000135750', 'ENSG00000168830', 'ENSG00000273540']","['ENSG00000134627', 'ENSG00000118432', 'ENSG00000135750', 'ENSG00000168830', 'ENSG00000100346', 'ENSG00000273540', 'ENSG00000134343', 'ENSG00000136874', 'ENSG00000116678', 'ENSG00000101974']",0.18971264,fold_5
4.1,ThirdAnnotation,EX_12,112,0.5902777777777778,0.7727272727272727,0.30357142857142855,28503,10,78,34,2,"['ENSG00000137571', 'ENSG00000165606']","['ENSG00000137571', 'ENSG00000065717', 'ENSG00000053747', 'ENSG00000165606', 'ENSG00000144596', 'ENSG00000108960', 'ENSG00000185483', 'ENSG00000197106', 'ENSG00000153904', 'ENSG00000113966']",0.599688,fold_5
4.1,ThirdAnnotation,EX_13,163,0.47038327526132406,0.8709677419354839,0.1656441717791411,28458,4,136,27,2,"['ENSG00000167306', 'ENSG00000144596']","['ENSG00000059804', 'ENSG00000145198', 'ENSG00000167306', 'ENSG00000121289', 'ENSG00000144596', 'ENSG00000197106', 'ENSG00000118432', 'ENSG00000100346', 'ENSG00000273540', 'ENSG00000171094']",0.22979847,fold_5
4.1,ThirdAnnotation,Endothelial_1,189,0.831918505942275,0.98,0.5185185185185185,28434,2,91,98,2,"['ENSG00000110799', 'ENSG00000116016']","['ENSG00000110799', 'ENSG00000163072', 'ENSG00000069122', 'ENSG00000128567', 'ENSG00000178878', 'ENSG00000116016', 'ENSG00000165757', 'ENSG00000103257', 'ENSG00000125148', 'ENSG00000115414']",0.8805649,fold_5
4.1,ThirdAnnotation,Ependymal_1,68,0.7459677419354839,0.8222222222222222,0.5441176470588235,28549,8,31,37,1,['ENSG00000123977'],"['ENSG00000123977', 'ENSG00000170324', 'ENSG00000153347', 'ENSG00000205129', 'ENSG00000176601', 'ENSG00000168589', 'ENSG00000178053', 'ENSG00000272398', 'ENSG00000165115', 'ENSG00000273540']",1.0,fold_5
4.1,ThirdAnnotation,INH_1,119,0.7523510971786834,0.96,0.40336134453781514,28504,2,71,48,2,"['ENSG00000181195', 'ENSG00000147257']","['ENSG00000197757', 'ENSG00000181195', 'ENSG00000147257', 'ENSG00000047644', 'ENSG00000128683', 'ENSG00000147100', 'ENSG00000089199', 'ENSG00000138670', 'ENSG00000086619', 'ENSG00000162437']",0.39765108,fold_5
4.1,ThirdAnnotation,INH_2,28,0.390625,0.5555555555555556,0.17857142857142858,28593,4,23,5,5,"['ENSG00000189045', 'ENSG00000221955', 'ENSG00000106123', 'ENSG00000109929', 'ENSG00000272636']","['ENSG00000189045', 'ENSG00000221955', 'ENSG00000106123', 'ENSG00000171793', 'ENSG00000109929', 'ENSG00000272636', 'ENSG00000144596', 'ENSG00000147257', 'ENSG00000128683', 'ENSG00000144857']",0.54335463,fold_5
4.1,ThirdAnnotation,INH_3,66,0.5864197530864198,0.7916666666666666,0.2878787878787879,28554,5,47,19,3,"['ENSG00000234965', 'ENSG00000171793', 'ENSG00000147257']","['ENSG00000234965', 'ENSG00000155011', 'ENSG00000165757', 'ENSG00000074317', 'ENSG00000171793', 'ENSG00000147257', 'ENSG00000128683', 'ENSG00000187955', 'ENSG00000143061', 'ENSG00000138670']",0.31643647,fold_5
4.1,ThirdAnnotation,INH_4,121,0.596816976127321,0.703125,0.371900826446281,28485,19,76,45,3,"['ENSG00000196116', 'ENSG00000185483', 'ENSG00000128683']","['ENSG00000272398', 'ENSG00000196116', 'ENSG00000185483', 'ENSG00000128683', 'ENSG00000147257', 'ENSG00000089199', 'ENSG00000167889', 'ENSG00000100346', 'ENSG00000152977', 'ENSG00000122012']",0.2019937,fold_5
4.1,ThirdAnnotation,INH_5,83,0.45098039215686275,0.5348837209302325,0.27710843373493976,28522,20,60,23,3,"['ENSG00000187955', 'ENSG00000128683', 'ENSG00000134343']","['ENSG00000163013', 'ENSG00000170074', 'ENSG00000187955', 'ENSG00000128683', 'ENSG00000167889', 'ENSG00000134343', 'ENSG00000204677', 'ENSG00000064692', 'ENSG00000122012', 'ENSG00000250305']",0.12107068,fold_5
4.1,ThirdAnnotation,INH_6,162,0.5472636815920398,0.7333333333333333,0.2716049382716049,28447,16,118,44,4,"['ENSG00000145014', 'ENSG00000141959', 'ENSG00000106948', 'ENSG00000135916']","['ENSG00000145014', 'ENSG00000141959', 'ENSG00000106948', 'ENSG00000130287', 'ENSG00000162734', 'ENSG00000135916', 'ENSG00000143061', 'ENSG00000100346', 'ENSG00000185483', 'ENSG00000168830']",0.5013078,fold_5
4.1,ThirdAnnotation,INH_7,53,0.48872180451127817,0.65,0.24528301886792453,28565,7,40,13,4,"['ENSG00000135083', 'ENSG00000074317', 'ENSG00000145198', 'ENSG00000147257']","['ENSG00000135083', 'ENSG00000074317', 'ENSG00000106123', 'ENSG00000145198', 'ENSG00000155016', 'ENSG00000147257', 'ENSG00000182022', 'ENSG00000167889', 'ENSG00000168830', 'ENSG00000128683']",0.53064096,fold_5
4.1,ThirdAnnotation,Lymphocyte_1,155,0.5494505494505495,0.6666666666666666,0.3225806451612903,28445,25,105,50,2,"['ENSG00000115232', 'ENSG00000111859']","['ENSG00000115232', 'ENSG00000166750', 'ENSG00000164543', 'ENSG00000106948', 'ENSG00000111859', 'ENSG00000231925', 'ENSG00000124942', 'ENSG00000154814', 'ENSG00000027075', 'ENSG00000148303']",0.78289616,fold_5
4.1,ThirdAnnotation,MN_1,69,0.7829181494661922,0.8301886792452831,0.6376811594202898,28547,9,25,44,1,['ENSG00000258947'],"['ENSG00000197747', 'ENSG00000258947', 'ENSG00000089693', 'ENSG00000104833', 'ENSG00000166681', 'ENSG00000112697', 'ENSG00000186310', 'ENSG00000122012', 'ENSG00000166448', 'ENSG00000068615']",0.51587105,fold_5
4.1,ThirdAnnotation,Macro_1,160,0.38563829787234044,0.5370370370370371,0.18125,28440,25,131,29,2,"['ENSG00000166927', 'ENSG00000165029']","['ENSG00000166927', 'ENSG00000131446', 'ENSG00000141480', 'ENSG00000137575', 'ENSG00000165029', 'ENSG00000129515', 'ENSG00000114013', 'ENSG00000254087', 'ENSG00000159216', 'ENSG00000134215']",0.39983734,fold_5
4.1,ThirdAnnotation,Meninges_1,93,0.7070707070707071,0.8235294117647058,0.45161290322580644,28523,9,51,42,2,"['ENSG00000157510', 'ENSG00000152049']","['ENSG00000165474', 'ENSG00000157510', 'ENSG00000057294', 'ENSG00000152049', 'ENSG00000096433', 'ENSG00000179094', 'ENSG00000092820', 'ENSG00000117643', 'ENSG00000198873', 'ENSG00000116678']",1.0,fold_5
4.1,ThirdAnnotation,Meninges_2,165,0.4844290657439446,0.9032258064516129,0.1696969696969697,28457,3,137,28,2,"['ENSG00000135862', 'ENSG00000189058']","['ENSG00000135862', 'ENSG00000124942', 'ENSG00000165895', 'ENSG00000189058', 'ENSG00000152977', 'ENSG00000198873', 'ENSG00000165029', 'ENSG00000138639', 'ENSG00000185070']",0.23781088,fold_5
4.1,ThirdAnnotation,Micro_1,964,0.49884437596302,0.4900662251655629,0.5373443983402489,27122,539,446,518,2,"['ENSG00000095585', 'ENSG00000114013']","['ENSG00000118308', 'ENSG00000138119', 'ENSG00000095585', 'ENSG00000101347', 'ENSG00000114013', 'ENSG00000254087', 'ENSG00000077420', 'ENSG00000124813', 'ENSG00000159216', 'ENSG00000011201']",0.18384081,fold_5
4.1,ThirdAnnotation,Micro_2,472,0.29451438848920863,0.2990867579908676,0.2775423728813559,27846,307,341,131,4,"['ENSG00000125089', 'ENSG00000254087', 'ENSG00000077420', 'ENSG00000011201']","['ENSG00000118308', 'ENSG00000125089', 'ENSG00000095585', 'ENSG00000254087', 'ENSG00000077420', 'ENSG00000011201', 'ENSG00000114013', 'ENSG00000159216', 'ENSG00000124813', 'ENSG00000138639']",0.15937081,fold_5
4.1,ThirdAnnotation,Micro_3,432,0.34131205673758863,0.4425287356321839,0.17824074074074073,28096,97,355,77,3,"['ENSG00000131446', 'ENSG00000165029', 'ENSG00000114013']","['ENSG00000131446', 'ENSG00000166927', 'ENSG00000137575', 'ENSG00000165029', 'ENSG00000095585', 'ENSG00000114013', 'ENSG00000254087', 'ENSG00000188313', 'ENSG00000077420', 'ENSG00000138639']",0.14826211,fold_5
4.1,ThirdAnnotation,Micro_4,291,0.12766982495583748,0.10714285714285714,0.5463917525773195,27009,1325,132,159,2,"['ENSG00000095585', 'ENSG00000159216']","['ENSG00000095585', 'ENSG00000254087', 'ENSG00000114013', 'ENSG00000077420', 'ENSG00000159216', 'ENSG00000138639', 'ENSG00000124813', 'ENSG00000070882', 'ENSG00000156273', 'ENSG00000067066']",0.13439155,fold_5
4.1,ThirdAnnotation,Micro_5,216,0.375,0.5131578947368421,0.18055555555555555,28372,37,177,39,2,"['ENSG00000051108', 'ENSG00000125089']","['ENSG00000051108', 'ENSG00000103257', 'ENSG00000125089', 'ENSG00000141480', 'ENSG00000137575', 'ENSG00000114013', 'ENSG00000188313', 'ENSG00000095585', 'ENSG00000254087', 'ENSG00000077420']",0.48250946,fold_5
4.1,ThirdAnnotation,Micro_6,116,0.32894736842105265,0.5357142857142857,0.12931034482758622,28496,13,101,15,2,"['ENSG00000142534', 'ENSG00000095585']","['ENSG00000203747', 'ENSG00000174444', 'ENSG00000142534', 'ENSG00000101347', 'ENSG00000148303', 'ENSG00000095585', 'ENSG00000114013', 'ENSG00000254087', 'ENSG00000077420', 'ENSG00000159216']",0.25235265,fold_5
4.1,ThirdAnnotation,OligoProg_1,86,0.12295081967213115,0.3333333333333333,0.03488372093023256,28533,6,83,3,4,"['ENSG00000117450', 'ENSG00000146592', 'ENSG00000104549', 'ENSG00000167641']","['ENSG00000137221', 'ENSG00000073060', 'ENSG00000117450', 'ENSG00000146592', 'ENSG00000104549', 'ENSG00000167641', 'ENSG00000185896', 'ENSG00000189058', 'ENSG00000165675', 'ENSG00000198756']",0.18724631,fold_5
4.1,ThirdAnnotation,Oligo_1,3214,0.5869295890976667,0.7027194066749073,0.3537647790914748,24930,481,2077,1137,3,"['ENSG00000185272', 'ENSG00000175785', 'ENSG00000119042']","['ENSG00000185272', 'ENSG00000175785', 'ENSG00000119042', 'ENSG00000123700', 'ENSG00000146072', 'ENSG00000185189', 'ENSG00000162734', 'ENSG00000173988', 'ENSG00000104549', 'ENSG00000117643']",1.0,fold_5
4.1,ThirdAnnotation,Oligo_2,4013,0.3219771212715156,0.3005655355954757,0.4502865686518814,20407,4205,2206,1807,2,"['ENSG00000185189', 'ENSG00000173988']","['ENSG00000185189', 'ENSG00000119280', 'ENSG00000173988', 'ENSG00000070759', 'ENSG00000167641', 'ENSG00000104549', 'ENSG00000146592', 'ENSG00000080200', 'ENSG00000206199', 'ENSG00000141458']",0.26601934,fold_5
4.1,ThirdAnnotation,Oligo_3,7002,0.5510598823668732,0.511542689629901,0.797486432447872,16291,5332,1418,5584,1,['ENSG00000146592'],"['ENSG00000129538', 'ENSG00000146592', 'ENSG00000167641', 'ENSG00000185896', 'ENSG00000173988', 'ENSG00000165675', 'ENSG00000141458', 'ENSG00000189058', 'ENSG00000198756', 'ENSG00000146122']",0.19119255,fold_5
4.1,ThirdAnnotation,Oligo_4,2500,0.2249236023728204,0.20271364925070878,0.4004,22188,3937,1499,1001,3,"['ENSG00000129538', 'ENSG00000167641', 'ENSG00000146592']","['ENSG00000129538', 'ENSG00000173988', 'ENSG00000185896', 'ENSG00000167641', 'ENSG00000146592', 'ENSG00000104549', 'ENSG00000165675', 'ENSG00000189058', 'ENSG00000141458', 'ENSG00000198756']",0.18322256,fold_5
4.1,ThirdAnnotation,Opc_1,2000,0.8467252880533657,0.9721496953872933,0.5585,26593,32,883,1117,2,"['ENSG00000134853', 'ENSG00000101311']","['ENSG00000134853', 'ENSG00000101311', 'ENSG00000152527', 'ENSG00000153993', 'ENSG00000087250', 'ENSG00000165895', 'ENSG00000058866', 'ENSG00000101347', 'ENSG00000189058', 'ENSG00000171094']",1.0,fold_5
4.1,ThirdAnnotation,Pericyte_1,101,0.45064377682403434,0.6363636363636364,0.2079207920792079,28512,12,80,21,1,['ENSG00000101384'],"['ENSG00000101384', 'ENSG00000140545', 'ENSG00000115414', 'ENSG00000116016', 'ENSG00000142534', 'ENSG00000148303', 'ENSG00000152977', 'ENSG00000035403', 'ENSG00000142541', 'ENSG00000146122']",1.0,fold_5
4.1,ThirdAnnotation,Astro_1,2459,0.6538016472670343,0.6281883584041857,0.7812118747458316,25029,1137,538,1921,2,"['ENSG00000111783', 'ENSG00000131095']","['ENSG00000183943', 'ENSG00000072952', 'ENSG00000115380', 'ENSG00000111783', 'ENSG00000131095', 'ENSG00000008394', 'ENSG00000183579', 'ENSG00000080493', 'ENSG00000078295', 'ENSG00000171444']",0.2886706,fold_6
4.1,ThirdAnnotation,Astro_2,1442,0.5656303972366149,0.6025758969641214,0.45423023578363386,26751,432,787,655,2,"['ENSG00000072952', 'ENSG00000129521']","['ENSG00000164089', 'ENSG00000072952', 'ENSG00000129521', 'ENSG00000158186', 'ENSG00000111783', 'ENSG00000008394', 'ENSG00000131095', 'ENSG00000183579', 'ENSG00000080493', 'ENSG00000171444']",0.39155012,fold_6
4.1,ThirdAnnotation,Astro_3,529,0.4466313398940197,0.5959595959595959,0.22306238185255198,28016,80,411,118,3,"['ENSG00000151929', 'ENSG00000164089', 'ENSG00000129521']","['ENSG00000151929', 'ENSG00000103710', 'ENSG00000072778', 'ENSG00000164089', 'ENSG00000129521', 'ENSG00000072952', 'ENSG00000174705', 'ENSG00000111783', 'ENSG00000183579', 'ENSG00000131095']",0.6560858,fold_6
4.1,ThirdAnnotation,EX_1,18,0.38461538461538464,1.0,0.1111111111111111,28607,0,16,2,4,"['ENSG00000102468', 'ENSG00000143013', 'ENSG00000197448', 'ENSG00000197020']","['ENSG00000102468', 'ENSG00000143013', 'ENSG00000197448', 'ENSG00000128849', 'ENSG00000163050', 'ENSG00000197020', 'ENSG00000145391', 'ENSG00000109944', 'ENSG00000111450', 'ENSG00000186732']",0.22897464,fold_6
4.1,ThirdAnnotation,EX_2,78,0.4646017699115044,0.5675675675675675,0.2692307692307692,28531,16,57,21,5,"['ENSG00000178163', 'ENSG00000173705', 'ENSG00000183943', 'ENSG00000163866', 'ENSG00000170571']","['ENSG00000178163', 'ENSG00000173705', 'ENSG00000183943', 'ENSG00000163866', 'ENSG00000170571', 'ENSG00000132563', 'ENSG00000173068', 'ENSG00000104112', 'ENSG00000244694', 'ENSG00000115756']",0.26784626,fold_6
4.1,ThirdAnnotation,EX_3,76,0.33088235294117646,0.3673469387755102,0.23684210526315788,28518,31,58,18,3,"['ENSG00000066248', 'ENSG00000107954', 'ENSG00000244694']","['ENSG00000066248', 'ENSG00000214013', 'ENSG00000104960', 'ENSG00000138738', 'ENSG00000107954', 'ENSG00000244694', 'ENSG00000111450', 'ENSG00000118160', 'ENSG00000144668', 'ENSG00000115756']",0.1263723,fold_6
4.1,ThirdAnnotation,EX_4,141,0.8383233532934131,0.9333333333333333,0.5957446808510638,28478,6,57,84,2,"['ENSG00000138741', 'ENSG00000184347']","['ENSG00000175344', 'ENSG00000138741', 'ENSG00000184347', 'ENSG00000173705', 'ENSG00000146530', 'ENSG00000143341', 'ENSG00000080709', 'ENSG00000198785', 'ENSG00000147041', 'ENSG00000081803']",0.40254056,fold_6
4.1,ThirdAnnotation,EX_5,103,0.6890459363957597,0.8666666666666667,0.3786407766990291,28516,6,64,39,2,"['ENSG00000074527', 'ENSG00000146530']","['ENSG00000166863', 'ENSG00000074527', 'ENSG00000106789', 'ENSG00000146530', 'ENSG00000178163', 'ENSG00000108511', 'ENSG00000141668', 'ENSG00000080493', 'ENSG00000170571', 'ENSG00000152495']",0.76348937,fold_6
4.1,ThirdAnnotation,EX_6,56,0.5833333333333334,0.875,0.25,28567,2,42,14,3,"['ENSG00000089250', 'ENSG00000138741', 'ENSG00000146530']","['ENSG00000144395', 'ENSG00000089250', 'ENSG00000138741', 'ENSG00000146530', 'ENSG00000126733', 'ENSG00000152495', 'ENSG00000167216', 'ENSG00000107147', 'ENSG00000165675', 'ENSG00000081803']",0.31402785,fold_6
4.1,ThirdAnnotation,EX_7,42,0.6862745098039216,0.9333333333333333,0.3333333333333333,28582,1,28,14,3,"['ENSG00000167306', 'ENSG00000141668', 'ENSG00000175344']","['ENSG00000000003', 'ENSG00000167306', 'ENSG00000066248', 'ENSG00000141668', 'ENSG00000175344', 'ENSG00000075035', 'ENSG00000060656', 'ENSG00000126733', 'ENSG00000244694', 'ENSG00000078295']",0.53557175,fold_6
4.1,ThirdAnnotation,EX_8,123,0.6105610561056105,0.8222222222222222,0.3008130081300813,28494,8,86,37,3,"['ENSG00000102468', 'ENSG00000170293', 'ENSG00000128849']","['ENSG00000102468', 'ENSG00000170293', 'ENSG00000128849', 'ENSG00000107566', 'ENSG00000173705', 'ENSG00000186732', 'ENSG00000080493', 'ENSG00000187068', 'ENSG00000118160', 'ENSG00000107954']",0.31267896,fold_6
4.1,ThirdAnnotation,EX_9,203,0.24179620034542315,0.2978723404255319,0.13793103448275862,28356,66,175,28,5,"['ENSG00000198369', 'ENSG00000143515', 'ENSG00000080709', 'ENSG00000122584', 'ENSG00000179832']","['ENSG00000198369', 'ENSG00000126934', 'ENSG00000143515', 'ENSG00000080709', 'ENSG00000122584', 'ENSG00000179832', 'ENSG00000143674', 'ENSG00000080854', 'ENSG00000131095', 'ENSG00000244694']",0.108086735,fold_6
4.1,ThirdAnnotation,EX_10,65,0.08483290488431877,0.07021276595744681,0.5076923076923077,28123,437,32,33,2,"['ENSG00000107731', 'ENSG00000244694']","['ENSG00000107731', 'ENSG00000092529', 'ENSG00000196187', 'ENSG00000148826', 'ENSG00000118322', 'ENSG00000244694', 'ENSG00000154447', 'ENSG00000047578', 'ENSG00000138029', 'ENSG00000165675']",0.30732933,fold_6
4.1,ThirdAnnotation,EX_11,77,0.4743083003952569,0.5454545454545454,0.3116883116883117,28528,20,53,24,4,"['ENSG00000146477', 'ENSG00000180694', 'ENSG00000126733', 'ENSG00000186732']","['ENSG00000146477', 'ENSG00000184347', 'ENSG00000107566', 'ENSG00000180694', 'ENSG00000126733', 'ENSG00000186732', 'ENSG00000170571', 'ENSG00000198785', 'ENSG00000168096', 'ENSG00000150938']",0.15617716,fold_6
4.1,ThirdAnnotation,EX_12,112,0.5172413793103449,0.8,0.21428571428571427,28507,6,88,24,4,"['ENSG00000141668', 'ENSG00000133107', 'ENSG00000080709', 'ENSG00000244694']","['ENSG00000135144', 'ENSG00000145864', 'ENSG00000141668', 'ENSG00000133107', 'ENSG00000080709', 'ENSG00000244694', 'ENSG00000113966', 'ENSG00000135503', 'ENSG00000240038', 'ENSG00000184613']",0.17732121,fold_6
4.1,ThirdAnnotation,EX_13,163,0.5254237288135594,0.9393939393939394,0.1901840490797546,28460,2,132,31,2,"['ENSG00000167306', 'ENSG00000107147']","['ENSG00000167306', 'ENSG00000133107', 'ENSG00000117707', 'ENSG00000107147', 'ENSG00000198814', 'ENSG00000143674', 'ENSG00000147041', 'ENSG00000135678', 'ENSG00000170571', 'ENSG00000171444']",0.22147444,fold_6
4.1,ThirdAnnotation,Endothelial_1,189,0.7417974322396577,0.8125,0.5502645502645502,28412,24,85,104,1,['ENSG00000118777'],"['ENSG00000118777', 'ENSG00000173706', 'ENSG00000170293', 'ENSG00000128849', 'ENSG00000111859', 'ENSG00000100234', 'ENSG00000137962', 'ENSG00000034510', 'ENSG00000172270', 'ENSG00000175899']",1.0,fold_6
4.1,ThirdAnnotation,Ependymal_1,68,0.78125,0.8974358974358975,0.5147058823529411,28553,4,33,35,1,['ENSG00000145491'],"['ENSG00000145491', 'ENSG00000182329', 'ENSG00000175267', 'ENSG00000224383', 'ENSG00000163885', 'ENSG00000205129', 'ENSG00000157856', 'ENSG00000185250', 'ENSG00000114473', 'ENSG00000147400']",1.0,fold_6
4.1,ThirdAnnotation,INH_1,119,0.6187290969899666,0.8222222222222222,0.31092436974789917,28498,8,82,37,2,"['ENSG00000154736', 'ENSG00000122584']","['ENSG00000154736', 'ENSG00000124243', 'ENSG00000145864', 'ENSG00000122584', 'ENSG00000060656', 'ENSG00000075891', 'ENSG00000147041', 'ENSG00000107147', 'ENSG00000081803', 'ENSG00000144366']",0.3964278,fold_6
4.1,ThirdAnnotation,INH_2,28,0.6944444444444444,0.9090909090909091,0.35714285714285715,28596,1,18,10,3,"['ENSG00000101680', 'ENSG00000145864', 'ENSG00000081803']","['ENSG00000149260', 'ENSG00000101680', 'ENSG00000149927', 'ENSG00000145864', 'ENSG00000081803', 'ENSG00000122584', 'ENSG00000144668', 'ENSG00000186732', 'ENSG00000144681', 'ENSG00000144366']",0.17664541,fold_6
4.1,ThirdAnnotation,INH_3,66,0.6012658227848101,0.8260869565217391,0.2878787878787879,28555,4,47,19,4,"['ENSG00000234965', 'ENSG00000137962', 'ENSG00000075891', 'ENSG00000166444']","['ENSG00000234965', 'ENSG00000100814', 'ENSG00000186732', 'ENSG00000137962', 'ENSG00000075891', 'ENSG00000166444', 'ENSG00000122584', 'ENSG00000187068', 'ENSG00000244694', 'ENSG00000080493']",0.17434403,fold_6
4.1,ThirdAnnotation,INH_4,121,0.5255255255255256,0.660377358490566,0.2892561983471074,28486,18,86,35,4,"['ENSG00000197020', 'ENSG00000133107', 'ENSG00000075891', 'ENSG00000147041']","['ENSG00000197020', 'ENSG00000133107', 'ENSG00000075891', 'ENSG00000147041', 'ENSG00000126733', 'ENSG00000166444', 'ENSG00000163866', 'ENSG00000144366', 'ENSG00000122584', 'ENSG00000144681']",0.22847621,fold_6
4.1,ThirdAnnotation,INH_5,83,0.5263157894736842,0.8181818181818182,0.21686746987951808,28538,4,65,18,2,"['ENSG00000143341', 'ENSG00000138741']","['ENSG00000143341', 'ENSG00000138741', 'ENSG00000124243', 'ENSG00000133107', 'ENSG00000162636', 'ENSG00000075035', 'ENSG00000075891', 'ENSG00000126733', 'ENSG00000107147', 'ENSG00000122584']",0.3271945,fold_6
4.1,ThirdAnnotation,INH_6,162,0.7268722466960352,0.9041095890410958,0.4074074074074074,28456,7,96,66,2,"['ENSG00000182379', 'ENSG00000143341']","['ENSG00000143340', 'ENSG00000091879', 'ENSG00000182379', 'ENSG00000089250', 'ENSG00000143341', 'ENSG00000117707', 'ENSG00000126733', 'ENSG00000147041', 'ENSG00000075891', 'ENSG00000186732']",0.71229506,fold_6
4.1,ThirdAnnotation,INH_7,53,0.7027027027027027,0.7878787878787878,0.49056603773584906,28565,7,27,26,3,"['ENSG00000137962', 'ENSG00000080709', 'ENSG00000144366']","['ENSG00000154736', 'ENSG00000183837', 'ENSG00000145864', 'ENSG00000137962', 'ENSG00000080709', 'ENSG00000144366', 'ENSG00000075035', 'ENSG00000075891', 'ENSG00000122584', 'ENSG00000144668']",0.18028024,fold_6
4.1,ThirdAnnotation,Lymphocyte_1,155,0.593952483801296,0.7142857142857143,0.3548387096774194,28448,22,100,55,2,"['ENSG00000115165', 'ENSG00000111859']","['ENSG00000115165', 'ENSG00000110848', 'ENSG00000009790', 'ENSG00000111859', 'ENSG00000072786', 'ENSG00000069493', 'ENSG00000170571', 'ENSG00000152495', 'ENSG00000105193', 'ENSG00000163219']",0.78289616,fold_6
4.1,ThirdAnnotation,MN_1,69,0.5414012738853503,0.7727272727272727,0.2463768115942029,28551,5,52,17,2,"['ENSG00000134333', 'ENSG00000185883']","['ENSG00000134333', 'ENSG00000102144', 'ENSG00000134440', 'ENSG00000034510', 'ENSG00000185883', 'ENSG00000107742', 'ENSG00000144746', 'ENSG00000125827', 'ENSG00000084731', 'ENSG00000240694']",0.6229253,fold_6
4.1,ThirdAnnotation,Macro_1,160,0.26422764227642276,0.3132530120481928,0.1625,28408,57,134,26,2,"['ENSG00000091831', 'ENSG00000170571']","['ENSG00000091831', 'ENSG00000133106', 'ENSG00000158813', 'ENSG00000072786', 'ENSG00000146192', 'ENSG00000170571', 'ENSG00000135678', 'ENSG00000196126', 'ENSG00000124782', 'ENSG00000159216']",0.5768037,fold_6
4.1,ThirdAnnotation,Meninges_1,93,0.7581227436823105,0.9130434782608695,0.45161290322580644,28528,4,51,42,2,"['ENSG00000126778', 'ENSG00000172296']","['ENSG00000126778', 'ENSG00000172296', 'ENSG00000112175', 'ENSG00000096433', 'ENSG00000144476', 'ENSG00000143013', 'ENSG00000184347', 'ENSG00000077942', 'ENSG00000080493', 'ENSG00000060656']",1.0,fold_6
4.1,ThirdAnnotation,Meninges_2,165,0.6769596199524941,0.890625,0.34545454545454546,28453,7,108,57,2,"['ENSG00000077942', 'ENSG00000137962']","['ENSG00000165072', 'ENSG00000077942', 'ENSG00000100234', 'ENSG00000137962', 'ENSG00000109099', 'ENSG00000183722']",0.45447493,fold_6
4.1,ThirdAnnotation,Micro_1,964,0.44474921630094044,0.5717884130982368,0.2354771784232365,27491,170,737,227,2,"['ENSG00000146090', 'ENSG00000163219']","['ENSG00000146090', 'ENSG00000133106', 'ENSG00000174125', 'ENSG00000146192', 'ENSG00000142583', 'ENSG00000163219', 'ENSG00000196126', 'ENSG00000142347', 'ENSG00000175899', 'ENSG00000168918']",0.4509586,fold_6
4.1,ThirdAnnotation,Micro_2,472,0.27149321266968324,0.2962962962962963,0.2033898305084746,27925,228,376,96,3,"['ENSG00000072786', 'ENSG00000142583', 'ENSG00000163219']","['ENSG00000174125', 'ENSG00000072786', 'ENSG00000142583', 'ENSG00000146192', 'ENSG00000163219', 'ENSG00000119321', 'ENSG00000196126', 'ENSG00000142347', 'ENSG00000175899', 'ENSG00000168918']",0.19823574,fold_6
4.1,ThirdAnnotation,Micro_3,432,0.30714285714285716,0.6417910447761194,0.09953703703703703,28169,24,389,43,2,"['ENSG00000135678', 'ENSG00000196126']","['ENSG00000066294', 'ENSG00000135678', 'ENSG00000146192', 'ENSG00000196126', 'ENSG00000163219', 'ENSG00000142583', 'ENSG00000142347', 'ENSG00000175899', 'ENSG00000169499', 'ENSG00000168918']",0.20069681,fold_6
4.1,ThirdAnnotation,Micro_4,291,0.12209473374521919,0.10682110682110682,0.2852233676975945,27640,694,208,83,3,"['ENSG00000163219', 'ENSG00000142583', 'ENSG00000159216']","['ENSG00000163219', 'ENSG00000142583', 'ENSG00000142347', 'ENSG00000168918', 'ENSG00000124782', 'ENSG00000159216', 'ENSG00000075884', 'ENSG00000130066', 'ENSG00000173068']",0.14446549,fold_6
4.1,ThirdAnnotation,Micro_5,216,0.16741071428571427,0.17647058823529413,0.1388888888888889,28269,140,186,30,3,"['ENSG00000104714', 'ENSG00000196126', 'ENSG00000168918']","['ENSG00000104714', 'ENSG00000196126', 'ENSG00000142583', 'ENSG00000169499', 'ENSG00000142347', 'ENSG00000168918', 'ENSG00000130066', 'ENSG00000124782', 'ENSG00000159216', 'ENSG00000075884']",0.19688539,fold_6
4.1,ThirdAnnotation,Micro_6,116,0.35919540229885055,0.43103448275862066,0.21551724137931033,28476,33,91,25,3,"['ENSG00000241343', 'ENSG00000034510', 'ENSG00000196126']","['ENSG00000241343', 'ENSG00000172809', 'ENSG00000149806', 'ENSG00000034510', 'ENSG00000105193', 'ENSG00000196126', 'ENSG00000146192', 'ENSG00000142583', 'ENSG00000196531', 'ENSG00000175899']",0.22182314,fold_6
4.1,ThirdAnnotation,OligoProg_1,86,0.05555555555555555,1.0,0.011627906976744186,28539,0,85,1,2,"['ENSG00000148826', 'ENSG00000196187']","['ENSG00000117450', 'ENSG00000126860', 'ENSG00000148826', 'ENSG00000092529', 'ENSG00000196187', 'ENSG00000135678', 'ENSG00000109099', 'ENSG00000118322', 'ENSG00000165675', 'ENSG00000100142']",0.17283937,fold_6
4.1,ThirdAnnotation,Oligo_1,3214,0.5144968732234224,0.591825613079019,0.33789670192906035,24662,749,2128,1086,3,"['ENSG00000059691', 'ENSG00000204161', 'ENSG00000122863']","['ENSG00000059691', 'ENSG00000204161', 'ENSG00000197448', 'ENSG00000122863', 'ENSG00000146090', 'ENSG00000173706', 'ENSG00000118322', 'ENSG00000196187', 'ENSG00000113140', 'ENSG00000167123']",1.0,fold_6
4.1,ThirdAnnotation,Oligo_2,4013,0.3205918618988903,0.31402370834265264,0.34986294542736107,21545,3067,2609,1404,2,"['ENSG00000122863', 'ENSG00000196187']","['ENSG00000122863', 'ENSG00000126860', 'ENSG00000092529', 'ENSG00000196187', 'ENSG00000109099', 'ENSG00000118322', 'ENSG00000148826', 'ENSG00000113140', 'ENSG00000154447', 'ENSG00000141542']",0.26957604,fold_6
4.1,ThirdAnnotation,Oligo_3,7002,0.5050145814069279,0.5379806781587422,0.4055984004570123,19184,2439,4162,2840,2,"['ENSG00000109099', 'ENSG00000167123']","['ENSG00000126860', 'ENSG00000109099', 'ENSG00000148826', 'ENSG00000092529', 'ENSG00000196187', 'ENSG00000167123', 'ENSG00000118322', 'ENSG00000141542', 'ENSG00000135678', 'ENSG00000165675']",0.20291677,fold_6
4.1,ThirdAnnotation,Oligo_4,2500,0.20524392864818397,0.18967229394240318,0.3056,22861,3264,1736,764,4,"['ENSG00000126860', 'ENSG00000109099', 'ENSG00000148826', 'ENSG00000118322']","['ENSG00000126860', 'ENSG00000109099', 'ENSG00000092529', 'ENSG00000148826', 'ENSG00000196187', 'ENSG00000118322', 'ENSG00000141542', 'ENSG00000135678', 'ENSG00000167123', 'ENSG00000165675']",0.1928691,fold_6
4.1,ThirdAnnotation,Opc_1,2000,0.7199163449163449,0.849146110056926,0.4475,26466,159,1105,895,2,"['ENSG00000152527', 'ENSG00000106536']","['ENSG00000152527', 'ENSG00000106536', 'ENSG00000146477', 'ENSG00000198369', 'ENSG00000132613', 'ENSG00000187068', 'ENSG00000122584', 'ENSG00000118322', 'ENSG00000144668', 'ENSG00000183722']",0.8057213,fold_6
4.1,ThirdAnnotation,Pericyte_1,101,0.34334763948497854,0.48484848484848486,0.15841584158415842,28507,17,85,16,1,['ENSG00000100234'],"['ENSG00000100234', 'ENSG00000149806', 'ENSG00000137962', 'ENSG00000172270', 'ENSG00000113140', 'ENSG00000034510', 'ENSG00000196531', 'ENSG00000105193', 'ENSG00000175899', 'ENSG00000115268']",0.4141491,fold_6
4.1,ThirdAnnotation,Astro_1,2459,0.7224485739839014,0.7648605996843767,0.5912972753151687,25719,447,1005,1454,1,['ENSG00000152137'],"['ENSG00000152137', 'ENSG00000106211', 'ENSG00000186439', 'ENSG00000165449', 'ENSG00000156218', 'ENSG00000240583', 'ENSG00000026508', 'ENSG00000172987', 'ENSG00000113645', 'ENSG00000165029']",1.0,fold_7
4.1,ThirdAnnotation,Astro_2,1442,0.6036898645492761,0.7281690140845071,0.35852981969486825,26990,193,925,517,2,"['ENSG00000107736', 'ENSG00000172987']","['ENSG00000107736', 'ENSG00000129521', 'ENSG00000240583', 'ENSG00000172987', 'ENSG00000026508', 'ENSG00000165966', 'ENSG00000113645', 'ENSG00000165029', 'ENSG00000171444', 'ENSG00000103740']",0.48328602,fold_7
4.1,ThirdAnnotation,Astro_3,529,0.3204272363150868,0.29850746268656714,0.45368620037807184,27532,564,289,240,2,"['ENSG00000129521', 'ENSG00000026508']","['ENSG00000129521', 'ENSG00000240583', 'ENSG00000026508', 'ENSG00000172987', 'ENSG00000167614', 'ENSG00000164904', 'ENSG00000113645', 'ENSG00000165966', 'ENSG00000165029', 'ENSG00000174628']",0.33199534,fold_7
4.1,ThirdAnnotation,EX_1,18,0.47619047619047616,0.6666666666666666,0.2222222222222222,28605,2,14,4,4,"['ENSG00000198128', 'ENSG00000164142', 'ENSG00000108641', 'ENSG00000070193']","['ENSG00000108375', 'ENSG00000198128', 'ENSG00000164142', 'ENSG00000108641', 'ENSG00000130147', 'ENSG00000070193', 'ENSG00000164128', 'ENSG00000064787', 'ENSG00000103740', 'ENSG00000176769']",0.6499923,fold_7
4.1,ThirdAnnotation,EX_2,78,0.5913978494623656,0.8148148148148148,0.28205128205128205,28542,5,56,22,3,"['ENSG00000162595', 'ENSG00000280165', 'ENSG00000164484']","['ENSG00000162595', 'ENSG00000280165', 'ENSG00000164484', 'ENSG00000165449', 'ENSG00000179542', 'ENSG00000113396', 'ENSG00000171617', 'ENSG00000183780', 'ENSG00000164128', 'ENSG00000114805']",1.0,fold_7
4.1,ThirdAnnotation,EX_3,76,0.36585365853658536,0.5454545454545454,0.15789473684210525,28539,10,64,12,4,"['ENSG00000165023', 'ENSG00000128578', 'ENSG00000143499', 'ENSG00000164076']","['ENSG00000165023', 'ENSG00000152056', 'ENSG00000128578', 'ENSG00000143499', 'ENSG00000164076', 'ENSG00000109118', 'ENSG00000164128', 'ENSG00000146555', 'ENSG00000107954', 'ENSG00000136944']",0.1851539,fold_7
4.1,ThirdAnnotation,EX_4,141,0.7572383073496659,0.8831168831168831,0.48226950354609927,28475,9,73,68,3,"['ENSG00000259417', 'ENSG00000171246', 'ENSG00000177707']","['ENSG00000259417', 'ENSG00000174453', 'ENSG00000171246', 'ENSG00000070193', 'ENSG00000215474', 'ENSG00000177707', 'ENSG00000171617', 'ENSG00000113645', 'ENSG00000090530', 'ENSG00000198673']",0.41781846,fold_7
4.1,ThirdAnnotation,EX_5,103,0.6968641114982579,0.8695652173913043,0.3883495145631068,28516,6,63,40,3,"['ENSG00000166923', 'ENSG00000165985', 'ENSG00000047617']","['ENSG00000166923', 'ENSG00000165985', 'ENSG00000047617', 'ENSG00000128578', 'ENSG00000215474', 'ENSG00000171246', 'ENSG00000172987', 'ENSG00000164076', 'ENSG00000171617', 'ENSG00000136944']",1.0,fold_7
4.1,ThirdAnnotation,EX_6,56,0.6395348837209303,0.7586206896551724,0.39285714285714285,28562,7,34,22,4,"['ENSG00000215474', 'ENSG00000156218', 'ENSG00000177707', 'ENSG00000174948']","['ENSG00000215474', 'ENSG00000156218', 'ENSG00000177707', 'ENSG00000174948', 'ENSG00000171246', 'ENSG00000171617', 'ENSG00000188517', 'ENSG00000122025', 'ENSG00000144331', 'ENSG00000138759']",0.22221944,fold_7
4.1,ThirdAnnotation,EX_7,42,0.6329113924050633,0.6896551724137931,0.47619047619047616,28574,9,22,20,4,"['ENSG00000124302', 'ENSG00000113396', 'ENSG00000188859', 'ENSG00000138759']","['ENSG00000177098', 'ENSG00000124302', 'ENSG00000113396', 'ENSG00000164076', 'ENSG00000188859', 'ENSG00000138759', 'ENSG00000176769', 'ENSG00000174473', 'ENSG00000175928', 'ENSG00000145242']",0.14485165,fold_7
4.1,ThirdAnnotation,EX_8,123,0.6112852664576802,0.7959183673469388,0.3170731707317073,28492,10,84,39,3,"['ENSG00000047662', 'ENSG00000166689', 'ENSG00000164128']","['ENSG00000175356', 'ENSG00000047662', 'ENSG00000124302', 'ENSG00000171617', 'ENSG00000166689', 'ENSG00000164128', 'ENSG00000273540', 'ENSG00000174473', 'ENSG00000136944', 'ENSG00000157470']",0.16308466,fold_7
4.1,ThirdAnnotation,EX_9,203,0.35444947209653094,0.40869565217391307,0.2315270935960591,28354,68,156,47,4,"['ENSG00000113396', 'ENSG00000156802', 'ENSG00000065989', 'ENSG00000143499']","['ENSG00000151176', 'ENSG00000158258', 'ENSG00000113396', 'ENSG00000156802', 'ENSG00000065989', 'ENSG00000143499', 'ENSG00000198673', 'ENSG00000188859', 'ENSG00000176769', 'ENSG00000198814']",0.15394913,fold_7
4.1,ThirdAnnotation,EX_10,65,0.053763440860215055,0.14285714285714285,0.015384615384615385,28554,6,64,1,1,['ENSG00000182087'],"['ENSG00000128578', 'ENSG00000113578', 'ENSG00000182087', 'ENSG00000166925', 'ENSG00000080819', 'ENSG00000173786', 'ENSG00000176485', 'ENSG00000064787', 'ENSG00000103740', 'ENSG00000164128']",0.17545447,fold_7
4.1,ThirdAnnotation,EX_11,77,0.4519774011299435,0.64,0.2077922077922078,28539,9,61,16,5,"['ENSG00000215474', 'ENSG00000047662', 'ENSG00000124302', 'ENSG00000273540', 'ENSG00000165966']","['ENSG00000164142', 'ENSG00000215474', 'ENSG00000047662', 'ENSG00000124302', 'ENSG00000273540', 'ENSG00000165966', 'ENSG00000183780', 'ENSG00000022567', 'ENSG00000176769', 'ENSG00000164128']",0.13904504,fold_7
4.1,ThirdAnnotation,EX_12,112,0.5720338983050848,0.8709677419354839,0.24107142857142858,28509,4,85,27,2,"['ENSG00000274588', 'ENSG00000128578']","['ENSG00000274588', 'ENSG00000166960', 'ENSG00000166002', 'ENSG00000131951', 'ENSG00000128578', 'ENSG00000140044', 'ENSG00000106714', 'ENSG00000152056', 'ENSG00000134539', 'ENSG00000133639']",0.6521096,fold_7
4.1,ThirdAnnotation,EX_13,163,0.6125356125356125,0.9148936170212766,0.26380368098159507,28458,4,120,43,3,"['ENSG00000187123', 'ENSG00000163827', 'ENSG00000113396']","['ENSG00000187123', 'ENSG00000163827', 'ENSG00000198598', 'ENSG00000173805', 'ENSG00000113396', 'ENSG00000171246', 'ENSG00000198673', 'ENSG00000176769', 'ENSG00000273540', 'ENSG00000188517']",1.0,fold_7
4.1,ThirdAnnotation,Endothelial_1,189,0.8115183246073299,0.96875,0.49206349206349204,28433,3,96,93,2,"['ENSG00000085276', 'ENSG00000047617']","['ENSG00000085276', 'ENSG00000128567', 'ENSG00000117394', 'ENSG00000213949', 'ENSG00000047617', 'ENSG00000261371', 'ENSG00000100234', 'ENSG00000138119', 'ENSG00000131873', 'ENSG00000100316']",0.8745465,fold_7
4.1,ThirdAnnotation,Ependymal_1,68,0.6866197183098591,0.7222222222222222,0.5735294117647058,28542,15,29,39,1,['ENSG00000166596'],"['ENSG00000166596', 'ENSG00000197168', 'ENSG00000204711', 'ENSG00000132554', 'ENSG00000152779', 'ENSG00000135046', 'ENSG00000172771', 'ENSG00000131951', 'ENSG00000171811', 'ENSG00000186439']",1.0,fold_7
4.1,ThirdAnnotation,INH_1,119,0.7095709570957096,0.9347826086956522,0.36134453781512604,28503,3,76,43,3,"['ENSG00000107736', 'ENSG00000158258', 'ENSG00000125618']","['ENSG00000107736', 'ENSG00000173805', 'ENSG00000158258', 'ENSG00000235162', 'ENSG00000174948', 'ENSG00000125618', 'ENSG00000143499', 'ENSG00000188517', 'ENSG00000144331', 'ENSG00000114805']",0.32127526,fold_7
4.1,ThirdAnnotation,INH_2,28,0.5769230769230769,1.0,0.21428571428571427,28597,0,22,6,3,"['ENSG00000151577', 'ENSG00000172318', 'ENSG00000113396']","['ENSG00000151577', 'ENSG00000170385', 'ENSG00000172318', 'ENSG00000167619', 'ENSG00000152056', 'ENSG00000113396', 'ENSG00000125618', 'ENSG00000188517', 'ENSG00000114805', 'ENSG00000158966']",1.0,fold_7
4.1,ThirdAnnotation,INH_3,66,0.7183908045977011,0.9259259259259259,0.3787878787878788,28557,2,41,25,3,"['ENSG00000131196', 'ENSG00000072182', 'ENSG00000125618']","['ENSG00000131196', 'ENSG00000155011', 'ENSG00000072182', 'ENSG00000151458', 'ENSG00000174948', 'ENSG00000125618', 'ENSG00000172987', 'ENSG00000128578', 'ENSG00000188859', 'ENSG00000114805']",0.29841727,fold_7
4.1,ThirdAnnotation,INH_4,121,0.5341246290801187,0.6666666666666666,0.2975206611570248,28486,18,85,36,4,"['ENSG00000101361', 'ENSG00000072182', 'ENSG00000174948', 'ENSG00000125618']","['ENSG00000101361', 'ENSG00000072182', 'ENSG00000174948', 'ENSG00000105429', 'ENSG00000125618', 'ENSG00000163864', 'ENSG00000114805', 'ENSG00000164076', 'ENSG00000158966', 'ENSG00000144331']",0.38131684,fold_7
4.1,ThirdAnnotation,INH_5,83,0.6896551724137931,0.9333333333333333,0.3373493975903614,28540,2,55,28,4,"['ENSG00000164484', 'ENSG00000196562', 'ENSG00000106714', 'ENSG00000165966']","['ENSG00000136261', 'ENSG00000164484', 'ENSG00000196562', 'ENSG00000106714', 'ENSG00000125618', 'ENSG00000165966', 'ENSG00000188859', 'ENSG00000146555', 'ENSG00000198673', 'ENSG00000107954']",0.19955203,fold_7
4.1,ThirdAnnotation,INH_6,162,0.5555555555555556,0.7301587301587301,0.2839506172839506,28446,17,116,46,3,"['ENSG00000165023', 'ENSG00000174948', 'ENSG00000072182']","['ENSG00000235162', 'ENSG00000165023', 'ENSG00000174948', 'ENSG00000072182', 'ENSG00000181904', 'ENSG00000164076', 'ENSG00000158966', 'ENSG00000125247', 'ENSG00000171617', 'ENSG00000188859']",0.3034827,fold_7
4.1,ThirdAnnotation,INH_7,53,0.6382978723404256,0.8181818181818182,0.33962264150943394,28568,4,35,18,5,"['ENSG00000102678', 'ENSG00000158258', 'ENSG00000106714', 'ENSG00000125618', 'ENSG00000188859']","['ENSG00000102678', 'ENSG00000001626', 'ENSG00000158258', 'ENSG00000106714', 'ENSG00000125618', 'ENSG00000188859', 'ENSG00000275700', 'ENSG00000168781', 'ENSG00000176769', 'ENSG00000144331']",0.24630038,fold_7
4.1,ThirdAnnotation,Lymphocyte_1,155,0.7131537242472267,0.7563025210084033,0.5806451612903226,28441,29,65,90,1,['ENSG00000100351'],"['ENSG00000100351', 'ENSG00000136167', 'ENSG00000005844', 'ENSG00000009790', 'ENSG00000121966', 'ENSG00000105939', 'ENSG00000164674', 'ENSG00000134539', 'ENSG00000133639', 'ENSG00000143947']",1.0,fold_7
4.1,ThirdAnnotation,MN_1,69,0.7062146892655368,0.9259259259259259,0.36231884057971014,28554,2,44,25,2,"['ENSG00000196230', 'ENSG00000154096']","['ENSG00000105254', 'ENSG00000168824', 'ENSG00000089693', 'ENSG00000168490', 'ENSG00000196230', 'ENSG00000154096', 'ENSG00000197043', 'ENSG00000115762', 'ENSG00000255302', 'ENSG00000105696']",0.34295234,fold_7
4.1,ThirdAnnotation,Macro_1,160,0.34974093264248707,0.35294117647058826,0.3375,28366,99,106,54,2,"['ENSG00000165029', 'ENSG00000163694']","['ENSG00000141480', 'ENSG00000165029', 'ENSG00000105483', 'ENSG00000163694', 'ENSG00000122862', 'ENSG00000155629', 'ENSG00000131873', 'ENSG00000185950', 'ENSG00000101096', 'ENSG00000164733']",0.19887424,fold_7
4.1,ThirdAnnotation,Meninges_1,93,0.6118143459915611,0.8055555555555556,0.3118279569892473,28525,7,64,29,2,"['ENSG00000096433', 'ENSG00000138039']","['ENSG00000096433', 'ENSG00000152049', 'ENSG00000075426', 'ENSG00000138039', 'ENSG00000115825', 'ENSG00000102265', 'ENSG00000156218', 'ENSG00000106536', 'ENSG00000196562', 'ENSG00000011465']",1.0,fold_7
4.1,ThirdAnnotation,Meninges_2,165,0.5405405405405406,0.8571428571428571,0.21818181818181817,28454,6,129,36,2,"['ENSG00000044524', 'ENSG00000011465']","['ENSG00000044524', 'ENSG00000106823', 'ENSG00000119138', 'ENSG00000157110', 'ENSG00000100234', 'ENSG00000011465', 'ENSG00000165029', 'ENSG00000149633', 'ENSG00000146555']",0.6717626,fold_7
4.1,ThirdAnnotation,Micro_1,964,0.46501706484641636,0.4683136412459721,0.45228215767634855,27166,495,528,436,2,"['ENSG00000170542', 'ENSG00000105339']","['ENSG00000170542', 'ENSG00000177663', 'ENSG00000138119', 'ENSG00000180233', 'ENSG00000155629', 'ENSG00000105339', 'ENSG00000163694', 'ENSG00000101096', 'ENSG00000122862', 'ENSG00000067066']",0.23965734,fold_7
4.1,ThirdAnnotation,Micro_2,472,0.40422885572139305,0.45774647887323944,0.2754237288135593,27999,154,342,130,3,"['ENSG00000173391', 'ENSG00000135842', 'ENSG00000105339']","['ENSG00000173391', 'ENSG00000135842', 'ENSG00000177663', 'ENSG00000155629', 'ENSG00000122862', 'ENSG00000105339', 'ENSG00000131873', 'ENSG00000101096', 'ENSG00000163694', 'ENSG00000146555']",0.516775,fold_7
4.1,ThirdAnnotation,Micro_3,432,0.47101449275362317,0.6190476190476191,0.24074074074074073,28129,64,328,104,3,"['ENSG00000136235', 'ENSG00000165029', 'ENSG00000163694']","['ENSG00000136235', 'ENSG00000261371', 'ENSG00000105483', 'ENSG00000165029', 'ENSG00000155629', 'ENSG00000163694', 'ENSG00000122862', 'ENSG00000101096', 'ENSG00000070882', 'ENSG00000105339']",0.15731862,fold_7
4.1,ThirdAnnotation,Micro_4,291,0.12220133310545206,0.10287769784172662,0.49140893470790376,27087,1247,148,143,2,"['ENSG00000105339', 'ENSG00000101096']","['ENSG00000155629', 'ENSG00000163694', 'ENSG00000105339', 'ENSG00000101096', 'ENSG00000122862', 'ENSG00000070882', 'ENSG00000067066', 'ENSG00000170525', 'ENSG00000164733']",0.12512094,fold_7
4.1,ThirdAnnotation,Micro_5,216,0.34591194968553457,0.41904761904761906,0.2037037037037037,28348,61,172,44,3,"['ENSG00000130775', 'ENSG00000122862', 'ENSG00000163694']","['ENSG00000130775', 'ENSG00000164674', 'ENSG00000141480', 'ENSG00000122862', 'ENSG00000163694', 'ENSG00000185950', 'ENSG00000105339', 'ENSG00000101096', 'ENSG00000170525', 'ENSG00000164733']",0.24829252,fold_7
4.1,ThirdAnnotation,Micro_6,116,0.24390243902439024,0.6666666666666666,0.06896551724137931,28505,4,108,8,2,"['ENSG00000198918', 'ENSG00000169087']","['ENSG00000198918', 'ENSG00000136404', 'ENSG00000169087', 'ENSG00000261371', 'ENSG00000177663', 'ENSG00000143947', 'ENSG00000105193', 'ENSG00000100316', 'ENSG00000164587', 'ENSG00000101096']",0.71917564,fold_7
4.1,ThirdAnnotation,OligoProg_1,86,0.05555555555555555,1.0,0.011627906976744186,28539,0,85,1,2,"['ENSG00000126822', 'ENSG00000173786']","['ENSG00000166925', 'ENSG00000100242', 'ENSG00000126822', 'ENSG00000108387', 'ENSG00000173786', 'ENSG00000175130', 'ENSG00000064787', 'ENSG00000165566', 'ENSG00000176485', 'ENSG00000079459']",0.23826721,fold_7
4.1,ThirdAnnotation,Oligo_1,3214,0.516319639842431,0.5912996777658431,0.34256378344741756,24650,761,2113,1101,4,"['ENSG00000010282', 'ENSG00000146072', 'ENSG00000219481', 'ENSG00000175130']","['ENSG00000010282', 'ENSG00000146072', 'ENSG00000076344', 'ENSG00000219481', 'ENSG00000100242', 'ENSG00000175130', 'ENSG00000103740', 'ENSG00000139292', 'ENSG00000064787', 'ENSG00000092871']",0.3492072,fold_7
4.1,ThirdAnnotation,Oligo_2,4013,0.35335268643220863,0.34941176470588237,0.37004734612509343,21847,2765,2528,1485,3,"['ENSG00000010282', 'ENSG00000080819', 'ENSG00000103740']","['ENSG00000010282', 'ENSG00000080819', 'ENSG00000175130', 'ENSG00000103740', 'ENSG00000176485', 'ENSG00000173786', 'ENSG00000064787', 'ENSG00000165566', 'ENSG00000139292', 'ENSG00000065809']",0.21701825,fold_7
4.1,ThirdAnnotation,Oligo_3,7002,0.5888107713736155,0.6135107118175536,0.5071408169094545,19386,2237,3451,3551,2,"['ENSG00000165566', 'ENSG00000173786']","['ENSG00000100242', 'ENSG00000108387', 'ENSG00000126822', 'ENSG00000165566', 'ENSG00000149633', 'ENSG00000173786', 'ENSG00000001461', 'ENSG00000176485', 'ENSG00000064787', 'ENSG00000065809']",0.18511406,fold_7
4.1,ThirdAnnotation,Oligo_4,2500,0.23817455029980014,0.22124806601340896,0.3432,23105,3020,1642,858,3,"['ENSG00000080819', 'ENSG00000001461', 'ENSG00000165566']","['ENSG00000108387', 'ENSG00000080819', 'ENSG00000001461', 'ENSG00000149633', 'ENSG00000173786', 'ENSG00000165566', 'ENSG00000176485', 'ENSG00000064787', 'ENSG00000103740', 'ENSG00000065809']",0.19436237,fold_7
4.1,ThirdAnnotation,Opc_1,2000,0.7270801232665639,0.9461152882205514,0.3775,26582,43,1245,755,3,"['ENSG00000152527', 'ENSG00000165966', 'ENSG00000198673']","['ENSG00000152527', 'ENSG00000106536', 'ENSG00000196562', 'ENSG00000177707', 'ENSG00000165966', 'ENSG00000198673', 'ENSG00000064787', 'ENSG00000116667', 'ENSG00000114166', 'ENSG00000151090']",0.17826483,fold_7
4.1,ThirdAnnotation,Pericyte_1,101,0.45064377682403434,0.6363636363636364,0.2079207920792079,28512,12,80,21,1,['ENSG00000101384'],"['ENSG00000101384', 'ENSG00000101335', 'ENSG00000140545', 'ENSG00000102265', 'ENSG00000119138', 'ENSG00000157110', 'ENSG00000100234', 'ENSG00000011465', 'ENSG00000105193', 'ENSG00000164587']",1.0,fold_7
4.1,ThirdAnnotation,Astro_1,2459,0.6215129103412482,0.7301829268292683,0.3895892639284262,25812,354,1501,958,2,"['ENSG00000114204', 'ENSG00000124942']","['ENSG00000175287', 'ENSG00000144909', 'ENSG00000114204', 'ENSG00000152661', 'ENSG00000124942', 'ENSG00000157617', 'ENSG00000138696', 'ENSG00000204389', 'ENSG00000069535', 'ENSG00000011201']",0.22766802,fold_8
4.1,ThirdAnnotation,Astro_2,1442,0.5158214130905938,0.6002522068095839,0.3300970873786408,26866,317,966,476,2,"['ENSG00000103528', 'ENSG00000198963']","['ENSG00000144749', 'ENSG00000144909', 'ENSG00000103528', 'ENSG00000152661', 'ENSG00000114204', 'ENSG00000198963', 'ENSG00000138696', 'ENSG00000120278', 'ENSG00000148737', 'ENSG00000186716']",0.22130084,fold_8
4.1,ThirdAnnotation,Astro_3,529,0.2255533762958812,0.2118421052631579,0.30434782608695654,27497,599,368,161,4,"['ENSG00000152661', 'ENSG00000114204', 'ENSG00000198963', 'ENSG00000138696']","['ENSG00000144749', 'ENSG00000144909', 'ENSG00000152661', 'ENSG00000114204', 'ENSG00000198963', 'ENSG00000138696', 'ENSG00000011201', 'ENSG00000120278', 'ENSG00000148737', 'ENSG00000034677']",0.20526347,fold_8
4.1,ThirdAnnotation,EX_1,18,0.24509803921568626,0.23809523809523808,0.2777777777777778,28591,16,13,5,4,"['ENSG00000183527', 'ENSG00000153406', 'ENSG00000244274', 'ENSG00000170381']","['ENSG00000183527', 'ENSG00000153406', 'ENSG00000167755', 'ENSG00000213186', 'ENSG00000244274', 'ENSG00000170381', 'ENSG00000128655', 'ENSG00000099194', 'ENSG00000140479', 'ENSG00000162782']",0.55795974,fold_8
4.1,ThirdAnnotation,EX_2,78,0.5118110236220472,0.5909090909090909,0.3333333333333333,28529,18,52,26,3,"['ENSG00000183186', 'ENSG00000153993', 'ENSG00000137267']","['ENSG00000183186', 'ENSG00000181744', 'ENSG00000197753', 'ENSG00000100473', 'ENSG00000153993', 'ENSG00000137267', 'ENSG00000170381', 'ENSG00000175164', 'ENSG00000128655', 'ENSG00000162782']",0.28933296,fold_8
4.1,ThirdAnnotation,EX_3,76,0.3601694915254237,0.425,0.2236842105263158,28526,23,59,17,4,"['ENSG00000171246', 'ENSG00000170381', 'ENSG00000109118', 'ENSG00000128655']","['ENSG00000164270', 'ENSG00000175164', 'ENSG00000171246', 'ENSG00000170381', 'ENSG00000109118', 'ENSG00000128655', 'ENSG00000152822', 'ENSG00000154359', 'ENSG00000174099', 'ENSG00000177453']",0.13641675,fold_8
4.1,ThirdAnnotation,EX_4,141,0.8129175946547884,0.948051948051948,0.5177304964539007,28480,4,68,73,2,"['ENSG00000138741', 'ENSG00000171246']","['ENSG00000138741', 'ENSG00000171246', 'ENSG00000154146', 'ENSG00000076513', 'ENSG00000153993', 'ENSG00000219481', 'ENSG00000168490', 'ENSG00000072315', 'ENSG00000162782', 'ENSG00000152822']",0.44819558,fold_8
4.1,ThirdAnnotation,EX_5,103,0.6797583081570997,0.7894736842105263,0.4368932038834951,28510,12,58,45,3,"['ENSG00000165985', 'ENSG00000100473', 'ENSG00000166342']","['ENSG00000165985', 'ENSG00000100473', 'ENSG00000143799', 'ENSG00000166342', 'ENSG00000153993', 'ENSG00000171246', 'ENSG00000175164', 'ENSG00000152822', 'ENSG00000124782', 'ENSG00000007402']",0.30737895,fold_8
4.1,ThirdAnnotation,EX_6,56,0.6547619047619048,0.7857142857142857,0.39285714285714285,28563,6,34,22,3,"['ENSG00000144395', 'ENSG00000138741', 'ENSG00000182568']","['ENSG00000144395', 'ENSG00000154146', 'ENSG00000138741', 'ENSG00000182568', 'ENSG00000124493', 'ENSG00000171246', 'ENSG00000072201', 'ENSG00000153993', 'ENSG00000144596', 'ENSG00000165124']",0.31402785,fold_8
4.1,ThirdAnnotation,EX_7,42,0.660377358490566,0.875,0.3333333333333333,28581,2,28,14,3,"['ENSG00000149527', 'ENSG00000171451', 'ENSG00000124493']","['ENSG00000135824', 'ENSG00000149527', 'ENSG00000171451', 'ENSG00000124493', 'ENSG00000166342', 'ENSG00000198963', 'ENSG00000175164', 'ENSG00000154359', 'ENSG00000170381', 'ENSG00000128655']",0.49110278,fold_8
4.1,ThirdAnnotation,EX_8,123,0.6835443037974683,0.7941176470588235,0.43902439024390244,28488,14,69,54,3,"['ENSG00000107438', 'ENSG00000170381', 'ENSG00000128655']","['ENSG00000107438', 'ENSG00000101282', 'ENSG00000107566', 'ENSG00000175164', 'ENSG00000170381', 'ENSG00000128655', 'ENSG00000162782', 'ENSG00000075461', 'ENSG00000174473', 'ENSG00000046889']",0.17725897,fold_8
4.1,ThirdAnnotation,EX_9,203,0.4087193460490463,0.7317073170731707,0.1477832512315271,28411,11,173,30,2,"['ENSG00000165973', 'ENSG00000166342']","['ENSG00000165973', 'ENSG00000139190', 'ENSG00000156802', 'ENSG00000166342', 'ENSG00000100994', 'ENSG00000275835', 'ENSG00000072315', 'ENSG00000119899', 'ENSG00000198814', 'ENSG00000165733']",0.535722,fold_8
4.1,ThirdAnnotation,EX_10,65,0.0009971746717633372,0.0007994670219853431,0.09230769230769231,21061,7499,59,6,1,['ENSG00000171552'],"['ENSG00000171552', 'ENSG00000198948', 'ENSG00000115468', 'ENSG00000170775', 'ENSG00000140479', 'ENSG00000244274', 'ENSG00000099194', 'ENSG00000181450', 'ENSG00000170581', 'ENSG00000130787']",0.14410363,fold_8
4.1,ThirdAnnotation,EX_11,77,0.4819277108433735,0.5581395348837209,0.3116883116883117,28529,19,53,24,5,"['ENSG00000039560', 'ENSG00000165124', 'ENSG00000162782', 'ENSG00000128655', 'ENSG00000273540']","['ENSG00000101282', 'ENSG00000039560', 'ENSG00000165124', 'ENSG00000162782', 'ENSG00000128655', 'ENSG00000273540', 'ENSG00000138378', 'ENSG00000250305', 'ENSG00000170004', 'ENSG00000198929']",0.13909926,fold_8
4.1,ThirdAnnotation,EX_12,112,0.5902777777777778,0.7727272727272727,0.30357142857142855,28503,10,78,34,3,"['ENSG00000182568', 'ENSG00000175164', 'ENSG00000113966']","['ENSG00000182568', 'ENSG00000141384', 'ENSG00000144596', 'ENSG00000175164', 'ENSG00000039523', 'ENSG00000113966', 'ENSG00000135503', 'ENSG00000128655', 'ENSG00000072315', 'ENSG00000170959']",0.16628443,fold_8
4.1,ThirdAnnotation,EX_13,163,0.5936675461741425,0.8333333333333334,0.27607361963190186,28453,9,118,45,4,"['ENSG00000163827', 'ENSG00000072201', 'ENSG00000077943', 'ENSG00000182568']","['ENSG00000163827', 'ENSG00000145198', 'ENSG00000072201', 'ENSG00000077943', 'ENSG00000182568', 'ENSG00000144596', 'ENSG00000171246', 'ENSG00000168490', 'ENSG00000072315', 'ENSG00000100994']",0.29754162,fold_8
4.1,ThirdAnnotation,Endothelial_1,189,0.7821229050279329,0.9655172413793104,0.4444444444444444,28433,3,105,84,2,"['ENSG00000110799', 'ENSG00000069122']","['ENSG00000110799', 'ENSG00000069122', 'ENSG00000164035', 'ENSG00000082438', 'ENSG00000204525', 'ENSG00000120129', 'ENSG00000105835', 'ENSG00000265681', 'ENSG00000105854', 'ENSG00000120278']",1.0,fold_8
4.1,ThirdAnnotation,Ependymal_1,68,0.7440476190476191,1.0,0.36764705882352944,28557,0,43,25,2,"['ENSG00000166596', 'ENSG00000213085']","['ENSG00000166596', 'ENSG00000112539', 'ENSG00000197168', 'ENSG00000213085', 'ENSG00000185250', 'ENSG00000100979', 'ENSG00000197653', 'ENSG00000272398', 'ENSG00000170959', 'ENSG00000114204']",1.0,fold_8
4.1,ThirdAnnotation,INH_1,119,0.7366771159874608,0.94,0.3949579831932773,28503,3,72,47,3,"['ENSG00000203697', 'ENSG00000144227', 'ENSG00000077943']","['ENSG00000203697', 'ENSG00000164900', 'ENSG00000144227', 'ENSG00000154146', 'ENSG00000077943', 'ENSG00000142303', 'ENSG00000120049', 'ENSG00000138696', 'ENSG00000144366', 'ENSG00000138378']",0.40720046,fold_8
4.1,ThirdAnnotation,INH_2,28,0.7352941176470589,1.0,0.35714285714285715,28597,0,18,10,3,"['ENSG00000170820', 'ENSG00000198963', 'ENSG00000144227']","['ENSG00000170820', 'ENSG00000169071', 'ENSG00000164900', 'ENSG00000198963', 'ENSG00000144227', 'ENSG00000154856', 'ENSG00000219481', 'ENSG00000144596', 'ENSG00000144366', 'ENSG00000152822']",0.35123396,fold_8
4.1,ThirdAnnotation,INH_3,66,0.5072463768115942,0.7777777777777778,0.21212121212121213,28555,4,52,14,4,"['ENSG00000072195', 'ENSG00000120049', 'ENSG00000072182', 'ENSG00000166342']","['ENSG00000037965', 'ENSG00000072195', 'ENSG00000120049', 'ENSG00000072182', 'ENSG00000182534', 'ENSG00000166342', 'ENSG00000168772', 'ENSG00000100473', 'ENSG00000165124', 'ENSG00000104059']",0.33232152,fold_8
4.1,ThirdAnnotation,INH_4,121,0.45307443365695793,0.5957446808510638,0.23140495867768596,28485,19,93,28,3,"['ENSG00000272398', 'ENSG00000072182', 'ENSG00000077943']","['ENSG00000272398', 'ENSG00000072182', 'ENSG00000120049', 'ENSG00000077943', 'ENSG00000204991', 'ENSG00000072201', 'ENSG00000165124', 'ENSG00000157927', 'ENSG00000144366', 'ENSG00000072315']",0.28189495,fold_8
4.1,ThirdAnnotation,INH_5,83,0.6417112299465241,0.9230769230769231,0.2891566265060241,28540,2,59,24,3,"['ENSG00000138741', 'ENSG00000124493', 'ENSG00000197321']","['ENSG00000181744', 'ENSG00000196562', 'ENSG00000138741', 'ENSG00000156802', 'ENSG00000124493', 'ENSG00000197321', 'ENSG00000138378', 'ENSG00000165124', 'ENSG00000072315', 'ENSG00000250305']",0.20739947,fold_8
4.1,ThirdAnnotation,INH_6,162,0.5714285714285714,0.851063829787234,0.24691358024691357,28456,7,122,40,2,"['ENSG00000072182', 'ENSG00000198963']","['ENSG00000158747', 'ENSG00000008853', 'ENSG00000072182', 'ENSG00000198963', 'ENSG00000171451', 'ENSG00000144596', 'ENSG00000165124', 'ENSG00000157927', 'ENSG00000144366', 'ENSG00000170004']",0.28999096,fold_8
4.1,ThirdAnnotation,INH_7,53,0.6,0.8333333333333334,0.2830188679245283,28569,3,38,15,3,"['ENSG00000196092', 'ENSG00000139190', 'ENSG00000144227']","['ENSG00000196092', 'ENSG00000120088', 'ENSG00000139190', 'ENSG00000162694', 'ENSG00000006459', 'ENSG00000144227', 'ENSG00000166342', 'ENSG00000124493', 'ENSG00000120049', 'ENSG00000144366']",0.7285924,fold_8
4.1,ThirdAnnotation,Lymphocyte_1,155,0.7721139430284858,0.8046875,0.6645161290322581,28445,25,52,103,1,['ENSG00000271503'],"['ENSG00000271503', 'ENSG00000005844', 'ENSG00000166750', 'ENSG00000204525', 'ENSG00000124942', 'ENSG00000168028', 'ENSG00000138378', 'ENSG00000265681', 'ENSG00000148303', 'ENSG00000063177']",1.0,fold_8
4.1,ThirdAnnotation,MN_1,69,0.7225433526011561,0.9615384615384616,0.36231884057971014,28555,1,44,25,2,"['ENSG00000127824', 'ENSG00000137267']","['ENSG00000185567', 'ENSG00000127824', 'ENSG00000137267', 'ENSG00000089693', 'ENSG00000168490', 'ENSG00000128245', 'ENSG00000154096', 'ENSG00000097021', 'ENSG00000115762', 'ENSG00000132824']",0.82857513,fold_8
4.1,ThirdAnnotation,Macro_1,160,0.7878151260504201,0.9493670886075949,0.46875,28461,4,85,75,2,"['ENSG00000124491', 'ENSG00000110079']","['ENSG00000124491', 'ENSG00000110079', 'ENSG00000166927', 'ENSG00000110324', 'ENSG00000105835', 'ENSG00000115919', 'ENSG00000173193', 'ENSG00000139679', 'ENSG00000019582', 'ENSG00000140548']",1.0,fold_8
4.1,ThirdAnnotation,Meninges_1,93,0.7163323782234957,0.78125,0.5376344086021505,28518,14,43,50,2,"['ENSG00000157510', 'ENSG00000168229']","['ENSG00000157510', 'ENSG00000168229', 'ENSG00000155850', 'ENSG00000179094', 'ENSG00000096433', 'ENSG00000077942', 'ENSG00000154856', 'ENSG00000196562', 'ENSG00000120129', 'ENSG00000138696']",1.0,fold_8
4.1,ThirdAnnotation,Meninges_2,165,0.5873925501432665,0.8913043478260869,0.24848484848484848,28455,5,124,41,2,"['ENSG00000077942', 'ENSG00000082438']","['ENSG00000117525', 'ENSG00000077942', 'ENSG00000082438', 'ENSG00000124942', 'ENSG00000197321', 'ENSG00000140416', 'ENSG00000154262', 'ENSG00000134294']",0.3644437,fold_8
4.1,ThirdAnnotation,Micro_1,964,0.4457682826622843,0.444672131147541,0.45020746887966806,27119,542,530,434,2,"['ENSG00000115919', 'ENSG00000116711']","['ENSG00000141968', 'ENSG00000180573', 'ENSG00000115919', 'ENSG00000116711', 'ENSG00000173193', 'ENSG00000140548', 'ENSG00000139679', 'ENSG00000087253', 'ENSG00000019582', 'ENSG00000125257']",0.19087374,fold_8
4.1,ThirdAnnotation,Micro_2,472,0.2570921985815603,0.28524590163934427,0.1843220338983051,27935,218,385,87,3,"['ENSG00000103528', 'ENSG00000140548', 'ENSG00000011201']","['ENSG00000141968', 'ENSG00000103528', 'ENSG00000204389', 'ENSG00000116711', 'ENSG00000140548', 'ENSG00000011201', 'ENSG00000139679', 'ENSG00000019582', 'ENSG00000087253', 'ENSG00000124782']",0.15853174,fold_8
4.1,ThirdAnnotation,Micro_3,432,0.25702662721893493,0.24471830985915494,0.32175925925925924,27764,429,293,139,2,"['ENSG00000166927', 'ENSG00000140548']","['ENSG00000166927', 'ENSG00000178695', 'ENSG00000115919', 'ENSG00000173193', 'ENSG00000116711', 'ENSG00000140548', 'ENSG00000019582', 'ENSG00000139679', 'ENSG00000187098', 'ENSG00000011201']",0.2869588,fold_8
4.1,ThirdAnnotation,Micro_4,291,0.1156425345559053,0.09635119726339794,0.5807560137457045,26749,1585,122,169,1,['ENSG00000116711'],"['ENSG00000116711', 'ENSG00000019582', 'ENSG00000139679', 'ENSG00000140548', 'ENSG00000087253', 'ENSG00000124782', 'ENSG00000125257', 'ENSG00000147454', 'ENSG00000100647', 'ENSG00000170525']",0.16188793,fold_8
4.1,ThirdAnnotation,Micro_5,216,0.3450920245398773,0.41284403669724773,0.20833333333333334,28345,64,171,45,2,"['ENSG00000125089', 'ENSG00000105835']","['ENSG00000110324', 'ENSG00000120129', 'ENSG00000125089', 'ENSG00000180573', 'ENSG00000204389', 'ENSG00000105835', 'ENSG00000115919', 'ENSG00000019582', 'ENSG00000124782', 'ENSG00000147454']",0.32477763,fold_8
4.1,ThirdAnnotation,Micro_6,116,0.18229166666666666,0.3684210526315789,0.0603448275862069,28497,12,109,7,3,"['ENSG00000172809', 'ENSG00000145425', 'ENSG00000196531']","['ENSG00000172809', 'ENSG00000178695', 'ENSG00000145425', 'ENSG00000265681', 'ENSG00000168028', 'ENSG00000196531', 'ENSG00000019582', 'ENSG00000148303', 'ENSG00000139679', 'ENSG00000087253']",0.43851438,fold_8
4.1,ThirdAnnotation,OligoProg_1,86,0.2459016393442623,0.6666666666666666,0.06976744186046512,28536,3,80,6,2,"['ENSG00000114019', 'ENSG00000154856']","['ENSG00000114019', 'ENSG00000175220', 'ENSG00000154856', 'ENSG00000100242', 'ENSG00000170775', 'ENSG00000099194', 'ENSG00000244274', 'ENSG00000141458', 'ENSG00000134294', 'ENSG00000170381']",0.6274214,fold_8
4.1,ThirdAnnotation,Oligo_1,3214,0.563132878693945,0.6745049504950495,0.33914125700062225,24885,526,2124,1090,3,"['ENSG00000129757', 'ENSG00000147799', 'ENSG00000182541']","['ENSG00000143315', 'ENSG00000129757', 'ENSG00000167755', 'ENSG00000147799', 'ENSG00000182541', 'ENSG00000131781', 'ENSG00000039560', 'ENSG00000219481', 'ENSG00000170581', 'ENSG00000157617']",0.614335,fold_8
4.1,ThirdAnnotation,Oligo_2,4013,0.35845367543649026,0.3325377883850438,0.5208073760279093,20417,4195,1923,2090,2,"['ENSG00000170581', 'ENSG00000140479']","['ENSG00000185189', 'ENSG00000115468', 'ENSG00000170581', 'ENSG00000140479', 'ENSG00000039560', 'ENSG00000170775', 'ENSG00000244274', 'ENSG00000099194', 'ENSG00000130787', 'ENSG00000120278']",0.19537961,fold_8
4.1,ThirdAnnotation,Oligo_3,7002,0.522674146797569,0.6216291353906033,0.3193373321908026,20262,1361,4766,2236,2,"['ENSG00000213186', 'ENSG00000100242']","['ENSG00000006042', 'ENSG00000213186', 'ENSG00000175220', 'ENSG00000100242', 'ENSG00000115468', 'ENSG00000198948', 'ENSG00000170775', 'ENSG00000244274', 'ENSG00000099194', 'ENSG00000140479']",0.41605878,fold_8
4.1,ThirdAnnotation,Oligo_4,2500,0.20236471123237834,0.18870924993373972,0.2848,23064,3061,1788,712,3,"['ENSG00000213186', 'ENSG00000198948', 'ENSG00000170775']","['ENSG00000213186', 'ENSG00000100242', 'ENSG00000198948', 'ENSG00000115468', 'ENSG00000170775', 'ENSG00000244274', 'ENSG00000099194', 'ENSG00000140479', 'ENSG00000130787', 'ENSG00000204389']",0.21213654,fold_8
4.1,ThirdAnnotation,Opc_1,2000,0.732164268585132,0.836472602739726,0.4885,26434,191,1023,977,2,"['ENSG00000152527', 'ENSG00000154080']","['ENSG00000152527', 'ENSG00000154080', 'ENSG00000131781', 'ENSG00000196562', 'ENSG00000171451', 'ENSG00000154856', 'ENSG00000077943', 'ENSG00000103528', 'ENSG00000130787', 'ENSG00000153993']",0.829637,fold_8
4.1,ThirdAnnotation,Pericyte_1,101,0.29411764705882354,0.6923076923076923,0.0891089108910891,28520,4,92,9,3,"['ENSG00000157514', 'ENSG00000145425', 'ENSG00000196531']","['ENSG00000157514', 'ENSG00000082438', 'ENSG00000145425', 'ENSG00000113140', 'ENSG00000157617', 'ENSG00000196531', 'ENSG00000265681', 'ENSG00000148303', 'ENSG00000174748', 'ENSG00000063177']",0.28502646,fold_8
4.1,ThirdAnnotation,Astro_1,2459,0.6063014886544298,0.7524663677130045,0.3411956079707198,25890,276,1620,839,2,"['ENSG00000106211', 'ENSG00000127249']","['ENSG00000106211', 'ENSG00000152620', 'ENSG00000182902', 'ENSG00000127249', 'ENSG00000114698', 'ENSG00000196569', 'ENSG00000204389', 'ENSG00000174628', 'ENSG00000178075', 'ENSG00000138029']",0.31859714,fold_9
4.1,ThirdAnnotation,Astro_2,1442,0.5114566284779051,0.6744604316546763,0.26005547850208044,27002,181,1067,375,2,"['ENSG00000107736', 'ENSG00000127249']","['ENSG00000146005', 'ENSG00000185920', 'ENSG00000107736', 'ENSG00000182902', 'ENSG00000127249', 'ENSG00000114698', 'ENSG00000178075', 'ENSG00000196569', 'ENSG00000135919', 'ENSG00000143603']",0.48254046,fold_9
4.1,ThirdAnnotation,Astro_3,529,0.27648234510326447,0.34156378600823045,0.15689981096408318,27936,160,446,83,5,"['ENSG00000171476', 'ENSG00000103710', 'ENSG00000182902', 'ENSG00000114698', 'ENSG00000178075']","['ENSG00000171476', 'ENSG00000103710', 'ENSG00000182902', 'ENSG00000127249', 'ENSG00000114698', 'ENSG00000178075', 'ENSG00000196569', 'ENSG00000135919', 'ENSG00000174628', 'ENSG00000143603']",0.37300465,fold_9
4.1,ThirdAnnotation,EX_1,18,0.5,1.0,0.16666666666666666,28607,0,15,3,3,"['ENSG00000125895', 'ENSG00000197448', 'ENSG00000102468']","['ENSG00000162591', 'ENSG00000213390', 'ENSG00000125895', 'ENSG00000197448', 'ENSG00000102468', 'ENSG00000187950', 'ENSG00000256771', 'ENSG00000152689', 'ENSG00000204869', 'ENSG00000228253']",0.38263413,fold_9
4.1,ThirdAnnotation,EX_2,78,0.6176470588235294,0.9130434782608695,0.2692307692307692,28545,2,57,21,3,"['ENSG00000138829', 'ENSG00000053108', 'ENSG00000164946']","['ENSG00000176273', 'ENSG00000138829', 'ENSG00000166573', 'ENSG00000053108', 'ENSG00000164946', 'ENSG00000256870', 'ENSG00000165606', 'ENSG00000114805', 'ENSG00000139292', 'ENSG00000144834']",0.14756672,fold_9
4.1,ThirdAnnotation,EX_3,76,0.4861111111111111,0.8235294117647058,0.18421052631578946,28546,3,62,14,4,"['ENSG00000066248', 'ENSG00000103056', 'ENSG00000187720', 'ENSG00000171246']","['ENSG00000066248', 'ENSG00000103056', 'ENSG00000187720', 'ENSG00000171246', 'ENSG00000165606', 'ENSG00000256870', 'ENSG00000072110', 'ENSG00000183454', 'ENSG00000100605', 'ENSG00000144668']",0.14860786,fold_9
4.1,ThirdAnnotation,EX_4,141,0.7243460764587525,0.8089887640449438,0.5106382978723404,28467,17,69,72,2,"['ENSG00000171246', 'ENSG00000166573']","['ENSG00000171246', 'ENSG00000181195', 'ENSG00000166573', 'ENSG00000163377', 'ENSG00000152953', 'ENSG00000187950', 'ENSG00000198732', 'ENSG00000114698', 'ENSG00000165606', 'ENSG00000144834']",0.34690017,fold_9
4.1,ThirdAnnotation,EX_5,103,0.5490196078431373,0.7368421052631579,0.27184466019417475,28512,10,75,28,3,"['ENSG00000101230', 'ENSG00000249992', 'ENSG00000181031']","['ENSG00000101230', 'ENSG00000112782', 'ENSG00000249992', 'ENSG00000144229', 'ENSG00000181031', 'ENSG00000141668', 'ENSG00000143061', 'ENSG00000171246', 'ENSG00000166573', 'ENSG00000165606']",1.0,fold_9
4.1,ThirdAnnotation,EX_6,56,0.5188679245283019,0.5641025641025641,0.39285714285714285,28552,17,34,22,4,"['ENSG00000100027', 'ENSG00000017427', 'ENSG00000181195', 'ENSG00000152953']","['ENSG00000125895', 'ENSG00000100027', 'ENSG00000017427', 'ENSG00000077080', 'ENSG00000181195', 'ENSG00000152953', 'ENSG00000124493', 'ENSG00000171246', 'ENSG00000053108', 'ENSG00000145920']",0.36274993,fold_9
4.1,ThirdAnnotation,EX_7,42,0.8050847457627118,1.0,0.4523809523809524,28583,0,23,19,3,"['ENSG00000178342', 'ENSG00000017427', 'ENSG00000138829']","['ENSG00000178342', 'ENSG00000066248', 'ENSG00000141668', 'ENSG00000017427', 'ENSG00000185480', 'ENSG00000138829', 'ENSG00000124493', 'ENSG00000053108', 'ENSG00000060656', 'ENSG00000101974']",0.53062147,fold_9
4.1,ThirdAnnotation,EX_8,123,0.48589341692789967,0.6326530612244898,0.25203252032520324,28484,18,92,31,3,"['ENSG00000102468', 'ENSG00000107338', 'ENSG00000187950']","['ENSG00000102468', 'ENSG00000107338', 'ENSG00000187950', 'ENSG00000103056', 'ENSG00000147100', 'ENSG00000139514', 'ENSG00000113369', 'ENSG00000153714', 'ENSG00000107614', 'ENSG00000143603']",0.40828347,fold_9
4.1,ThirdAnnotation,EX_9,203,0.4654895666131621,0.5523809523809524,0.2857142857142857,28375,47,145,58,3,"['ENSG00000169752', 'ENSG00000162374', 'ENSG00000145147']","['ENSG00000165973', 'ENSG00000169752', 'ENSG00000276234', 'ENSG00000138829', 'ENSG00000162374', 'ENSG00000145147', 'ENSG00000179832', 'ENSG00000053108', 'ENSG00000152242', 'ENSG00000156026']",0.16865979,fold_9
4.1,ThirdAnnotation,EX_10,65,0.13333333333333333,0.15,0.09230769230769231,28526,34,59,6,2,"['ENSG00000165606', 'ENSG00000176485']","['ENSG00000152689', 'ENSG00000012124', 'ENSG00000165606', 'ENSG00000164161', 'ENSG00000141338', 'ENSG00000176485', 'ENSG00000145147', 'ENSG00000138029', 'ENSG00000168807', 'ENSG00000180891']",0.099988356,fold_9
4.1,ThirdAnnotation,EX_11,77,0.6216216216216216,0.8518518518518519,0.2987012987012987,28544,4,54,23,3,"['ENSG00000114698', 'ENSG00000112038', 'ENSG00000101974']","['ENSG00000187950', 'ENSG00000114698', 'ENSG00000186047', 'ENSG00000112038', 'ENSG00000101974', 'ENSG00000006116', 'ENSG00000250305', 'ENSG00000053108', 'ENSG00000150938', 'ENSG00000107614']",0.09549545,fold_9
4.1,ThirdAnnotation,EX_12,112,0.625,0.9666666666666667,0.25892857142857145,28512,1,83,29,3,"['ENSG00000182752', 'ENSG00000166002', 'ENSG00000165606']","['ENSG00000182752', 'ENSG00000166002', 'ENSG00000141668', 'ENSG00000163377', 'ENSG00000165606', 'ENSG00000153714', 'ENSG00000168807', 'ENSG00000256870', 'ENSG00000101134', 'ENSG00000183454']",1.0,fold_9
4.1,ThirdAnnotation,EX_13,163,0.6527415143603134,0.9090909090909091,0.3067484662576687,28457,5,113,50,2,"['ENSG00000144229', 'ENSG00000138829']","['ENSG00000185324', 'ENSG00000077092', 'ENSG00000144229', 'ENSG00000138829', 'ENSG00000169752', 'ENSG00000171246', 'ENSG00000145147', 'ENSG00000162374', 'ENSG00000006116', 'ENSG00000122547']",0.4131943,fold_9
4.1,ThirdAnnotation,Endothelial_1,189,0.6053268765133172,0.8928571428571429,0.26455026455026454,28430,6,139,50,2,"['ENSG00000139514', 'ENSG00000187720']","['ENSG00000072274', 'ENSG00000139514', 'ENSG00000234745', 'ENSG00000187720', 'ENSG00000204592', 'ENSG00000138119', 'ENSG00000105835', 'ENSG00000150938', 'ENSG00000164587', 'ENSG00000177954']",0.34787512,fold_9
4.1,ThirdAnnotation,Ependymal_1,68,0.7012195121951219,0.9583333333333334,0.3382352941176471,28556,1,45,23,2,"['ENSG00000224383', 'ENSG00000157856']","['ENSG00000165309', 'ENSG00000224383', 'ENSG00000174844', 'ENSG00000157856', 'ENSG00000203780', 'ENSG00000162598', 'ENSG00000135218', 'ENSG00000158486', 'ENSG00000142621', 'ENSG00000169752']",1.0,fold_9
4.1,ThirdAnnotation,INH_1,119,0.6880733944954128,0.8653846153846154,0.37815126050420167,28499,7,74,45,2,"['ENSG00000181195', 'ENSG00000125618']","['ENSG00000197705', 'ENSG00000181195', 'ENSG00000107736', 'ENSG00000152953', 'ENSG00000060656', 'ENSG00000125618', 'ENSG00000066382', 'ENSG00000053108', 'ENSG00000164946', 'ENSG00000144668']",0.36014423,fold_9
4.1,ThirdAnnotation,INH_2,28,0.7894736842105263,1.0,0.42857142857142855,28597,0,16,12,3,"['ENSG00000112218', 'ENSG00000170962', 'ENSG00000135919']","['ENSG00000112218', 'ENSG00000170962', 'ENSG00000111816', 'ENSG00000135919', 'ENSG00000145920', 'ENSG00000187720', 'ENSG00000144668', 'ENSG00000114805', 'ENSG00000157782', 'ENSG00000112038']",0.6702912,fold_9
4.1,ThirdAnnotation,INH_3,66,0.6764705882352942,0.8846153846153846,0.3484848484848485,28556,3,43,23,3,"['ENSG00000234965', 'ENSG00000108950', 'ENSG00000125618']","['ENSG00000234965', 'ENSG00000108950', 'ENSG00000197705', 'ENSG00000072182', 'ENSG00000125618', 'ENSG00000187950', 'ENSG00000145920', 'ENSG00000006116', 'ENSG00000135709', 'ENSG00000114805']",0.22958341,fold_9
4.1,ThirdAnnotation,INH_4,121,0.5342465753424658,0.639344262295082,0.32231404958677684,28482,22,82,39,3,"['ENSG00000170962', 'ENSG00000072182', 'ENSG00000125618']","['ENSG00000115738', 'ENSG00000170962', 'ENSG00000072182', 'ENSG00000180611', 'ENSG00000166573', 'ENSG00000125618', 'ENSG00000198732', 'ENSG00000006116', 'ENSG00000114805', 'ENSG00000164946']",0.32970884,fold_9
4.1,ThirdAnnotation,INH_5,83,0.4857142857142857,0.7391304347826086,0.20481927710843373,28536,6,66,17,4,"['ENSG00000124493', 'ENSG00000166573', 'ENSG00000125618', 'ENSG00000256870']","['ENSG00000133863', 'ENSG00000124493', 'ENSG00000169752', 'ENSG00000166573', 'ENSG00000125618', 'ENSG00000256870', 'ENSG00000164161', 'ENSG00000162374', 'ENSG00000145147', 'ENSG00000053108']",0.1363169,fold_9
4.1,ThirdAnnotation,INH_6,162,0.5875576036866359,0.75,0.3148148148148148,28446,17,111,51,2,"['ENSG00000143340', 'ENSG00000120708']","['ENSG00000143340', 'ENSG00000120708', 'ENSG00000147036', 'ENSG00000177551', 'ENSG00000072182', 'ENSG00000185480', 'ENSG00000143061', 'ENSG00000006116', 'ENSG00000145147', 'ENSG00000145920']",1.0,fold_9
4.1,ThirdAnnotation,INH_7,53,0.6211180124223602,0.7407407407407407,0.37735849056603776,28565,7,33,20,4,"['ENSG00000006459', 'ENSG00000124493', 'ENSG00000145920', 'ENSG00000125618']","['ENSG00000173227', 'ENSG00000006459', 'ENSG00000124493', 'ENSG00000145920', 'ENSG00000125618', 'ENSG00000156026', 'ENSG00000162374', 'ENSG00000256870', 'ENSG00000122547', 'ENSG00000145147']",0.2653544,fold_9
4.1,ThirdAnnotation,Lymphocyte_1,155,0.768566493955095,0.839622641509434,0.5741935483870968,28453,17,66,89,1,['ENSG00000116824'],"['ENSG00000116824', 'ENSG00000234745', 'ENSG00000231925', 'ENSG00000171863', 'ENSG00000043462', 'ENSG00000204592', 'ENSG00000154814', 'ENSG00000177954', 'ENSG00000164587', 'ENSG00000155307']",1.0,fold_9
4.1,ThirdAnnotation,MN_1,69,0.6862745098039216,1.0,0.30434782608695654,28556,0,48,21,2,"['ENSG00000110955', 'ENSG00000155980']","['ENSG00000106211', 'ENSG00000110955', 'ENSG00000067057', 'ENSG00000155980', 'ENSG00000162374', 'ENSG00000144834', 'ENSG00000139112', 'ENSG00000014641', 'ENSG00000088986', 'ENSG00000087250']",0.38341898,fold_9
4.1,ThirdAnnotation,Macro_1,160,0.5188679245283019,0.6666666666666666,0.275,28443,22,116,44,2,"['ENSG00000010327', 'ENSG00000043462']","['ENSG00000010327', 'ENSG00000043462', 'ENSG00000105835', 'ENSG00000120063', 'ENSG00000188313', 'ENSG00000254087', 'ENSG00000168918', 'ENSG00000077420', 'ENSG00000107551', 'ENSG00000105339']",0.6487284,fold_9
4.1,ThirdAnnotation,Meninges_1,93,0.6877323420074349,0.8409090909090909,0.3978494623655914,28525,7,56,37,2,"['ENSG00000173848', 'ENSG00000108950']","['ENSG00000173848', 'ENSG00000096696', 'ENSG00000108950', 'ENSG00000111341', 'ENSG00000102265', 'ENSG00000176273', 'ENSG00000187720', 'ENSG00000139112', 'ENSG00000060656', 'ENSG00000145147']",0.9241382,fold_9
4.1,ThirdAnnotation,Meninges_2,165,0.6379821958456974,1.0,0.2606060606060606,28460,0,122,43,2,"['ENSG00000044524', 'ENSG00000196569']","['ENSG00000044524', 'ENSG00000119138', 'ENSG00000196569', 'ENSG00000187720', 'ENSG00000109099', 'ENSG00000141338', 'ENSG00000128573', 'ENSG00000123384', 'ENSG00000163629']",0.6828917,fold_9
4.1,ThirdAnnotation,Micro_1,964,0.5656934306569343,0.6044568245125348,0.45020746887966806,27377,284,530,434,2,"['ENSG00000095585', 'ENSG00000128573']","['ENSG00000138119', 'ENSG00000095585', 'ENSG00000128573', 'ENSG00000006747', 'ENSG00000131724', 'ENSG00000018280', 'ENSG00000273749', 'ENSG00000254087', 'ENSG00000077420', 'ENSG00000168918']",0.20833749,fold_9
4.1,ThirdAnnotation,Micro_2,472,0.3246753246753247,0.37453183520599254,0.211864406779661,27986,167,372,100,4,"['ENSG00000043462', 'ENSG00000006747', 'ENSG00000018280', 'ENSG00000095585']","['ENSG00000043462', 'ENSG00000006747', 'ENSG00000018280', 'ENSG00000204389', 'ENSG00000095585', 'ENSG00000273749', 'ENSG00000254087', 'ENSG00000155307', 'ENSG00000117115', 'ENSG00000105339']",0.21105373,fold_9
4.1,ThirdAnnotation,Micro_3,432,0.44825072886297374,0.5234042553191489,0.2847222222222222,28081,112,309,123,2,"['ENSG00000136235', 'ENSG00000106066']","['ENSG00000136235', 'ENSG00000006747', 'ENSG00000018280', 'ENSG00000106066', 'ENSG00000095585', 'ENSG00000155307', 'ENSG00000273749', 'ENSG00000254087', 'ENSG00000188313', 'ENSG00000077420']",0.59013534,fold_9
4.1,ThirdAnnotation,Micro_4,291,0.16707703130495954,0.14890282131661442,0.32646048109965636,27791,543,196,95,2,"['ENSG00000018280', 'ENSG00000128573']","['ENSG00000018280', 'ENSG00000006747', 'ENSG00000128573', 'ENSG00000131724', 'ENSG00000095585', 'ENSG00000254087', 'ENSG00000077420', 'ENSG00000273749', 'ENSG00000105339', 'ENSG00000168918']",0.15711455,fold_9
4.1,ThirdAnnotation,Micro_5,216,0.375,0.5454545454545454,0.16666666666666666,28379,30,180,36,2,"['ENSG00000120063', 'ENSG00000105835']","['ENSG00000204389', 'ENSG00000120063', 'ENSG00000018280', 'ENSG00000105835', 'ENSG00000117115', 'ENSG00000131724', 'ENSG00000168918', 'ENSG00000167202', 'ENSG00000254087', 'ENSG00000105339']",0.25144833,fold_9
4.1,ThirdAnnotation,Micro_6,116,0.19927536231884058,0.275,0.09482758620689655,28480,29,105,11,3,"['ENSG00000186047', 'ENSG00000171863', 'ENSG00000135077']","['ENSG00000051523', 'ENSG00000162244', 'ENSG00000186047', 'ENSG00000182899', 'ENSG00000171863', 'ENSG00000135077', 'ENSG00000131724', 'ENSG00000095585', 'ENSG00000164587', 'ENSG00000177954']",0.2444162,fold_9
4.1,ThirdAnnotation,OligoProg_1,86,0.18867924528301888,0.8,0.046511627906976744,28538,1,82,4,1,['ENSG00000198732'],"['ENSG00000198732', 'ENSG00000164161', 'ENSG00000116584', 'ENSG00000139433', 'ENSG00000012124', 'ENSG00000141338', 'ENSG00000109099', 'ENSG00000019144', 'ENSG00000176485', 'ENSG00000180891']",0.2377991,fold_9
4.1,ThirdAnnotation,Oligo_1,3214,0.47892518440463644,0.5793499043977055,0.2828251400124456,24751,660,2305,909,5,"['ENSG00000157978', 'ENSG00000197448', 'ENSG00000163377', 'ENSG00000012124', 'ENSG00000139292']","['ENSG00000157978', 'ENSG00000197448', 'ENSG00000163377', 'ENSG00000152689', 'ENSG00000012124', 'ENSG00000139292', 'ENSG00000122547', 'ENSG00000123213', 'ENSG00000118263', 'ENSG00000117115']",0.4309119,fold_9
4.1,ThirdAnnotation,Oligo_2,4013,0.2862672868604252,0.26181299072091363,0.45701470221779217,19441,5171,2179,1834,3,"['ENSG00000152689', 'ENSG00000141338', 'ENSG00000139292']","['ENSG00000152689', 'ENSG00000012124', 'ENSG00000164161', 'ENSG00000176485', 'ENSG00000141338', 'ENSG00000139292', 'ENSG00000087250', 'ENSG00000019144', 'ENSG00000107331', 'ENSG00000117115']",0.15792549,fold_9
4.1,ThirdAnnotation,Oligo_3,7002,0.5653583003240907,0.525963149078727,0.8071979434447301,16529,5094,1350,5652,1,['ENSG00000164161'],"['ENSG00000129538', 'ENSG00000164161', 'ENSG00000109099', 'ENSG00000152689', 'ENSG00000012124', 'ENSG00000275832', 'ENSG00000141338', 'ENSG00000176485', 'ENSG00000019144', 'ENSG00000180891']",0.2466715,fold_9
4.1,ThirdAnnotation,Oligo_4,2500,0.23686818632309217,0.216289592760181,0.3824,22661,3464,1544,956,3,"['ENSG00000129538', 'ENSG00000164161', 'ENSG00000012124']","['ENSG00000129538', 'ENSG00000164161', 'ENSG00000152689', 'ENSG00000139433', 'ENSG00000275832', 'ENSG00000012124', 'ENSG00000141338', 'ENSG00000176485', 'ENSG00000180891', 'ENSG00000019144']",0.23277123,fold_9
4.1,ThirdAnnotation,Opc_1,2000,0.825211176088369,0.9778633301251203,0.508,26602,23,984,1016,2,"['ENSG00000198732', 'ENSG00000152953']","['ENSG00000065320', 'ENSG00000198732', 'ENSG00000152953', 'ENSG00000127249', 'ENSG00000178075', 'ENSG00000087250', 'ENSG00000144668', 'ENSG00000106078', 'ENSG00000066382', 'ENSG00000151090']",0.3134135,fold_9
4.1,ThirdAnnotation,Pericyte_1,101,0.38461538461538464,0.44642857142857145,0.24752475247524752,28493,31,76,25,1,['ENSG00000102265'],"['ENSG00000140545', 'ENSG00000135404', 'ENSG00000102265', 'ENSG00000111341', 'ENSG00000119138', 'ENSG00000171863', 'ENSG00000196569', 'ENSG00000164587', 'ENSG00000177954', 'ENSG00000132475']",0.48183236,fold_9
4.1,ThirdAnnotation,Astro_1,2459,0.6504022568174694,0.7002249718785152,0.5063033753558357,25633,533,1214,1245,2,"['ENSG00000189350', 'ENSG00000111783']","['ENSG00000189350', 'ENSG00000125148', 'ENSG00000115380', 'ENSG00000111783', 'ENSG00000127249', 'ENSG00000087903', 'ENSG00000144857', 'ENSG00000111058', 'ENSG00000106278', 'ENSG00000158966']",0.3083341,fold_10
4.1,ThirdAnnotation,Astro_2,1442,0.4389110225763612,0.4342969776609724,0.45839112343966715,26322,861,781,661,2,"['ENSG00000127249', 'ENSG00000144857']","['ENSG00000168077', 'ENSG00000127249', 'ENSG00000111783', 'ENSG00000115380', 'ENSG00000144857', 'ENSG00000163453', 'ENSG00000111058', 'ENSG00000087903', 'ENSG00000101439', 'ENSG00000106278']",0.26505885,fold_10
4.1,ThirdAnnotation,Astro_3,529,0.39056742815033163,0.5120772946859904,0.2003780718336484,27995,101,423,106,2,"['ENSG00000144857', 'ENSG00000151208']","['ENSG00000072778', 'ENSG00000168077', 'ENSG00000111783', 'ENSG00000127249', 'ENSG00000144857', 'ENSG00000151208', 'ENSG00000111058', 'ENSG00000087903', 'ENSG00000101439', 'ENSG00000106278']",0.21845303,fold_10
4.1,ThirdAnnotation,EX_1,18,0.2564102564102564,0.26666666666666666,0.2222222222222222,28596,11,14,4,5,"['ENSG00000105928', 'ENSG00000128849', 'ENSG00000127311', 'ENSG00000135929', 'ENSG00000145391']","['ENSG00000105928', 'ENSG00000128849', 'ENSG00000127311', 'ENSG00000135929', 'ENSG00000145391', 'ENSG00000154642', 'ENSG00000108387', 'ENSG00000170381', 'ENSG00000164128', 'ENSG00000221818']",0.18885212,fold_10
4.1,ThirdAnnotation,EX_2,78,0.6179775280898876,0.88,0.28205128205128205,28544,3,56,22,4,"['ENSG00000178163', 'ENSG00000147655', 'ENSG00000112144', 'ENSG00000170381']","['ENSG00000178163', 'ENSG00000147655', 'ENSG00000112144', 'ENSG00000170381', 'ENSG00000168830', 'ENSG00000173267', 'ENSG00000179542', 'ENSG00000072657', 'ENSG00000258947', 'ENSG00000053108']",0.31420538,fold_10
4.1,ThirdAnnotation,EX_3,76,0.4872881355932203,0.575,0.3026315789473684,28532,17,53,23,4,"['ENSG00000104044', 'ENSG00000101605', 'ENSG00000162627', 'ENSG00000221818']","['ENSG00000104044', 'ENSG00000133640', 'ENSG00000122490', 'ENSG00000101605', 'ENSG00000162627', 'ENSG00000221818', 'ENSG00000170381', 'ENSG00000164128', 'ENSG00000138738', 'ENSG00000179242']",0.17825386,fold_10
4.1,ThirdAnnotation,EX_4,141,0.6970509383378016,0.896551724137931,0.36879432624113473,28478,6,89,52,3,"['ENSG00000049130', 'ENSG00000168830', 'ENSG00000080709']","['ENSG00000049130', 'ENSG00000112144', 'ENSG00000197124', 'ENSG00000168830', 'ENSG00000151838', 'ENSG00000080709', 'ENSG00000178031', 'ENSG00000166250', 'ENSG00000173267', 'ENSG00000129990']",0.32491392,fold_10
4.1,ThirdAnnotation,EX_5,103,0.6537102473498233,0.8222222222222222,0.3592233009708738,28514,8,66,37,4,"['ENSG00000006611', 'ENSG00000196557', 'ENSG00000049130', 'ENSG00000162627']","['ENSG00000006611', 'ENSG00000196557', 'ENSG00000049130', 'ENSG00000171126', 'ENSG00000162627', 'ENSG00000129990', 'ENSG00000180011', 'ENSG00000100346', 'ENSG00000221818', 'ENSG00000153904']",0.83613765,fold_10
4.1,ThirdAnnotation,EX_6,56,0.5603448275862069,0.8666666666666667,0.23214285714285715,28567,2,43,13,3,"['ENSG00000144395', 'ENSG00000112053', 'ENSG00000147655']","['ENSG00000144395', 'ENSG00000112053', 'ENSG00000164211', 'ENSG00000147655', 'ENSG00000089250', 'ENSG00000138653', 'ENSG00000077080', 'ENSG00000169116', 'ENSG00000106714', 'ENSG00000176749']",1.0,fold_10
4.1,ThirdAnnotation,EX_7,42,0.6147540983606558,0.75,0.35714285714285715,28578,5,27,15,3,"['ENSG00000063438', 'ENSG00000157404', 'ENSG00000179242']","['ENSG00000063438', 'ENSG00000147027', 'ENSG00000157404', 'ENSG00000185480', 'ENSG00000179242', 'ENSG00000173267', 'ENSG00000149972', 'ENSG00000053108', 'ENSG00000221818', 'ENSG00000186314']",0.42251718,fold_10
4.1,ThirdAnnotation,EX_8,123,0.7084468664850136,0.8524590163934426,0.42276422764227645,28493,9,71,52,3,"['ENSG00000128849', 'ENSG00000129990', 'ENSG00000170381']","['ENSG00000128849', 'ENSG00000151838', 'ENSG00000168830', 'ENSG00000129990', 'ENSG00000170381', 'ENSG00000164128', 'ENSG00000049540', 'ENSG00000072657', 'ENSG00000131697', 'ENSG00000100346']",0.19310576,fold_10
4.1,ThirdAnnotation,EX_9,203,0.4199066874027994,0.4909090909090909,0.2660098522167488,28366,56,149,54,3,"['ENSG00000177181', 'ENSG00000149972', 'ENSG00000179242']","['ENSG00000156802', 'ENSG00000177181', 'ENSG00000149972', 'ENSG00000179242', 'ENSG00000099365', 'ENSG00000007923', 'ENSG00000080709', 'ENSG00000179832', 'ENSG00000053108', 'ENSG00000151917']",0.15890652,fold_10
4.1,ThirdAnnotation,EX_10,65,0.1705170517051705,0.14691943127962084,0.47692307692307695,28380,180,34,31,2,"['ENSG00000221818', 'ENSG00000153904']","['ENSG00000139323', 'ENSG00000221818', 'ENSG00000153904', 'ENSG00000147488', 'ENSG00000164128', 'ENSG00000130962', 'ENSG00000126067', 'ENSG00000134986', 'ENSG00000164124', 'ENSG00000176853']",0.11741701,fold_10
4.1,ThirdAnnotation,EX_11,77,0.4143646408839779,0.5769230769230769,0.19480519480519481,28537,11,62,15,5,"['ENSG00000133640', 'ENSG00000005059', 'ENSG00000156802', 'ENSG00000168830', 'ENSG00000157600']","['ENSG00000133640', 'ENSG00000005059', 'ENSG00000156802', 'ENSG00000168830', 'ENSG00000157600', 'ENSG00000100346', 'ENSG00000134539', 'ENSG00000072657', 'ENSG00000022567', 'ENSG00000053108']",0.1670361,fold_10
4.1,ThirdAnnotation,EX_12,112,0.4440789473684211,0.5625,0.24107142857142858,28492,21,85,27,4,"['ENSG00000104044', 'ENSG00000106714', 'ENSG00000133107', 'ENSG00000134539']","['ENSG00000104044', 'ENSG00000106714', 'ENSG00000133107', 'ENSG00000133640', 'ENSG00000177301', 'ENSG00000134539', 'ENSG00000080709', 'ENSG00000133639', 'ENSG00000221818', 'ENSG00000153904']",0.22789688,fold_10
4.1,ThirdAnnotation,EX_13,163,0.6960556844547564,0.8955223880597015,0.36809815950920244,28455,7,103,60,4,"['ENSG00000163297', 'ENSG00000077943', 'ENSG00000133107', 'ENSG00000169116']","['ENSG00000163827', 'ENSG00000145198', 'ENSG00000163297', 'ENSG00000077943', 'ENSG00000133107', 'ENSG00000169116', 'ENSG00000157600', 'ENSG00000179242', 'ENSG00000146376', 'ENSG00000149972']",0.2628122,fold_10
4.1,ThirdAnnotation,Endothelial_1,189,0.5844155844155844,0.9183673469387755,0.23809523809523808,28432,4,144,45,2,"['ENSG00000261371', 'ENSG00000163453']","['ENSG00000067082', 'ENSG00000128849', 'ENSG00000125148', 'ENSG00000261371', 'ENSG00000167693', 'ENSG00000163453', 'ENSG00000112306', 'ENSG00000027075', 'ENSG00000100316', 'ENSG00000169504']",0.39668316,fold_10
4.1,ThirdAnnotation,Ependymal_1,68,0.7051282051282052,1.0,0.3235294117647059,28557,0,46,22,2,"['ENSG00000139865', 'ENSG00000185250']","['ENSG00000139865', 'ENSG00000164972', 'ENSG00000175267', 'ENSG00000168589', 'ENSG00000185250', 'ENSG00000158486', 'ENSG00000183914', 'ENSG00000133640', 'ENSG00000189350', 'ENSG00000272398']",1.0,fold_10
4.1,ThirdAnnotation,INH_1,119,0.7831325301204819,0.8783783783783784,0.5462184873949579,28497,9,54,65,3,"['ENSG00000127311', 'ENSG00000144227', 'ENSG00000077943']","['ENSG00000127311', 'ENSG00000144227', 'ENSG00000104044', 'ENSG00000077943', 'ENSG00000125430', 'ENSG00000153976', 'ENSG00000075891', 'ENSG00000179242', 'ENSG00000053108', 'ENSG00000188517']",0.40720046,fold_10
4.1,ThirdAnnotation,INH_2,28,0.5833333333333334,0.875,0.25,28596,1,21,7,4,"['ENSG00000139044', 'ENSG00000149260', 'ENSG00000157404', 'ENSG00000153976']","['ENSG00000131831', 'ENSG00000139044', 'ENSG00000149260', 'ENSG00000221955', 'ENSG00000157404', 'ENSG00000153976', 'ENSG00000144227', 'ENSG00000125430', 'ENSG00000144857', 'ENSG00000171208']",0.78874147,fold_10
4.1,ThirdAnnotation,INH_3,66,0.6179775280898876,0.7857142857142857,0.3333333333333333,28553,6,44,22,3,"['ENSG00000131196', 'ENSG00000125430', 'ENSG00000169116']","['ENSG00000131196', 'ENSG00000237289', 'ENSG00000153976', 'ENSG00000125430', 'ENSG00000169116', 'ENSG00000166250', 'ENSG00000075891', 'ENSG00000177181', 'ENSG00000149972', 'ENSG00000100346']",0.14253598,fold_10
4.1,ThirdAnnotation,INH_4,121,0.6756756756756757,0.7222222222222222,0.5371900826446281,28479,25,56,65,3,"['ENSG00000196549', 'ENSG00000005059', 'ENSG00000166250']","['ENSG00000171126', 'ENSG00000196549', 'ENSG00000005059', 'ENSG00000165970', 'ENSG00000166250', 'ENSG00000169116', 'ENSG00000133107', 'ENSG00000075891', 'ENSG00000149972', 'ENSG00000171208']",0.41584048,fold_10
4.1,ThirdAnnotation,INH_5,83,0.546448087431694,0.8,0.24096385542168675,28537,5,63,20,4,"['ENSG00000165970', 'ENSG00000196562', 'ENSG00000196549', 'ENSG00000133107']","['ENSG00000165970', 'ENSG00000138653', 'ENSG00000139926', 'ENSG00000196562', 'ENSG00000196549', 'ENSG00000133107', 'ENSG00000106714', 'ENSG00000075891', 'ENSG00000179242', 'ENSG00000171208']",0.20428863,fold_10
4.1,ThirdAnnotation,INH_6,162,0.6279620853080569,0.8153846153846154,0.3271604938271605,28451,12,109,53,3,"['ENSG00000089250', 'ENSG00000153976', 'ENSG00000196549']","['ENSG00000089250', 'ENSG00000125430', 'ENSG00000153976', 'ENSG00000162734', 'ENSG00000196549', 'ENSG00000186314', 'ENSG00000100346', 'ENSG00000167693', 'ENSG00000168830', 'ENSG00000162729']",0.23600228,fold_10
4.1,ThirdAnnotation,INH_7,53,0.5371900826446281,0.7647058823529411,0.24528301886792453,28568,4,40,13,3,"['ENSG00000144227', 'ENSG00000196549', 'ENSG00000125430']","['ENSG00000162694', 'ENSG00000144227', 'ENSG00000165970', 'ENSG00000196549', 'ENSG00000106714', 'ENSG00000125430', 'ENSG00000080709', 'ENSG00000171208', 'ENSG00000178031', 'ENSG00000120549']",0.22015521,fold_10
4.1,ThirdAnnotation,Lymphocyte_1,155,0.7721139430284858,0.8046875,0.6645161290322581,28445,25,52,103,1,['ENSG00000271503'],"['ENSG00000271503', 'ENSG00000134242', 'ENSG00000110848', 'ENSG00000164674', 'ENSG00000135842', 'ENSG00000134539', 'ENSG00000043462', 'ENSG00000133639', 'ENSG00000027075', 'ENSG00000100316']",1.0,fold_10
4.1,ThirdAnnotation,MN_1,69,0.7894736842105263,0.9428571428571428,0.4782608695652174,28554,2,36,33,2,"['ENSG00000173267', 'ENSG00000258947']","['ENSG00000169100', 'ENSG00000131473', 'ENSG00000173267', 'ENSG00000258947', 'ENSG00000100097', 'ENSG00000117450', 'ENSG00000196230', 'ENSG00000140319', 'ENSG00000197043', 'ENSG00000122012']",0.5332679,fold_10
4.1,ThirdAnnotation,Macro_1,160,0.40625,0.65,0.1625,28451,14,134,26,2,"['ENSG00000109667', 'ENSG00000146376']","['ENSG00000109667', 'ENSG00000053918', 'ENSG00000043462', 'ENSG00000101336', 'ENSG00000146376', 'ENSG00000115919', 'ENSG00000028137', 'ENSG00000254087', 'ENSG00000026297', 'ENSG00000134516']",0.33302534,fold_10
4.1,ThirdAnnotation,Meninges_1,93,0.7230769230769231,0.8103448275862069,0.5053763440860215,28521,11,46,47,2,"['ENSG00000102554', 'ENSG00000112175']","['ENSG00000102554', 'ENSG00000054598', 'ENSG00000112175', 'ENSG00000167693', 'ENSG00000176853', 'ENSG00000166250', 'ENSG00000221869', 'ENSG00000022567', 'ENSG00000168952', 'ENSG00000204634']",1.0,fold_10
4.1,ThirdAnnotation,Meninges_2,165,0.4889975550122249,0.6557377049180327,0.24242424242424243,28439,21,125,40,2,"['ENSG00000168477', 'ENSG00000111058']","['ENSG00000168477', 'ENSG00000139926', 'ENSG00000163297', 'ENSG00000111058', 'ENSG00000154262', 'ENSG00000169504']",0.4997367,fold_10
4.1,ThirdAnnotation,Micro_1,964,0.4560810810810811,0.5410821643286573,0.2800829875518672,27432,229,694,270,2,"['ENSG00000146090', 'ENSG00000026297']","['ENSG00000146090', 'ENSG00000101336', 'ENSG00000115919', 'ENSG00000198223', 'ENSG00000254087', 'ENSG00000026297', 'ENSG00000106799', 'ENSG00000134516', 'ENSG00000067066', 'ENSG00000188906']",0.43326145,fold_10
4.1,ThirdAnnotation,Micro_2,472,0.37472647702407,0.40412979351032446,0.2902542372881356,27951,202,335,137,3,"['ENSG00000135842', 'ENSG00000043462', 'ENSG00000106799']","['ENSG00000135842', 'ENSG00000053918', 'ENSG00000043462', 'ENSG00000180573', 'ENSG00000198223', 'ENSG00000106799', 'ENSG00000254087', 'ENSG00000026297', 'ENSG00000134516', 'ENSG00000073849']",0.2683018,fold_10
4.1,ThirdAnnotation,Micro_3,432,0.2848360655737705,0.27689243027888444,0.32175925925925924,27830,363,293,139,2,"['ENSG00000138964', 'ENSG00000261371']","['ENSG00000138964', 'ENSG00000261371', 'ENSG00000221869', 'ENSG00000115919', 'ENSG00000198223', 'ENSG00000106799', 'ENSG00000026297', 'ENSG00000254087', 'ENSG00000134516', 'ENSG00000188906']",0.61132723,fold_10
4.1,ThirdAnnotation,Micro_4,291,0.11548655812192352,0.0959119496855346,0.6288659793814433,26609,1725,108,183,2,"['ENSG00000254087', 'ENSG00000134516']","['ENSG00000198223', 'ENSG00000254087', 'ENSG00000026297', 'ENSG00000106799', 'ENSG00000134516', 'ENSG00000100647', 'ENSG00000188906', 'ENSG00000067066', 'ENSG00000027697', 'ENSG00000073849']",0.12776217,fold_10
4.1,ThirdAnnotation,Micro_5,216,0.34285714285714286,0.39669421487603307,0.2222222222222222,28336,73,168,48,3,"['ENSG00000164674', 'ENSG00000028137', 'ENSG00000162924']","['ENSG00000164674', 'ENSG00000115421', 'ENSG00000180573', 'ENSG00000028137', 'ENSG00000221869', 'ENSG00000162924', 'ENSG00000198223', 'ENSG00000115919', 'ENSG00000151726', 'ENSG00000026297']",0.2593524,fold_10
4.1,ThirdAnnotation,Micro_6,116,0.2604166666666667,0.5263157894736842,0.08620689655172414,28500,9,106,10,3,"['ENSG00000198918', 'ENSG00000112306', 'ENSG00000221869']","['ENSG00000198918', 'ENSG00000112306', 'ENSG00000166441', 'ENSG00000182899', 'ENSG00000221869', 'ENSG00000101439', 'ENSG00000162924', 'ENSG00000100316', 'ENSG00000026297', 'ENSG00000254087']",0.36116016,fold_10
4.1,ThirdAnnotation,OligoProg_1,86,0.07326007326007326,0.06956521739130435,0.09302325581395349,28432,107,78,8,3,"['ENSG00000052802', 'ENSG00000112144', 'ENSG00000117450']","['ENSG00000052802', 'ENSG00000108387', 'ENSG00000188706', 'ENSG00000112144', 'ENSG00000117450', 'ENSG00000112972', 'ENSG00000169504', 'ENSG00000147488', 'ENSG00000014123', 'ENSG00000170381']",0.16183808,fold_10
4.1,ThirdAnnotation,Oligo_1,3214,0.5551408844933756,0.6343283582089553,0.3702551337896702,24725,686,2024,1190,4,"['ENSG00000059691', 'ENSG00000122863', 'ENSG00000162734', 'ENSG00000100097']","['ENSG00000059691', 'ENSG00000122863', 'ENSG00000146090', 'ENSG00000162734', 'ENSG00000100097', 'ENSG00000188706', 'ENSG00000147488', 'ENSG00000186314', 'ENSG00000154262', 'ENSG00000164124']",0.43999225,fold_10
4.1,ThirdAnnotation,Oligo_2,4013,0.3051875140354817,0.2978303747534517,0.33864938948417644,21408,3204,2654,1359,2,"['ENSG00000100097', 'ENSG00000154642']","['ENSG00000122863', 'ENSG00000135929', 'ENSG00000100097', 'ENSG00000154642', 'ENSG00000108387', 'ENSG00000188706', 'ENSG00000130962', 'ENSG00000147488', 'ENSG00000164124', 'ENSG00000107331']",0.16937971,fold_10
4.1,ThirdAnnotation,Oligo_3,7002,0.5384246459403036,0.5367740120939389,0.5451299628677521,18329,3294,3185,3817,2,"['ENSG00000108387', 'ENSG00000164124']","['ENSG00000035664', 'ENSG00000108387', 'ENSG00000188706', 'ENSG00000154642', 'ENSG00000130962', 'ENSG00000164124', 'ENSG00000147488', 'ENSG00000169504', 'ENSG00000107331', 'ENSG00000170802']",0.19781294,fold_10
4.1,ThirdAnnotation,Oligo_4,2500,0.21462527964205816,0.20806506269061334,0.2456,23788,2337,1886,614,3,"['ENSG00000035664', 'ENSG00000108387', 'ENSG00000188706']","['ENSG00000035664', 'ENSG00000154642', 'ENSG00000108387', 'ENSG00000139323', 'ENSG00000188706', 'ENSG00000052802', 'ENSG00000130962', 'ENSG00000147488', 'ENSG00000164124', 'ENSG00000169504']",0.22695203,fold_10
4.1,ThirdAnnotation,Opc_1,2000,0.8596923969820082,0.9689288634505315,0.5925,26587,38,815,1185,2,"['ENSG00000134853', 'ENSG00000127249']","['ENSG00000134853', 'ENSG00000152527', 'ENSG00000132692', 'ENSG00000196562', 'ENSG00000077943', 'ENSG00000127249', 'ENSG00000106278', 'ENSG00000103489', 'ENSG00000170381', 'ENSG00000133401']",0.6122371,fold_10
4.1,ThirdAnnotation,Pericyte_1,101,0.32432432432432434,0.5714285714285714,0.1188118811881188,28515,9,89,12,2,"['ENSG00000163453', 'ENSG00000100097']","['ENSG00000157514', 'ENSG00000163453', 'ENSG00000100097', 'ENSG00000112306', 'ENSG00000166441', 'ENSG00000101439', 'ENSG00000221869', 'ENSG00000100316', 'ENSG00000169504', 'ENSG00000130522']",0.32207978,fold_10
