clusterName,binary_genes,rf_feature_importance,cluster_median,binary_score
Inh L1 LAMP5 PVRL2,NDNF,0.014096420065244083,0.5865330524790113,0.9650018894439009
Inh L1 LAMP5 PVRL2,TRPC3,0.023155243609778914,2.5022309760490598,0.9470356929006527
Inh L1 LAMP5 PVRL2,CBLN4,0.017573479151404833,1.4880593549248045,0.946239704365186
Inh L1 LAMP5 PVRL2,RELN,0.03169853393553674,4.463725876634532,0.922758967668078
Inh L1 LAMP5 PVRL2,FREM1,0.0175876366404066,2.64620586206974,0.9208965395962836
Inh L1 LAMP5 PVRL2,GOLIM4,0.012273647417016982,1.5870712288627873,0.8648342531072574
Inh L1 LAMP5 PVRL2,ALK,0.0152114323091481,2.7421012389172894,0.8136436236556231
Inh L1 LAMP5 PVRL2,KCNH5,0.01475560915701947,1.770193047564212,0.7762999199256755
Inh L1 LAMP5 PVRL2,DOCK10,0.011502314097733677,2.7001082212040615,0.7265072833188799
Inh L1 LAMP5 PVRL2,HS3ST5,0.015612724758146774,2.795016976029795,0.7228470245440546
Inh L1 LAMP5 RAB11FIP1,MYH11,0.01733596870368972,0.5853948508461115,0.9921269563434154
Inh L1 LAMP5 RAB11FIP1,ADAMTS20,0.027323075106542773,0.7963280066010391,0.9730867717149205
Inh L1 LAMP5 RAB11FIP1,TRPC3,0.02432822549596879,2.6096392267519875,0.9492156124531013
Inh L1 LAMP5 RAB11FIP1,CBLN4,0.016531739945305147,1.3000204940451021,0.9396116143624111
Inh L1 LAMP5 RAB11FIP1,KIT,0.010777818434070989,2.344945343925581,0.9340436633476743
Inh L1 LAMP5 RAB11FIP1,FREM1,0.013118017403927972,2.4468186699177044,0.9145340519921518
Inh L1 LAMP5 RAB11FIP1,RELN,0.045895920289840166,3.70216434009624,0.9117334526123185
Inh L1 LAMP5 RAB11FIP1,KCNH5,0.01822428283714448,2.0041263737300694,0.8019703257728306
Inh L1 LAMP5 RAB11FIP1,TRPC5,0.013106731965020622,1.0983365153042493,0.7884775629738268
Inh L1 LAMP5 RAB11FIP1,HS3ST4,0.014406797701993681,1.540987259628939,0.7879876262528204
Inh L1-6 LAMP5 AARD,CPLX3,0.015866309020809342,0.5061497553639691,0.9847552465189298
Inh L1-6 LAMP5 AARD,TRPC3,0.04976057057911826,2.192576383433771,0.9406764778185783
Inh L1-6 LAMP5 AARD,KIT,0.052402673005237335,2.4490234876949635,0.9367092233868499
Inh L1-6 LAMP5 AARD,PKP2,0.020196557298534146,1.631748854147306,0.9171560793495884
Inh L1-6 LAMP5 AARD,FREM1,0.029116633052400007,2.0572272052740823,0.9015187090673186
Inh L1-6 LAMP5 AARD,FBXL7,0.03807871851528197,3.354906787833955,0.8808648849659505
Inh L1-6 LAMP5 AARD,PRELID2,0.02478566838057972,3.585247048518791,0.8767040105417191
Inh L1-6 LAMP5 AARD,EPHA3,0.02183964619777065,2.1561795088007134,0.8546641198436317
Inh L1-6 LAMP5 AARD,FGF13,0.027172206186279167,3.322120154062635,0.8237723104648492
Inh L1-6 LAMP5 AARD,UNC13C,0.02951656529835711,2.9046850938935522,0.7680101971581259
Inh L1-6 LAMP5 NES,ROR2,0.022031889232549343,0.9735955746780144,0.9716818456546307
Inh L1-6 LAMP5 NES,EYA4,0.01435004994558926,2.3003253597764894,0.9360046028162383
Inh L1-6 LAMP5 NES,KIT,0.025341538827028574,2.3873561809703876,0.9350743723472986
Inh L1-6 LAMP5 NES,NTNG1,0.017398711611761698,2.5098128867930094,0.9049147236517712
Inh L1-6 LAMP5 NES,PRELID2,0.015403175985464692,2.828843356817958,0.8517352589564637
Inh L1-6 LAMP5 NES,FGF13,0.016625392989148138,3.2118509918135287,0.8181713343084072
Inh L1-6 LAMP5 NES,CXCL14,0.021568170884494895,1.3049350565745526,0.7758475790795709
Inh L1-6 LAMP5 NES,UNC13C,0.023385430778202515,2.8980726619166477,0.767480874063234
Inh L1-6 LAMP5 NES,DGKD,0.017643316645790913,1.8356328817172942,0.7528135780713755
Inh L1-6 LAMP5 NES,COL25A1,0.012620256548021541,0.9590702555946597,0.7523302319343748
Inh L1-6 LAMP5 CA1,MYB,0.01628674977401743,0.43073446008914984,1.0
Inh L1-6 LAMP5 CA1,CHST9,0.043841087310675715,2.031250428048763,0.9891805916096467
Inh L1-6 LAMP5 CA1,CA8,0.014494312457190645,1.2565856031196456,0.9857657291519673
Inh L1-6 LAMP5 CA1,NOS1,0.061826313851364494,1.4619083635921342,0.9772124039816233
Inh L1-6 LAMP5 CA1,PDGFD,0.014791941267801258,2.211333315328424,0.958035091663869
Inh L1-6 LAMP5 CA1,ROR1,0.019846402746838833,1.0517714201828952,0.8837342259098933
Inh L1-6 LAMP5 CA1,TAC1,0.030406989085095374,1.0286817746197034,0.8782161166531901
Inh L1-6 LAMP5 CA1,PREX2,0.0205916733894651,1.978916517820557,0.8119901427066271
Inh L1-6 LAMP5 CA1,HS3ST4,0.04638635549537895,2.5450099066214418,0.8118122516021105
Inh L1-6 LAMP5 CA1,FGF13,0.013858783341415487,3.006872368427796,0.807399162362673
Inh L5-6 LAMP5 CRABP1,NKX2-1,0.03140316349155546,0.30939077018266,1.0
Inh L5-6 LAMP5 CRABP1,CHST9,0.04425349986373543,1.7029912328868226,0.9870951021357371
Inh L5-6 LAMP5 CRABP1,FREM2,0.023110442227102544,0.5549734858589878,0.9780099889697199
Inh L5-6 LAMP5 CRABP1,PDGFD,0.04609144759228835,2.613448750779514,0.9644919764159483
Inh L5-6 LAMP5 CRABP1,LAMP5,0.021455411960353183,1.6713582367772042,0.96175596569526
Inh L5-6 LAMP5 CRABP1,NTNG1,0.041858819245616206,3.0320592759329057,0.9208799804249891
Inh L5-6 LAMP5 CRABP1,VAV3,0.04675518802454755,1.9247826026294381,0.9059074093166123
Inh L5-6 LAMP5 CRABP1,FBN2,0.03214723180717413,1.4397835491617412,0.9048128681432243
Inh L5-6 LAMP5 CRABP1,PRELID2,0.02622089036700224,3.5889265969068953,0.8768304198028227
Inh L5-6 LAMP5 CRABP1,COL25A1,0.02672351860642502,2.499714246336863,0.8457502777211867
Inh L3-6 PAX6 LINC01497,SCGN,0.02125200006621515,0.3878364255049953,1.0
Inh L3-6 PAX6 LINC01497,PALMD,0.05250448862643914,0.9862094426523553,0.9840452874686487
Inh L3-6 PAX6 LINC01497,DDR2,0.021957895416200617,1.8984736266505564,0.949586187253532
Inh L3-6 PAX6 LINC01497,TLL1,0.024398659946749154,1.2311736972193612,0.9444862328753584
Inh L3-6 PAX6 LINC01497,ANGPT1,0.030765564806336458,1.8857682520882983,0.9185301321457505
Inh L3-6 PAX6 LINC01497,RELN,0.024687073147884472,3.963180570589256,0.9154559102888081
Inh L3-6 PAX6 LINC01497,FBN2,0.013956091061052184,1.174494521423377,0.8929846117286896
Inh L3-6 PAX6 LINC01497,SPHKAP,0.026223528799064484,2.4319593308901206,0.8429262267199414
Inh L3-6 PAX6 LINC01497,SCN9A,0.016173915304754365,1.4411891548076154,0.8428126859149635
Inh L3-6 PAX6 LINC01497,CDH4,0.020423422129694408,2.1390006932115355,0.8374898603060384
Inh L1 PAX6 MIR101-1,GPC3,0.03133866762849712,0.7384917706511814,1.0
Inh L1 PAX6 MIR101-1,CDH23,0.03847077341013432,0.8796843801494555,0.9910486992247385
Inh L1 PAX6 MIR101-1,TGFBR2,0.044667169681045935,0.5514574743914848,0.9860918886285432
Inh L1 PAX6 MIR101-1,DDR2,0.02719117915349169,1.8708015778680325,0.9488404889912807
Inh L1 PAX6 MIR101-1,RELN,0.044819119429874384,4.303388000100015,0.9202573250223574
Inh L1 PAX6 MIR101-1,WIF1,0.03385618743729433,1.699267584529281,0.911481293394963
Inh L1 PAX6 MIR101-1,IL1RAPL2,0.03157915387544006,3.1505840623643215,0.8600657178273495
Inh L1 PAX6 MIR101-1,CXCL14,0.019885290451287875,2.904003059451533,0.8440573799512351
Inh L1 PAX6 MIR101-1,MYO16,0.020047122595807446,3.019223281583108,0.8074531782377107
Inh L1 PAX6 MIR101-1,ALK,0.021345013286633113,2.5819160339040934,0.8030666290168197
Inh L1 PAX6 CHRFAM7A,CHRNA7,0.035370935835598825,1.6477384816356329,0.8982901191503982
Inh L1 PAX6 CHRFAM7A,COL16A1,0.01504170603618084,0.6739176864136655,0.8906738211171037
Inh L1 PAX6 CHRFAM7A,LAMA3,0.017261329190949953,0.5257377471874684,0.8817838544128981
Inh L1 PAX6 CHRFAM7A,ARHGAP42,0.021377038233969376,1.096483495953588,0.8671796110785432
Inh L1 PAX6 CHRFAM7A,IL1RAPL2,0.021791063018373746,2.5510322677947825,0.831329995010216
Inh L1 PAX6 CHRFAM7A,CNR1,0.061182173348093116,3.3001596095036705,0.8233225247656276
Inh L1 PAX6 CHRFAM7A,SYTL5,0.022233827491972908,1.3633409257414109,0.8033208604365935
Inh L1 PAX6 CHRFAM7A,CCK,0.04333627997629324,3.101202620811434,0.8020783377617167
Inh L1 PAX6 CHRFAM7A,CDH4,0.03264856571764654,1.721978472125634,0.7989014609408527
Inh L1 PAX6 CHRFAM7A,PLCXD3,0.02751525890433253,1.927704735150558,0.79437160193218
Inh L1-6 VIP SLC7A6OS,DYNAP,0.052785397744474535,0.4758287483399959,1.0
Inh L1-6 VIP SLC7A6OS,MDGA1,0.016629908323641297,0.5866865645401007,0.9963113759758877
Inh L1-6 VIP SLC7A6OS,TRPC7,0.012572296364550426,0.7510950247767725,0.9952807564901036
Inh L1-6 VIP SLC7A6OS,PBX3,0.045805448353694656,2.4046760206650766,0.9590343042146281
Inh L1-6 VIP SLC7A6OS,PDLIM5,0.028582650070835644,1.9469737599426542,0.9539450885627049
Inh L1-6 VIP SLC7A6OS,CHRNA7,0.017856257952631734,1.6469001412561721,0.8982383446086573
Inh L1-6 VIP SLC7A6OS,CNR1,0.023462727148390074,3.6432467739968133,0.8384655961584053
Inh L1-6 VIP SLC7A6OS,CCK,0.05749201656188229,3.781267618719421,0.8376747589591163
Inh L1-6 VIP SLC7A6OS,PLCXD3,0.027521654281397752,2.307179784372356,0.8255741252869995
Inh L1-6 VIP SLC7A6OS,SGCD,0.036680219160648286,3.262026932088283,0.763012342045789
Inh L2 PAX6 FREM2,NR1H4,0.03483597938432616,0.6800798411349618,1.0
Inh L2 PAX6 FREM2,CILP2,0.01664585891735642,0.3502565081734651,1.0
Inh L2 PAX6 FREM2,RGS10,0.014776100984047065,0.4677800746711006,1.0
Inh L2 PAX6 FREM2,DOCK8,0.021355200726967522,1.1045738391781557,0.9920634920634921
Inh L2 PAX6 FREM2,SLC17A8,0.03092151678574026,1.061556781105875,0.9850159902962958
Inh L2 PAX6 FREM2,IGFBP7,0.0201281695624112,1.083793794831756,0.9761904761904762
Inh L2 PAX6 FREM2,YJEFN3,0.041162694682919984,1.9242942013097304,0.9527650954767598
Inh L2 PAX6 FREM2,ARHGAP6,0.02958303431040108,2.0907577795970607,0.9456922861870275
Inh L2 PAX6 FREM2,FREM1,0.015971729941822336,2.070948160754755,0.9019608599321459
Inh L2 PAX6 FREM2,PDE3A,0.01600959346076148,2.197091029104441,0.8878797880786765
Inh L1-2 VIP HTR3A,VWA5B1,0.030799647547151445,0.6316999872011748,1.0
Inh L1-2 VIP HTR3A,HCRTR1,0.014598822378178835,0.2364470604717015,1.0
Inh L1-2 VIP HTR3A,HTR3A,0.05044447649294462,0.8054399385438078,0.996073670780568
Inh L1-2 VIP HTR3A,MCTP2,0.015512914126627463,1.2545992898107738,0.9354870930559908
Inh L1-2 VIP HTR3A,ARHGAP18,0.019652273618909935,1.5700268181979087,0.8948802122241435
Inh L1-2 VIP HTR3A,MYO1B,0.013686713220520449,0.9933022499524334,0.8898034876438949
Inh L1-2 VIP HTR3A,LYPD6,0.013846400647978097,1.432403900022727,0.8826265871514088
Inh L1-2 VIP HTR3A,LYPD6B,0.02910542027858659,1.9528085303480576,0.8801873050823011
Inh L1-2 VIP HTR3A,RXFP1,0.054081398632442726,2.209958313341425,0.8244850551142489
Inh L1-2 VIP HTR3A,PCDH15,0.014302227020633074,1.9614123475638996,0.7763014469309166
Inh L1-2 VIP WNT4,HTR3A,0.013596127566485552,0.3984652180154695,0.9920634920634921
Inh L1-2 VIP WNT4,CFAP47,0.012264328346953925,0.4692211508204338,0.9841269841269841
Inh L1-2 VIP WNT4,TNFAIP8L3,0.011716379750547967,0.8843151968393685,0.9679656553558338
Inh L1-2 VIP WNT4,SYT9,0.01671830345288632,1.2500579836748535,0.9627633578869036
Inh L1-2 VIP WNT4,GABRG1,0.009149470324475557,1.2290668997113414,0.9477367558045722
Inh L1-2 VIP WNT4,GLRA3,0.013285691994762294,0.9681470700743553,0.8999611684099726
Inh L1-2 VIP WNT4,CPNE5,0.016879787331795352,0.8709110467261716,0.8981409897616977
Inh L1-2 VIP WNT4,PDE3A,0.023612080569404736,2.175761999881966,0.8869362752968524
Inh L1-2 VIP WNT4,LYPD6B,0.0231932100816509,1.8715736547981916,0.874986884924654
Inh L1-2 VIP WNT4,CNR1,0.03398265302452467,3.9457402902392156,0.850240919469648
Inh L1 LAMP5 BMP2,NDNF,0.05530871007961319,1.2971053735385993,0.9773761874432685
Inh L1 LAMP5 BMP2,NPNT,0.031514795846002384,1.037384182759102,0.9690019367863562
Inh L1 LAMP5 BMP2,LAMP5,0.015983422069681383,1.083150538635028,0.9450086690550421
Inh L1 LAMP5 BMP2,BMP6,0.018444979465145284,1.3252681320052149,0.9431234947571079
Inh L1 LAMP5 BMP2,RELN,0.0926727655147601,4.578774172880111,0.9246997598614715
Inh L1 LAMP5 BMP2,SV2C,0.01667537594738809,2.081000684304684,0.9181205537532041
Inh L1 LAMP5 BMP2,COL5A2,0.04991291197284736,2.2396011213873264,0.9154054564178733
Inh L1 LAMP5 BMP2,FREM1,0.03319388746949555,2.4725684586322085,0.9153414580293925
Inh L1 LAMP5 BMP2,CXCL14,0.020978148949146083,2.808688723735374,0.8393445111816878
Inh L1 LAMP5 BMP2,ALK,0.019379242799943384,2.4737836947215435,0.7955839472541183
Inh L1 LAMP5 NMBR,NMBR,0.023191826218223528,0.7175607599345941,0.9880379352131891
Inh L1 LAMP5 NMBR,NDNF,0.025154587324713464,1.1363917919329258,0.9741766272463549
Inh L1 LAMP5 NMBR,PTGFR,0.02884216481671591,0.6011034583224875,0.9469953262104283
Inh L1 LAMP5 NMBR,PCDH18,0.02548893589681331,0.686660885445151,0.9435527067038989
Inh L1 LAMP5 NMBR,RELN,0.0430109658138946,4.347059768141469,0.9208989773312918
Inh L1 LAMP5 NMBR,TMEM47,0.018030295824422927,0.7179371239804463,0.9167592696431598
Inh L1 LAMP5 NMBR,COL5A2,0.03857533659393367,2.2833815285813612,0.9165709177670309
Inh L1 LAMP5 NMBR,GLRA3,0.028838062645551006,1.0811016888601137,0.9104133286484223
Inh L1 LAMP5 NMBR,COL21A1,0.02305914686734237,1.9915131046124495,0.8777342684991272
Inh L1 LAMP5 NMBR,PRELID2,0.041815124597246706,3.23401796145944,0.865218606006428
Inh L1 PVALB SST ASIC4,ADAM33,0.052401297843209606,1.3613963288911952,0.9735096805419581
Inh L1 PVALB SST ASIC4,TTN,0.03193892092277854,1.5859054774174828,0.9721345029860877
Inh L1 PVALB SST ASIC4,EFEMP1,0.019217254975620067,0.7591073718568974,0.9670771775861576
Inh L1 PVALB SST ASIC4,BCAS1,0.03831253508383901,0.7280477120827871,0.9603174603174603
Inh L1 PVALB SST ASIC4,NDST4,0.019015669103850233,1.3147802919357967,0.9379769895016166
Inh L1 PVALB SST ASIC4,MEGF11,0.018225352350585908,1.2803683885619237,0.9348505245704368
Inh L1 PVALB SST ASIC4,COL16A1,0.019742283953848902,1.1030874871563472,0.9294022140329704
Inh L1 PVALB SST ASIC4,PRELID2,0.030382622865668115,3.2383489957758576,0.865356407611592
Inh L1 PVALB SST ASIC4,NCKAP5,0.03479329047727683,2.060930807801685,0.8473584180825798
Inh L1 PVALB SST ASIC4,NTN4,0.025682129789200047,1.6091094958812895,0.8135281837066889
Inh L1 SST P4HA3,ESR1,0.011554317256885048,0.25297024034995086,0.9920634920634921
Inh L1 SST P4HA3,ST8SIA6,0.01539153679794775,0.5300527128345726,0.9717531854612469
Inh L1 SST P4HA3,NDNF,0.01282654160434624,0.970068731004138,0.9711098361915332
Inh L1 SST P4HA3,FOXO1,0.02534639978607744,1.5935492335761223,0.9388237689769877
Inh L1 SST P4HA3,SEMA3C,0.014493229199867072,1.553355493824629,0.9014623628234097
Inh L1 SST P4HA3,PRELID2,0.015182438045545569,3.461815442124692,0.8725908490069484
Inh L1 SST P4HA3,GABRA5,0.01625400817438116,0.7780033926454732,0.8490191983937521
Inh L1 SST P4HA3,THSD7B,0.01809436578954322,2.8537303324336167,0.8360863733878982
Inh L1 SST P4HA3,COL12A1,0.015593571546686944,1.591788738577665,0.8251630450830695
Inh L1 SST P4HA3,CDH4,0.012504682550711608,1.7810708278309386,0.8050468720782329
Inh L1 SST DEFB108B,SYT10,0.06796059254145943,1.2843530484686703,0.9664867056547074
Inh L1 SST DEFB108B,NDST4,0.04273186745558432,1.4248490007719363,0.9415461766154389
Inh L1 SST DEFB108B,TMEM47,0.016528065958703528,0.7005280340457588,0.9154795552053268
Inh L1 SST DEFB108B,ARHGAP24,0.02050391947839727,1.0515290738697805,0.9012259843819814
Inh L1 SST DEFB108B,SEMA3C,0.039801530822862356,1.4567529270362454,0.8949279749393315
Inh L1 SST DEFB108B,MYO1B,0.022932699689346123,0.9202388390504799,0.8823145661934985
Inh L1 SST DEFB108B,COL21A1,0.030200028291609157,1.938235296146716,0.8743734535156332
Inh L1 SST DEFB108B,CXCL14,0.025352215133099747,2.6813942111000446,0.8332247595822508
Inh L1 SST DEFB108B,COL25A1,0.01654833975325324,1.3659628004443898,0.7755558858039896
Inh L1 SST DEFB108B,GRM8,0.026026629641698277,1.9653597086711712,0.7561742366395248
Inh L1-3 VIP CBLN1,CBLN1,0.04716544908860554,0.7149660925520211,1.0
Inh L1-3 VIP CBLN1,SLC22A3,0.025204901999912342,1.513175788357362,0.944622902407947
Inh L1-3 VIP CBLN1,HTR2C,0.07441083826711357,2.3618874658116793,0.9444124281426078
Inh L1-3 VIP CBLN1,TAC3,0.03059405078708784,1.6228855166840337,0.9257861758506067
Inh L1-3 VIP CBLN1,KMO,0.015167519494447184,1.3436901611153753,0.9031322546403395
Inh L1-3 VIP CBLN1,RELN,0.053047184635691164,2.3250880959086775,0.8843094979840566
Inh L1-3 VIP CBLN1,TSHZ2,0.039650758750270076,2.542523766672473,0.8362946515936286
Inh L1-3 VIP CBLN1,GULP1,0.029863669977887673,2.041545824536986,0.8353012974010517
Inh L1-3 VIP CBLN1,NXPH2,0.024273354847947133,1.5182711313212978,0.8084571419136924
Inh L1-3 VIP CBLN1,IL1RAPL2,0.0167394174128485,1.7467425002982826,0.7942415385402112
Inh L1-2 VIP EXPH5,SCTR,0.020016894447199226,0.6125690579975387,0.9927024492617419
Inh L1-2 VIP EXPH5,FLT1,0.041459297068825306,0.9603126322712543,0.9754237636965203
Inh L1-2 VIP EXPH5,IGFBP5,0.02954108996200582,1.125307919131299,0.9695434555214766
Inh L1-2 VIP EXPH5,ST18,0.045304630653670144,0.8033664037680004,0.9603174603174603
Inh L1-2 VIP EXPH5,SHISA8,0.02754863556945519,1.3661621749987378,0.9224568783461728
Inh L1-2 VIP EXPH5,SYT2,0.01385433190636379,0.7452897765379405,0.9194698441162776
Inh L1-2 VIP EXPH5,LRRC1,0.027760041725036304,0.8132287315522061,0.9096628939619305
Inh L1-2 VIP EXPH5,SEZ6,0.02265439347949812,1.2610988988396976,0.9076729284473944
Inh L1-2 VIP EXPH5,ADAMTS6,0.01446413618786334,1.685513006200088,0.8463921162636731
Inh L1-2 VIP EXPH5,TSHZ2,0.013799982672152222,1.9827995777410268,0.8107612609093212
Inh L1-3 VIP HSPB6,IGFBP5,0.019772960128658496,0.734551095882326,0.9553871345746836
Inh L1-3 VIP HSPB6,SLC22A3,0.02184975885364604,1.3130718242239467,0.9373932521513727
Inh L1-3 VIP HSPB6,CCNG2,0.025416005049590643,1.2051097170548348,0.9337900462753472
Inh L1-3 VIP HSPB6,SHISA8,0.02338519073156119,1.2857265006659027,0.9176057429943947
Inh L1-3 VIP HSPB6,PLCE1,0.017344463377383604,1.5448118626471978,0.8617037016497923
Inh L1-3 VIP HSPB6,SVEP1,0.019260732120044914,1.3530258349432214,0.8584837364690048
Inh L1-3 VIP HSPB6,TRPC6,0.019690084927655605,0.8169145004382764,0.8430541889283656
Inh L1-3 VIP HSPB6,PCDH19,0.020110542777166222,1.1177474080613945,0.8358147709275473
Inh L1-3 VIP HSPB6,THSD7A,0.038021915251715464,3.300015892884414,0.7395675346648729
Inh L1-3 VIP HSPB6,RGS12,0.017291570391556498,2.318007110879206,0.7212165189026352
Inh L1-2 VIP PTGER3,PTGER3,0.0350154114048112,0.6768313335584664,1.0
Inh L1-2 VIP PTGER3,SYT10,0.013634072815503917,1.064174157189421,0.9595527654324133
Inh L1-2 VIP PTGER3,PCDH11Y,0.010991426047351337,1.1846066719278556,0.9453589103147582
Inh L1-2 VIP PTGER3,EDNRA,0.014296602926103455,1.0833863370482844,0.9295594688428974
Inh L1-2 VIP PTGER3,KCNH8,0.015417193279794832,1.3435583049093638,0.9286599705687213
Inh L1-2 VIP PTGER3,PARD3B,0.01368624990603988,1.5903170562382019,0.8888345949724142
Inh L1-2 VIP PTGER3,RORB,0.015206564541083859,0.7623185985103673,0.8667729274848286
Inh L1-2 VIP PTGER3,LYPD6,0.010167949281848705,1.17740427121276,0.8594302748526532
Inh L1-2 VIP PTGER3,KCNK2,0.016686206829425423,1.4689061547800262,0.8075974712625387
Inh L1-2 VIP PTGER3,THSD7A,0.01931353098915951,3.4182199555363844,0.748207194293874
Inh L1-2 VIP SCML4,SCML4,0.027944538688155156,0.6542755737431403,0.9945421410907463
Inh L1-2 VIP SCML4,ABI3BP,0.02285397808546341,1.5046660933538756,0.9593151115215912
Inh L1-2 VIP SCML4,SLC6A11,0.012026225139352552,1.091487931221041,0.9480501760288244
Inh L1-2 VIP SCML4,KCNH8,0.02021301370492717,1.1551611636407344,0.923375155413262
Inh L1-2 VIP SCML4,NCKAP5,0.01786817559893082,2.0665516335309224,0.8476440694804719
Inh L1-2 VIP SCML4,LYPD6,0.011159937397754605,1.048802446489464,0.8476109360526874
Inh L1-2 VIP SCML4,SEL1L3,0.021512011173087,1.292057279174895,0.8314376110607188
Inh L1-2 VIP SCML4,LYPD6B,0.012154726417213829,1.3433880103945286,0.8289553715363065
Inh L1-2 VIP SCML4,CDH20,0.011734773105104727,1.967224195612163,0.7491980642286394
Inh L1-2 VIP SCML4,THSD7A,0.011088361647102685,3.075388990611442,0.7234787586922566
Inh L1-3 VIP FNDC1,FBN3,0.01021998374546515,0.43532448846623156,1.0
Inh L1-3 VIP FNDC1,SLC6A11,0.009958257348841676,1.165645487515125,0.9513551877471149
Inh L1-3 VIP FNDC1,TBL1X,0.01775267065840396,1.2080246642368548,0.9390267169499108
Inh L1-3 VIP FNDC1,KCNH8,0.029088914077447802,1.2773593469179605,0.9266080175331077
Inh L1-3 VIP FNDC1,LRRC1,0.00974115703765415,0.8614093564285944,0.9138278433767808
Inh L1-3 VIP FNDC1,ADAMTS3,0.0180335425848751,0.5159441694240021,0.9072249758440424
Inh L1-3 VIP FNDC1,EDNRA,0.010413708689625318,0.6743896453240938,0.9063221522294665
Inh L1-3 VIP FNDC1,RARB,0.010146503422462256,1.8166307489620142,0.8569657965840877
Inh L1-3 VIP FNDC1,NCKAP5,0.013706931361879622,1.9043700978544547,0.839450136279785
Inh L1-3 VIP FNDC1,ITGA8,0.015323870205887265,1.5342726967202334,0.8087001209618818
Inh L1-3 VIP CHRNA2,SDC2,0.015493553828059286,0.6796523185667325,0.9762191020156832
Inh L1-3 VIP CHRNA2,NPR3,0.025224959788502418,1.083253472644048,0.968002984240378
Inh L1-3 VIP CHRNA2,SLC7A11,0.02483808987356168,0.7026786224726058,0.9503009487699622
Inh L1-3 VIP CHRNA2,PPP1R1C,0.01527147590180164,1.2603369132427633,0.9490517358874352
Inh L1-3 VIP CHRNA2,KCNG2,0.023554677944479897,1.6210606944486243,0.9260087409352631
Inh L1-3 VIP CHRNA2,COBLL1,0.018376550638274182,0.644534627280834,0.91839889978287
Inh L1-3 VIP CHRNA2,EYA4,0.031100845279150892,1.0716377252202391,0.9121236255490853
Inh L1-3 VIP CHRNA2,OPRM1,0.04949854810582399,1.042014720335822,0.8985970829757182
Inh L1-3 VIP CHRNA2,PLCE1,0.017043570972585482,1.5524893973080047,0.8622698737481422
Inh L1-3 VIP CHRNA2,HTR4,0.022118979267119122,0.8494101283524647,0.7885326776241744
Inh L2 VIP SLC6A16,SSTR1,0.016063899614747093,0.4167653390291478,0.9841269841269841
Inh L2 VIP SLC6A16,SDC2,0.022136807541373937,0.8708906553981126,0.981441134598865
Inh L2 VIP SLC6A16,LRRC63,0.015755156433962754,0.51546837469187,0.9723396851654654
Inh L2 VIP SLC6A16,TNS3,0.01642940587426116,0.5501204717277649,0.9615926471261469
Inh L2 VIP SLC6A16,SLC7A11,0.03889794884525524,1.0934153406553389,0.9567165382114334
Inh L2 VIP SLC6A16,COBLL1,0.02168503769922069,0.7907793246346637,0.9258484223637989
Inh L2 VIP SLC6A16,HCRTR2,0.03733928184457982,0.7134314154326369,0.8645940954784559
Inh L2 VIP SLC6A16,COL21A1,0.019525514771937032,1.5003588557318763,0.8417525862406409
Inh L2 VIP SLC6A16,NCKAP5,0.01615059168812979,1.8503782085578302,0.8368496803702158
Inh L2 VIP SLC6A16,PLCXD3,0.016054871734968768,1.2440830715807436,0.738181668045927
Inh L1 VIP KLHDC8B,ITGBL1,0.06262639202712791,1.522341844063071,1.0
Inh L1 VIP KLHDC8B,ADAM12,0.04507978802210616,1.477134773659912,0.9734275708642428
Inh L1 VIP KLHDC8B,SVIL,0.05010592500513793,1.783249805026317,0.9229518371044059
Inh L1 VIP KLHDC8B,VIP,0.020942477295080173,2.730933196545607,0.9084982558110115
Inh L1 VIP KLHDC8B,SLITRK4,0.030713647560675933,1.826384201177348,0.8401032058931233
Inh L1 VIP KLHDC8B,CNR1,0.017827710788327705,3.024981024493655,0.8094163262718665
Inh L1 VIP KLHDC8B,VWC2L,0.028732123006247345,2.4583084572494798,0.7782278148869579
Inh L1 VIP KLHDC8B,FIGN,0.014550771179607834,2.156045927631565,0.7731964032274055
Inh L1 VIP KLHDC8B,L3MBTL4,0.013513797842647708,2.322156426444157,0.7419385596127879
Inh L1 VIP KLHDC8B,PRKD1,0.027936055732470613,2.511146534792392,0.6949574174350323
Inh L3-5 VIP IGDCC3,EREG,0.06911058710373674,0.5717626750510326,1.0
Inh L3-5 VIP IGDCC3,NOX4,0.052434570840491516,1.5995145369376447,0.9904825754136871
Inh L3-5 VIP IGDCC3,IQGAP2,0.020430156698727043,1.277966319373149,0.9542451388914224
Inh L3-5 VIP IGDCC3,CMTM8,0.028829135723590676,1.2830192551978956,0.9267044864911201
Inh L3-5 VIP IGDCC3,CBLN4,0.02713244086237056,0.8669564477152282,0.9177396823365832
Inh L3-5 VIP IGDCC3,VIP,0.02311936642845476,2.366011410255024,0.8947223812784408
Inh L3-5 VIP IGDCC3,LYPD6,0.020583817269417888,1.1801039602702432,0.859679227609496
Inh L3-5 VIP IGDCC3,OCA2,0.019218738993884422,1.1112391695643815,0.8401987142965981
Inh L3-5 VIP IGDCC3,ITGA8,0.029468493749886946,1.6308182975234078,0.8176759750729702
Inh L3-5 VIP IGDCC3,FIGN,0.017376780124763805,2.0800494224355184,0.7649099266972325
Inh L1-5 VIP SMOC1,PRTG,0.02008952966144932,0.5576408681498983,0.9835469671084819
Inh L1-5 VIP SMOC1,ABI3BP,0.04868643288973819,1.6974901985252178,0.9621335826602857
Inh L1-5 VIP SMOC1,SMOC1,0.0403899729161957,1.2749234174144,0.9590444876147584
Inh L1-5 VIP SMOC1,PPP1R1C,0.017018512513875456,1.0112716123982404,0.9365037274462517
Inh L1-5 VIP SMOC1,LAMA3,0.021190150771952788,1.136403769583644,0.92343150150963
Inh L1-5 VIP SMOC1,VIP,0.04787183953958894,2.466446464843755,0.8986861647680792
Inh L1-5 VIP SMOC1,PCP4,0.052956328385412935,1.6409697080248222,0.8694187685931384
Inh L1-5 VIP SMOC1,ARHGEF28,0.02242470075468262,1.2216197951556231,0.8084022444199203
Inh L1-5 VIP SMOC1,GULP1,0.021159304082097305,1.4666584041095647,0.7949863702754787
Inh L1-5 VIP SMOC1,CNR1,0.05225118971265856,2.5858795057070285,0.7845993660155897
Inh L3-5 VIP HS3ST3A1,HS3ST3A1,0.014928234960459663,0.6041350554538537,1.0
Inh L3-5 VIP HS3ST3A1,ABI3BP,0.037972645065931517,2.220858555933228,0.9691868762975046
Inh L3-5 VIP HS3ST3A1,IQGAP2,0.02920623542565029,1.5758695486556744,0.9615981624840917
Inh L3-5 VIP HS3ST3A1,SLC22A3,0.028075564183853444,1.712792327236954,0.951076798994672
Inh L3-5 VIP HS3ST3A1,PROS1,0.02076635806286568,1.376991968457577,0.9445205183280461
Inh L3-5 VIP HS3ST3A1,EPHB1,0.01605971712274229,1.5593299048271374,0.8608156443183952
Inh L3-5 VIP HS3ST3A1,ARHGEF28,0.022759581996706572,1.5330041090203181,0.8440239032442919
Inh L3-5 VIP HS3ST3A1,BICC1,0.018821803973726535,1.498874666200336,0.8375542986146253
Inh L3-5 VIP HS3ST3A1,THSD7B,0.04946052216475631,2.8081217900644946,0.8340686550639153
Inh L3-5 VIP HS3ST3A1,LYPD6B,0.013148248639396088,1.3054249257135577,0.8244428232060048
Inh L5-6 VIP COL4A3,KCTD12,0.015470278065905034,0.8123913198180139,0.9865621391313705
Inh L5-6 VIP COL4A3,ABI3BP,0.027234088343170305,2.8165900274789464,0.9757041000848222
Inh L5-6 VIP COL4A3,COL4A3,0.010293727370761254,0.5662637174613887,0.9576149980313827
Inh L5-6 VIP COL4A3,KCNG2,0.009603087847334874,1.346024355289744,0.9108899320199957
Inh L5-6 VIP COL4A3,PARD3B,0.02306275522780878,1.6808117348287477,0.8928969857855972
Inh L5-6 VIP COL4A3,PDE3A,0.014150799644225172,2.1430054505926646,0.8855719952246575
Inh L5-6 VIP COL4A3,ADAMTS6,0.01320053772377892,1.8159121622909868,0.8568526577289229
Inh L5-6 VIP COL4A3,SEMA5A,0.025013450424715488,2.120109551290308,0.8261303189420529
Inh L5-6 VIP COL4A3,THSD7B,0.01327086401091436,2.5913449512353544,0.8249036077590072
Inh L5-6 VIP COL4A3,ARHGAP18,0.011026266147405922,0.7655387211124177,0.8248880320250342
Inh L1-5 VIP CD27-AS1,NTN1,0.011206027007119819,0.585873093914756,0.9808357109691291
Inh L1-5 VIP CD27-AS1,COL4A3,0.011406701967856306,0.6718960480334795,0.9630308279353699
Inh L1-5 VIP CD27-AS1,IQGAP2,0.019774499298334205,1.5353987979555943,0.9605859491134674
Inh L1-5 VIP CD27-AS1,PARD3B,0.018191421115503304,1.6355405363367377,0.8908111304764245
Inh L1-5 VIP CD27-AS1,RAB37,0.01642091016372879,1.110621608551663,0.8816046929473959
Inh L1-5 VIP CD27-AS1,NTNG1,0.020391274517243863,1.3730727137838636,0.86393560121064
Inh L1-5 VIP CD27-AS1,ANKFN1,0.030620731344374586,2.0188752204026974,0.8440958696034964
Inh L1-5 VIP CD27-AS1,TOX,0.03842173360213806,1.6496609050485798,0.7095618401125375
Inh L1-5 VIP CD27-AS1,NELL1,0.01900756229744107,2.8417658519344218,0.7049095300418571
Inh L1-5 VIP CD27-AS1,AFF2,0.01970575393324249,1.6238318859314849,0.6926608014526203
Inh L2-5 VIP BSPRY,PTH2R,0.017706034203146565,0.9149578077058907,0.9850871472661055
Inh L2-5 VIP BSPRY,NTN1,0.012854545619411599,0.621528616471487,0.981479820333465
Inh L2-5 VIP BSPRY,VWDE,0.022593982753293395,1.2736861369391521,0.9739561060405615
Inh L2-5 VIP BSPRY,ST18,0.038979074123771086,1.2993476342519064,0.9633469490149641
Inh L2-5 VIP BSPRY,KCNH8,0.012330159159321234,0.997159435853996,0.9200366882128651
Inh L2-5 VIP BSPRY,PDE3A,0.01638515913672032,2.202486280574203,0.8881352226912148
Inh L2-5 VIP BSPRY,SEMA3E,0.02750545530978264,1.0019338286013293,0.8364559538032079
Inh L2-5 VIP BSPRY,CA10,0.0674041829040307,2.005086356847789,0.8114466467063545
Inh L2-5 VIP BSPRY,PCDH15,0.023367492666752476,1.7618149136761918,0.7585855586648239
Inh L2-5 VIP BSPRY,THSD7A,0.022682192149741435,3.376575656647438,0.7451017596982441
Inh L2-5 VIP SOX11,PENK,0.04349469864350784,1.7433811160074386,0.9872690793726174
Inh L2-5 VIP SOX11,GFRA1,0.013206614242372123,0.4607831261730051,0.9680516912118062
Inh L2-5 VIP SOX11,PCDH18,0.0104667491901042,0.8605430820637131,0.9548475355163403
Inh L2-5 VIP SOX11,HTR2C,0.02512934381733251,2.557504239542012,0.9471234752333549
Inh L2-5 VIP SOX11,PEG10,0.010544313569656863,0.6515218654073871,0.9311148250757739
Inh L2-5 VIP SOX11,SCN7A,0.018623422290178798,1.0561846736431328,0.9257137188877463
Inh L2-5 VIP SOX11,ARHGAP18,0.012658766467647504,1.478792635035084,0.8883948418315919
Inh L2-5 VIP SOX11,PARD3B,0.012494193416049787,1.4453223760204896,0.8824596270591512
Inh L2-5 VIP SOX11,THSD7B,0.06571760268096505,3.6374347519225636,0.8691186459134892
Inh L2-5 VIP SOX11,ADAMTSL1,0.025976793839127217,1.7533906788861233,0.851909522895909
Inh L3-6 VIP ZIM2-AS1,ALDH1A2,0.019878391534152193,0.9845978866483942,0.9975653203052847
Inh L3-6 VIP ZIM2-AS1,VGLL3,0.018240556956921124,0.41238428300183033,0.9928327418898514
Inh L3-6 VIP ZIM2-AS1,PENK,0.0879334677188012,2.477274150707031,0.9910406175251802
Inh L3-6 VIP ZIM2-AS1,ROR2,0.0351459809888896,1.2468060027158923,0.977887153499707
Inh L3-6 VIP ZIM2-AS1,BCHE,0.013280546121026743,0.9239678320410503,0.9615988527018728
Inh L3-6 VIP ZIM2-AS1,NPNT,0.012520939599183378,0.7016487223741832,0.961058245620341
Inh L3-6 VIP ZIM2-AS1,RGMA,0.018104936429001548,0.7785693360942105,0.9424957419504919
Inh L3-6 VIP ZIM2-AS1,BMP6,0.017484895055047103,1.2113270831168963,0.9377735205389124
Inh L3-6 VIP ZIM2-AS1,CXCL14,0.023374052479571195,2.8751443135229495,0.8425717951180717
Inh L3-6 VIP ZIM2-AS1,GRM8,0.05904203191166204,2.989362618527516,0.8341125561347622
Inh L1-5 VIP PHLDB3,EGF,0.08495228929908304,1.2717812968858087,0.9801559625091361
Inh L1-5 VIP PHLDB3,VWDE,0.021166328330072773,0.8806363954384794,0.9623320738730841
Inh L1-5 VIP PHLDB3,DACH2,0.02493736892516782,1.903573247763941,0.9269856554177023
Inh L1-5 VIP PHLDB3,TAC3,0.011726196009192804,1.472567039030304,0.9194968456003397
Inh L1-5 VIP PHLDB3,SEMA3C,0.01182122413131911,1.3412639882753246,0.8868501046111126
Inh L1-5 VIP PHLDB3,ARHGAP42,0.01901500983425816,1.0135554149890094,0.8609157745057961
Inh L1-5 VIP PHLDB3,THSD7B,0.01925502599323996,2.6452566295598943,0.8271781608605486
Inh L1-5 VIP PHLDB3,PARD3,0.0189466896733304,2.2011856439308035,0.7268117620461131
Inh L1-5 VIP PHLDB3,PDE1C,0.015502674246501843,2.2645951847980594,0.7112312941024502
Inh L1-5 VIP PHLDB3,SLC24A3,0.013762051154327626,2.8962201142195987,0.7111400414615178
Inh L1-5 VIP LINC01013,EGF,0.018219036285520487,0.5674848805597531,0.9555278447054165
Inh L1-5 VIP LINC01013,DACH2,0.04462048148517626,2.074972466299148,0.9323612883604104
Inh L1-5 VIP LINC01013,HPSE2,0.019842466341185624,2.1342859149185083,0.930897089137767
Inh L1-5 VIP LINC01013,SRGAP1,0.03400758353246643,1.7921762574639888,0.8958249240188395
Inh L1-5 VIP LINC01013,SEMA3C,0.012766134186541657,1.3520044547440162,0.8875598339776704
Inh L1-5 VIP LINC01013,CHRNA7,0.020310932948527528,1.3469711953650774,0.8794273747115623
Inh L1-5 VIP LINC01013,SDK2,0.01702360747921007,0.9338017407584456,0.863024813119125
Inh L1-5 VIP LINC01013,THSD7B,0.06713619285350493,3.4523503552457786,0.8621019488912607
Inh L1-5 VIP LINC01013,PRELID2,0.03346702034648201,2.8779032167062972,0.8534509746167775
Inh L1-5 VIP LINC01013,CXCL14,0.01518482304624516,2.571582233905655,0.8280579755813944
Inh L3-6 VIP UG0898H09,PSG5,0.014521135601406953,0.45702874061310467,1.0
Inh L3-6 VIP UG0898H09,THSD4,0.013847688835526582,0.7540630966518593,0.9474379730632781
Inh L3-6 VIP UG0898H09,GALNT10,0.020093724586641992,1.142557558371367,0.9423163239825769
Inh L3-6 VIP UG0898H09,DACH2,0.04858283517876852,2.189696492561888,0.935905060457081
Inh L3-6 VIP UG0898H09,RASL10A,0.026107871276765445,0.6881843912178163,0.858157490853943
Inh L3-6 VIP UG0898H09,THSD7B,0.02376193050969947,3.0347155969188453,0.8442831799731081
Inh L3-6 VIP UG0898H09,ADAMTSL1,0.027045067088610424,1.4956249664213732,0.8392156761593931
Inh L3-6 VIP UG0898H09,NKAIN3,0.013600541050822604,2.513052225303418,0.8081369449426501
Inh L3-6 VIP UG0898H09,PCSK5,0.02429743686208409,1.7504814557453703,0.7909226489759871
Inh L3-6 VIP UG0898H09,ADAMTSL3,0.014003550824448586,1.2831264241389693,0.7776152476621893
Inh L3-5 VIP TAC3,MEGF11,0.04827329961551614,1.128409907220793,0.9272512864713954
Inh L3-5 VIP TAC3,KMO,0.017069809616956318,1.257425316000634,0.8970311849986282
Inh L3-5 VIP TAC3,CMTM8,0.019059242029185484,0.8497434099438383,0.8967234185671854
Inh L3-5 VIP TAC3,ARHGAP18,0.020489025702602515,1.0084694057996444,0.848966883334051
Inh L3-5 VIP TAC3,RARB,0.026217216407149156,1.685513006200088,0.8458390228240171
Inh L3-5 VIP TAC3,TSHZ2,0.030604299809995517,2.2080939842706067,0.8214436733624632
Inh L3-5 VIP TAC3,NXPH2,0.01964882225055736,1.1117837050235801,0.7835531728186765
Inh L3-5 VIP TAC3,CDH20,0.031201079506176226,1.9623749924050384,0.748715593051221
Inh L3-5 VIP TAC3,CHRM2,0.01829870007230294,1.3952101738639415,0.7149163335268133
Inh L3-5 VIP TAC3,SLC24A3,0.03838765778238564,2.9176524966300583,0.7132036384211697
Inh L1-6 SST NPY,NPY,0.11860604473461833,4.660690159573562,1.0
Inh L1-6 SST NPY,STAC,0.017683634847667787,0.5187905553405915,1.0
Inh L1-6 SST NPY,NPY2R,0.015154889178481026,0.9259075032446134,0.9903704006272169
Inh L1-6 SST NPY,NOS1,0.08776087437132575,2.9525705538991183,0.9887171613354233
Inh L1-6 SST NPY,FAM163A,0.013867940174041948,0.6916007756424933,0.9862930109210464
Inh L1-6 SST NPY,CRHBP,0.07937306395299418,2.4365377451909005,0.9763833299502366
Inh L1-6 SST NPY,THSD4,0.01161387330446115,1.5100789151649718,0.9668134412263619
Inh L1-6 SST NPY,TACR1,0.01563145242522344,1.7531822146320708,0.9277799640125711
Inh L1-6 SST NPY,SST,0.035884799587486166,3.3370180584382445,0.927522227770735
Inh L1-6 SST NPY,NNAT,0.012859787072263892,0.8305507675056388,0.8871270577816162
Inh L3-5 SST CDH3,TMEM255A,0.017680143479684964,0.5353610681471949,1.0
Inh L3-5 SST CDH3,ENPP1,0.015578847546682166,0.8493986011931912,0.9924235081768754
Inh L3-5 SST CDH3,SLCO4C1,0.029943975565088703,0.787237529246732,0.9860087861021399
Inh L3-5 SST CDH3,QRFPR,0.027680780838581644,1.2325992275764195,0.9787262126532575
Inh L3-5 SST CDH3,ACVR1C,0.020566300676634265,0.8708283577973978,0.9560106005027169
Inh L3-5 SST CDH3,NPNT,0.025959890278010055,0.4489924226626629,0.9535784405389519
Inh L3-5 SST CDH3,PRKCQ,0.017232134097079837,0.7907113879292392,0.9467043174490651
Inh L3-5 SST CDH3,EDNRA,0.013849237048225585,1.247343093656581,0.9387913869621937
Inh L3-5 SST CDH3,TAC3,0.013351939485431027,1.0126919584349272,0.9054416638938977
Inh L3-5 SST CDH3,FREM1,0.024286545423790405,2.0860053956410964,0.9024966652420748
Inh L5 SST RPL35AP11,QRFPR,0.05363116528125422,0.7149436715576953,0.9636156362062709
Inh L5 SST RPL35AP11,EDNRA,0.039199184109131605,0.9331490867889682,0.9207740844216635
Inh L5 SST RPL35AP11,FREM1,0.05182114858950844,1.5918729245058933,0.8861251305064746
Inh L5 SST RPL35AP11,SST,0.023823103384855767,1.970434992520575,0.879020104528882
Inh L5 SST RPL35AP11,TRPC6,0.018419620334294354,1.3018230335340908,0.8782088254428673
Inh L5 SST RPL35AP11,PRKG2,0.025019094162999817,1.37195089122931,0.8285240758363188
Inh L5 SST RPL35AP11,COL21A1,0.020611495155366186,1.1576899523375523,0.813151771618419
Inh L5 SST RPL35AP11,NIPAL3,0.01568461775370646,0.9054940939976234,0.8021452359000166
Inh L5 SST RPL35AP11,TRHDE,0.06002664250347968,3.2391868045353434,0.7843387281709618
Inh L5 SST RPL35AP11,ITGA8,0.03190375499194314,1.1564568730548421,0.7728626949769101
Inh L5-6 SST ISX,KLHL1,0.01648075917695916,0.9371095302336296,0.9124281064892095
Inh L5-6 SST ISX,SST,0.015491827735621898,2.0585033169076405,0.8831773151303981
Inh L5-6 SST ISX,EPB41L4A,0.01439860912603041,1.1886149595359679,0.8749672510344709
Inh L5-6 SST ISX,SPHKAP,0.038990305638110845,1.8500199161410908,0.7952986049098822
Inh L5-6 SST ISX,MBP,0.014403355277409628,0.8322748816711834,0.7896500634021125
Inh L5-6 SST ISX,COL19A1,0.023021260269007648,2.179061591103393,0.7860387839537594
Inh L5-6 SST ISX,TRHDE,0.02195930100365287,3.087713633006173,0.774927106437233
Inh L5-6 SST ISX,PREX2,0.01844389803928616,1.441073756251244,0.7579410215820903
Inh L5-6 SST ISX,CHRM2,0.01911793167264577,1.5471053824098904,0.7337439534226183
Inh L5-6 SST ISX,PLCXD3,0.02693704357028406,1.0895381538233386,0.7254562688034042
Inh L5-6 PVALB SST CRHR2,ALDH1A3,0.03340821006448778,0.5319496686074985,1.0
Inh L5-6 PVALB SST CRHR2,HPGD,0.028848857597161454,0.8207459350321515,0.9903916775693199
Inh L5-6 PVALB SST CRHR2,FLT1,0.020059772047089523,0.7085983967041048,0.9695128605313155
Inh L5-6 PVALB SST CRHR2,BMP6,0.026934455565895896,0.8721450181164887,0.9211820887286063
Inh L5-6 PVALB SST CRHR2,RGS5,0.0334339316128137,1.3628552481765208,0.920709056031507
Inh L5-6 PVALB SST CRHR2,FREM1,0.01852389798284165,1.5240482631825591,0.883529748318123
Inh L5-6 PVALB SST CRHR2,SPON1,0.024746084811043262,1.1124228998788632,0.8553140012880128
Inh L5-6 PVALB SST CRHR2,ZBBX,0.013838300573377284,0.9441403470206301,0.8417255484488906
Inh L5-6 PVALB SST CRHR2,HTR4,0.02232325129097745,1.2606451964642966,0.8414098483341274
Inh L5-6 PVALB SST CRHR2,TMEM132C,0.02810668709607823,2.1420965953811875,0.7990109919329027
Inh L3-5 SST OR5AH1P,ADAMTS5,0.04205170244815182,0.6079916288214429,0.9825948666960963
Inh L3-5 SST OR5AH1P,TAC1,0.026520317093646145,1.3548236320626716,0.897493190445058
Inh L3-5 SST OR5AH1P,SST,0.02076238031361728,2.160363049877618,0.8880467638167885
Inh L3-5 SST OR5AH1P,TANC1,0.01413568693139692,1.2729790338981064,0.872954313547223
Inh L3-5 SST OR5AH1P,ZNF124,0.013836549247707434,0.626842585688488,0.8728538789622938
Inh L3-5 SST OR5AH1P,VGF,0.02113587713080899,0.7960155178613362,0.8547421159994985
Inh L3-5 SST OR5AH1P,PRKG2,0.019883376691037985,1.4501814698672506,0.8373462704563714
Inh L3-5 SST OR5AH1P,RNF144B,0.01613491329541173,1.1078007599858326,0.8180500770435581
Inh L3-5 SST OR5AH1P,FBXL7,0.024995776399314374,0.3591557578477921,0.7887773709753907
Inh L3-5 SST OR5AH1P,TRHDE,0.017934147679796113,2.9518878353472884,0.7665925746183181
Inh L3-5 SST GGTLC3,ADGRG6,0.08011430190758635,0.7840866453249702,0.9781522703051632
Inh L3-5 SST GGTLC3,EYS,0.05107040208420305,1.573932013464026,0.9494484885654011
Inh L3-5 SST GGTLC3,SST,0.021818063099854935,1.73538011410287,0.8689781247633853
Inh L3-5 SST GGTLC3,RELN,0.035185361780357464,1.6272979775951741,0.866276255307873
Inh L3-5 SST GGTLC3,COL25A1,0.04917065249545752,2.709427373146262,0.856418108191816
Inh L3-5 SST GGTLC3,PCDH15,0.05934647164243208,2.418908091975775,0.8118013258590298
Inh L3-5 SST GGTLC3,COL19A1,0.023274760713564283,2.025898117339229,0.7710627708015928
Inh L3-5 SST GGTLC3,TRHDE,0.02453239334923413,2.3775613463636054,0.7326561963651674
Inh L3-5 SST GGTLC3,SAMD5,0.018077273319861382,1.8460682314050159,0.7241570519499811
Inh L3-5 SST GGTLC3,SHISA6,0.018926135047793124,2.017561943748496,0.6944819336182052
Inh L2-3 SST NMU,NOS1,0.015198466912980595,0.7251121760343889,0.9621220146026341
Inh L2-3 SST NMU,EYS,0.04363848482119145,1.9852467109300131,0.9582777072085179
Inh L2-3 SST NMU,PIEZO2,0.044959698869180456,1.4306510223601852,0.9556081727071126
Inh L2-3 SST NMU,NMU,0.012645930693476146,0.54383220176486,0.9474004687939809
Inh L2-3 SST NMU,HPSE2,0.05414130540705893,1.639098793593482,0.9170328705397253
Inh L2-3 SST NMU,EYA4,0.018184643042730205,0.6006941749210257,0.9047619047619048
Inh L2-3 SST NMU,TANC1,0.012073944293415906,1.0478483207655744,0.855064981907696
Inh L2-3 SST NMU,PARD3B,0.020761412396899357,0.40504887501162434,0.830312520057728
Inh L2-3 SST NMU,COL25A1,0.011698203132853866,2.049388738094391,0.8205920812677203
Inh L2-3 SST NMU,PCSK5,0.013510873371183429,1.46541467295875,0.7582632255872577
Inh L5-6 SST PAWR,NDST4,0.03521798935316653,1.424107821964306,0.9415198848115105
Inh L5-6 SST PAWR,EPB41L4A,0.023410475195304675,1.4768736943814962,0.8970654310985662
Inh L5-6 SST PAWR,COL25A1,0.020404602668989472,2.835119457478749,0.8625166009499221
Inh L5-6 SST PAWR,SPON1,0.02094331793149505,1.0036135241357667,0.8483806070268917
Inh L5-6 SST PAWR,ANGPT1,0.01769730355287493,0.7193559830040814,0.8395045423232059
Inh L5-6 SST PAWR,SEL1L3,0.014975907897888099,1.1277925938963742,0.8085358010465038
Inh L5-6 SST PAWR,COL19A1,0.017800445563932208,2.4197181622139756,0.8065292694127691
Inh L5-6 SST PAWR,TRHDE,0.037664586202177726,3.504013451331023,0.8003723467458036
Inh L5-6 SST PAWR,LHFPL3,0.015380508966169392,2.51792681305639,0.7647565438155112
Inh L5-6 SST PAWR,UTRN,0.02157158935252199,2.2768937382899654,0.756543496659223
Inh L5-6 SST PIK3CD,ADGRG6,0.023381210485435087,0.6843156852135442,0.9750181344061059
Inh L5-6 SST PIK3CD,STK32B,0.019763992951278415,0.6372042347461834,0.9564185792185527
Inh L5-6 SST PIK3CD,KLHL14,0.03380141254087276,0.7820542927144742,0.955068011488953
Inh L5-6 SST PIK3CD,VCAN,0.025157859876359226,1.0311905903462637,0.89510904886337
Inh L5-6 SST PIK3CD,ANGPT1,0.02070604817426296,1.1139440947276653,0.8695730385064858
Inh L5-6 SST PIK3CD,PCDH15,0.0181600914520449,2.989285798908048,0.8454778507956593
Inh L5-6 SST PIK3CD,BICC1,0.021032198758502988,1.5020099266514866,0.8378768174974657
Inh L5-6 SST PIK3CD,COL19A1,0.034811529912752416,2.6490504083387063,0.8232783192101217
Inh L5-6 SST PIK3CD,TRHDE,0.021823395350137508,3.2444114416784506,0.7846604571383223
Inh L5-6 SST PIK3CD,LHFPL3,0.017354331635033436,2.763439145071605,0.7843292076051444
Inh L1-2 SST CCNJL,FRZB,0.030967389290503557,0.5536654321424674,0.9880476203419252
Inh L1-2 SST CCNJL,CALB1,0.023823090277226282,0.8929752241138562,0.983594076531543
Inh L1-2 SST CCNJL,HTR2C,0.023351644073634582,0.6671864648980563,0.9213692491542743
Inh L1-2 SST CCNJL,CRYBG3,0.04111719482082724,1.2835360308929324,0.9200974698539641
Inh L1-2 SST CCNJL,BMP6,0.017592256381475744,0.6762138374941971,0.907616642279727
Inh L1-2 SST CCNJL,MYO5B,0.02089815193095487,1.51242850014946,0.8995793610496037
Inh L1-2 SST CCNJL,COL25A1,0.024224199879570307,2.5142924323179647,0.8465065865133758
Inh L1-2 SST CCNJL,PCDH8,0.020612452496460237,0.5370293317851786,0.8119459868361879
Inh L1-2 SST CCNJL,TMEM132C,0.0385911440413121,2.0719682899293375,0.7935081963217854
Inh L1-2 SST CCNJL,SPHKAP,0.03454332296794764,1.2770834305423282,0.7485846829948778
Inh L1-3 SST FAM20A,LPAR1,0.03215625857740365,0.8210620151467357,0.9314877119165763
Inh L1-3 SST FAM20A,SLC24A4,0.037295333309998555,1.0396240481510848,0.9121298134257552
Inh L1-3 SST FAM20A,TAC1,0.05329463662651147,1.4549040174268315,0.9029066435596109
Inh L1-3 SST FAM20A,FBN2,0.0272180627693815,0.9707341921054791,0.8853355207683046
Inh L1-3 SST FAM20A,SST,0.025041681299302225,1.745324499624378,0.8693628913109971
Inh L1-3 SST FAM20A,SYTL5,0.04241302818135738,1.595896636884475,0.8272018271972144
Inh L1-3 SST FAM20A,PCSK5,0.025166439973521068,1.7724403596055633,0.7933162727715418
Inh L1-3 SST FAM20A,SOX6,0.02539047468347326,2.786407241331975,0.7921948230403981
Inh L1-3 SST FAM20A,KIF26B,0.051874648256120336,2.3946150253043785,0.759539533166302
Inh L1-3 SST FAM20A,LHFPL3,0.0320123295262354,2.229994491389431,0.7383649728310255
Inh L1-2 SST PRRT4,CALB1,0.05522348704238945,1.2709199884079392,0.9884728516982472
Inh L1-2 SST PRRT4,HPGD,0.02082200799377133,0.6552302195506767,0.9879645484256409
Inh L1-2 SST PRRT4,PENK,0.021318655734265616,0.5328052990329188,0.9763757942069046
Inh L1-2 SST PRRT4,STK32B,0.034878674584729125,1.0188069123923502,0.9674333514427172
Inh L1-2 SST PRRT4,CBLN4,0.0536147438796298,1.556992380584369,0.9486198443611631
Inh L1-2 SST PRRT4,EYA4,0.025507614273502226,1.4521698422917801,0.9196139798754094
Inh L1-2 SST PRRT4,SVIL,0.020717640227135865,0.8836644478859167,0.8631394166319327
Inh L1-2 SST PRRT4,ARHGAP10,0.026450267039713697,1.0577782421674224,0.8565816532782358
Inh L1-2 SST PRRT4,GULP1,0.02128208316505296,2.1570504722803037,0.842685958535152
Inh L1-2 SST PRRT4,HTR4,0.015435857906410062,0.6260666426026233,0.7549480155713341
Inh L5-6 SST BEAN1,LIPC,0.013045852930477489,0.49120043440707084,0.9834349079708756
Inh L5-6 SST BEAN1,HGF,0.012156869441254237,0.6676865357875628,0.9380209721366279
Inh L5-6 SST BEAN1,FBN2,0.022001375979550212,1.6891467582776163,0.9146707502952579
Inh L5-6 SST BEAN1,ZBBX,0.014173419825516047,1.0611617347283429,0.856633856075558
Inh L5-6 SST BEAN1,LYPD6,0.012184687058696898,1.0178440592838842,0.8446656820917062
Inh L5-6 SST BEAN1,ADAMTSL1,0.02899748247225068,1.3889247440556463,0.8341802721916438
Inh L5-6 SST BEAN1,THSD7B,0.037102378772566204,2.7765266828556188,0.8327223363914018
Inh L5-6 SST BEAN1,PCDH15,0.012673175723426989,2.23206640052954,0.7982641883203175
Inh L5-6 SST BEAN1,SEMA5A,0.03145550155679111,1.657366491205428,0.7957988194442106
Inh L5-6 SST BEAN1,GOLIM4,0.011572564798383185,0.8724034429199029,0.7836162353241344
Inh L5-6 SST DNAJC14,STON2,0.01182907822915842,0.5339559446204353,0.969911607446623
Inh L5-6 SST DNAJC14,HGF,0.01968375026971288,1.271558295567436,0.9646408939412027
Inh L5-6 SST DNAJC14,NPFFR2,0.012294026109893202,0.6729758216961659,0.9523809523809523
Inh L5-6 SST DNAJC14,PAMR1,0.01160371987995796,0.8422254543188615,0.9469544898158501
Inh L5-6 SST DNAJC14,ITGA1,0.012211589397192696,1.069075641459357,0.9460122168221742
Inh L5-6 SST DNAJC14,HTR7,0.009983617156318741,0.904894175461149,0.9453491158341497
Inh L5-6 SST DNAJC14,FBN2,0.018133520290340578,1.9010346625213566,0.9224122902647335
Inh L5-6 SST DNAJC14,GPC5,0.01352459442881761,3.406449853046031,0.8764988255917794
Inh L5-6 SST DNAJC14,DACH1,0.013801466788388601,1.5475175254722637,0.8406575765262385
Inh L5-6 SST DNAJC14,SEMA5A,0.02183664115034722,2.128833500423833,0.8266802171823329
Inh L5-6 SST C4orf26,ADAMTS20,0.012447626904691337,0.9564231484666618,0.9764121254018985
Inh L5-6 SST C4orf26,PENK,0.017842917439275387,0.5203642579668462,0.9761904761904762
Inh L5-6 SST C4orf26,HGF,0.014988295410311991,1.0297608668692404,0.95633824698582
Inh L5-6 SST C4orf26,TMEM200A,0.006719197882363523,0.4367926463774165,0.9523855928278193
Inh L5-6 SST C4orf26,KLHL14,0.006798146301427733,0.6705630433573048,0.9502365177218212
Inh L5-6 SST C4orf26,SAMD3,0.013892683382769621,0.7801130110998822,0.940064578559024
Inh L5-6 SST C4orf26,FBN2,0.026163505151246925,2.2379368832308453,0.9336753118544278
Inh L5-6 SST C4orf26,SST,0.006917789620922849,2.130492143195569,0.886588380601083
Inh L5-6 SST C4orf26,SPON1,0.010400117051922638,1.4837563944377934,0.8762537568753541
Inh L5-6 SST C4orf26,SCN9A,0.010766274367520342,1.3751119282571007,0.8356408483880915
Inh L5-6 SST FBN2,CCDC178,0.01370533173384404,0.23198915533860792,1.0
Inh L5-6 SST FBN2,KLHL14,0.025771117591710403,1.007836184991799,0.9640652886942019
Inh L5-6 SST FBN2,KLHL1,0.016336808930616415,1.30544496920106,0.9307932640807973
Inh L5-6 SST FBN2,TBL1X,0.013204571500496157,1.0255697486398925,0.9281792097693145
Inh L5-6 SST FBN2,FBN2,0.02640354055414877,2.018660737470301,0.926470821414119
Inh L5-6 SST FBN2,HCRTR2,0.0271927897007153,1.0455922224597347,0.8930454280870948
Inh L5-6 SST FBN2,SPON1,0.020847689575128486,1.3425879818055924,0.869083745486245
Inh L5-6 SST FBN2,THSD7B,0.034600066355477944,2.527250330326023,0.8222744460983136
Inh L5-6 SST FBN2,GRIN3A,0.014674060876236855,2.512162344186531,0.7710023680836369
Inh L5-6 SST FBN2,CBLN2,0.025463381039096938,1.7013976661238954,0.7461566354103182
Inh L5-6 SST KLHL1,PROM1,0.02505011551651472,0.5888558961371715,1.0
Inh L5-6 SST KLHL1,SLC17A8,0.018384507090579878,0.6932027754093424,0.9770537890594414
Inh L5-6 SST KLHL1,ADAMTS20,0.01727570798385404,0.9384852206204728,0.9759612737706859
Inh L5-6 SST KLHL1,QRFPR,0.016839678287194425,0.7413133564259398,0.9646275712909819
Inh L5-6 SST KLHL1,KLHL14,0.021560115840179313,0.917762322564873,0.9605384733489566
Inh L5-6 SST KLHL1,NDST4,0.031487752500533636,1.5815635255417786,0.947338269695958
Inh L5-6 SST KLHL1,KLHL1,0.02622470596755215,1.5489403017944152,0.941672648625718
Inh L5-6 SST KLHL1,ST8SIA4,0.02118218483530535,1.6576990188160674,0.8843733950307002
Inh L5-6 SST KLHL1,THSD7B,0.03267242036019832,2.1756409394673053,0.809718112137375
Inh L5-6 SST KLHL1,PHACTR2,0.024195372943319252,2.0655597533702714,0.7960662020705291
Inh L6 SST TH,TH,0.05830618131797766,0.40461208314020336,1.0
Inh L6 SST TH,LAYN,0.00960675887159819,0.3816440464113966,0.9937188055083704
Inh L6 SST TH,PEG10,0.019256140454431008,1.1301759384298091,0.9602891937976493
Inh L6 SST TH,GABRG1,0.014973197429687743,0.9717261945722593,0.9359977766259716
Inh L6 SST TH,EPB41L4A,0.03107658710935199,1.987521343401292,0.9235120882813417
Inh L6 SST TH,GPC5,0.03250650036247305,3.4232754247706936,0.8769107984176395
Inh L6 SST TH,RAB3B,0.02340041839264639,1.6324929368985746,0.8747619007821542
Inh L6 SST TH,GLRA3,0.010231976606726045,0.5982132772242965,0.8595880193535389
Inh L6 SST TH,GULP1,0.015721886688418674,2.2026712260219927,0.8456154225973628
Inh L6 SST TH,SEMA3A,0.010284836622841543,0.8733270431519142,0.8205914466229677
Inh L5-6 PVALB KCNIP2,STON2,0.008949649103600242,0.4224325507002573,0.9682539682539683
Inh L5-6 PVALB KCNIP2,GFRA1,0.007625176010158179,0.3632283042831531,0.9637342348939064
Inh L5-6 PVALB KCNIP2,NPFFR2,0.02272316979370498,0.912844978750319,0.9544664362396574
Inh L5-6 PVALB KCNIP2,VAV3,0.0189409633399503,1.8387645131033636,0.90150572284101
Inh L5-6 PVALB KCNIP2,DACH1,0.05236702464188878,2.43540165346226,0.892261173609343
Inh L5-6 PVALB KCNIP2,GPC5,0.01674687338256318,3.1721899641194318,0.8711751732301282
Inh L5-6 PVALB KCNIP2,PAWR,0.006390814945582116,0.8887602199894887,0.8675121708955035
Inh L5-6 PVALB KCNIP2,THSD7B,0.03850110697146341,3.06011237372958,0.8454437850257036
Inh L5-6 PVALB KCNIP2,RUNX2,0.011024372209775571,1.674895630101685,0.837228979782198
Inh L5-6 PVALB KCNIP2,GULP1,0.012480333511351437,1.8088291781478025,0.8202383025110509
Inh L5-6 PVALB ZFPM2-AS1,AGBL1,0.010395950899148125,0.6749411317311418,0.997283801025928
Inh L5-6 PVALB ZFPM2-AS1,BLM,0.01454961508231831,0.33405559808818547,0.9920634920634921
Inh L5-6 PVALB ZFPM2-AS1,WIF1,0.01398994754264184,1.1812540543021013,0.8742017295060419
Inh L5-6 PVALB ZFPM2-AS1,LYPD6,0.018670376602694765,1.2941665872611687,0.8701470875219964
Inh L5-6 PVALB ZFPM2-AS1,PAWR,0.013496626290771776,0.8834971241221837,0.8672429911596576
Inh L5-6 PVALB ZFPM2-AS1,LYPD6B,0.010310858182859801,1.2038328225233417,0.8117505817004531
Inh L5-6 PVALB ZFPM2-AS1,DACH1,0.025577859492194214,1.1198317390911343,0.8113416213661023
Inh L5-6 PVALB ZFPM2-AS1,PCDH15,0.043267091851547534,2.294934988052304,0.8029209726795139
Inh L5-6 PVALB ZFPM2-AS1,CNTNAP3B,0.008809564749579635,1.8947959509900345,0.7956430890716835
Inh L5-6 PVALB ZFPM2-AS1,RAB3B,0.01513112507149748,0.8517029429234602,0.7750099014453463
Inh L3-5 PVALB ISG20,SMOC2,0.00655366759809336,0.3098490481203535,1.0
Inh L3-5 PVALB ISG20,LCNL1,0.009023598679025779,0.6707570734062445,0.9654284853436214
Inh L3-5 PVALB ISG20,EAF2,0.007342409310741794,0.9551074434708808,0.9558782892264199
Inh L3-5 PVALB ISG20,LTBP1,0.01691641048929697,1.6143319775565486,0.9486769975000684
Inh L3-5 PVALB ISG20,SYT2,0.010754861798607171,1.0105369678736622,0.939009875630781
Inh L3-5 PVALB ISG20,PDGFD,0.008538725740423794,0.34745201774582624,0.9206349206349206
Inh L3-5 PVALB ISG20,CCDC39,0.015297627628209472,0.577166966558039,0.9152591037569767
Inh L3-5 PVALB ISG20,PXDNL,0.0073002905397556985,1.4783482216803456,0.9105990883488067
Inh L3-5 PVALB ISG20,TACR1,0.00583409562897263,1.157136209921519,0.8978835853950617
Inh L3-5 PVALB ISG20,SV2C,0.013849349322838427,0.8105033282997639,0.8842405473551257
Inh L5 PVALB LRIG3,SPP1,0.010165520421166443,0.4209059549571246,0.9476700153939096
Inh L5 PVALB LRIG3,COBLL1,0.013977579564760395,1.2012380980569892,0.9408276304274416
Inh L5 PVALB LRIG3,PLCE1,0.03148904384760241,1.75529375427481,0.8776620559765684
Inh L5 PVALB LRIG3,GPC5,0.036230712255379716,3.0009299500115088,0.8675094702989784
Inh L5 PVALB LRIG3,CDH6,0.018800044482074934,1.0562157452018464,0.7781817800802667
Inh L5 PVALB LRIG3,CHRM2,0.023663219022343703,1.9308774251372174,0.77588838189556
Inh L5 PVALB LRIG3,SLIT3,0.01910983220226064,1.20871628157673,0.7473108935967776
Inh L5 PVALB LRIG3,SLC35F4,0.011122536711842478,1.6957841280031223,0.7373649703529471
Inh L5 PVALB LRIG3,LHFPL3,0.016136633971657308,2.156891885240947,0.7322029127227324
Inh L5 PVALB LRIG3,SLIT2,0.016453790225323,3.0786510433079464,0.7242357160583472
Inh L2-5 PVALB HHIPL1,MEPE,0.024635827164258748,0.591699016539713,0.9920634920634921
Inh L2-5 PVALB HHIPL1,ADAMTS20,0.01592692293950023,0.38258253540735465,0.9682539682539683
Inh L2-5 PVALB HHIPL1,THSD4,0.014359602693088789,0.3840443950641834,0.9350288578355685
Inh L2-5 PVALB HHIPL1,CLMN,0.01296258012389466,0.4592446914751508,0.9245320101663334
Inh L2-5 PVALB HHIPL1,MDFIC,0.014243092112695614,0.355941544084838,0.9146132921796022
Inh L2-5 PVALB HHIPL1,ADAMTS17,0.009496376427234913,2.5018622030037747,0.843284784105841
Inh L2-5 PVALB HHIPL1,GPR149,0.008759503327519796,0.7714182308937907,0.8384535110325402
Inh L2-5 PVALB HHIPL1,CUX2,0.009610454712744864,1.430090356023846,0.8351744707762083
Inh L2-5 PVALB HHIPL1,RARB,0.008062707779310464,1.25499609551382,0.8019275871641498
Inh L2-5 PVALB HHIPL1,SAMD5,0.010925363228003939,2.2239259890678333,0.7550084149196925
Inh L2-5 PVALB RPH3AL,POSTN,0.03141366468474311,0.7789786164097264,0.9576063596547079
Inh L2-5 PVALB RPH3AL,ROR1,0.015661200304076462,1.2074607347192166,0.8939466881610362
Inh L2-5 PVALB RPH3AL,MYO5B,0.02517793613293237,1.3094083526584994,0.8860938472238591
Inh L2-5 PVALB RPH3AL,TAC1,0.016408867525062546,1.048389615578687,0.8792751008979521
Inh L2-5 PVALB RPH3AL,ARHGAP42,0.03156608370558909,0.8837053464798262,0.851680990048205
Inh L2-5 PVALB RPH3AL,RNF144B,0.020778415438957736,1.3486934430675988,0.8439082568643037
Inh L2-5 PVALB RPH3AL,WIF1,0.02185806115835638,0.7993703427605713,0.843739706191822
Inh L2-5 PVALB RPH3AL,CEMIP,0.015913772678075765,0.8678114002203066,0.8377285810901725
Inh L2-5 PVALB RPH3AL,ADAMTS17,0.02823230255910695,2.2320664103599768,0.8262372836742472
Inh L2-5 PVALB RPH3AL,SLC9A9,0.019555790644346628,1.8657993920420783,0.7900503397533898
Inh L3 PVALB SAMD13,HOMER3,0.062352030957708755,0.39862605804457274,1.0
Inh L3 PVALB SAMD13,TSHR,0.02370459287649113,0.4629178512194617,1.0
Inh L3 PVALB SAMD13,PVALB,0.01567182155383223,0.8365553892040851,0.9476298997769416
Inh L3 PVALB SAMD13,SULF1,0.044082809786979024,1.6424680389528037,0.9363904432728357
Inh L3 PVALB SAMD13,HS3ST1,0.01238205234000285,0.7907945041664486,0.9178253322602654
Inh L3 PVALB SAMD13,PXDNL,0.013802113774618308,1.1528259426882386,0.8854161134986934
Inh L3 PVALB SAMD13,ADAMTS17,0.014046267649721243,2.314884359379554,0.8316020509477452
Inh L3 PVALB SAMD13,RARB,0.011029752398609928,1.3113759563906995,0.8087372278085218
Inh L3 PVALB SAMD13,CNTNAP3B,0.016884885569383067,1.9085761034410478,0.7971037440057084
Inh L3 PVALB SAMD13,CRTAC1,0.011211328155013587,1.0724839533466182,0.7943942035712825
Inh L1-2 PVALB CDK20,ADAMTS12,0.01656991851854453,0.5113328043865472,0.956810217563141
Inh L1-2 PVALB CDK20,SYT10,0.028120084548762685,0.5471875448941527,0.9401780350759686
Inh L1-2 PVALB CDK20,RGS5,0.009469219631644796,1.397097095886392,0.922457902077516
Inh L1-2 PVALB CDK20,SLC9A9,0.017295966120354833,2.4248928682296147,0.8326036772753356
Inh L1-2 PVALB CDK20,TMEM132C,0.023072368606022443,2.5905161520829263,0.8322499613511118
Inh L1-2 PVALB CDK20,ANGPT1,0.01015908045490776,0.5817706568899214,0.8294190494964025
Inh L1-2 PVALB CDK20,NWD2,0.01223377751298335,0.9317913667419313,0.8081598705359885
Inh L1-2 PVALB CDK20,SCN9A,0.017966152990419277,1.0444043716700195,0.7924928761574838
Inh L1-2 PVALB CDK20,SLIT2,0.0101771306540069,2.809742179217606,0.704076404244167
Inh L1-2 PVALB CDK20,PREX2,0.010939866374899071,0.8676377653464279,0.6863126350108695
Inh L2 PVALB FRZB,FRZB,0.012855843770673645,0.507540678563448,0.9869614008728337
Inh L2 PVALB FRZB,MYO1E,0.011426503981043667,0.5567487921052737,0.9642657606705306
Inh L2 PVALB FRZB,RGS5,0.02236723355408619,1.570658430787031,0.931026480555574
Inh L2 PVALB FRZB,CBLN4,0.02166205270258804,0.7954492408630903,0.91319868172143
Inh L2 PVALB FRZB,SLC9A9,0.031174259267958335,2.5986785656330076,0.8427425622631567
Inh L2 PVALB FRZB,TMEM132C,0.01548471014917913,2.402338914319497,0.819109959031082
Inh L2 PVALB FRZB,COL25A1,0.010794761442932812,1.399622204263336,0.7777921076725633
Inh L2 PVALB FRZB,ARHGAP10,0.011654554969893193,0.5111458286998826,0.7702348240466288
Inh L2 PVALB FRZB,ALK,0.012839088274326928,2.0030961271969487,0.7630286754512654
Inh L2 PVALB FRZB,SNED1,0.010606676063103245,0.7834079390947694,0.7401733794901058
Inh L1-2 SST CLIC6,NEDD4,0.047646354634261326,0.946640646361316,0.9920945244397953
Inh L1-2 SST CLIC6,CALB1,0.015116604510577723,0.49228569708748604,0.9767005061439323
Inh L1-2 SST CLIC6,TAC1,0.04582943030360769,1.9567330383595058,0.9248620294456773
Inh L1-2 SST CLIC6,NDST4,0.014427007145417973,0.6178730755606668,0.9096068946869132
Inh L1-2 SST CLIC6,BMP6,0.016076442255916375,0.5032730264476117,0.8944495984588714
Inh L1-2 SST CLIC6,FBN2,0.013656270395796269,0.9419364362036448,0.8842563147181203
Inh L1-2 SST CLIC6,ARHGAP42,0.030476083509372396,1.1449198565450465,0.8712165138704477
Inh L1-2 SST CLIC6,SYTL5,0.016252465113091964,1.6893207856101191,0.836518700461637
Inh L1-2 SST CLIC6,SVEP1,0.015394905434084965,0.7623565171220349,0.7972949741840977
Inh L1-2 SST CLIC6,GHR,0.020164085685856408,1.657546510893363,0.7958274202040295
Inh L5-6 PVALB GAPDHP60,WNT16,0.01468692445383925,0.6188480156656038,0.9817107925654491
Inh L5-6 PVALB GAPDHP60,MYBPC1,0.02524728499801922,1.0029165149970654,0.9808153220500865
Inh L5-6 PVALB GAPDHP60,BCHE,0.02536292163802106,1.118420208689555,0.9668955394762898
Inh L5-6 PVALB GAPDHP60,TMEM47,0.015306768423495237,0.9830133119423905,0.9379597146052
Inh L5-6 PVALB GAPDHP60,GPC5,0.022582216797149206,3.2841412160004566,0.8736728084100318
Inh L5-6 PVALB GAPDHP60,SEMA3C,0.02861172505304367,1.0583378076778451,0.8712502649686499
Inh L5-6 PVALB GAPDHP60,RUNX2,0.045443549365108867,1.923826735070704,0.8582905281956327
Inh L5-6 PVALB GAPDHP60,PDE3A,0.01923399402194517,1.291579997700124,0.8438130112783652
Inh L5-6 PVALB GAPDHP60,FAT4,0.01940787521940072,0.9296188944525545,0.8159402529093727
Inh L5-6 PVALB GAPDHP60,ST6GAL2,0.027622936257781897,1.6748345682094907,0.7972643618694044
Inh L5-6 PVALB FAM150B,MYBPC1,0.023454391091717253,1.011298736812358,0.9809743356236009
Inh L5-6 PVALB FAM150B,PALMD,0.01890417032617704,0.51972808186681,0.9768485568686309
Inh L5-6 PVALB FAM150B,TNC,0.017849286096043845,0.5023581060736534,0.9761904761904762
Inh L5-6 PVALB FAM150B,TTN,0.020839160266104703,1.8173500532037352,0.9756832514091494
Inh L5-6 PVALB FAM150B,FILIP1,0.012470963496775287,0.831611264219504,0.9745874201990729
Inh L5-6 PVALB FAM150B,TMEM200A,0.017321888338902552,0.47518363225825977,0.9554445620797927
Inh L5-6 PVALB FAM150B,PAMR1,0.02025080863558036,0.8997123125643008,0.9488225147177142
Inh L5-6 PVALB FAM150B,KLHL14,0.013532335642088696,0.5157809285303595,0.9433081606678321
Inh L5-6 PVALB FAM150B,SAMD3,0.022336501875741214,0.6481459987528745,0.9306626972328141
Inh L5-6 PVALB FAM150B,CREB5,0.01406644600869777,1.6352744226173246,0.9197231639239487
Inh L5-6 PVALB MEPE,MEPE,0.017106367848313094,0.6498282897199107,0.9927734387451561
Inh L5-6 PVALB MEPE,COL27A1,0.016795452232921396,0.439249047568257,0.9889094752804469
Inh L5-6 PVALB MEPE,WNT16,0.021955482606207614,0.6182192545953167,0.981692191492196
Inh L5-6 PVALB MEPE,MYBPC1,0.023138645546899803,0.7157489442421182,0.9763024133211626
Inh L5-6 PVALB MEPE,ANKRD34B,0.017217659084092587,0.5651848780429629,0.9731062520800489
Inh L5-6 PVALB MEPE,CREB5,0.020410584780786986,1.3118337377077989,0.9043201669307073
Inh L5-6 PVALB MEPE,SVIL,0.026754969643584682,1.2966274242350826,0.8972212413956346
Inh L5-6 PVALB MEPE,GPR149,0.016367706420052332,1.4647952988958104,0.8870578651152654
Inh L5-6 PVALB MEPE,PHLDB2,0.01602701607357149,0.9369148208058116,0.8774381487835641
Inh L5-6 PVALB MEPE,SHISA8,0.015512709333246997,0.5808853477439836,0.8735986811306967
Inh L1-6 PVALB COL15A1,COL15A1,0.09745151978754034,1.1356402955193414,0.9920634920634921
Inh L1-6 PVALB COL15A1,CA8,0.07088621113933448,2.1956004200994856,0.9918534448915194
Inh L1-6 PVALB COL15A1,PLEKHH2,0.03238410381807682,1.3395433505678422,0.9772908177812365
Inh L1-6 PVALB COL15A1,NPNT,0.05080924253134472,1.3503506166793309,0.9761862585340403
Inh L1-6 PVALB COL15A1,PTHLH,0.018622992494404383,0.8843694240754099,0.9631833834455495
Inh L1-6 PVALB COL15A1,COBLL1,0.02023806104991294,1.3873549109463914,0.9466363370872483
Inh L1-6 PVALB COL15A1,GULP1,0.022918610531085355,2.2184478575230178,0.8466568972563991
Inh L1-6 PVALB COL15A1,SLC9A9,0.02928958657778543,2.596773503191475,0.8426330164384062
Inh L1-6 PVALB COL15A1,ALK,0.03513796134844878,2.8447529099987348,0.8200818269814113
Inh L1-6 PVALB COL15A1,TRPS1,0.04323885407169026,2.821270268709277,0.7841140113429802
Exc L2 LAMP5 KCNG3,LIPC,0.011454026984784264,0.5503991328304987,0.985216582084978
Exc L2 LAMP5 KCNG3,FAM163A,0.013005109009640027,0.5850619398908171,0.9837969903143987
Exc L2 LAMP5 KCNG3,IGFBP5,0.00951454128815998,0.49569732903775476,0.9479169734981694
Exc L2 LAMP5 KCNG3,SAMD3,0.014759619632144009,0.42742546491957273,0.9208830420516396
Exc L2 LAMP5 KCNG3,CCBE1,0.008951147638599779,1.0186646048571026,0.8937979243575895
Exc L2 LAMP5 KCNG3,LRRN1,0.014010248573737226,1.207079241707348,0.8436429980151745
Exc L2 LAMP5 KCNG3,PPARG,0.012924959102744242,1.064937916386487,0.8197769797188846
Exc L2 LAMP5 KCNG3,ARHGAP18,0.01754443034756014,0.6942991678652248,0.8175067964318598
Exc L2 LAMP5 KCNG3,TMEM196,0.014860794009628005,1.1001479770249334,0.8116371791912432
Exc L2 LAMP5 KCNG3,PTPN13,0.009199674834606085,1.2587474268106082,0.8112772134347545
Exc L2 LINC00507 ATP7B,PXN,0.013587358704243211,0.4070547340442398,0.9931977543859611
Exc L2 LINC00507 ATP7B,COL23A1,0.013886180290905954,0.7378361769851627,0.9842349030386793
Exc L2 LINC00507 ATP7B,OR1J2,0.012775227025252786,0.4509485856870487,0.9764665945537908
Exc L2 LINC00507 ATP7B,ACVR1C,0.025305331253286174,1.2811505536653178,0.9700993638763865
Exc L2 LINC00507 ATP7B,PAMR1,0.012941601876341887,0.7526947394160594,0.9444209826292568
Exc L2 LINC00507 ATP7B,ITGB8,0.014601674206271063,1.109598447557808,0.9129642164091548
Exc L2 LINC00507 ATP7B,CCBE1,0.016078732985269673,1.2519421466996474,0.9077546741078907
Exc L2 LINC00507 ATP7B,SEMA3C,0.01231050679189936,1.3247104455462835,0.8858328843275016
Exc L2 LINC00507 ATP7B,EPHB1,0.02069969298501511,1.3112767783252648,0.8354646312720072
Exc L2 LINC00507 ATP7B,SLIT3,0.0230896590943765,2.141801261806867,0.8324496295876043
Exc L2 LINC00507 GLRA3,ADAMTS3,0.017558124207025256,0.7072912545938463,0.9216232208823726
Exc L2 LINC00507 GLRA3,GLRA3,0.02134264758359868,0.7706291589793398,0.8778828690947167
Exc L2 LINC00507 GLRA3,SERPINE2,0.02724643585013869,1.1124342788513382,0.8652451371408942
Exc L2 LINC00507 GLRA3,HPCAL1,0.021213482679691732,0.4448093433059787,0.8610185265790709
Exc L2 LINC00507 GLRA3,SEMA3C,0.016204016373237908,0.6554291111946343,0.8483520601361014
Exc L2 LINC00507 GLRA3,CUX2,0.03045591996080446,1.5956839065362853,0.8458170409156618
Exc L2 LINC00507 GLRA3,TESPA1,0.01555195255983428,1.594366297184377,0.8265610891489467
Exc L2 LINC00507 GLRA3,CBLN2,0.03546685571650637,2.4953288695537945,0.8079244738915435
Exc L2 LINC00507 GLRA3,MEIS2,0.02705818122981505,1.4437128086501134,0.7963307675162411
Exc L2 LINC00507 GLRA3,MLIP,0.03362129523583721,1.791759469228055,0.7784333411322636
Exc L2-3 RORB RTKN2,TPBG,0.00886818373461373,0.5854495947354991,0.9482689545144485
Exc L2-3 RORB RTKN2,ZBTB7C,0.009571809268440536,0.9720604342514991,0.9242126536385319
Exc L2-3 RORB RTKN2,COL5A2,0.013571600775702726,2.135948771308326,0.9128408478825133
Exc L2-3 RORB RTKN2,RORB,0.012271815569514235,1.598188064214252,0.8816861099098692
Exc L2-3 RORB RTKN2,PCSK6,0.013236779007607502,0.6264753283801648,0.8621814565121657
Exc L2-3 RORB RTKN2,SEMA3A,0.011153012218725746,1.1173577438413458,0.836281482096545
Exc L2-3 RORB RTKN2,DACH1,0.010891763241042313,0.7243989059941955,0.7897822150702101
Exc L2-3 RORB RTKN2,KCNH5,0.009600072728334097,1.7496520532012163,0.773860020777484
Exc L2-3 RORB RTKN2,PLCH1,0.022428284331144962,1.5920278026147334,0.7492828125664686
Exc L2-3 RORB RTKN2,RIT2,0.009785373627054443,1.832256036885125,0.7461131287229416
Exc L2-3 LINC00507 DSG3,ENPEP,0.010985681001047083,0.27676176420219584,1.0
Exc L2-3 LINC00507 DSG3,ADCYAP1,0.009340372077975133,0.2791656422081842,1.0
Exc L2-3 LINC00507 DSG3,BDNF,0.026617785705210683,0.8465244133783933,0.9760409772562588
Exc L2-3 LINC00507 DSG3,NOX4,0.009371994670053356,0.36895053482102985,0.9635043594613122
Exc L2-3 LINC00507 DSG3,BMPR1B,0.01677724949824146,1.5118538317276544,0.9624863682575593
Exc L2-3 LINC00507 DSG3,ACVR1C,0.008195822121902492,0.7714515698060203,0.9513663419369949
Exc L2-3 LINC00507 DSG3,HHAT,0.009701843001276168,1.0438539497505177,0.9127788076704418
Exc L2-3 LINC00507 DSG3,SV2C,0.014476427290276806,1.8445926514339757,0.9089949447979592
Exc L2-3 LINC00507 DSG3,SERPINE2,0.01623659912210646,1.579518529549918,0.8971311529539006
Exc L2-3 LINC00507 DSG3,COL24A1,0.010264146148976002,1.886144514171919,0.8555747343984403
Exc L3 LAMP5 CARM1P1,BMPR1B,0.022168887741210494,1.1679175138255111,0.9584506890535184
Exc L3 LAMP5 CARM1P1,SCN4B,0.012236778958443021,0.5147630632593394,0.9508878164431253
Exc L3 LAMP5 CARM1P1,MOXD1,0.015519843972437834,0.8736948588633809,0.9506615295811193
Exc L3 LAMP5 CARM1P1,SYT2,0.042783230807580085,0.948713433400499,0.9350354140876913
Exc L3 LAMP5 CARM1P1,SV2C,0.04073336423386407,1.8165014022333008,0.9081754391403803
Exc L3 LAMP5 CARM1P1,LAMA2,0.015037436907745848,2.3885710342577595,0.9049934662313217
Exc L3 LAMP5 CARM1P1,LTBP1,0.01399113138368288,0.6818019420737864,0.8927391331214847
Exc L3 LAMP5 CARM1P1,DPP4,0.018191732061403777,0.6297366128047615,0.854986829336196
Exc L3 LAMP5 CARM1P1,COL24A1,0.012681347892033693,1.7465182307112292,0.8465665360471193
Exc L3 LAMP5 CARM1P1,EPB41L4A,0.019761900570609427,0.828477688973532,0.8428439281490173
Oligo L2-6 OPALIN MAP6D1,ENPP2,0.011726237234303225,1.2757290199783053,0.9761904761904762
Oligo L2-6 OPALIN MAP6D1,PLP1,0.011649123320830044,2.7193854928128705,0.9761904761904762
Oligo L2-6 OPALIN MAP6D1,ST18,0.010756430329858332,2.3123518676652752,0.9689734920954901
Oligo L2-6 OPALIN MAP6D1,PDGFD,0.011024732470069968,0.5162709682542911,0.9245870818097882
Oligo L2-6 OPALIN MAP6D1,ART3,0.012944178986801608,0.707186977227428,0.9152409939912406
Oligo L2-6 OPALIN MAP6D1,MBP,0.009927466274796267,2.280086847271456,0.9072350097113093
Oligo L2-6 OPALIN MAP6D1,CTNNA3,0.010342769348312842,2.47279343191184,0.8686071084296672
Oligo L2-6 OPALIN MAP6D1,CUX2,0.01461857059584931,1.3444496751770696,0.8304353949150175
Oligo L2-6 OPALIN MAP6D1,TESPA1,0.018704624491608077,1.4078557399867822,0.80702133626625
Oligo L2-6 OPALIN MAP6D1,CBLN2,0.026268938937116248,2.3462209279167534,0.7980653245592478
Exc L2-3 RORB CCDC68,VIPR2,0.03474371712382101,0.8926737317679063,0.9830102572601364
Exc L2-3 RORB CCDC68,PRSS12,0.033509760181066786,0.6257058997644128,0.974644517682242
Exc L2-3 RORB CCDC68,PLEKHH2,0.02096978978865872,0.7632999944850847,0.964685990329734
Exc L2-3 RORB CCDC68,COBLL1,0.033956721221752785,1.127166849456228,0.9385037773607836
Exc L2-3 RORB CCDC68,COL5A2,0.03488224072751146,2.311686117663513,0.9173980831350773
Exc L2-3 RORB CCDC68,KCNH8,0.018982713524985404,0.573250278684661,0.9126984126984127
Exc L2-3 RORB CCDC68,LAMA2,0.02172864066698493,2.432425191619236,0.9059909016923909
Exc L2-3 RORB CCDC68,RORB,0.02557573916475703,2.3469366395523124,0.9055798276578549
Exc L2-3 RORB CCDC68,PHLDB2,0.01730614333358246,1.2234226045919052,0.8994742808777485
Exc L2-3 RORB CCDC68,NTNG1,0.037793677943646145,2.230019420336138,0.895518886451407
Exc L2-3 RORB PTPN3,VIPR2,0.013470381775648186,0.42389390923161774,0.9652780344620739
Exc L2-3 RORB PTPN3,COBLL1,0.0123255550142949,0.6084944169223594,0.9173263287373349
Exc L2-3 RORB PTPN3,COL5A2,0.01842456576729594,2.035791484517205,0.9105379987967556
Exc L2-3 RORB PTPN3,LAMA2,0.009425175993341911,2.2958514159079986,0.9031708693576372
Exc L2-3 RORB PTPN3,RORB,0.01728680753481936,1.997536567911947,0.8913020492836506
Exc L2-3 RORB PTPN3,NTNG1,0.022647329837223135,1.8540034262876972,0.8808587993119928
Exc L2-3 RORB PTPN3,ZBBX,0.014798590807894947,1.0853247934341756,0.859648985062459
Exc L2-3 RORB PTPN3,TCERG1L,0.009104261953158416,0.883924095672265,0.8537010404961203
Exc L2-3 RORB PTPN3,CUX2,0.011368605595478176,1.6793562642733808,0.852147659735929
Exc L2-3 RORB PTPN3,CPNE4,0.01101815948213881,2.0329156415617042,0.780520540735666
Exc L3 THEMIS ENPEP,FAP,0.01839673901207689,0.47564424743440453,0.9728694278997277
Exc L3 THEMIS ENPEP,LAMA2,0.020066019387428306,2.7110419759590325,0.9137997969451906
Exc L3 THEMIS ENPEP,THEMIS,0.014065778775127716,0.9920830495659831,0.9088023069253622
Exc L3 THEMIS ENPEP,COL5A2,0.006078950997990972,1.5950776435024185,0.9029826535514299
Exc L3 THEMIS ENPEP,SYT2,0.006312444915234041,0.45552478363137483,0.8952985284088814
Exc L3 THEMIS ENPEP,SV2C,0.009767686259479092,1.0859738897963869,0.8934724253375537
Exc L3 THEMIS ENPEP,RORB,0.008681598702971808,1.2699907043942789,0.8757227474065209
Exc L3 THEMIS ENPEP,SLC24A4,0.010384121109806093,0.45124868367129206,0.8567685893765142
Exc L3 THEMIS ENPEP,RXFP1,0.009550778968176394,1.0605572478581176,0.7533540627807873
Exc L3 THEMIS ENPEP,FSTL4,0.0075873239912369545,2.152525290029936,0.7357709512661776
Exc L3-5 RORB TNNT2,FSHR,0.03028734829151828,0.255951251736804,1.0
Exc L3-5 RORB TNNT2,OR1J2,0.007360667767220002,0.37710967966973524,0.9734126876628588
Exc L3-5 RORB TNNT2,FAP,0.008021676790225677,0.45482918346140444,0.9719910197236513
Exc L3-5 RORB TNNT2,TNNT2,0.010004113540626186,0.45446118066187685,0.9693088286227174
Exc L3-5 RORB TNNT2,ITGA11,0.011045776445632417,0.5454283403685029,0.9247089801039199
Exc L3-5 RORB TNNT2,THEMIS,0.012553683926984355,1.1430423784393897,0.9149543632799962
Exc L3-5 RORB TNNT2,LAMA2,0.030626720166410666,2.7015469352784094,0.9135247260370157
Exc L3-5 RORB TNNT2,DPP4,0.007030159064998769,0.6067235113940769,0.8520302488585951
Exc L3-5 RORB TNNT2,SLC24A4,0.007920309683248044,0.31008706448710394,0.8494858234741897
Exc L3-5 RORB TNNT2,TSHZ2,0.0073215908934037045,1.9402636126942283,0.8088744961144974
Exc L3-5 RORB LAMA4,SLC17A6,0.00871326095204753,0.45221432751297613,0.9666147251667926
Exc L3-5 RORB LAMA4,TPBG,0.008326220758785353,0.6221885307088544,0.951323564932553
Exc L3-5 RORB LAMA4,CNKSR3,0.007625811904330913,0.679273941120647,0.9222674885889481
Exc L3-5 RORB LAMA4,KCNH8,0.010725031999427294,0.827924601529249,0.9166698248883673
Exc L3-5 RORB LAMA4,ITGA11,0.007542183456424021,0.36823281138743036,0.9105558997295476
Exc L3-5 RORB LAMA4,TRPC3,0.018178431437458713,1.135907739976386,0.9065992455067519
Exc L3-5 RORB LAMA4,CD163L1,0.011481031886829193,0.6170358452680844,0.9033396646997934
Exc L3-5 RORB LAMA4,VAV3,0.011142714790428256,1.5774808172108234,0.887594881183193
Exc L3-5 RORB LAMA4,CCBE1,0.010221222961000693,0.7121989253062657,0.8728064972208661
Exc L3-5 RORB LAMA4,DACH1,0.026755375150157093,1.5995881920923356,0.8442289739182702
Exc L5 THEMIS VILL,TNC,0.030522206140860493,0.9127113260344527,0.9823340450453648
Exc L5 THEMIS VILL,USH2A,0.010595617422043187,0.42478578509568476,0.9817912553181847
Exc L5 THEMIS VILL,NPFFR2,0.023194327673056216,1.059266123951795,0.957032538521211
Exc L5 THEMIS VILL,ABCA1,0.012777721190253118,0.4952123515190428,0.9473270987760115
Exc L5 THEMIS VILL,ARHGAP24,0.008059297022437507,0.5550201833655746,0.8908921254831988
Exc L5 THEMIS VILL,DACH1,0.043971302045555376,2.3022710551186987,0.8860310929286466
Exc L5 THEMIS VILL,DCHS2,0.017007273057042194,1.0697040762052152,0.8595872054676633
Exc L5 THEMIS VILL,SEMA3A,0.0076550012887649,1.2320502115579839,0.8446660978312978
Exc L5 THEMIS VILL,MYO1B,0.007849339246793792,0.525003332036902,0.83631943100803
Exc L5 THEMIS VILL,RIT2,0.010777954083015682,2.131727892090358,0.7776024524164067
Exc L3 RORB OTOGL,COL22A1,0.0936075134903587,1.152390701272118,0.9908553338046411
Exc L3 RORB OTOGL,MYLK,0.01590902713397603,0.7036862924900513,0.9671037201880514
Exc L3 RORB OTOGL,OTOGL,0.015556382325832396,1.0145001380790595,0.9593076399463608
Exc L3 RORB OTOGL,ADAMTS16,0.017443486256037737,1.040649364078367,0.9286715009698052
Exc L3 RORB OTOGL,ITGA11,0.0212234992330266,0.5476561899709358,0.9249506908324101
Exc L3 RORB OTOGL,RORB,0.01615312981535209,2.1482465021749,0.8971977302972881
Exc L3 RORB OTOGL,FOXO1,0.0233452523755366,0.5364641503816968,0.8890075214748612
Exc L3 RORB OTOGL,TSHZ2,0.04731565018134616,2.5283693357596055,0.835644772044314
Exc L3 RORB OTOGL,IL1RAPL2,0.01927554369782469,2.508096435581381,0.8292228175094698
Exc L3 RORB OTOGL,CPNE4,0.020864337984487405,2.688712853366092,0.8205499926631339
Exc L3-5 RORB LINC01202,TPBG,0.015190397478339893,0.43200070066394336,0.9337195610551229
Exc L3-5 RORB LINC01202,TSHZ2,0.060506133735679556,3.0288201104196695,0.8572896199749146
Exc L3-5 RORB LINC01202,RARB,0.03778441224945436,1.6348817987754483,0.8415449011672882
Exc L3-5 RORB LINC01202,IL1RAPL2,0.016512169373047943,2.6705412343550865,0.8374574579863282
Exc L3-5 RORB LINC01202,HS3ST4,0.015796298114230084,1.7284245886662677,0.7929050975004603
Exc L3-5 RORB LINC01202,ST8SIA4,0.016463275474887913,0.5252738088963098,0.7911924779903857
Exc L3-5 RORB LINC01202,GOLIM4,0.012752029335376499,0.8449641085257394,0.7795865569937485
Exc L3-5 RORB LINC01202,FSTL4,0.013638448216956997,2.5447996224305416,0.7719173911146663
Exc L3-5 RORB LINC01202,MLIP,0.014428612430066465,1.6885795370035228,0.7676235993351891
Exc L3-5 RORB LINC01202,CPNE4,0.015651284348146798,1.784065516933803,0.7654047971221707
Exc L5 THEMIS SLC22A18,GREM1,0.017228877068885186,0.19484935268686632,1.0
Exc L5 THEMIS SLC22A18,TRABD2A,0.010580563703031697,0.37584843963644493,0.9873815412095056
Exc L5 THEMIS SLC22A18,BTNL9,0.026420025422529598,0.46568324286993773,0.9841269841269841
Exc L5 THEMIS SLC22A18,RANBP3L,0.014558753113293738,0.2442598230536304,0.9761904761904762
Exc L5 THEMIS SLC22A18,SLC7A11,0.015401263978741619,0.38222645766609087,0.9444444444444444
Exc L5 THEMIS SLC22A18,ADTRP,0.014207068606089867,0.49557823374299914,0.9436975020436875
Exc L5 THEMIS SLC22A18,CCBE1,0.025379185771812383,1.2346552010228324,0.9066853521033187
Exc L5 THEMIS SLC22A18,TCERG1L,0.010787492171798248,1.092794486886781,0.8789928294782863
Exc L5 THEMIS SLC22A18,KCNG2,0.016540369187054697,0.8697017299642906,0.8780971614286669
Exc L5 THEMIS SLC22A18,SMYD2,0.009085030702122266,1.0714079900119609,0.8387417772415433
Exc L5-6 THEMIS TNFAIP6,MKX,0.007864547723811366,0.7860443414219576,0.9163917339466875
Exc L5-6 THEMIS TNFAIP6,THEMIS,0.01184486203295539,1.0859066632944478,0.9125675531810861
Exc L5-6 THEMIS TNFAIP6,LTBP1,0.012745699789729784,0.5439456315114528,0.8810762748258686
Exc L5-6 THEMIS TNFAIP6,COL24A1,0.01002013700065729,1.3635412726359615,0.8177751291374122
Exc L5-6 THEMIS TNFAIP6,HS3ST2,0.010585050086811066,1.4770022385411095,0.8070214608984774
Exc L5-6 THEMIS TNFAIP6,TPD52L1,0.024386866591733718,0.25124466467893625,0.802506183753506
Exc L5-6 THEMIS TNFAIP6,TSHZ2,0.011873611398893712,1.686810089032341,0.7968518446469751
Exc L5-6 THEMIS TNFAIP6,CBLN2,0.0066488939968714295,1.7421080559107696,0.7496401338835831
Exc L5-6 THEMIS TNFAIP6,CHN2,0.006989286498671623,1.5692806190124635,0.7405094974708694
Exc L5-6 THEMIS TNFAIP6,TRPC5,0.011913936843919648,0.6765014330097412,0.731211041476675
Exc L3-5 RORB LNX2,TRABD2A,0.02597134654298991,0.4520890441401267,0.989509526699448
Exc L3-5 RORB LNX2,RNF182,0.013802165526892717,0.3313188620279459,0.958261088738709
Exc L3-5 RORB LNX2,TLL1,0.03273433629384893,0.7912825097058162,0.9313103441676318
Exc L3-5 RORB LNX2,LRRK1,0.023560567460621358,1.2056232468876358,0.9112956455422884
Exc L3-5 RORB LNX2,ARSJ,0.03246470479334119,0.73812106819159,0.8949814446603563
Exc L3-5 RORB LNX2,RORB,0.024663346313828282,1.7535256660047698,0.8850623904692184
Exc L3-5 RORB LNX2,ARHGAP29,0.018557589488678205,0.44458820202233884,0.8419660139904496
Exc L3-5 RORB LNX2,PCP4,0.02482700459059551,1.305074976486079,0.8395610455564919
Exc L3-5 RORB LNX2,DNAH6,0.015663275145079838,1.3316741568641461,0.8257163876677078
Exc L3-5 RORB LNX2,IL1RAPL2,0.017632732314590577,2.078261187873861,0.8080736099003658
Exc L3-5 RORB RPRM,RCSD1,0.011762372381941697,0.2975534804982758,1.0
Exc L3-5 RORB RPRM,RPRM,0.02988490096135071,0.41055404876972196,0.9949738895827037
Exc L3-5 RORB RPRM,MKX,0.013646160986673542,1.0604852557063829,0.9375864979443922
Exc L3-5 RORB RPRM,MAMDC2,0.010002417213819984,0.7003747271215935,0.8443751002317962
Exc L3-5 RORB RPRM,SEMA3E,0.011395327039126704,0.9925408419437962,0.8361364889706095
Exc L3-5 RORB RPRM,IPCEF1,0.008964437895670871,1.5516027347903383,0.8110010190405853
Exc L3-5 RORB RPRM,SPON1,0.010149319671393181,0.34167211834096495,0.8104378815027596
Exc L3-5 RORB RPRM,SCN1B,0.009731530588511072,0.947316876819636,0.807234400362517
Exc L3-5 RORB RPRM,EPHA3,0.011163256567979675,1.4734024501117655,0.7994857844162349
Exc L3-5 RORB RPRM,CHGA,0.012070694602256554,1.1875209834203937,0.7847695693546383
Exc L5 RORB MED8,HS3ST3B1,0.009663334570964466,0.3671922278560407,0.9932928914263761
Exc L5 RORB MED8,COL22A1,0.019789695283775915,0.893504483064966,0.9882057354053557
Exc L5 RORB MED8,RANBP3L,0.017053693109308675,0.3182867739801329,0.9780363445443411
Exc L5 RORB MED8,ARHGAP15,0.012683186302589458,0.48368787447533823,0.9684982648385928
Exc L5 RORB MED8,NPFFR2,0.022231767148307328,0.9711418511604237,0.9552940908132175
Exc L5 RORB MED8,CRH,0.009646914698666261,0.4363085906539578,0.8512432362179579
Exc L5 RORB MED8,DACH1,0.016177707735863262,1.6021710360959003,0.8444161190134091
Exc L5 RORB MED8,CPNE4,0.01235481686046941,2.794590430106394,0.827348746325986
Exc L5 RORB MED8,EPHA3,0.013243871331929048,1.5639931096528752,0.8085396248381834
Exc L5 RORB MED8,TOX,0.01901466801182604,2.6102224886025405,0.7797121019824804
Exc L5 THEMIS FGF10,FAP,0.010040032675138944,0.76934213299189,0.983226577622995
Exc L5 THEMIS FGF10,TNC,0.0090551768243694,0.6165441316029542,0.9776603438794208
Exc L5 THEMIS FGF10,BDNF,0.011772778935174946,0.836085685742009,0.9757418431876809
Exc L5 THEMIS FGF10,NPFFR2,0.018531761134782717,1.1584611388636512,0.9599394762072843
Exc L5 THEMIS FGF10,PLEKHH2,0.007343954592934141,0.5861204262268125,0.9588091316956082
Exc L5 THEMIS FGF10,SLC7A11,0.007475694267402827,0.5046104978922055,0.9463692991801538
Exc L5 THEMIS FGF10,PRKCQ,0.008227529366633748,0.524904764013019,0.926483362965587
Exc L5 THEMIS FGF10,ART3,0.007928488226738547,0.49933573653674873,0.8869863728508202
Exc L5 THEMIS FGF10,CRH,0.014870220149935883,0.7235048187278431,0.8723654491544754
Exc L5 THEMIS FGF10,COL24A1,0.010984124402316131,1.6735161717558005,0.8416044975440162
Exc L6 THEMIS LINC00343,TMEM233,0.013458180753154119,0.33167374130247435,0.9800758200685017
Exc L6 THEMIS LINC00343,THEMIS,0.022733519024842233,1.299698719728412,0.9221284705966319
Exc L6 THEMIS LINC00343,DKK2,0.017259302721483388,0.35272535113806786,0.8888888888888888
Exc L6 THEMIS LINC00343,FRMD6,0.02057228289646348,1.0595790681482493,0.8804818511364852
Exc L6 THEMIS LINC00343,SEC24D,0.01323107365024187,1.0293366444642704,0.8572783673717528
Exc L6 THEMIS LINC00343,SEMA3A,0.011413450147364747,1.201996990892397,0.8422453695635719
Exc L6 THEMIS LINC00343,DCHS2,0.01793791252727831,0.7422587600776309,0.8236085583540829
Exc L6 THEMIS LINC00343,ANKRD30B,0.01888648897682355,0.9761400159138027,0.8191031902682838
Exc L6 THEMIS LINC00343,PDGFC,0.011574774391426818,1.1203279882013364,0.7966993029919262
Exc L6 THEMIS LINC00343,MLIP,0.016144266968355733,1.9544152957200325,0.7951976366551817
Exc L6 THEMIS SLN,TTC6,0.01955825085060768,0.4776126130818897,1.0
Exc L6 THEMIS SLN,FAM163A,0.012439258557675,0.3512178169900541,0.9782930757705957
Exc L6 THEMIS SLN,ITGA11,0.011699177993581122,0.3449598909459861,0.908805030416653
Exc L6 THEMIS SLN,THEMIS,0.009731495823023122,0.9735463134457434,0.9081236654587698
Exc L6 THEMIS SLN,FRMD6,0.011489317161969175,1.0742078153508388,0.8820013891571972
Exc L6 THEMIS SLN,HPCAL1,0.008923615691836806,0.5103067597825806,0.8653329347694644
Exc L6 THEMIS SLN,GBE1,0.04073520292484815,1.5740969139131304,0.8394773436853002
Exc L6 THEMIS SLN,SNED1,0.007971034300872254,1.3246512653063678,0.8234529303932272
Exc L6 THEMIS SLN,ARHGEF28,0.010386337759623143,1.3350819186428344,0.8225903360356671
Exc L6 THEMIS SLN,CBLN2,0.009679942641305835,2.443827885459985,0.8045457061853333
Exc L6 THEMIS SNTG2,SH2D1B,0.012800238261264986,0.28884182110211315,0.993334715096286
Exc L6 THEMIS SNTG2,SNTG2,0.012977439168046532,0.9167016042815719,0.9819983137239017
Exc L6 THEMIS SNTG2,ADAMTS3,0.008514257528641794,1.0826834466101256,0.9440284515498263
Exc L6 THEMIS SNTG2,THEMIS,0.0204329473709646,1.573321531183173,0.9352053301593816
Exc L6 THEMIS SNTG2,DCHS2,0.009783978039225115,0.8940815545962031,0.8389134584131044
Exc L6 THEMIS SNTG2,ARHGEF28,0.01394325701750731,1.421360626470696,0.8323958512614332
Exc L6 THEMIS SNTG2,DACH1,0.009044344963596941,1.3316776323648813,0.8261552128515408
Exc L6 THEMIS SNTG2,IL1RAPL2,0.012108860009576387,1.7519240364426902,0.7944510503403628
Exc L6 THEMIS SNTG2,THSD7B,0.04172574144744246,1.2376401293936503,0.7704872658146302
Exc L6 THEMIS SNTG2,RIT2,0.010007006011589135,1.926951240989408,0.7564718472224262
Exc L5-6 THEMIS SMYD1,SMYD1,0.02390749434140835,0.30331872112380187,1.0
Exc L5-6 THEMIS SMYD1,NTNG2,0.02943370649820817,1.0727886476420059,1.0
Exc L5-6 THEMIS SMYD1,GAS2L3,0.016250281313081687,0.6422212086916177,0.9932127263605532
Exc L5-6 THEMIS SMYD1,ATP10A,0.05376233869981696,1.2873458092722518,0.9920634920634921
Exc L5-6 THEMIS SMYD1,STK32B,0.01679418139566438,0.937118016062714,0.9652863337040037
Exc L5-6 THEMIS SMYD1,CACHD1,0.017435888671014792,1.1937984222518174,0.9514218885014308
Exc L5-6 THEMIS SMYD1,ITGB8,0.021069514262162164,1.5236597344082505,0.9360168412593071
Exc L5-6 THEMIS SMYD1,TRPC5,0.029936231849446552,1.8500212138652499,0.8721331500234949
Exc L5-6 THEMIS SMYD1,STT3B,0.03207136516023705,1.8783466573674907,0.800040028649043
Exc L5-6 THEMIS SMYD1,CADPS2,0.017704859760492648,3.081817574667214,0.7713336439858903
Exc L5-6 FEZF2 OR1L8,LGR6,0.02767870974964892,0.3151210918108535,0.9920634920634921
Exc L5-6 FEZF2 OR1L8,CPZ,0.011804241919867642,0.19948983016045277,0.9920634920634921
Exc L5-6 FEZF2 OR1L8,CABP7,0.012705223413036877,0.24801876854750277,0.9841269841269841
Exc L5-6 FEZF2 OR1L8,SEMA4A,0.01082747533675609,0.5190934941217075,0.9822416770485487
Exc L5-6 FEZF2 OR1L8,MYOF,0.024072102295903345,0.6286932545109505,0.9789969956272728
Exc L5-6 FEZF2 OR1L8,RBM20,0.008909673312022791,0.758425781012843,0.9166427052922084
Exc L5-6 FEZF2 OR1L8,SULF1,0.01345366875928029,1.1909532758124701,0.9155085294424494
Exc L5-6 FEZF2 OR1L8,CCBE1,0.011811180714561768,0.9797264257088114,0.8914696045528311
Exc L5-6 FEZF2 OR1L8,HS3ST2,0.0237507136012124,2.048928740572656,0.857161275542473
Exc L5-6 FEZF2 OR1L8,ARHGAP6,0.010003148755969603,0.59087287563503,0.8542797897815849
Exc L5 THEMIS LINC01116,GAS2L3,0.010289906839496559,0.22985004236969653,0.9841269841269841
Exc L5 THEMIS LINC01116,SYT6,0.006810848956729958,0.5697322249784624,0.9389186071203666
Exc L5 THEMIS LINC01116,ITGA11,0.008125257429443521,0.47416201698806654,0.9190931164154068
Exc L5 THEMIS LINC01116,SYT2,0.012000905453902332,0.7115679765778123,0.9164056883178097
Exc L5 THEMIS LINC01116,DPP4,0.016218920087378002,1.1737903767081594,0.9082782281428247
Exc L5 THEMIS LINC01116,SERPINE2,0.010138705498282882,1.6189577800516168,0.8994437891134031
Exc L5 THEMIS LINC01116,SLC5A8,0.00716439378212772,0.7247416414504421,0.8897010991748879
Exc L5 THEMIS LINC01116,HCRTR2,0.008126889355394167,0.8283438954161375,0.875313258495462
Exc L5 THEMIS LINC01116,ARHGAP10,0.010818741838882182,1.218064295798565,0.875061656518203
Exc L5 THEMIS LINC01116,SEMA5A,0.033450842982344034,2.740343561582218,0.8608610091956501
Exc L5 THEMIS RGPD6,IL4R,0.005837703587807024,0.23785753892029524,0.9930957500414438
Exc L5 THEMIS RGPD6,DDR2,0.008378963773183479,1.0049759753141767,0.9118484011951924
Exc L5 THEMIS RGPD6,ITGA11,0.007164883963965986,0.2872992527302259,0.9056953636310651
Exc L5 THEMIS RGPD6,RNF152,0.007059504901787881,0.29380209989530726,0.8986994633814648
Exc L5 THEMIS RGPD6,THEMIS,0.01389576040082284,0.6229680693134876,0.8950427191641934
Exc L5 THEMIS RGPD6,ADAMTSL1,0.006419571230003379,2.6198457842100065,0.8888294798930575
Exc L5 THEMIS RGPD6,SERPINE2,0.007057613794186125,1.1108264900465672,0.865130505593331
Exc L5 THEMIS RGPD6,SLC5A8,0.0053028753736689745,0.47388729081488523,0.851821279686382
Exc L5 THEMIS RGPD6,SEMA5A,0.022169199953868984,2.40560352404777,0.8435426574512661
Exc L5 THEMIS RGPD6,TRPC6,0.008528725660529929,0.7893475065599215,0.8408991226103077
Exc L5-6 FEZF2 C9orf135-AS1,VWA2,0.015890961509271977,0.3024138185645386,0.9626811752728643
Exc L5-6 FEZF2 C9orf135-AS1,SULF1,0.021645785438587983,0.6492912865688582,0.8888384396484982
Exc L5-6 FEZF2 C9orf135-AS1,ADAMTSL1,0.03560915256584706,2.5504220551330827,0.8863791406118237
Exc L5-6 FEZF2 C9orf135-AS1,SEMA3E,0.03473296097760995,2.0654226906762485,0.8785649139274498
Exc L5-6 FEZF2 C9orf135-AS1,HS3ST4,0.044005932730606726,3.3626577290099826,0.8319998196467806
Exc L5-6 FEZF2 C9orf135-AS1,CPNE8,0.016658163023387854,1.5496743206746029,0.8148647110801212
Exc L5-6 FEZF2 C9orf135-AS1,FOXP2,0.024603374997962432,2.215739827037314,0.8047218478102147
Exc L5-6 FEZF2 C9orf135-AS1,SEMA5A,0.03343748054586022,1.71487279456139,0.7995145519951875
Exc L5-6 FEZF2 C9orf135-AS1,SYNJ2,0.013129325149595833,1.2776548628005584,0.796152095517291
Exc L5-6 FEZF2 C9orf135-AS1,TLE4,0.023437134422070717,2.1865261315438396,0.7948922870080294
Exc L5-6 FEZF2 FILIP1L,MYBPC1,0.01546980768361923,0.3896492754172729,0.9697539860316663
Exc L5-6 FEZF2 FILIP1L,SEC16B,0.0073186544362665385,0.4873489550861987,0.9587629088925292
Exc L5-6 FEZF2 FILIP1L,SYT6,0.007302406225217768,0.48383398966285607,0.9314821566192315
Exc L5-6 FEZF2 FILIP1L,MCTP2,0.009032115260990924,0.6314765855404306,0.901384795003378
Exc L5-6 FEZF2 FILIP1L,SULF1,0.00790719447400125,0.715084991350267,0.8917639776033056
Exc L5-6 FEZF2 FILIP1L,ADAMTSL1,0.007863612791201492,2.5966021601815132,0.8879764191534362
Exc L5-6 FEZF2 FILIP1L,SEMA3E,0.007385402521419872,2.0755980373239638,0.8790824181059156
Exc L5-6 FEZF2 FILIP1L,TRPC3,0.009683748455510425,0.5497035641585597,0.8617508684402435
Exc L5-6 FEZF2 FILIP1L,SPON1,0.007309438886962577,0.5313935935320587,0.8235532139396142
Exc L5-6 FEZF2 FILIP1L,SEMA5A,0.010644151383014364,2.0516033887834086,0.8219146179648316
Exc L5-6 FEZF2 SH2D1B,TRIM22,0.006118787726059958,0.32759505638136377,0.9762374137804328
Exc L5-6 FEZF2 SH2D1B,ADAMTSL1,0.007466004863487806,2.7133142049618755,0.892540589492572
Exc L5-6 FEZF2 SH2D1B,SLC5A8,0.007616555036130463,0.6246561538276318,0.8741862387489424
Exc L5-6 FEZF2 SH2D1B,DCHS2,0.007363304635560418,1.1558892127139815,0.8688731108178164
Exc L5-6 FEZF2 SH2D1B,NLGN4Y,0.006148381387822399,1.7666249071764877,0.8628941335882631
Exc L5-6 FEZF2 SH2D1B,PAPSS2,0.011582142728846744,0.39324973566444116,0.8520165371599273
Exc L5-6 FEZF2 SH2D1B,MEIS2,0.009295526445316863,2.2628202922897027,0.8509203582753042
Exc L5-6 FEZF2 SH2D1B,MYO1B,0.007414800786425334,0.41698786934494475,0.8212967710807851
Exc L5-6 FEZF2 SH2D1B,TLE4,0.00726219569362537,2.4472001543947366,0.8134127039270976
Exc L5-6 FEZF2 SH2D1B,SEMA5A,0.006440387102429162,1.9181296500242089,0.813388336099816
Exc L6 FEZF2 PDYN,PDYN,0.041765799172726846,0.7207387655032281,1.0
Exc L6 FEZF2 PDYN,ADGRF4,0.012230174164578922,0.3124829105463869,1.0
Exc L6 FEZF2 PDYN,GBP2,0.01110306547009485,0.3424236091660199,1.0
Exc L6 FEZF2 PDYN,NMB,0.007664400721257886,0.29466186740463085,1.0
Exc L6 FEZF2 PDYN,P4HA3,0.006735039214781508,0.5075676790641073,0.9966478311180088
Exc L6 FEZF2 PDYN,LGR6,0.007206568266432163,0.3291711850914457,0.9924022479506428
Exc L6 FEZF2 PDYN,CABP7,0.014130285429843533,0.6054831520502413,0.9917315891611117
Exc L6 FEZF2 PDYN,SLC15A5,0.009609537270746987,0.5598822742642837,0.9856255297293687
Exc L6 FEZF2 PDYN,LYPD1,0.007291351572921597,0.45338081075319475,0.9761904761904762
Exc L6 FEZF2 PDYN,ATP8B4,0.010232800565841506,1.5624008316138087,0.9730697458942138
Exc L6 FEZF2 FFAR4,PCOLCE2,0.010866655538235265,0.42219663131227286,0.985355024249054
Exc L6 FEZF2 FFAR4,SLC15A5,0.023166040392102336,0.45416712515035207,0.9841269841269841
Exc L6 FEZF2 FFAR4,ATP8B4,0.014399460640876958,1.071200650571289,0.9643601436809875
Exc L6 FEZF2 FFAR4,ERG,0.011144051389025182,1.2382518841531724,0.9351986827333174
Exc L6 FEZF2 FFAR4,CCBE1,0.023018090978313727,1.4352950119763308,0.9185932986099351
Exc L6 FEZF2 FFAR4,SEMA3C,0.014382702851272794,1.3788471949551806,0.889439757245364
Exc L6 FEZF2 FFAR4,HS3ST4,0.04008621168284604,3.777487011913717,0.8498590726892322
Exc L6 FEZF2 FFAR4,SLIT3,0.02106960521284487,2.193485001743026,0.8363975160621961
Exc L6 FEZF2 FFAR4,PCSK5,0.01301442618911814,2.189868077975591,0.8317143318274334
Exc L6 FEZF2 FFAR4,KCNK2,0.01580353630072951,1.5481038631417168,0.8170343614259595
Exc L6 FEZF2 PROKR2,SLITRK6,0.0177510485702606,0.3045565328674592,1.0
Exc L6 FEZF2 PROKR2,SLC15A5,0.021248843300131316,0.68542820223385,0.9882584184890023
Exc L6 FEZF2 PROKR2,B2M,0.0092518864774486,1.1168805498163263,0.9415560623319508
Exc L6 FEZF2 PROKR2,RNF220,0.009691164171993772,1.8441314932718043,0.9307277143405306
Exc L6 FEZF2 PROKR2,VCAN,0.019982825399854146,1.6689216677217313,0.9260702008610769
Exc L6 FEZF2 PROKR2,CCBE1,0.008842132309434536,1.4229016086047337,0.9178842502250172
Exc L6 FEZF2 PROKR2,SULF1,0.009718352557593332,1.1683049603682711,0.9143321723111025
Exc L6 FEZF2 PROKR2,SEMA3A,0.009688476153347664,1.8512390553175535,0.8890455815662072
Exc L6 FEZF2 PROKR2,CDH6,0.012447867248254807,1.5949175251379284,0.8367653931987801
Exc L6 FEZF2 PROKR2,HTR4,0.012215466864092226,1.1847395509221497,0.831757547900962
Exc L5-6 FEZF2 CFTR,CLDN1,0.015683126273753685,0.342725859484256,1.0
Exc L5-6 FEZF2 CFTR,PDLIM3,0.010862404028291483,0.4476281972340514,0.9934770367934078
Exc L5-6 FEZF2 CFTR,NR4A2,0.011484826030702427,0.8303726882425367,0.9781507867661462
Exc L5-6 FEZF2 CFTR,SEMA3D,0.010974621354307264,1.4713465064392979,0.9731587731355308
Exc L5-6 FEZF2 CFTR,ITGA11,0.009351013518058594,0.874467085324839,0.9519511124359911
Exc L5-6 FEZF2 CFTR,MCTP2,0.009681301291540222,1.6293726066031993,0.9495830926191577
Exc L5-6 FEZF2 CFTR,ERG,0.011906550870377449,1.3332387373293257,0.9392500271351122
Exc L5-6 FEZF2 CFTR,BMP6,0.009189046176655306,0.6824768349476593,0.9081002705470381
Exc L5-6 FEZF2 CFTR,SV2C,0.011354803988444519,0.6167536242362682,0.8772045883624046
Exc L5-6 FEZF2 CFTR,PCSK1,0.009171792346089785,1.0630013647361154,0.8534882874193079
Exc L6 FEZF2 KLK7,GALR1,0.02467624843280138,0.29111448808223034,1.0
Exc L6 FEZF2 KLK7,LRAT,0.02000906016379881,0.32361632942195206,0.9920634920634921
Exc L6 FEZF2 KLK7,CDC14A,0.017154048141578296,0.541914375897882,0.9775755383859805
Exc L6 FEZF2 KLK7,OLFML2B,0.022763092410668807,0.38144797438485606,0.9687842637155024
Exc L6 FEZF2 KLK7,SEMA3D,0.03984290256706451,1.1765993788032012,0.9664348408752755
Exc L6 FEZF2 KLK7,MDFIC,0.05040690936711042,1.6303882033297192,0.9644270711758219
Exc L6 FEZF2 KLK7,NPFFR2,0.025973321304471404,1.2062379764610494,0.9615261988745035
Exc L6 FEZF2 KLK7,MCTP2,0.036787763144102155,1.3588833375050275,0.9395474758364303
Exc L6 FEZF2 KLK7,ZFHX3,0.04766848176225972,1.575305680249899,0.9323570521933149
Exc L6 FEZF2 KLK7,DACH1,0.016469605796782263,1.746913248802835,0.8546768256216107
Exc L6 FEZF2 POGK,PCOLCE2,0.011328590684585261,0.3847760774667426,0.9841269841269841
Exc L6 FEZF2 POGK,MGST1,0.006379124357188865,0.44376591335930365,0.9825545966632052
Exc L6 FEZF2 POGK,TMEM158,0.007092559995834007,0.4535699762247647,0.974858451722098
Exc L6 FEZF2 POGK,MYOF,0.007569639552379136,0.36517188772554926,0.9728835534453094
Exc L6 FEZF2 POGK,ZBTB7C,0.006695379632902039,1.2581460785697713,0.9409357782636298
Exc L6 FEZF2 POGK,GLRA3,0.007576501330685684,0.7660415095718422,0.877341657013736
Exc L6 FEZF2 POGK,NPY1R,0.010628222319357982,1.0567971324048677,0.8484973287311262
Exc L6 FEZF2 POGK,EPHA3,0.009739973362034684,1.699657321848725,0.821287794894199
Exc L6 FEZF2 POGK,PCSK5,0.008955548256144922,2.048233304812676,0.8200774238725701
Exc L6 FEZF2 POGK,KCNK2,0.012721829019550586,1.156419008591721,0.7633124016357188
Exc L5 FEZF2 CSN1S1,OPN4,0.01837317832716006,0.33003511194231483,1.0
Exc L5 FEZF2 CSN1S1,ANKRD34B,0.008791338303785045,0.22071849473590574,0.9603174603174603
Exc L5 FEZF2 CSN1S1,NRP2,0.009848403729738598,0.432373015270832,0.9489971166035378
Exc L5 FEZF2 CSN1S1,VAT1L,0.014278828668018153,1.7112642246230239,0.9411469281455966
Exc L5 FEZF2 CSN1S1,SULF2,0.011872166887764605,0.8932199869847604,0.9374648432767481
Exc L5 FEZF2 CSN1S1,COL5A2,0.010078618273186412,2.4634395412000876,0.9219976404755938
Exc L5 FEZF2 CSN1S1,CCBE1,0.007246208349073255,1.2165788214663396,0.9056526191788657
Exc L5 FEZF2 CSN1S1,TCERG1L,0.009926578374747088,1.3183804934766197,0.8996981755462825
Exc L5 FEZF2 CSN1S1,SERPINE2,0.012257784994564001,1.2024950744157628,0.8717711687310754
Exc L5 FEZF2 CSN1S1,RIT2,0.026260782255622978,2.4193304347872884,0.8040315107544319
Exc L3-5 FEZF2 ASGR2,OR51E2,0.050684649975335255,0.8017676040472954,0.9920634920634921
Exc L3-5 FEZF2 ASGR2,GFRA1,0.013365656903559014,0.6826888084524441,0.9758566456577857
Exc L3-5 FEZF2 ASGR2,THSD4,0.011458940303781223,1.088581564673147,0.9570366547429073
Exc L3-5 FEZF2 ASGR2,SEMA3D,0.01107405969194367,0.5907951520053136,0.9495076413896743
Exc L3-5 FEZF2 ASGR2,VAT1L,0.03776846650450751,1.8289774870157633,0.9446511688201548
Exc L3-5 FEZF2 ASGR2,ANXA4,0.02051021158094345,1.2787976860477697,0.9316411546417299
Exc L3-5 FEZF2 ASGR2,COL5A2,0.01902313098208478,2.507845951382474,0.9233788276933833
Exc L3-5 FEZF2 ASGR2,ERG,0.017228448733836946,0.9424927295346225,0.9209122383345649
Exc L3-5 FEZF2 ASGR2,CRYM,0.01148031333623824,1.217608307945315,0.8915312984686887
Exc L3-5 FEZF2 ASGR2,NRP1,0.03053822493174529,2.0094876848300425,0.8849224149957641
Exc L3-5 FEZF2 LINC01107,EDNRB,0.042523901706322635,0.8719941222216667,1.0
Exc L3-5 FEZF2 LINC01107,MSR1,0.015304803750612384,0.0909645362649317,1.0
Exc L3-5 FEZF2 LINC01107,HBE1,0.011332970065846182,0.21322565096436769,1.0
Exc L3-5 FEZF2 LINC01107,BTNL9,0.016594576814890988,1.0539747774396162,0.9928831132889978
Exc L3-5 FEZF2 LINC01107,OR51E2,0.013750322290495746,0.8057088729446239,0.9921023149099741
Exc L3-5 FEZF2 LINC01107,GFRA1,0.012251906362503406,1.0877409672476002,0.9848471296896741
Exc L3-5 FEZF2 LINC01107,ADGRG6,0.008278968683724018,0.6887295424002731,0.9751273728948953
Exc L3-5 FEZF2 LINC01107,EYS,0.026991456860941437,2.62178402643487,0.9684073731086916
Exc L3-5 FEZF2 LINC01107,VAT1L,0.007617940418530466,1.7766090577805076,0.9430196723824875
Exc L3-5 FEZF2 LINC01107,ANXA4,0.007392446057524974,1.479784397301688,0.9409257636285032
Exc L5 FEZF2 PKD2L1,VGLL3,0.03582602456561789,0.37241373920217635,0.9920634920634921
Exc L5 FEZF2 PKD2L1,ATP2C2,0.013379279338336342,0.930349970367958,0.9635536537730809
Exc L5 FEZF2 PKD2L1,NRP2,0.013463877381172091,0.6625526019538515,0.962838613202555
Exc L5 FEZF2 PKD2L1,SPON1,0.013796648821963589,1.6239442602708278,0.8840010312603063
Exc L5 FEZF2 PKD2L1,GPC5,0.03476291571730118,3.4861187598456302,0.878557417429863
Exc L5 FEZF2 PKD2L1,TSHZ2,0.020170131908936597,3.348896724792763,0.8691299826025605
Exc L5 FEZF2 PKD2L1,CDH6,0.011424974785342122,1.9699196226808788,0.8644350947366246
Exc L5 FEZF2 PKD2L1,ARHGAP42,0.031068232675066493,0.9623624739832215,0.8573168271227436
Exc L5 FEZF2 PKD2L1,COL12A1,0.023176278457769036,1.9519627509779875,0.8559696456832752
Exc L5 FEZF2 PKD2L1,RUNX2,0.023545440815582987,1.2681541655001496,0.7902657793705941
Exc L5 FEZF2 NREP-AS1,C4orf19,0.013176632687740058,0.4009662746644447,0.9920634920634921
Exc L5 FEZF2 NREP-AS1,BARX2,0.009513329460424422,0.3986015732401204,0.9920634920634921
Exc L5 FEZF2 NREP-AS1,CD36,0.02304554264486642,1.5385816559132985,0.9850848745432049
Exc L5 FEZF2 NREP-AS1,ADAMTS12,0.015056788570887871,1.0016612308128452,0.9714540098650531
Exc L5 FEZF2 NREP-AS1,HTR2C,0.010316768034891698,2.6427236436834756,0.9488285744193614
Exc L5 FEZF2 NREP-AS1,GALNT10,0.022002251904893244,1.2640674157887846,0.947861230180334
Exc L5 FEZF2 NREP-AS1,CLMN,0.01448544699360336,0.6785487381296099,0.9386627598051951
Exc L5 FEZF2 NREP-AS1,PAPSS2,0.014271031342209526,1.085778943733446,0.9129292787568544
Exc L5 FEZF2 NREP-AS1,GPC5,0.04904810222266114,3.674042091404347,0.8837914498503706
Exc L5 FEZF2 NREP-AS1,TSHZ2,0.010772634252536053,3.342797788216866,0.8689056903405822
Exc L5 FEZF2 RNF144A-AS1,NPSR1,0.01960750074191792,0.8193252185724706,0.9883460322445776
Exc L5 FEZF2 RNF144A-AS1,CD36,0.010367244284111241,1.4108638201585628,0.9837346892764667
Exc L5 FEZF2 RNF144A-AS1,ADAMTS12,0.007020135457374067,0.8010835177566776,0.9662937454044751
Exc L5 FEZF2 RNF144A-AS1,TLL1,0.007907888379106222,1.5789970588306756,0.9539943525916184
Exc L5 FEZF2 RNF144A-AS1,SEMA5B,0.008169561148021821,1.2569845738029302,0.9268209698847923
Exc L5 FEZF2 RNF144A-AS1,TSHZ2,0.010480962189995262,3.375714315331048,0.8701696495330122
Exc L5 FEZF2 RNF144A-AS1,ITGA8,0.008244259409109403,2.363246939400952,0.8675201910780813
Exc L5 FEZF2 RNF144A-AS1,CPNE4,0.009348114931484089,2.5776831542375014,0.8134036427729737
Exc L5 FEZF2 RNF144A-AS1,HTR4,0.010156777976205886,1.0113939585477247,0.8096358807549631
Exc L5 FEZF2 RNF144A-AS1,RUNX2,0.007199805344056708,0.7690548981402481,0.7243194233166242
Exc L5-6 FEZF2 IFNG-AS1,BARX2,0.019529939715622478,0.4224941903387976,0.992512312306619
Exc L5-6 FEZF2 IFNG-AS1,IL26,0.015005073266943027,0.3856474225836979,0.9922543888341101
Exc L5-6 FEZF2 IFNG-AS1,CCDC80,0.01613323442267517,0.31256887170267605,0.9920634920634921
Exc L5-6 FEZF2 IFNG-AS1,TSPAN12,0.013540300781973892,0.4425283077080692,0.9899687069583273
Exc L5-6 FEZF2 IFNG-AS1,CD36,0.030715857099237017,1.0961295776925533,0.9813432207045288
Exc L5-6 FEZF2 IFNG-AS1,PDE9A,0.016020142158778197,0.9896643477161289,0.9597943367021649
Exc L5-6 FEZF2 IFNG-AS1,CALCRL,0.020960741565298896,1.225528834001025,0.9498561035416925
Exc L5-6 FEZF2 IFNG-AS1,HTR2C,0.02858722949248727,2.511092609429918,0.9463006294001337
Exc L5-6 FEZF2 IFNG-AS1,ERG,0.019412334490033618,1.0316552117794588,0.9254004244223899
Exc L5-6 FEZF2 IFNG-AS1,CRYM,0.033169340739127424,1.6437228167184919,0.9155050274240845
Exc L5-6 FEZF2 LPO,LPO,0.018458797073578243,0.2615109112091335,1.0
Exc L5-6 FEZF2 LPO,CABP7,0.01714497523462996,0.38278554705673407,0.9869211795072438
Exc L5-6 FEZF2 LPO,ITGA6,0.013166354946739076,0.6901358422217236,0.9640779883766005
Exc L5-6 FEZF2 LPO,LHFPL2,0.009405560915620247,1.1064639732431722,0.9526296601446326
Exc L5-6 FEZF2 LPO,MAFB,0.008720825357012326,0.30696886749193375,0.9523809523809523
Exc L5-6 FEZF2 LPO,SULF1,0.01994787452401819,1.2246985651291225,0.9173992392642146
Exc L5-6 FEZF2 LPO,ADAMTSL1,0.011278815791690846,2.6603581302693726,0.8904015434353905
Exc L5-6 FEZF2 LPO,SEMA3E,0.013097942638050138,2.1355638652216347,0.8822548840513118
Exc L5-6 FEZF2 LPO,SPON1,0.011074004839909866,1.5869120284081606,0.8818496953079478
Exc L5-6 FEZF2 LPO,ANGPT1,0.010682349146243846,1.1716316725406788,0.8736502481681261
OPC L1-6 PDGFRA COL20A1,STK32A,0.027174342289435018,1.6110398350834336,1.0
OPC L1-6 PDGFRA COL20A1,FERMT1,0.0284327712761923,1.2735007873758333,1.0
OPC L1-6 PDGFRA COL20A1,COL9A1,0.03148834751109386,1.5787961529513295,0.9914803113230339
OPC L1-6 PDGFRA COL20A1,PDGFRA,0.02893668260585674,2.065072139355079,0.9783595165504577
OPC L1-6 PDGFRA COL20A1,VCAN,0.07902308574385931,3.1972093456376993,0.9602619342124834
OPC L1-6 PDGFRA COL20A1,MEGF11,0.024641697598633463,1.9419776237548279,0.9570461946363108
OPC L1-6 PDGFRA COL20A1,PTPRZ1,0.09365081896458463,3.7223175329882223,0.910642021884732
OPC L1-6 PDGFRA COL20A1,CA10,0.0454816935249714,3.1690774625209666,0.8786982564315537
OPC L1-6 PDGFRA COL20A1,PCDH15,0.0601592904826776,3.8074263926054943,0.8786816031085
OPC L1-6 PDGFRA COL20A1,SEMA5A,0.018848061360518788,2.8742383187487577,0.8673427199378048
Oligo L3-6 OPALIN ENPP6,LRRC63,0.017701513794875952,1.6915788997217367,0.989102687914822
Oligo L3-6 OPALIN ENPP6,S100B,0.032704630857682215,2.018268747621609,0.9819223773770822
Oligo L3-6 OPALIN ENPP6,ST18,0.011997246023859903,4.122107499036118,0.9766500360590187
Oligo L3-6 OPALIN ENPP6,CDK18,0.017212435854288704,2.229510310554417,0.9761267914315827
Oligo L3-6 OPALIN ENPP6,PCSK6,0.021799416158317902,2.3989868965149523,0.9521350760991497
Oligo L3-6 OPALIN ENPP6,SLC25A29,0.01649152114164884,1.0287587711297168,0.9441480585764529
Oligo L3-6 OPALIN ENPP6,QDPR,0.010952668076994247,1.1784127440866503,0.9409782250719004
Oligo L3-6 OPALIN ENPP6,TF,0.012541321547220883,2.849237031254111,0.927698412290608
Oligo L3-6 OPALIN ENPP6,ACTN2,0.01441691080331551,1.4286572905885007,0.9227936580993149
Oligo L3-6 OPALIN ENPP6,STAT2,0.015713650179970975,1.1753079150091228,0.8898833562443118
Oligo L2-6 OPALIN FTH1P3,OPALIN,0.03101224230813472,1.70575229342218,0.9901791947285057
Oligo L2-6 OPALIN FTH1P3,CERCAM,0.031967298669806805,2.2834936358797213,0.9833141974238894
Oligo L2-6 OPALIN FTH1P3,CNP,0.020639883406741208,2.159268168325629,0.9823473721585654
Oligo L2-6 OPALIN FTH1P3,ENPP2,0.036422436001361365,2.6785472926616674,0.9805909102401686
Oligo L2-6 OPALIN FTH1P3,UGT8,0.021586425362605632,2.398804859908563,0.9803104254715925
Oligo L2-6 OPALIN FTH1P3,MOBP,0.02535069160062699,2.8674779817842335,0.9799422663877485
Oligo L2-6 OPALIN FTH1P3,PLP1,0.04872531707293301,4.225577479276538,0.9799395140512108
Oligo L2-6 OPALIN FTH1P3,ST18,0.05090332684008519,3.8932207507060994,0.9752772658868919
Oligo L2-6 OPALIN FTH1P3,TMEM144,0.021547115134360206,2.5539799530231377,0.9665574555191386
Oligo L2-6 OPALIN FTH1P3,RNF220,0.031810081532386854,3.2889814582100616,0.9506891500490829
Oligo L5-6 OPALIN LDLRAP1,TGFA,0.007637230464242416,1.3299584489364547,1.0
Oligo L5-6 OPALIN LDLRAP1,SLC25A44,0.00711283104901649,0.4419359997941298,1.0
Oligo L5-6 OPALIN LDLRAP1,TECR,0.009221417616673493,0.6728020136012307,0.9938130731897323
Oligo L5-6 OPALIN LDLRAP1,RER1,0.007045171784143055,0.4419359997941298,0.9880895306259818
Oligo L5-6 OPALIN LDLRAP1,MTFR1,0.008047875941174355,0.4419359997941298,0.9812937715277993
Oligo L5-6 OPALIN LDLRAP1,MEIS1,0.009217079142934034,1.1320980968608232,0.9811415546746692
Oligo L5-6 OPALIN LDLRAP1,MOBP,0.008708027042083255,2.8515701266137348,0.9798746465523677
Oligo L5-6 OPALIN LDLRAP1,HEXA,0.006872144118388318,1.3760185502270197,0.9622242473991169
Oligo L5-6 OPALIN LDLRAP1,PSMA5,0.007856306691959067,0.6445478654476593,0.9416627294705513
Oligo L5-6 OPALIN LDLRAP1,TMEM242,0.01044657385385993,1.3347099625143528,0.9377031975280435
Astro L1-6 FGFR3 AQP1,AQP1,0.08491942015324151,1.8360125765415118,1.0
Astro L1-6 FGFR3 AQP1,ANGPTL4,0.02454668638643444,1.73647021481081,1.0
Astro L1-6 FGFR3 AQP1,CD44,0.039455291643332405,1.4800763973209525,1.0
Astro L1-6 FGFR3 AQP1,ADAMTS9,0.024160610316968843,1.5528862847600826,0.9960143043150878
Astro L1-6 FGFR3 AQP1,TNC,0.13622863071479505,2.7458121247918315,0.9941278148542182
Astro L1-6 FGFR3 AQP1,GFAP,0.09333925688610838,2.9798959215332923,0.9940978134397417
Astro L1-6 FGFR3 AQP1,PFKFB2,0.023086114675900847,1.5528862847600826,0.9881306796520208
Astro L1-6 FGFR3 AQP1,AQP4,0.038017166835823554,2.7549537634787584,0.9878290018022946
Astro L1-6 FGFR3 AQP1,RGMA,0.015636225442019796,1.7595813987472655,0.97455585058806
Astro L1-6 FGFR3 AQP1,KCNN3,0.017694832259071164,1.8090499940242668,0.9700444321794447
Astro L1 FGFR3 SERPINI2,WDR49,0.030862084759500932,1.5417083092891444,1.0
Astro L1 FGFR3 SERPINI2,SERPINI2,0.02422433488750118,0.9439707182728552,1.0
Astro L1 FGFR3 SERPINI2,SLC16A9,0.011396526987454348,1.2622327565743736,1.0
Astro L1 FGFR3 SERPINI2,CFAP47,0.030296175470931292,1.105612678832649,0.9927633800323619
Astro L1 FGFR3 SERPINI2,GFAP,0.018394210496252866,2.2160756090393265,0.9920634920634921
Astro L1 FGFR3 SERPINI2,ID3,0.018112607714263523,0.418163246762846,0.9920634920634921
Astro L1 FGFR3 SERPINI2,NHSL1,0.009292577322055393,2.415258773517896,0.9870524760370689
Astro L1 FGFR3 SERPINI2,AQP4,0.015828868288943972,2.4417850166471307,0.9862680223437101
Astro L1 FGFR3 SERPINI2,ADGRA3,0.01199338406906557,1.870576540911025,0.98140361791747
Astro L1 FGFR3 SERPINI2,ADGRV1,0.035108548844850325,3.9814429058615017,0.9523254509105727
Astro L1-6 FGFR3 PLCG1,RANBP3L,0.0183166301566929,1.9418923628332934,0.9907809461586564
Astro L1-6 FGFR3 PLCG1,NHSL1,0.015405293897526668,2.264946556767482,0.9861932191056052
Astro L1-6 FGFR3 PLCG1,FGFR3,0.03700671324796852,2.132710848255275,0.9858503863615202
Astro L1-6 FGFR3 PLCG1,COL5A3,0.04603661199931123,2.478635509871521,0.9855909296619947
Astro L1-6 FGFR3 PLCG1,ATP13A4,0.014570713553575705,2.1195451980225144,0.9808937682527235
Astro L1-6 FGFR3 PLCG1,ATP1A2,0.022787482308742665,2.4489698037752725,0.9799915614096099
Astro L1-6 FGFR3 PLCG1,SLC1A3,0.06922716850755653,3.6453464259783197,0.9671262768312572
Astro L1-6 FGFR3 PLCG1,ARHGAP24,0.04454022392711902,3.413408377203164,0.9543895172089123
Astro L1-6 FGFR3 PLCG1,HPSE2,0.014658832400034886,3.030160348005411,0.9507447506027573
Astro L1-6 FGFR3 PLCG1,ADGRV1,0.05189429481989316,3.603861021335601,0.9473305174260296
Endo L2-5 NOSTRIN SRGN,CLDN5,0.07904367209976892,2.324845672228241,1.0
Endo L2-5 NOSTRIN SRGN,MECOM,0.07691033764706866,3.131758836749512,1.0
Endo L2-5 NOSTRIN SRGN,IFI27,0.04233725136133912,1.7506939779611164,1.0
Endo L2-5 NOSTRIN SRGN,ABCG2,0.05240846433312576,2.433915309207036,1.0
Endo L2-5 NOSTRIN SRGN,EMCN,0.022746668702957478,1.8133236094966372,1.0
Endo L2-5 NOSTRIN SRGN,EPAS1,0.028114152824397984,2.431054300279408,1.0
Endo L2-5 NOSTRIN SRGN,PRKCH,0.03363717977211208,2.6858267024728137,1.0
Endo L2-5 NOSTRIN SRGN,CLEC3B,0.024523128634317295,1.7201040479829723,1.0
Endo L2-5 NOSTRIN SRGN,ATP10A,0.05530327375918047,2.699137555501176,0.9962147056153193
Endo L2-5 NOSTRIN SRGN,ABCB1,0.09668967524455806,3.5664264297132053,0.9934452042717473
VLMC L1-5 PDGFRA COLEC12,COL1A2,0.07993969882119505,2.473233166284644,1.0
VLMC L1-5 PDGFRA COLEC12,COLEC12,0.07805990000517621,3.4168969112457352,1.0
VLMC L1-5 PDGFRA COLEC12,TBX18,0.07647397706955804,2.3389234174340494,1.0
VLMC L1-5 PDGFRA COLEC12,C7,0.020610570925112492,0.7561681228031302,1.0
VLMC L1-5 PDGFRA COLEC12,SRPX2,0.019345454677319348,1.5383985338353794,1.0
VLMC L1-5 PDGFRA COLEC12,COL6A2,0.028313089828407256,1.786013475809242,1.0
VLMC L1-5 PDGFRA COLEC12,ITIH5,0.028444272625161127,2.552086278204223,1.0
VLMC L1-5 PDGFRA COLEC12,DCN,0.04369475592345988,2.625519560451121,0.9833843405016119
VLMC L1-5 PDGFRA COLEC12,ARHGAP29,0.020333790809425597,2.715769114820646,0.9661547520487843
VLMC L1-5 PDGFRA COLEC12,LAMA2,0.10351009949616313,4.432303075430973,0.9472751829374716
Micro L1-6 TYROBP CD74,APBB1IP,0.06642339066339115,2.9293610224708493,1.0
Micro L1-6 TYROBP CD74,P2RY12,0.0565330538256702,3.039062708743365,1.0
Micro L1-6 TYROBP CD74,TBXAS1,0.02183824516756096,2.09820902525162,1.0
Micro L1-6 TYROBP CD74,CSF1R,0.02379727308552676,1.8660467636714246,1.0
Micro L1-6 TYROBP CD74,BLNK,0.023184051778331202,2.021253048838257,1.0
Micro L1-6 TYROBP CD74,ADAM28,0.03255138874689581,2.432604545852799,1.0
Micro L1-6 TYROBP CD74,PTPRC,0.03583754704052139,2.2158406963800283,1.0
Micro L1-6 TYROBP CD74,DOCK8,0.07815369682088419,3.276495103411583,0.9973244400603656
Micro L1-6 TYROBP CD74,ATP8B4,0.037321868926724074,2.4998297449455444,0.9831685131775373
Micro L1-6 TYROBP CD74,SFMBT2,0.02812606022738052,3.2483039030649308,0.8639803819805039
