clusterName,binary_genes,rf_feature_importance,cluster_median,binary_score
Inh L1 LAMP5 PVRL2,LINC00298,0.09515035895574002,1.0810083235910644,0.9529442810686631
Inh L1 LAMP5 PVRL2,LINC00299,0.13205667512519845,2.8561326131664635,0.8894833656576353
Inh L1 LAMP5 PVRL2,LINC00472,0.0553351062652574,0.554260849097082,0.8510487846298795
Inh L1 LAMP5 PVRL2,SLC6A1-AS1,0.06349279772133015,0.6782295094186646,0.8490426607263045
Inh L1 LAMP5 PVRL2,ARHGEF26-AS1,0.08412292291964871,0.7143949084534542,0.8188969678209852
Inh L1 LAMP5 PVRL2,LIPE-AS1,0.052008741549328524,0.4262086781208798,0.7912220270723104
Inh L1 LAMP5 PVRL2,PVT1,0.05640773325000549,0.5400557660058172,0.7623987584644085
Inh L1 LAMP5 PVRL2,MIR4500HG,0.10146469590382894,1.1318208238508758,0.7536338076537508
Inh L1 LAMP5 PVRL2,POT1-AS1,0.05735026185358958,0.554260849097082,0.7232661774735992
Inh L1 LAMP5 PVRL2,DLX6-AS1,0.09515501932620335,1.7934086124318014,0.6931514362419569
Inh L1 LAMP5 RAB11FIP1,LINC00298,0.0964270190006381,1.0841008456357528,0.9530785129057745
Inh L1 LAMP5 RAB11FIP1,LINC00299,0.13259322226554252,2.7929649635193554,0.8869838441349882
Inh L1 LAMP5 RAB11FIP1,TTTY14,0.09412020072501047,1.489382803566453,0.8427652724564938
Inh L1 LAMP5 RAB11FIP1,LINC00472,0.04933538997199229,0.4476786511722224,0.836843277006911
Inh L1 LAMP5 RAB11FIP1,LIPE-AS1,0.04780929713924336,0.5015720990177919,0.8199941807179894
Inh L1 LAMP5 RAB11FIP1,BDNF-AS,0.04406519034931655,0.4048965656041513,0.8108408527212496
Inh L1 LAMP5 RAB11FIP1,ARHGEF26-AS1,0.06168946436578976,0.6219573083728119,0.8102254631146325
Inh L1 LAMP5 RAB11FIP1,LMCD1-AS1,0.07325359352033407,0.9391613560000811,0.7733938854504138
Inh L1 LAMP5 RAB11FIP1,PVT1,0.04727788704189594,0.4364789816245713,0.7327995143050188
Inh L1 LAMP5 RAB11FIP1,DLX6-AS1,0.09908496514300628,1.8848681281827242,0.7066994585776224
Inh L1-6 LAMP5 AARD,LINC00298,0.1145028625904657,0.8902971082126578,0.9462368947149588
Inh L1-6 LAMP5 AARD,RORA-AS1,0.03357610248806073,0.4531100418364147,0.9225807674801815
Inh L1-6 LAMP5 AARD,SLC6A1-AS1,0.05589118657250757,1.051226312183778,0.8945062004266697
Inh L1-6 LAMP5 AARD,LINC00299,0.18109997930662847,2.567133956910376,0.8788324790750635
Inh L1-6 LAMP5 AARD,LINC00472,0.04599920717448473,0.5338100116676586,0.8480788085078609
Inh L1-6 LAMP5 AARD,LIPE-AS1,0.03333003314933026,0.551083465945449,0.8361665660612785
Inh L1-6 LAMP5 AARD,PROX1-AS1,0.02859790299797412,0.43895509782693876,0.8008889610259207
Inh L1-6 LAMP5 AARD,LMCD1-AS1,0.07835629980559901,0.9342236938233848,0.7724898301571991
Inh L1-6 LAMP5 AARD,ADAMTS9-AS2,0.09075128390328349,1.7372413209482827,0.7088255194559903
Inh L1-6 LAMP5 AARD,DLX6-AS1,0.07871123525541608,1.6221447005361793,0.6699703491998581
Inh L1-6 LAMP5 NES,LINC00298,0.08134735320393377,0.5759821873832386,0.9370437166977813
Inh L1-6 LAMP5 NES,SLC6A1-AS1,0.10377623769937466,1.0561545871546332,0.8949614265502371
Inh L1-6 LAMP5 NES,LINC00299,0.15568134424636185,2.201582098467451,0.8659990875614497
Inh L1-6 LAMP5 NES,LINC00472,0.08359498712822444,0.46345291932936405,0.8388848523281319
Inh L1-6 LAMP5 NES,LMCD1-AS1,0.0894394698175678,0.8241035899327172,0.7515552506617428
Inh L1-6 LAMP5 NES,ADAMTS9-AS2,0.12274628416532882,1.7476698167755718,0.710102501760934
Inh L1-6 LAMP5 NES,SOX2-OT,0.1599714227640984,3.3119546540047002,0.6631374419940235
Inh L1-6 LAMP5 NES,DLX6-AS1,0.10752821203757071,1.4701950982701464,0.6502516337010324
Inh L1-6 LAMP5 NES,KLF3-AS1,0.09591468893753972,0.6809895231824766,0.635110326310331
Inh L1-6 LAMP5 CA1,SLC6A1-AS1,0.11957325708738249,0.7880212504576635,0.8650735702133846
Inh L1-6 LAMP5 CA1,LINC00299,0.20506048251955705,1.7549178441625823,0.8537016782722514
Inh L1-6 LAMP5 CA1,ARHGEF26-AS1,0.08623292409496829,0.33841492227581604,0.7978193890989088
Inh L1-6 LAMP5 CA1,PWRN1,0.0972820356513644,0.3595829967083323,0.7531205876078547
Inh L1-6 LAMP5 CA1,ADAMTS9-AS2,0.18450146035514844,1.8384783938013567,0.7216615758913262
Inh L1-6 LAMP5 CA1,KLF3-AS1,0.12194397328815325,0.7028360482983654,0.642809030825064
Inh L1-6 LAMP5 CA1,MIR4500HG,0.08709652551468655,0.43327438680659236,0.6263696183682838
Inh L1-6 LAMP5 CA1,CASC15,0.0983093414887396,0.46244929681395447,0.6125429072694384
Inh L5-6 LAMP5 CRABP1,SFTA3,0.3078705757414313,0.47262088880367176,1.0
Inh L5-6 LAMP5 CRABP1,LINC00298,0.052318053598731096,0.5370986068246081,0.9365079365079365
Inh L5-6 LAMP5 CRABP1,IPO9-AS1,0.02702291392066856,0.39539191164072385,0.9215014193666698
Inh L5-6 LAMP5 CRABP1,ZNF385D-AS2,0.04484586568088564,0.40473311672628715,0.9143782964291516
Inh L5-6 LAMP5 CRABP1,SLC6A1-AS1,0.046507946921945396,1.1569543256085282,0.9041129206904553
Inh L5-6 LAMP5 CRABP1,LINC00299,0.10169592188669915,2.132736064907802,0.863790796149049
Inh L5-6 LAMP5 CRABP1,LIPE-AS1,0.026662193096409794,0.4648346626149201,0.8063949681573759
Inh L5-6 LAMP5 CRABP1,ARHGEF26-AS1,0.02529685432523666,0.4069707545657517,0.7997910449849849
Inh L5-6 LAMP5 CRABP1,SOX2-OT,0.13345555312389631,3.3630418161729345,0.6678909576150858
Inh L5-6 LAMP5 CRABP1,SRGAP2-AS1,0.026363134044173866,0.431508385353185,0.6627613130372243
Inh L3-6 PAX6 LINC01497,SPANXA2-OT1,0.056205692107101995,0.14773170673870492,0.9920634920634921
Inh L3-6 PAX6 LINC01497,MIR7-3HG,0.07475072914768603,0.3964395218187431,0.9815193512516618
Inh L3-6 PAX6 LINC01497,LINC00290,0.059461545108525866,0.4293095924389525,0.9407637522513657
Inh L3-6 PAX6 LINC01497,ZNF385D-AS2,0.07575676354749722,0.4072146074062696,0.9144647867575688
Inh L3-6 PAX6 LINC01497,PRKCA-AS1,0.042472773293719304,0.3961361500593893,0.9121671693189857
Inh L3-6 PAX6 LINC01497,INHBA-AS1,0.04095161349392978,0.3992974775862867,0.8833825297744788
Inh L3-6 PAX6 LINC01497,STARD4-AS1,0.0687680662352818,0.4973199714943136,0.8371366428270783
Inh L3-6 PAX6 LINC01497,LINC00472,0.04525657982016527,0.39128826185279453,0.8310394493995318
Inh L3-6 PAX6 LINC01497,TTTY14,0.030698429153433994,0.9958084036075708,0.7989254204293058
Inh L3-6 PAX6 LINC01497,NR2F2-AS1,0.08391181920027699,1.4263519347815796,0.773882135848868
Inh L1 PAX6 MIR101-1,LINC01539,0.12744277653101016,0.48739022833479684,0.9816018144670274
Inh L1 PAX6 MIR101-1,ADARB2-AS1,0.03595494962552983,0.3622428603908692,0.9710560462499165
Inh L1 PAX6 MIR101-1,ZNF385D-AS2,0.08845624859729902,0.5811794854572249,0.9256535795324623
Inh L1 PAX6 MIR101-1,LINC00472,0.07900893350985826,0.9085463026481722,0.8997554985193105
Inh L1 PAX6 MIR101-1,INHBA-AS1,0.04249808985823198,0.4753677692234082,0.8858206812505387
Inh L1 PAX6 MIR101-1,CHRM3-AS2,0.03759276692840923,0.5001516876731353,0.8623916115589657
Inh L1 PAX6 MIR101-1,TTTY14,0.0354112892510015,1.3647137040506254,0.8293197894412631
Inh L1 PAX6 MIR101-1,POT1-AS1,0.08287002070704835,1.0781714280730923,0.8282890443739914
Inh L1 PAX6 MIR101-1,PVT1,0.07265197561793423,0.7411838598262165,0.8123733796823095
Inh L1 PAX6 MIR101-1,LINC00299,0.056295134251201535,0.677855839837686,0.8027848765250813
Inh L1 PAX6 CHRFAM7A,LINC01539,0.3240949425577544,0.7750116896212662,0.9884297282635265
Inh L1 PAX6 CHRFAM7A,LINC00472,0.10587383345067043,0.5278677304626522,0.8472620341598187
Inh L1 PAX6 CHRFAM7A,TTTY14,0.11144113655981476,1.2958027021951217,0.8219219549667443
Inh L1 PAX6 CHRFAM7A,NR2F2-AS1,0.20846154883993076,1.647738481635633,0.7918520573088543
Inh L1 PAX6 CHRFAM7A,LINC01551,0.11655309342365579,0.5883917494099515,0.685645124622029
Inh L1 PAX6 CHRFAM7A,MIR325HG,0.1335754451681738,1.1876265884853445,0.6491950876312181
Inh L1-6 VIP SLC7A6OS,ENTPD3-AS1,0.0485014836518184,0.3998775832999723,0.9739307079587742
Inh L1-6 VIP SLC7A6OS,LINC01470,0.1455269268686113,1.2347123332505725,0.969846719242128
Inh L1-6 VIP SLC7A6OS,LINC00609,0.06398203688949966,0.354379963571352,0.9523809523809523
Inh L1-6 VIP SLC7A6OS,GNG12-AS1,0.06809287871869187,0.3649158752772246,0.9270196314434034
Inh L1-6 VIP SLC7A6OS,INHBA-AS1,0.05305908722333568,0.5043245743917201,0.8877934274639446
Inh L1-6 VIP SLC7A6OS,FOXG1-AS1,0.048220901021434975,0.4758287483399959,0.8795238960461632
Inh L1-6 VIP SLC7A6OS,LINC00472,0.07448308261015944,0.5576089126488213,0.8515619089094151
Inh L1-6 VIP SLC7A6OS,NEAT1,0.03706371248187558,0.3308211076497732,0.746031746031746
Inh L1-6 VIP SLC7A6OS,NR2F2-AS1,0.05894718794635648,0.8810203703126976,0.7448994343939316
Inh L1-6 VIP SLC7A6OS,LMCD1-AS1,0.03472185430381223,0.7229494566860005,0.7282455876199366
Inh L2 PAX6 FREM2,LINC01162,0.12893308733090705,0.607566730624689,1.0
Inh L2 PAX6 FREM2,LINC01539,0.0665319107992315,0.29819585587031583,0.9761904761904762
Inh L2 PAX6 FREM2,LINC01470,0.12026071065049392,1.3747608715846333,0.9724713522483038
Inh L2 PAX6 FREM2,ADARB2-AS1,0.022065845731812753,0.34420805201303367,0.969980822370996
Inh L2 PAX6 FREM2,ZNF385D-AS2,0.11217711804548121,0.8529604915970459,0.9478241529256171
Inh L2 PAX6 FREM2,GNG12-AS1,0.02316844273400211,0.3631539002742987,0.9268965816468864
Inh L2 PAX6 FREM2,LINC01060,0.020909726596110276,0.34694838562696684,0.8917061577482295
Inh L2 PAX6 FREM2,LINC00472,0.05012148740328047,0.7696847528299959,0.8832346095368658
Inh L2 PAX6 FREM2,FOXG1-AS1,0.022646976560274538,0.44455829209004294,0.8751646330803856
Inh L2 PAX6 FREM2,CHRM3-AS2,0.03694463484068891,0.4615831755800568,0.8530967187681687
Inh L1-2 VIP HTR3A,CPB2-AS1,0.055492053948964046,0.4670096649208402,0.9483242869193831
Inh L1-2 VIP HTR3A,LINC00290,0.0656329885187536,0.4889162838649418,0.9455512711818091
Inh L1-2 VIP HTR3A,PRKCA-AS1,0.0745273896240052,0.6189858853581626,0.9402187477020167
Inh L1-2 VIP HTR3A,EPHA5-AS1,0.0869358829058916,0.6168244255603643,0.9214124555766676
Inh L1-2 VIP HTR3A,LINC01060,0.08021571223603029,0.677061241351044,0.9143461518123658
Inh L1-2 VIP HTR3A,LINC00472,0.12127928152402012,0.8762433946668324,0.8960599626366152
Inh L1-2 VIP HTR3A,PROX1-AS1,0.05121486112731478,0.7928902414872927,0.8258478201928657
Inh L1-2 VIP HTR3A,NR2F2-AS1,0.1311871258641716,1.9881496205919595,0.8236936033708304
Inh L1-2 VIP HTR3A,POT1-AS1,0.05636933312088957,0.7828423261700427,0.7736427423084984
Inh L1-2 VIP HTR3A,ADAMTS9-AS2,0.07283311580667727,1.5981670580608873,0.6939154940324233
Inh L1-2 VIP WNT4,LINC01539,0.09532578803372366,0.3442679926254333,0.9772525902610303
Inh L1-2 VIP WNT4,ADARB2-AS1,0.0432525461972543,0.45823285632302285,0.9771191863421067
Inh L1-2 VIP WNT4,MIR646HG,0.03522570600487827,0.4231992522127576,0.966808717713299
Inh L1-2 VIP WNT4,LINC01470,0.06970855379379622,0.8698468180579948,0.9638567264110544
Inh L1-2 VIP WNT4,CPB2-AS1,0.042780133481338016,0.4040475486547318,0.9442716217153505
Inh L1-2 VIP WNT4,PRKCA-AS1,0.03619378500161986,0.5005349156285701,0.9260885059132373
Inh L1-2 VIP WNT4,ZNF385D-AS2,0.047151400670107986,0.45423787829653917,0.9167467210732924
Inh L1-2 VIP WNT4,LINC01060,0.027975364907042274,0.3789856957606877,0.8941324140897425
Inh L1-2 VIP WNT4,LINC00472,0.04513179410115697,0.6569903439347073,0.867416654380052
Inh L1-2 VIP WNT4,NR2F2-AS1,0.05231534949729427,1.6524842609120811,0.7922902882837214
Inh L1 LAMP5 BMP2,LINC00298,0.08709055422095524,0.972195130895471,0.9487601938111536
Inh L1 LAMP5 BMP2,LINC00299,0.1431677838960021,2.7460167942547393,0.8851873157570352
Inh L1 LAMP5 BMP2,CHRM3-AS2,0.06172072442668616,0.4799721507468099,0.8575086909998306
Inh L1 LAMP5 BMP2,LINC00472,0.050598184826747626,0.5897680719426867,0.8568277406322604
Inh L1 LAMP5 BMP2,SLC6A1-AS1,0.051344945199840834,0.6289166127265631,0.8417317541771753
Inh L1 LAMP5 BMP2,PVT1,0.08127646817731167,0.7694428065247749,0.8189727698708696
Inh L1 LAMP5 BMP2,ARHGEF26-AS1,0.04592224414625103,0.6826408811270569,0.8158072360685461
Inh L1 LAMP5 BMP2,POT1-AS1,0.07843626233567931,0.9579110155628285,0.8076064593123597
Inh L1 LAMP5 BMP2,LIPE-AS1,0.03073833069313418,0.43459944588599947,0.7944867355847884
Inh L1 LAMP5 BMP2,TTTY14,0.032364251637922524,0.5839790300307368,0.7750844349768966
Inh L1 LAMP5 NMBR,LINC00298,0.06750528323852557,0.7561554038037066,0.9423310735626357
Inh L1 LAMP5 NMBR,LINC00299,0.11258788503877515,2.5775959831465007,0.8791954257788833
Inh L1 LAMP5 NMBR,CHRM3-AS2,0.04175956031155986,0.4941972437203863,0.8609248562052404
Inh L1 LAMP5 NMBR,LINC00472,0.03568650303214176,0.5748250809677252,0.8543437662406325
Inh L1 LAMP5 NMBR,ARHGEF26-AS1,0.0680056038786422,0.9230638588800009,0.850999877032344
Inh L1 LAMP5 NMBR,TTTY14,0.04687415032532986,1.3631966075373008,0.8291563375917317
Inh L1 LAMP5 NMBR,PVT1,0.08910875887333024,0.7975555593311043,0.82535373444731
Inh L1 LAMP5 NMBR,PROX1-AS1,0.03500294132585358,0.5369213806686829,0.8053606480535764
Inh L1 LAMP5 NMBR,NR2F2-AS1,0.14953114675549145,1.5684892634902703,0.7846591429879513
Inh L1 LAMP5 NMBR,MIR4500HG,0.07830578287584779,1.133884079460681,0.7539810134430373
Inh L1 PVALB SST ASIC4,GNG12-AS1,0.09045998252016717,0.7313746754898482,0.9589616625527757
Inh L1 PVALB SST ASIC4,ARHGEF26-AS1,0.06074362140892047,0.7306077401882562,0.8210850435227257
Inh L1 PVALB SST ASIC4,PROX1-AS1,0.06273996601101106,0.7047998763838308,0.8158926038970525
Inh L1 PVALB SST ASIC4,NR2F2-AS1,0.14236772743420947,1.843385825321966,0.8104712688158389
Inh L1 PVALB SST ASIC4,ADAMTS9-AS2,0.29654669925174065,2.6143227133117635,0.8017559358405179
Inh L1 PVALB SST ASIC4,TTTY14,0.04188995378751281,0.7796913538273083,0.7877134769644848
Inh L1 PVALB SST ASIC4,NEAT1,0.06600473710675149,0.7362532502265697,0.7738985644891634
Inh L1 PVALB SST ASIC4,LINC01102,0.0661472050191602,0.9521953200786692,0.6841818120231798
Inh L1 PVALB SST ASIC4,MIR325HG,0.0662217389141539,1.405556996969919,0.6755328473613426
Inh L1 PVALB SST ASIC4,SLC8A1-AS1,0.10687836854637285,0.7346445824045831,0.6442057000408622
Inh L1 SST P4HA3,LINC00298,0.08639857941846175,0.9960011910164808,0.9496055180378109
Inh L1 SST P4HA3,LINC00290,0.05276556061185183,0.2377760258165272,0.9285880029969766
Inh L1 SST P4HA3,GNG12-AS1,0.05931411930259249,0.2394003617851266,0.9214191859955202
Inh L1 SST P4HA3,LINC01060,0.07791696715244516,0.7249659558085364,0.9179083032940608
Inh L1 SST P4HA3,LSAMP-AS1,0.037260691879305696,0.2377760258165272,0.9145296372616105
Inh L1 SST P4HA3,INHBA-AS1,0.08260074594430163,0.5379467057031133,0.8908382770214093
Inh L1 SST P4HA3,LINC00299,0.10771915184941956,2.731168268118366,0.8846494110556427
Inh L1 SST P4HA3,CHRM3-AS2,0.03851048533074802,0.21658000416725456,0.7963409938003003
Inh L1 SST P4HA3,PVT1,0.04736266521085875,0.6733887314977174,0.7958935840199997
Inh L1 SST P4HA3,NR2F2-AS1,0.08092334243986689,1.4881963155929028,0.778312193680803
Inh L1 SST DEFB108B,ARHGEF26-AS1,0.09578353026131152,0.8222757965625453,0.8353136635809606
Inh L1 SST DEFB108B,PROX1-AS1,0.07366729717095495,0.6264753283801648,0.8094426305531495
Inh L1 SST DEFB108B,PVT1,0.09244459742184664,0.6322882734297851,0.7861790061330033
Inh L1 SST DEFB108B,NR2F2-AS1,0.11826062779572992,1.5696934700733811,0.7847634582123616
Inh L1 SST DEFB108B,POT1-AS1,0.06840837759527191,0.6880366482135482,0.7518326873235439
Inh L1 SST DEFB108B,ADAMTS9-AS2,0.1272519944643853,1.8954282191032001,0.7288504483118375
Inh L1 SST DEFB108B,LINC01102,0.09300182941753646,1.0297994513881437,0.7077845667215344
Inh L1 SST DEFB108B,MIR325HG,0.07695520491620535,1.346830826378577,0.668100420241936
Inh L1 SST DEFB108B,DLX6-AS1,0.09474351842993213,1.3502442629561615,0.6360296696206756
Inh L1 SST DEFB108B,LINC01122,0.1594830225268259,1.8603422970516719,0.6045217701758748
Inh L1-3 VIP CBLN1,PROX1-AS1,0.057885881449747933,0.8637834902093534,0.8336272759979924
Inh L1-3 VIP CBLN1,SLC6A1-AS1,0.03792328553915437,0.49677528707102026,0.8252836228397352
Inh L1-3 VIP CBLN1,ARHGEF26-AS1,0.04850431661067704,0.7353110223720095,0.8217725604841398
Inh L1-3 VIP CBLN1,NR2F2-AS1,0.09658673675847543,1.5511747250648527,0.7832299417383812
Inh L1-3 VIP CBLN1,POT1-AS1,0.04261248908724645,0.6922060925947189,0.7528494531837966
Inh L1-3 VIP CBLN1,KLF3-AS1,0.07608210996485643,1.0728177301937523,0.7456230288844423
Inh L1-3 VIP CBLN1,LINC00970,0.09997986763020751,1.1400103894095883,0.7354707896628075
Inh L1-3 VIP CBLN1,MIR325HG,0.07185777363913264,1.7787960491654493,0.7251526419169987
Inh L1-3 VIP CBLN1,DLX6-AS1,0.08573762185278958,1.77774118893809,0.690866818752813
Inh L1-3 VIP CBLN1,PTCHD1-AS,0.08049466887730833,0.6768374102403019,0.6803887085763857
Inh L1-2 VIP EXPH5,RORA-AS1,0.0620914637137044,0.5492830651786134,0.9347239073375091
Inh L1-2 VIP EXPH5,PROX1-AS1,0.06783448586528769,0.8685735944618821,0.8341508843506922
Inh L1-2 VIP EXPH5,ARHGEF26-AS1,0.07581686028773643,0.8056883910984423,0.8327401020354185
Inh L1-2 VIP EXPH5,SLC6A1-AS1,0.04370375208533106,0.5591768557112862,0.8323704729402467
Inh L1-2 VIP EXPH5,LINC00970,0.12953789781861813,1.3567384423805326,0.7776323588557983
Inh L1-2 VIP EXPH5,TTTY14,0.034312018584768705,0.5772468426917163,0.7745902228679061
Inh L1-2 VIP EXPH5,POT1-AS1,0.059293708482165995,0.7803210931045855,0.773090878591284
Inh L1-2 VIP EXPH5,NEAT1,0.03588948874999079,0.44090220839812727,0.7480718642181408
Inh L1-2 VIP EXPH5,NR2F2-AS1,0.06335546437185362,0.9593681105822702,0.7475844766415501
Inh L1-2 VIP EXPH5,MIR325HG,0.1022055947002173,1.928759511751003,0.7455818943993612
Inh L1-3 VIP HSPB6,PROX1-AS1,0.13891124858873535,1.0614641798041302,0.8568263838033522
Inh L1-3 VIP HSPB6,ARHGEF26-AS1,0.12323285962807956,0.8330448527880558,0.8370322284467884
Inh L1-3 VIP HSPB6,NR2F2-AS1,0.10589891992270029,1.053204908992504,0.7514546727753546
Inh L1-3 VIP HSPB6,POT1-AS1,0.07400163103693437,0.6688182800090359,0.7473022206147545
Inh L1-3 VIP HSPB6,LINC00970,0.12390201732638978,1.0240243361083703,0.709573224571227
Inh L1-3 VIP HSPB6,MIR325HG,0.12336727780293093,1.6050921459903458,0.7021456154222111
Inh L1-3 VIP HSPB6,LINC01102,0.11473944399638347,0.8584611282271891,0.6554331747979245
Inh L1-3 VIP HSPB6,DLX6-AS1,0.10969144874052042,1.4500661721796013,0.6478203759512847
Inh L1-3 VIP HSPB6,KLF3-AS1,0.0862551529573258,0.6862461185065454,0.6369326654837809
Inh L1-2 VIP PTGER3,MIR181A2HG,0.06831192480518931,0.46904127367278103,0.9871666284394159
Inh L1-2 VIP PTGER3,LINC01060,0.08239670989635454,0.9111069409266179,0.931783636970749
Inh L1-2 VIP PTGER3,INHBA-AS1,0.04956161053626682,0.5245957044208016,0.8893710732871811
Inh L1-2 VIP PTGER3,ZNF790-AS1,0.04081256201580673,0.40025613271467336,0.8313621875710112
Inh L1-2 VIP PTGER3,TTTY14,0.043332389254882246,1.2722969901498151,0.8194254046744996
Inh L1-2 VIP PTGER3,PROX1-AS1,0.0513808389621957,0.6834786548774798,0.8138465308113142
Inh L1-2 VIP PTGER3,POT1-AS1,0.06703537894720818,0.9336557417891979,0.803433026711856
Inh L1-2 VIP PTGER3,PWRN1,0.044882811832940156,0.5272327103421596,0.7933701236850932
Inh L1-2 VIP PTGER3,NR2F2-AS1,0.06261955894081832,1.4194640204871922,0.7734396035340231
Inh L1-2 VIP PTGER3,MIR325HG,0.0705338818796547,1.768172791863232,0.7236920788136233
Inh L1-2 VIP SCML4,LINC00923,0.04875990021420022,0.49075224288455477,0.9886309117983445
Inh L1-2 VIP SCML4,LINC01170,0.078057802599509,0.6064171657847885,0.9603174603174603
Inh L1-2 VIP SCML4,LINC01060,0.08478025095272307,0.8650251969668681,0.9285724000518073
Inh L1-2 VIP SCML4,INHBA-AS1,0.03378913284346634,0.5372858802221276,0.8907528223009148
Inh L1-2 VIP SCML4,MRPL45P2,0.02927465669316649,0.4306589983102157,0.8473459607091121
Inh L1-2 VIP SCML4,TTTY14,0.038497658191693714,1.268183053654701,0.8190198477725905
Inh L1-2 VIP SCML4,PROX1-AS1,0.03310113976046003,0.6198985149520673,0.8091049597541856
Inh L1-2 VIP SCML4,NR2F2-AS1,0.07039505376127489,1.8285022169763687,0.8090577492533959
Inh L1-2 VIP SCML4,PWRN1,0.04049925808332876,0.5585678052060783,0.8008077343469362
Inh L1-2 VIP SCML4,MIR325HG,0.047803964443368846,1.8366341076265953,0.7332183992972358
Inh L1-3 VIP FNDC1,LINC01170,0.11451837735386208,0.903145280043737,0.965309181244869
Inh L1-3 VIP FNDC1,LINC00290,0.04444541426710022,0.4821186454611795,0.9448954714904134
Inh L1-3 VIP FNDC1,GNG12-AS1,0.048705588408573516,0.4507625220397202,0.9338987842926426
Inh L1-3 VIP FNDC1,LINC01060,0.04752065511101345,0.5419294227663951,0.9045556735892274
Inh L1-3 VIP FNDC1,INHBA-AS1,0.052667457478204865,0.5948780634877889,0.8996341194875461
Inh L1-3 VIP FNDC1,PROX1-AS1,0.04520170630675341,0.9041062787735203,0.8383541857236703
Inh L1-3 VIP FNDC1,ARHGEF26-AS1,0.050199308195691246,0.5960466287243016,0.8078756638837715
Inh L1-3 VIP FNDC1,NR2F2-AS1,0.06909141882767005,1.6663062964294715,0.7936182427239677
Inh L1-3 VIP FNDC1,TMEM72-AS1,0.051631144521450074,0.5226453824893502,0.7632836093453049
Inh L1-3 VIP FNDC1,NEAT1,0.04040829819130551,0.5570670377354024,0.7574145766361283
Inh L1-3 VIP CHRNA2,LINC01470,0.08925525408549205,0.5018273716458992,0.9548116642592612
Inh L1-3 VIP CHRNA2,LINC01060,0.07290162278893002,0.6243945271949842,0.910468542930535
Inh L1-3 VIP CHRNA2,INHBA-AS1,0.058530499436780535,0.5955707234434704,0.8997416165867015
Inh L1-3 VIP CHRNA2,FOXG1-AS1,0.04279333881032647,0.5301325644596917,0.8886038511235923
Inh L1-3 VIP CHRNA2,PROX1-AS1,0.04729543313657914,0.637246324533858,0.8101147330732911
Inh L1-3 VIP CHRNA2,NR2F2-AS1,0.10649897566197142,1.7275810292821476,0.7995308163466569
Inh L1-3 VIP CHRNA2,PWRN1,0.043772054872650665,0.5443176290989633,0.7973646823770248
Inh L1-3 VIP CHRNA2,LMCD1-AS1,0.09028502586718071,1.0518589008150532,0.7930787138018562
Inh L1-3 VIP CHRNA2,NEAT1,0.07602397370986927,0.7447087726956989,0.7748437312614201
Inh L1-3 VIP CHRNA2,POT1-AS1,0.03485679305452445,0.5384477495413011,0.7203493044587579
Inh L2 VIP SLC6A16,LINC00836,0.07646224963103174,0.3714386697757438,0.9920634920634921
Inh L2 VIP SLC6A16,MIR181A2HG,0.045583758608516746,0.3813669904716457,0.9842163032126926
Inh L2 VIP SLC6A16,ENTPD3-AS1,0.056217825710885516,0.4696614083927762,0.9766249362087371
Inh L2 VIP SLC6A16,LINC01060,0.06142331217142742,0.5736755452638642,0.9067630429224638
Inh L2 VIP SLC6A16,INHBA-AS1,0.044828809871257404,0.5244684369626733,0.8893596350606962
Inh L2 VIP SLC6A16,FOXG1-AS1,0.03919335534339705,0.45616902445637375,0.8767259856501107
Inh L2 VIP SLC6A16,LINC00472,0.048033268041454164,0.44073660789574365,0.8360235064601427
Inh L2 VIP SLC6A16,NR2F2-AS1,0.14863101960965017,2.002065897465525,0.8249191018088078
Inh L2 VIP SLC6A16,TTTY14,0.038023902394845766,0.5699079117122964,0.7741403691703833
Inh L2 VIP SLC6A16,NEAT1,0.05215170260241278,0.6865754357191827,0.7687324553431893
Inh L1 VIP KLHDC8B,LINC01470,0.1494740459526081,1.3121620305070838,0.9711580529715198
Inh L1 VIP KLHDC8B,EPHA5-AS1,0.08683572248279417,0.6953544654934454,0.9287241653386688
Inh L1 VIP KLHDC8B,FOXG1-AS1,0.05898089644209399,0.6600706050840859,0.9091619190101857
Inh L1 VIP KLHDC8B,INHBA-AS1,0.03921228976571567,0.47703156803560254,0.8859144258591851
Inh L1 VIP KLHDC8B,PROX1-AS1,0.07808655583516556,1.1729141609373184,0.8699410146923843
Inh L1 VIP KLHDC8B,TTTY14,0.042524289158374556,1.281965155944166,0.8204281123319931
Inh L1 VIP KLHDC8B,NR2F2-AS1,0.03210946523261302,0.6068184129849755,0.7371235845634501
Inh L1 VIP KLHDC8B,LMCD1-AS1,0.03197919151106774,0.7051081324200066,0.7240697062522804
Inh L1 VIP KLHDC8B,PTCHD1-AS,0.0979843146182208,0.7093310839279198,0.6852991662268507
Inh L1 VIP KLHDC8B,ADAMTS9-AS2,0.051380184651890315,1.4606578458102555,0.6817075116742206
Inh L3-5 VIP IGDCC3,LINC01470,0.10051014500950221,0.49822517093110896,0.9547144755183398
Inh L3-5 VIP IGDCC3,INHBA-AS1,0.06599529715814431,0.5443785800537813,0.8917961071658091
Inh L3-5 VIP IGDCC3,FOXG1-AS1,0.05882805567347004,0.5339025028703062,0.8892783494192098
Inh L3-5 VIP IGDCC3,PROX1-AS1,0.08839604835608421,1.0502602664238792,0.8555530375723545
Inh L3-5 VIP IGDCC3,ARHGEF26-AS1,0.06933632844631614,0.707735321460438,0.818148896360588
Inh L3-5 VIP IGDCC3,LMCD1-AS1,0.06972290743334035,0.9260916181476369,0.7710495756220108
Inh L3-5 VIP IGDCC3,NR2F2-AS1,0.07453388793142052,0.8740103898882243,0.7446993889708348
Inh L3-5 VIP IGDCC3,PWRN1,0.04216436069139295,0.21362002785074766,0.7364386786740844
Inh L3-5 VIP IGDCC3,MIR325HG,0.09117860955679791,1.651046060823933,0.7083259451249845
Inh L3-5 VIP IGDCC3,ADAMTS9-AS2,0.12419622644186928,1.6895688747639133,0.7033139226051235
Inh L1-5 VIP SMOC1,PROX1-AS1,0.19528608962659869,1.0148775981303673,0.8516238350221907
Inh L1-5 VIP SMOC1,PWRN1,0.14622855450418284,0.6275111738371861,0.819978469700134
Inh L1-5 VIP SMOC1,POT1-AS1,0.13566605455806094,0.6607043977719551,0.745465978192911
Inh L1-5 VIP SMOC1,LMCD1-AS1,0.12326824242717638,0.6105631206535942,0.7029906975093059
Inh L1-5 VIP SMOC1,DLX6-AS1,0.22417754691963754,1.4971987485244957,0.6536721515137752
Inh L1-5 VIP SMOC1,MIR325HG,0.1753735119643436,1.1153571062743366,0.6413778270695493
Inh L3-5 VIP HS3ST3A1,PROX1-AS1,0.10607193597748123,1.0631974584501491,0.8570339157254918
Inh L3-5 VIP HS3ST3A1,PWRN1,0.08674547177587041,0.652747135066837,0.8266314762309412
Inh L3-5 VIP HS3ST3A1,ARHGEF26-AS1,0.07656443499669628,0.7208001519954103,0.8197305152298806
Inh L3-5 VIP HS3ST3A1,TRHDE-AS1,0.11622510108709586,0.639522673783364,0.8187721951758729
Inh L3-5 VIP HS3ST3A1,POT1-AS1,0.0858038438775968,0.8255792266632753,0.7828952971833082
Inh L3-5 VIP HS3ST3A1,LINC00970,0.11445487089656559,1.1252376380762767,0.7322287460940518
Inh L3-5 VIP HS3ST3A1,LINC01551,0.06168325918660962,0.5903940653202945,0.6865228400770194
Inh L3-5 VIP HS3ST3A1,MIR325HG,0.08915459403964568,1.4386299509007288,0.6799412322125548
Inh L3-5 VIP HS3ST3A1,DLX6-AS1,0.09694069309214397,1.4021001612910786,0.6420219503122483
Inh L3-5 VIP HS3ST3A1,ADAMTS9-AS2,0.05367091575172155,0.7081789069172584,0.6335486552466215
Inh L5-6 VIP COL4A3,LINC00298,0.06457979655024115,0.6005826517772184,0.9376719451676004
Inh L5-6 VIP COL4A3,LINC01060,0.049470870378154,0.34786608151562937,0.8917615368354275
Inh L5-6 VIP COL4A3,FOXG1-AS1,0.034806704165920875,0.48918991912594734,0.8815138298828824
Inh L5-6 VIP COL4A3,LINC00299,0.08654380154353392,2.3668895326173245,0.8719386579091171
Inh L5-6 VIP COL4A3,PROX1-AS1,0.04697891433204081,0.6625193989695639,0.8119746680596768
Inh L5-6 VIP COL4A3,POT1-AS1,0.055400540683522306,0.9735955746780143,0.8103223364664591
Inh L5-6 VIP COL4A3,PWRN1,0.055288409630042515,0.5762039441313758,0.805569718356272
Inh L5-6 VIP COL4A3,NEAT1,0.050219542247797296,0.47454029572824724,0.7497487009106405
Inh L5-6 VIP COL4A3,NR2F2-AS1,0.033443431295563396,0.34786608151562937,0.7301587301587301
Inh L5-6 VIP COL4A3,MIR325HG,0.07020011114493353,1.4522913243339088,0.6818320982675634
Inh L1-5 VIP CD27-AS1,EPHA5-AS1,0.08816412844782057,0.7021676643674639,0.9294157614646406
Inh L1-5 VIP CD27-AS1,FOXG1-AS1,0.07170619060883768,0.6403700731629901,0.9063673497615762
Inh L1-5 VIP CD27-AS1,INHBA-AS1,0.05951239533336755,0.531804442607444,0.8901176061889787
Inh L1-5 VIP CD27-AS1,PROX1-AS1,0.07944858370361338,1.132100329031168,0.8652522027310167
Inh L1-5 VIP CD27-AS1,LINC00299,0.09243949686300272,1.4523080374077124,0.8447162152700554
Inh L1-5 VIP CD27-AS1,PWRN1,0.06532966163468493,0.6762368582509524,0.8326535949345962
Inh L1-5 VIP CD27-AS1,SLC6A1-AS1,0.03969399872228376,0.5074091259250326,0.8263399125366939
Inh L1-5 VIP CD27-AS1,ARHGEF26-AS1,0.045915390847585835,0.594805184737209,0.8077894007978188
Inh L1-5 VIP CD27-AS1,POT1-AS1,0.062337509681319875,0.741126367719292,0.7644485107208404
Inh L1-5 VIP CD27-AS1,DLX6-AS1,0.10259887809625004,1.9352717508502577,0.7141055428585591
Inh L2-5 VIP BSPRY,EPHA5-AS1,0.09910533441656792,0.6752882596466446,0.9268420358182724
Inh L2-5 VIP BSPRY,LINC00299,0.10554243511829269,1.9487010482477158,0.8587792217463389
Inh L2-5 VIP BSPRY,ARHGEF26-AS1,0.09523292505900897,0.8769296579935747,0.8439962221255355
Inh L2-5 VIP BSPRY,PROX1-AS1,0.0977260715032602,0.9095196207703202,0.8390328581465724
Inh L2-5 VIP BSPRY,SLC6A1-AS1,0.04587110735387754,0.4775423205678099,0.823680853525897
Inh L2-5 VIP BSPRY,PWRN1,0.06451810405484325,0.5755051526227525,0.8053721834221411
Inh L2-5 VIP BSPRY,POT1-AS1,0.06065830977693539,0.6163872441369918,0.7361008657668772
Inh L2-5 VIP BSPRY,DLX6-AS1,0.12427941907814431,1.9129613237958594,0.7107736788176122
Inh L2-5 VIP BSPRY,MIR325HG,0.09003238878075899,1.3419389503488224,0.6674980836552614
Inh L2-5 VIP BSPRY,KLF3-AS1,0.07334276189558449,0.722485819777083,0.6498932824428346
Inh L2-5 VIP SOX11,LINC00578,0.08454981016845643,0.13604875258009788,1.0
Inh L2-5 VIP SOX11,ADARB2-AS1,0.035481680923023354,0.2693140184547005,0.9682539682539683
Inh L2-5 VIP SOX11,DLGAP1-AS5,0.052289276508208846,0.3377823830314911,0.94301248907482
Inh L2-5 VIP SOX11,PRKCA-AS1,0.048918499099097276,0.4322508372454808,0.9169199777020774
Inh L2-5 VIP SOX11,LINC00472,0.09071513994561342,0.667494037464123,0.8690034314624137
Inh L2-5 VIP SOX11,PROX1-AS1,0.042205092155606874,0.7033769126872785,0.8157449290705789
Inh L2-5 VIP SOX11,POT1-AS1,0.0697447899766153,1.0026736386419426,0.8153627628496102
Inh L2-5 VIP SOX11,PWRN1,0.048824113033840114,0.5642213360554622,0.8022734454433934
Inh L2-5 VIP SOX11,NR2F2-AS1,0.061894842150186556,1.268322579331774,0.7639271709605349
Inh L2-5 VIP SOX11,MIR325HG,0.060558557407791924,1.7541624505306985,0.7218021726867383
Inh L3-6 VIP ZIM2-AS1,ZIM2-AS1,0.05880867832097438,0.49216691049548555,0.9932050407106386
Inh L3-6 VIP ZIM2-AS1,SPANXA2-OT1,0.03317288894550484,0.16162349929332726,0.9927456473338837
Inh L3-6 VIP ZIM2-AS1,ADARB2-AS1,0.025354684830773622,0.34531238442025347,0.9700260627549779
Inh L3-6 VIP ZIM2-AS1,LINC00472,0.06300587344883854,0.8148591518983076,0.888827910393911
Inh L3-6 VIP ZIM2-AS1,MIR4500HG,0.2629472802790641,1.9660200996016544,0.851141694894795
Inh L3-6 VIP ZIM2-AS1,POT1-AS1,0.04043048032590869,1.0030460745717096,0.815428372697496
Inh L3-6 VIP ZIM2-AS1,ARHGEF26-AS1,0.03353603050175234,0.5776067721179461,0.806792510772099
Inh L3-6 VIP ZIM2-AS1,NR2F2-AS1,0.05085497199382993,1.234520252908435,0.7618094558545344
Inh L3-6 VIP ZIM2-AS1,KLF3-AS1,0.049400535469104424,0.9396527739915371,0.7163218757468662
Inh L3-6 VIP ZIM2-AS1,DLX6-AS1,0.052049229968551644,1.8155102742391822,0.6964041058583866
Inh L1-5 VIP PHLDB3,LINC01411,0.1282434582329962,0.6774763879488461,0.9856410430474897
Inh L1-5 VIP PHLDB3,INHBA-AS1,0.051938681209440084,0.6317349234143743,0.9054809925371742
Inh L1-5 VIP PHLDB3,SLC6A1-AS1,0.05878442269847533,0.676028309656457,0.8487061833632001
Inh L1-5 VIP PHLDB3,PROX1-AS1,0.058307862950209254,0.8835417757428103,0.8358849267628724
Inh L1-5 VIP PHLDB3,ARHGEF26-AS1,0.0622816034056603,0.7049009831818713,0.8178644577324229
Inh L1-5 VIP PHLDB3,PWRN1,0.04926888525940628,0.5912768429656281,0.8099192027855275
Inh L1-5 VIP PHLDB3,NR2F2-AS1,0.07262604356613446,1.3421834470080847,0.7686201167080029
Inh L1-5 VIP PHLDB3,MIR325HG,0.08187587177352636,1.9300067133444536,0.7457463034993471
Inh L1-5 VIP PHLDB3,POT1-AS1,0.0428933677327749,0.6540410213114035,0.7440047841456031
Inh L1-5 VIP PHLDB3,DLX6-AS1,0.08009864795210299,1.9135535722848376,0.7108607385525849
Inh L1-5 VIP LINC01013,CDKN2B-AS1,0.04764759124169729,0.4008359659510116,0.9920634920634921
Inh L1-5 VIP LINC01013,LINC00923,0.05186606311602547,0.45294302808834824,0.9876818822930938
Inh L1-5 VIP LINC01013,LINC01411,0.07884022435467247,0.5482332527045102,0.9841269841269841
Inh L1-5 VIP LINC01013,LINC00290,0.07204564459796609,0.5852380811715724,0.9545127512863342
Inh L1-5 VIP LINC01013,EPHA5-AS1,0.033504721410027444,0.5545314719882601,0.915259000151256
Inh L1-5 VIP LINC01013,CHRM3-AS2,0.04905387333447119,0.6083410102704985,0.8863501696415825
Inh L1-5 VIP LINC01013,LINC00472,0.04353100999355579,0.5053658855637295,0.8443484238772803
Inh L1-5 VIP LINC01013,PROX1-AS1,0.03881952199028645,0.7408964924965615,0.8198356647521816
Inh L1-5 VIP LINC01013,NR2F2-AS1,0.0661332628657961,1.7790753075473862,0.804414407781626
Inh L1-5 VIP LINC01013,LMCD1-AS1,0.04844801849389476,0.9845422774272081,0.781644011632981
Inh L3-6 VIP UG0898H09,CDKN2B-AS1,0.07131839285127868,0.5235411355310274,0.9939236143846055
Inh L3-6 VIP UG0898H09,LINC01411,0.13219913221886864,0.883927565491281,0.9889947381768857
Inh L3-6 VIP UG0898H09,LINC00290,0.04219752137692318,0.38782813522577014,0.9378234441217627
Inh L3-6 VIP UG0898H09,CHRM3-AS2,0.05012335889766221,0.5395625851420489,0.8718631452195508
Inh L3-6 VIP UG0898H09,SLC6A1-AS1,0.04216509338451367,0.7356501872105553,0.8577281399455905
Inh L3-6 VIP UG0898H09,ARHGEF26-AS1,0.04958803852367662,0.777259684901864,0.8283641712498003
Inh L3-6 VIP UG0898H09,PROX1-AS1,0.045574576150086116,0.6570134851003232,0.8115296393129717
Inh L3-6 VIP UG0898H09,PWRN1,0.039662290766573974,0.562340042469702,0.8017712647899655
Inh L3-6 VIP UG0898H09,NR2F2-AS1,0.06492279128374702,1.4534455832638156,0.7757300857538806
Inh L3-6 VIP UG0898H09,MIR325HG,0.056395011257744064,1.7525811505126299,0.7215941285522967
Inh L3-5 VIP TAC3,INHBA-AS1,0.05073757811301939,0.5414183089432046,0.89133467058638
Inh L3-5 VIP TAC3,PROX1-AS1,0.056805810330888405,0.7486206740349746,0.8207119238750753
Inh L3-5 VIP TAC3,ARHGEF26-AS1,0.05080595793330798,0.7130762625956948,0.8187381833411711
Inh L3-5 VIP TAC3,NR2F2-AS1,0.11472744263568362,1.5901989684877278,0.7866178513836591
Inh L3-5 VIP TAC3,KLF3-AS1,0.08461219316384284,1.1421700298311563,0.7586592250289212
Inh L3-5 VIP TAC3,LMCD1-AS1,0.042699025080668244,0.6336136542701213,0.7077324944836616
Inh L3-5 VIP TAC3,SOX2-OT,0.2404654037348275,3.7904577101174115,0.7037231968210717
Inh L3-5 VIP TAC3,MIR325HG,0.07379965083292785,1.595896636884475,0.7009324164468692
Inh L3-5 VIP TAC3,DLX6-AS1,0.07940767521857599,1.7507960111413732,0.6872102084319822
Inh L3-5 VIP TAC3,LINC01322,0.15031642941240958,2.4998767296584146,0.6514729108089781
Inh L1-6 SST NPY,DLGAP1-AS5,0.047598619754356426,0.3305562552443615,0.9422230272841479
Inh L1-6 SST NPY,FAM66C,0.047706844489995695,0.4089112136408483,0.9242717417273157
Inh L1-6 SST NPY,LINC00937,0.07534294173727188,0.5664943343304442,0.8877158114972344
Inh L1-6 SST NPY,CASC15,0.20484990649926071,1.3839738560551595,0.865877006692774
Inh L1-6 SST NPY,ERVK13-1,0.03412870034252335,0.3738148567202919,0.8635415849590882
Inh L1-6 SST NPY,PWRN1,0.06675676402245458,0.5518320036722529,0.7991513432283098
Inh L1-6 SST NPY,PTCHD1-AS,0.0943293694765864,1.3424263050159075,0.7800640796930705
Inh L1-6 SST NPY,C2orf27A,0.043843795803455904,0.50756699745218,0.7254365189745821
Inh L1-6 SST NPY,SOX2-OT,0.18818947652329607,3.8388840530578214,0.7074606376704777
Inh L1-6 SST NPY,DIRC3,0.056558975161096786,1.0931753305725824,0.6755322513554903
Inh L3-5 SST CDH3,TRHDE-AS1,0.10394050209935675,0.7621400520468967,0.8266644676203633
Inh L3-5 SST CDH3,ARHGEF26-AS1,0.12230395160564853,0.7381495699573689,0.8222137743489485
Inh L3-5 SST CDH3,NR2F2-AS1,0.13583125330733917,1.2221965432823874,0.761088262931659
Inh L3-5 SST CDH3,LINC00630,0.07448697100735785,0.533722491083053,0.7248214496726821
Inh L3-5 SST CDH3,SATB1-AS1,0.1538635707195618,1.6106122793451645,0.6827488979918241
Inh L3-5 SST CDH3,LINC01102,0.09911857053259486,0.9016643800690305,0.6684670314723271
Inh L3-5 SST CDH3,LINC01122,0.1688740960886004,1.9995451621674152,0.6280330733322855
Inh L3-5 SST CDH3,LINC01322,0.14158108463954067,2.279251538926394,0.6196014715424563
Inh L5 SST RPL35AP11,TRHDE-AS1,0.1776285564944585,0.8107918599242202,0.8305579002035265
Inh L5 SST RPL35AP11,NR2F2-AS1,0.22425346072725166,1.060826471628002,0.7518148532391643
Inh L5 SST RPL35AP11,SATB1-AS1,0.308502603798273,1.6909320062029112,0.6959192751620961
Inh L5 SST RPL35AP11,PTCHD1-AS,0.13511705520079492,0.4794316156370789,0.6586994614590488
Inh L5 SST RPL35AP11,LINC01102,0.154498323779222,0.8236010697379984,0.6455797950096965
Inh L5-6 SST ISX,TRHDE-AS1,0.10971012122467541,0.8768514729322012,0.8372903407639485
Inh L5-6 SST ISX,NR2F2-AS1,0.16028033576024597,0.9904404836945349,0.7487806955701102
Inh L5-6 SST ISX,SATB1-AS1,0.13721182309998736,1.6128109974814646,0.6831056631336005
Inh L5-6 SST ISX,CASC15,0.06877844546794364,0.541964148968126,0.6605706782161997
Inh L5-6 SST ISX,SLC8A1-AS1,0.10967795487904097,0.7127054521107978,0.6366988293549121
Inh L5-6 SST ISX,LINC01102,0.07718128086029445,0.7341313965504678,0.6221188171133378
Inh L5-6 SST ISX,STXBP5-AS1,0.22277892380155107,2.23385586028855,0.6061191709302206
Inh L5-6 SST ISX,KCNMB2-AS1,0.11438111490626106,1.3550417712603355,0.6059794549785404
Inh L5-6 PVALB SST CRHR2,CCNT2-AS1,0.04784177590940922,0.33270911873909403,0.9959173536391659
Inh L5-6 PVALB SST CRHR2,ZIM2-AS1,0.06265834282351056,0.4213760191688358,0.9920634920634921
Inh L5-6 PVALB SST CRHR2,GNG12-AS1,0.06072319738877083,0.44998461831639935,0.9338119530942494
Inh L5-6 PVALB SST CRHR2,RORA-AS1,0.04983173083330689,0.3852789602158303,0.9143373089171684
Inh L5-6 PVALB SST CRHR2,HECTD2-AS1,0.05111837059388949,0.3855501263584795,0.851314956952274
Inh L5-6 PVALB SST CRHR2,SLC6A1-AS1,0.059124507837845494,0.5422763121092913,0.8303616755298509
Inh L5-6 PVALB SST CRHR2,TRHDE-AS1,0.08406519541720262,0.7196839534783858,0.823930073131297
Inh L5-6 PVALB SST CRHR2,NR2F2-AS1,0.11460727998184428,1.0943526827848276,0.7535828049100238
Inh L5-6 PVALB SST CRHR2,NEAT1,0.048113772128226324,0.4755059776214462,0.7498378595290974
Inh L5-6 PVALB SST CRHR2,TMEM72-AS1,0.05541522412327677,0.485941996795049,0.7460045800114663
Inh L3-5 SST OR5AH1P,TRHDE-AS1,0.18374104604751082,0.7836125699212404,0.8282196204848862
Inh L3-5 SST OR5AH1P,NR2F2-AS1,0.14557572155765763,0.556194163750094,0.7355903992159478
Inh L3-5 SST OR5AH1P,SATB1-AS1,0.3109108868008968,1.8006702264816963,0.7129998390232241
Inh L3-5 SST OR5AH1P,ADAMTS9-AS2,0.18966117708986782,1.1520151512479244,0.6586258748179854
Inh L3-5 SST OR5AH1P,LINC01102,0.17011116850406696,0.6741078481532607,0.6082830833999932
Inh L3-5 SST GGTLC3,ADAMTS9-AS2,0.3158342545229536,1.7703088658358155,0.7129978178516225
Inh L3-5 SST GGTLC3,SATB1-AS1,0.4646686191545481,1.6699367258933513,0.6924953470989398
Inh L3-5 SST GGTLC3,LINC01102,0.21949712632249832,0.7633402854165563,0.6296450816179661
Inh L2-3 SST NMU,ADAMTS9-AS2,0.19889943044231326,1.609011382250624,0.6950156046107148
Inh L2-3 SST NMU,NNT-AS1,0.11592696183583984,0.32170504966340163,0.6846258649808865
Inh L2-3 SST NMU,C2orf27A,0.13292161695337656,0.42742546491957273,0.6836658160606949
Inh L2-3 SST NMU,SATB1-AS1,0.25598438018681074,1.4332586660578934,0.6533120715518744
Inh L2-3 SST NMU,KLF3-AS1,0.1708734158709439,0.6925227659283555,0.6391443266642096
Inh L2-3 SST NMU,SRGAP2-AS1,0.12539419471071572,0.34979594180896884,0.6168355126186977
Inh L5-6 SST PAWR,TRHDE-AS1,0.2604140951233407,0.8678150347328069,0.8362572016313575
Inh L5-6 SST PAWR,SATB1-AS1,0.3436322121733149,1.8590200472416372,0.7216689051339787
Inh L5-6 SST PAWR,C2orf27A,0.14644574716653383,0.41713539649984,0.6784075073945032
Inh L5-6 SST PAWR,LINC01102,0.2495079455368106,0.8397104000506408,0.6499278113463748
Inh L5-6 SST PIK3CD,LINC00943,0.17538054290683125,0.40368968971340247,0.9874370376877772
Inh L5-6 SST PIK3CD,TRHDE-AS1,0.17281188260353353,0.7769422378520322,0.8276987527202895
Inh L5-6 SST PIK3CD,C2orf27A,0.1241179563051277,0.519534778602615,0.7313956019853002
Inh L5-6 SST PIK3CD,SATB1-AS1,0.2698429543160144,1.8469182359459715,0.7198451587860201
Inh L5-6 SST PIK3CD,LINC01102,0.14669296433050935,0.7858049542523231,0.6356950309308356
Inh L5-6 SST PIK3CD,CASC15,0.11115369953798365,0.4893608621492762,0.6291057711535274
Inh L1-2 SST CCNJL,KLF3-AS1,0.39172933633643464,1.5021230009797861,0.8130433546402729
Inh L1-2 SST CCNJL,ADAMTS9-AS2,0.1891931029521452,0.8508950355014692,0.6404956881458266
Inh L1-2 SST CCNJL,LINC01122,0.4190775607114202,2.0531688458903723,0.6368593627738646
Inh L1-3 SST FAM20A,ADAMTS9-AS2,0.19524787058351914,1.3686327159953833,0.6749742073526088
Inh L1-3 SST FAM20A,LINC01122,0.38541238422760776,2.01492159219635,0.6305688283939082
Inh L1-3 SST FAM20A,SATB1-AS1,0.2445863855168468,1.306504112822774,0.6303081170879469
Inh L1-3 SST FAM20A,KLF3-AS1,0.1747533596720263,0.663522462775021,0.6292142144334756
Inh L1-2 SST PRRT4,TTTY14,0.13903554194211773,1.1516512570762516,0.8088184893963469
Inh L1-2 SST PRRT4,KLF3-AS1,0.2953348517343863,1.33583632964858,0.7902155697867239
Inh L1-2 SST PRRT4,ADAMTS9-AS2,0.24128616890600213,1.6931654558815592,0.703724974999212
Inh L1-2 SST PRRT4,LINC01122,0.3243434374174939,2.2385532069125125,0.6659086565467883
Inh L5-6 SST BEAN1,OIP5-AS1,0.0665133374475447,0.35917114569992104,0.9631355540736817
Inh L5-6 SST BEAN1,TRHDE-AS1,0.16923780332658797,1.2245250182509495,0.8741572457537184
Inh L5-6 SST BEAN1,LINC01378,0.09748473457829514,0.38630246781875854,0.8175641206193406
Inh L5-6 SST BEAN1,NEAT1,0.11592370226670787,0.7110449535255469,0.7712287178477735
Inh L5-6 SST BEAN1,CKMT2-AS1,0.061869842816530185,0.34318087880148995,0.7540742072572616
Inh L5-6 SST BEAN1,NNT-AS1,0.06370758956345794,0.3901221582524892,0.7114184281215965
Inh L5-6 SST BEAN1,SATB1-AS1,0.12720458346837263,1.541002449876399,0.6715177785938095
Inh L5-6 SST BEAN1,LMCD1-AS1,0.06098030426678281,0.18253876255240517,0.6349206349206349
Inh L5-6 SST BEAN1,OTUD6B-AS1,0.055959128197815816,0.4203341025003732,0.6221587589626845
Inh L5-6 SST BEAN1,KCNMB2-AS1,0.11439982055503915,1.389146456626174,0.6133148092848416
Inh L5-6 SST DNAJC14,OVCH1-AS1,0.052288395435525055,0.28788221255051766,0.9954820761563299
Inh L5-6 SST DNAJC14,LINC01277,0.03694939371924893,0.32039513962634075,0.9622345443795272
Inh L5-6 SST DNAJC14,LINC00886,0.050878713407568735,0.27377655343544827,0.9523832012478642
Inh L5-6 SST DNAJC14,LINC01470,0.06302500178779147,0.3517350554675421,0.9523809523809523
Inh L5-6 SST DNAJC14,LINC00506,0.04219527820464931,0.3132895735703003,0.9457269236886429
Inh L5-6 SST DNAJC14,PTPRG-AS1,0.03413209013071584,0.29057779486984164,0.9116406578988225
Inh L5-6 SST DNAJC14,TRHDE-AS1,0.12981764855240113,1.307683727080649,0.882159884879661
Inh L5-6 SST DNAJC14,CKMT2-AS1,0.044889797179995965,0.5329652080855064,0.8350956960134576
Inh L5-6 SST DNAJC14,ZNF790-AS1,0.04307530895223375,0.3495735868489789,0.8093416900839762
Inh L5-6 SST DNAJC14,ZNF667-AS1,0.03210151558564633,0.33782628635417755,0.7610768648736852
Inh L5-6 SST C4orf26,OIP5-AS1,0.0408958901519304,0.3607895069950859,0.9633009136290405
Inh L5-6 SST C4orf26,SNHG7,0.033437507445791215,0.24503191194949397,0.9297379245274118
Inh L5-6 SST C4orf26,ZNF385D-AS2,0.08531212150188106,0.3190651398882407,0.9126984126984127
Inh L5-6 SST C4orf26,TRHDE-AS1,0.10776127333479504,1.1144598369074983,0.86305537885771
Inh L5-6 SST C4orf26,CHRM3-AS2,0.03388575892620695,0.3190651398882407,0.8116859029144596
Inh L5-6 SST C4orf26,ZNF667-AS1,0.03537450023563594,0.38186079715831917,0.7865835126594098
Inh L5-6 SST C4orf26,PWRN1,0.037763751439989265,0.3121753824219145,0.7441343447035572
Inh L5-6 SST C4orf26,NNT-AS1,0.03435339275088716,0.3828819813713247,0.7083626716705137
Inh L5-6 SST C4orf26,SATB1-AS1,0.08137141904723003,1.5859770020250825,0.6788072113984251
Inh L5-6 SST C4orf26,OTUD6B-AS1,0.045389759388424676,0.49992192642280825,0.6752550661504437
Inh L5-6 SST FBN2,TRHDE-AS1,0.19207398217930508,1.1226822203360183,0.8638839660862623
Inh L5-6 SST FBN2,SATB1-AS1,0.22417447048175188,1.8338576898168628,0.7179064477733272
Inh L5-6 SST FBN2,LINC01102,0.14206422997527385,0.9524434892616545,0.6842578979562859
Inh L5-6 SST FBN2,MIR4500HG,0.15888241288322222,0.6493695046651737,0.6647462496683263
Inh L5-6 SST FBN2,KCNMB2-AS1,0.17876850019989968,1.5418498213969516,0.6453720472265579
Inh L5-6 SST FBN2,SLC8A1-AS1,0.10403640428054736,0.6273087465120527,0.6077961916048219
Inh L5-6 SST KLHL1,GNG12-AS1,0.09537627864522481,0.4328108258275005,0.9322430554197174
Inh L5-6 SST KLHL1,TRHDE-AS1,0.16342917207801777,0.9262604848678782,0.8430062041460094
Inh L5-6 SST KLHL1,MIR4500HG,0.16216049301766167,0.7206986521735026,0.6776275898413623
Inh L5-6 SST KLHL1,SLC8A1-AS1,0.14344854735283,0.8227229964942628,0.6739921318630322
Inh L5-6 SST KLHL1,SATB1-AS1,0.17420248151867845,1.5111668248623524,0.666599350322208
Inh L5-6 SST KLHL1,KCNMB2-AS1,0.1800854014577329,1.5400895908997723,0.6449949172069279
Inh L5-6 SST KLHL1,OTUD6B-AS1,0.08129762592985429,0.39140265604547464,0.6023352438286463
Inh L6 SST TH,LINC00290,0.06907192179057159,0.466856625814715,0.9436129532963641
Inh L6 SST TH,GNG12-AS1,0.03792669815314182,0.3478006330915426,0.9261219510097237
Inh L6 SST TH,TRHDE-AS1,0.12088265234093637,1.1824406925048836,0.869960836657982
Inh L6 SST TH,CHRM3-AS2,0.035044937757101664,0.42433144866102135,0.8436838934947788
Inh L6 SST TH,ZNF790-AS1,0.041579772035765315,0.431034520012044,0.8430197207583036
Inh L6 SST TH,CKMT2-AS1,0.044094516316232645,0.4626563002562596,0.8103629191878764
Inh L6 SST TH,ZNF667-AS1,0.034620631176286436,0.3981083690292899,0.795136330654158
Inh L6 SST TH,PWRN1,0.03535124671834117,0.4093672784077851,0.7654745355154671
Inh L6 SST TH,LINC01551,0.06404955533454862,0.5355970229585749,0.6622838600943567
Inh L6 SST TH,TET2-AS1,0.03572351445871281,0.4755508640835797,0.655427595423052
Inh L5-6 PVALB KCNIP2,KCNIP2-AS1,0.05427351275079278,0.3383765897705768,1.0
Inh L5-6 PVALB KCNIP2,FGF12-AS1,0.030215958810821657,0.2773166978138409,0.9943010268276368
Inh L5-6 PVALB KCNIP2,ZSCAN16-AS1,0.030401744803483094,0.251472607192999,0.9937817257070582
Inh L5-6 PVALB KCNIP2,CBR3-AS1,0.04971647141890983,0.3765500924229992,0.9778357286418047
Inh L5-6 PVALB KCNIP2,STEAP2-AS1,0.0349103399546476,0.42029854108516174,0.9701313666276513
Inh L5-6 PVALB KCNIP2,LINC00886,0.05328084417458593,0.5141779398021873,0.9695268165091941
Inh L5-6 PVALB KCNIP2,LINC01277,0.030855891380721864,0.2986555956843786,0.9606409641393983
Inh L5-6 PVALB KCNIP2,NEAT1,0.06078888350300864,1.584569922040893,0.8377111730001319
Inh L5-6 PVALB KCNIP2,JAZF1-AS1,0.03366199089465925,0.3176101743114959,0.8098301922513218
Inh L5-6 PVALB KCNIP2,TRHDE-AS1,0.04063865487112866,0.2596440162339299,0.8015873015873016
Inh L5-6 PVALB ZFPM2-AS1,ZFPM2-AS1,0.25289458799071834,2.0736878861942696,0.993189763992643
Inh L5-6 PVALB ZFPM2-AS1,CBR3-AS1,0.024038644751192845,0.2792469574767932,0.9728780882910832
Inh L5-6 PVALB ZFPM2-AS1,STEAP2-AS1,0.023885258108255723,0.36970473374825447,0.9673090658331647
Inh L5-6 PVALB ZFPM2-AS1,IDI2-AS1,0.026531920848678937,0.3386694834702238,0.9574326705579173
Inh L5-6 PVALB ZFPM2-AS1,LINC00886,0.027250832406084023,0.27691988127601996,0.9525633509126397
Inh L5-6 PVALB ZFPM2-AS1,SLC26A4-AS1,0.029153758011652382,0.2503530600281491,0.945380564827309
Inh L5-6 PVALB ZFPM2-AS1,PRKCA-AS1,0.02538230819824377,0.33205164211581634,0.9057857112628699
Inh L5-6 PVALB ZFPM2-AS1,SLC6A1-AS1,0.03104882775777074,0.6022973739664608,0.8379900408395394
Inh L5-6 PVALB ZFPM2-AS1,NEAT1,0.045696210953666036,1.4171370466504545,0.8259998713475561
Inh L5-6 PVALB ZFPM2-AS1,DPP10-AS3,0.03923507009565854,0.5160258294815575,0.8161449261682043
Inh L3-5 PVALB ISG20,LINC01193,0.05624340493020672,0.4185640277809413,1.0
Inh L3-5 PVALB ISG20,LINC01182,0.017376073791002897,0.21901423338603138,1.0
Inh L3-5 PVALB ISG20,LINC01473,0.01611066563222912,0.2945067296601751,0.9896946611884149
Inh L3-5 PVALB ISG20,MEG9,0.01980517620998957,0.24487956508002662,0.98044584673549
Inh L3-5 PVALB ISG20,IDI2-AS1,0.037455176560127965,0.6205325329481324,0.9741171961136471
Inh L3-5 PVALB ISG20,STEAP2-AS1,0.015550181184229147,0.44320943333885743,0.9716753704088972
Inh L3-5 PVALB ISG20,LINC00886,0.018874770577553292,0.31475107310631845,0.9554031897095749
Inh L3-5 PVALB ISG20,MEG8,0.020596730018754884,0.28956342565156146,0.9343468387179082
Inh L3-5 PVALB ISG20,PRKCA-AS1,0.01568103314229508,0.5016018741518088,0.9262288414610512
Inh L3-5 PVALB ISG20,SLC6A1-AS1,0.030876353638204575,0.8378045864051483,0.8716762677271791
Inh L5 PVALB LRIG3,RASSF8-AS1,0.027668913293381416,0.1397749870728154,0.9920634920634921
Inh L5 PVALB LRIG3,LINC00504,0.029183227254258846,0.32045727229182924,0.9870460246178309
Inh L5 PVALB LRIG3,CCND2-AS1,0.026185859834105985,0.2767810347179666,0.9850991732101956
Inh L5 PVALB LRIG3,CBR3-AS1,0.026033582012106322,0.23592373409378678,0.9708124274156192
Inh L5 PVALB LRIG3,IDI2-AS1,0.029992564712578003,0.38661355527694075,0.9601233534853296
Inh L5 PVALB LRIG3,LINC00886,0.04236374515578906,0.3703417713919658,0.9597148172720709
Inh L5 PVALB LRIG3,USP2-AS1,0.029126328832032224,0.39491734297517866,0.9443686705668791
Inh L5 PVALB LRIG3,PRKCA-AS1,0.026169949444003766,0.3823189071667289,0.9104269878798605
Inh L5 PVALB LRIG3,NEAT1,0.10080776326016022,1.772998157197871,0.8517453392688457
Inh L5 PVALB LRIG3,SLC6A1-AS1,0.02681656589302624,0.6096030945202237,0.8389804892188402
Inh L2-5 PVALB HHIPL1,LINC00504,0.03578337316197662,0.283110628659349,0.9853371961485051
Inh L2-5 PVALB HHIPL1,IDI2-AS1,0.046902148179661186,0.36885651230118266,0.9589677998034414
Inh L2-5 PVALB HHIPL1,LINC00886,0.03853095006949582,0.27369897686938083,0.9523809523809523
Inh L2-5 PVALB HHIPL1,DLGAP1-AS5,0.040253802078135455,0.34880377269346985,0.9445623869244747
Inh L2-5 PVALB HHIPL1,LSAMP-AS1,0.034245923705701176,0.31999203152321726,0.9280423885865176
Inh L2-5 PVALB HHIPL1,DPP10-AS3,0.09335319342991963,0.8926635308342648,0.8812287214588586
Inh L2-5 PVALB HHIPL1,NEAT1,0.07433470392979014,1.3612205102151278,0.8221124305238066
Inh L2-5 PVALB HHIPL1,SLC6A1-AS1,0.038700530108014886,0.4547304726094316,0.8220022104947571
Inh L2-5 PVALB HHIPL1,NNT-AS1,0.04821887952305183,0.6133070223129315,0.7886913862296228
Inh L2-5 PVALB HHIPL1,TMEM72-AS1,0.04470436174310676,0.4950086410137652,0.7503660616902494
Inh L2-5 PVALB RPH3AL,DLGAP1-AS5,0.049116168146144695,0.31071838248709316,0.9405783038867105
Inh L2-5 PVALB RPH3AL,USP2-AS1,0.04251406626760578,0.265590605022355,0.9269849998574077
Inh L2-5 PVALB RPH3AL,PRKCA-AS1,0.06485503892146267,0.4286159635348558,0.9164173347883734
Inh L2-5 PVALB RPH3AL,IPO9-AS1,0.039094197536329235,0.3374694971034552,0.9105815353532064
Inh L2-5 PVALB RPH3AL,DPP10-AS3,0.12879831516011817,0.6289793016445169,0.8391251968995063
Inh L2-5 PVALB RPH3AL,SLC6A1-AS1,0.056146818388192424,0.44442751232252015,0.82137154935652
Inh L2-5 PVALB RPH3AL,NEAT1,0.13276532628608412,1.0645436966681783,0.803477114913128
Inh L2-5 PVALB RPH3AL,NNT-AS1,0.05926341233040139,0.5650479374644694,0.7748266981203298
Inh L2-5 PVALB RPH3AL,CKMT2-AS1,0.03730532791872977,0.33107532673741613,0.7483598807531276
Inh L2-5 PVALB RPH3AL,TMEM72-AS1,0.04884996476391978,0.44497031383207375,0.7249813911021771
Inh L3 PVALB SAMD13,DLGAP1-AS5,0.04693234541198253,0.31139282281571723,0.940621056584186
Inh L3 PVALB SAMD13,DPP10-AS3,0.12702753108855094,0.7869604140565251,0.8662064487000809
Inh L3 PVALB SAMD13,NEAT1,0.14762573589018652,1.6323050373040635,0.8410645750976875
Inh L3 PVALB SAMD13,SLC6A1-AS1,0.06229994398602937,0.5691474126370171,0.8336386556217226
Inh L3 PVALB SAMD13,NNT-AS1,0.07010643878781785,0.6669431481757768,0.8044084804910678
Inh L3 PVALB SAMD13,LINC01252,0.048565536242329566,0.34448943947862376,0.7392763317767487
Inh L3 PVALB SAMD13,ADAMTS9-AS2,0.09800552176265531,1.5686148521927221,0.6910228776618891
Inh L3 PVALB SAMD13,LMCD1-AS1,0.054410931467682326,0.48113726059861583,0.6764403925634962
Inh L3 PVALB SAMD13,DLGAP1-AS4,0.044858918421615004,0.3082421178109625,0.6662370840816704
Inh L3 PVALB SAMD13,SRGAP2-AS1,0.05163117577756773,0.42529392462911914,0.659197104487238
Inh L1-2 PVALB CDK20,SLC26A4-AS1,0.06550158013773436,0.37354644434388784,0.957130900184083
Inh L1-2 PVALB CDK20,DLGAP1-AS5,0.05407518819474349,0.3763198789889223,0.9486159257868138
Inh L1-2 PVALB CDK20,GNG12-AS1,0.07761166667488854,0.43895509782693876,0.9327471180094836
Inh L1-2 PVALB CDK20,IPO9-AS1,0.05296306315774749,0.35700095909274515,0.9141709893910255
Inh L1-2 PVALB CDK20,PRKCA-AS1,0.05353489556737609,0.3763198789889223,0.9097581871354274
Inh L1-2 PVALB CDK20,DPP10-AS3,0.09672520798349313,0.7269293848696328,0.8564683761289522
Inh L1-2 PVALB CDK20,SLC6A1-AS1,0.051312843957495996,0.3763198789889223,0.8178967036521423
Inh L1-2 PVALB CDK20,TTTY14,0.06307814345865902,1.141734407727598,0.8080540811095267
Inh L1-2 PVALB CDK20,KLF3-AS1,0.13884926100418388,1.3196951797322836,0.7878438454238433
Inh L1-2 PVALB CDK20,CKMT2-AS1,0.04797553232767257,0.38456634963198616,0.7759221688224741
Inh L2 PVALB FRZB,SLC26A4-AS1,0.09794219893287788,0.4244235182929303,0.9622697632947693
Inh L2 PVALB FRZB,GNG12-AS1,0.07047124425986584,0.4782872259414881,0.9372460749416328
Inh L2 PVALB FRZB,HECTD2-AS1,0.056384316919513414,0.40250385858081894,0.8575776705923024
Inh L2 PVALB FRZB,SLC6A1-AS1,0.04890979685564785,0.3556280583275284,0.8174603174603174
Inh L2 PVALB FRZB,KLF3-AS1,0.1370272668995775,1.4107072819740856,0.8009283139249967
Inh L2 PVALB FRZB,CKMT2-AS1,0.052108303724185505,0.4254500238315785,0.7951669773130206
Inh L2 PVALB FRZB,TTTY14,0.05188507131401572,0.9168460914837668,0.7945379369150843
Inh L2 PVALB FRZB,ADAMTS9-AS2,0.12145669249952763,2.0345665754510427,0.7462917013149308
Inh L2 PVALB FRZB,NNT-AS1,0.05950891028595468,0.44294671028662363,0.7335040835793584
Inh L2 PVALB FRZB,SRGAP2-AS1,0.06421924162464027,0.49046269772372797,0.6977020772687087
Inh L1-2 SST CLIC6,TTTY14,0.16861915937264896,1.2232766825154178,0.8147781677064885
Inh L1-2 SST CLIC6,KLF3-AS1,0.24829204210398842,1.1550806340867845,0.7610019141053233
Inh L1-2 SST CLIC6,ADAMTS9-AS2,0.20656164015717945,1.4943160949634589,0.68440770599785
Inh L1-2 SST CLIC6,C2orf27A,0.12514263378586718,0.3298665270908605,0.6434890401771194
Inh L1-2 SST CLIC6,SATB1-AS1,0.251384524580316,1.3692739208863083,0.6419329473124916
Inh L5-6 PVALB GAPDHP60,SLC26A4-AS1,0.08000365431760004,0.3628195215428301,0.9560981023491212
Inh L5-6 PVALB GAPDHP60,LINC00290,0.053117899986720354,0.34273349361317706,0.9348638279252853
Inh L5-6 PVALB GAPDHP60,CKMT2-AS1,0.05021601890177063,0.4817410778008099,0.8175612154778231
Inh L5-6 PVALB GAPDHP60,NNT-AS1,0.06276575028476802,0.5757883878097775,0.7778426139488438
Inh L5-6 PVALB GAPDHP60,NEAT1,0.050135442649463346,0.6517192681783147,0.7654420366190124
Inh L5-6 PVALB GAPDHP60,LINC01551,0.08351007309697214,0.6511409152646295,0.7123385853664446
Inh L5-6 PVALB GAPDHP60,OTUD6B-AS1,0.051185802314475386,0.5602543657224688,0.7095734206562243
Inh L5-6 PVALB GAPDHP60,TMEM72-AS1,0.03633828653152655,0.3798376616800425,0.6923091084068538
Inh L5-6 PVALB GAPDHP60,LINC01322,0.15076132552881913,2.4772860061490505,0.6483670168460224
Inh L5-6 PVALB GAPDHP60,KCNMB2-AS1,0.08098368070513325,1.5352622902224358,0.6440059189034835
Inh L5-6 PVALB FAM150B,CBR3-AS1,0.07820870405765348,0.4589068809667413,0.9818133944497952
Inh L5-6 PVALB FAM150B,NEAT1,0.1248731626801675,1.5327905475866168,0.8341056040347267
Inh L5-6 PVALB FAM150B,NNT-AS1,0.07413850205877034,0.59913672192908,0.7844095539631178
Inh L5-6 PVALB FAM150B,LMCD1-AS1,0.07800562732477154,0.7515386756494871,0.7352297412020505
Inh L5-6 PVALB FAM150B,C2orf27A,0.04708870317551603,0.4633436151985695,0.701922132393856
Inh L5-6 PVALB FAM150B,SRGAP2-AS1,0.06083726257591022,0.49444661432585935,0.6999459485458496
Inh L5-6 PVALB FAM150B,LINC01551,0.10297074972445475,0.5765283659447615,0.6804830512352643
Inh L5-6 PVALB FAM150B,OTUD6B-AS1,0.06199159544459515,0.49444661432585935,0.6718347370392606
Inh L5-6 PVALB FAM150B,TET2-AS1,0.06133978762064857,0.48397430835037064,0.6608722553383795
Inh L5-6 PVALB FAM150B,SATB1-AS1,0.12409375371849089,1.449514856861018,0.656132060906746
Inh L5-6 PVALB MEPE,LINC00886,0.09897408684042144,0.4647602209419502,0.9662866183453476
Inh L5-6 PVALB MEPE,NEAT1,0.15205489475748438,1.4620250724888963,0.829149088688348
Inh L5-6 PVALB MEPE,NNT-AS1,0.09310650825106735,0.6001184360045012,0.7846973159402296
Inh L5-6 PVALB MEPE,OTUD6B-AS1,0.08554406440139692,0.5459933316303587,0.7019876442202576
Inh L5-6 PVALB MEPE,SRGAP2-AS1,0.07235518339053709,0.47481850376588763,0.6887880054188028
Inh L5-6 PVALB MEPE,ADAMTS9-AS2,0.09659888959126521,0.5399980907173354,0.6306495541741627
Inh L5-6 PVALB MEPE,SATB1-AS1,0.14316766548561363,1.294671503600922,0.628089897236023
Inh L5-6 PVALB MEPE,C2orf27A,0.07052253160085013,0.2009076893059742,0.626984126984127
Inh L5-6 PVALB MEPE,MIR325HG,0.10692291682965391,0.9731604080957872,0.6241295886512401
Inh L5-6 PVALB MEPE,CASC15,0.08075325885171007,0.4684129858166829,0.6162187066792837
Inh L1-6 PVALB COL15A1,IDI2-AS1,0.06495828745423182,0.46779154678073964,0.9656660707831768
Inh L1-6 PVALB COL15A1,RORA-AS1,0.07590992029748811,0.69132716328557,0.9481359128286915
Inh L1-6 PVALB COL15A1,ZNF385D-AS2,0.11667811613130666,0.6523767202189334,0.9317818450739281
Inh L1-6 PVALB COL15A1,DPP10-AS3,0.10397858002665608,0.8792630162864291,0.8794185733956799
Inh L1-6 PVALB COL15A1,MIR4500HG,0.2611850914537396,1.7107173318432713,0.8289264892674386
Inh L1-6 PVALB COL15A1,TTTY14,0.03615289699899399,0.9800590104337599,0.797989875435982
Inh L1-6 PVALB COL15A1,NEAT1,0.07123628136701146,0.6652402958707342,0.7666606193843526
Inh L1-6 PVALB COL15A1,NNT-AS1,0.03035652466950259,0.4673148313472405,0.7428481677222912
Inh L1-6 PVALB COL15A1,TMEM72-AS1,0.03202219350959638,0.42236227014855904,0.7132516446550637
Inh L1-6 PVALB COL15A1,C2orf27A,0.037171516655872434,0.4808420685601479,0.7114997565443366
Exc L2 LAMP5 KCNG3,CYP1B1-AS1,0.061165263062854434,0.427982674089231,0.9761689554286109
Exc L2 LAMP5 KCNG3,SCHLAP1,0.05461511798092977,0.4864954368756621,0.9709306920529006
Exc L2 LAMP5 KCNG3,MIR646HG,0.05002516008317391,0.4539260310479661,0.9685182426422835
Exc L2 LAMP5 KCNG3,LINC01378,0.06724986854314667,1.4770695603503,0.8837522430029731
Exc L2 LAMP5 KCNG3,LY86-AS1,0.0738197624083981,1.5664728801008745,0.8625515287219796
Exc L2 LAMP5 KCNG3,PVT1,0.06248717452727845,0.6867099213911082,0.799195143454693
Exc L2 LAMP5 KCNG3,LINC01106,0.04392205638754158,0.5374534187737416,0.7611369438101592
Exc L2 LAMP5 KCNG3,MIR4500HG,0.07967483518781057,1.112605621850674,0.7504754887871793
Exc L2 LAMP5 KCNG3,ADAMTS9-AS2,0.14058175585429358,1.739946893415401,0.7091425365378543
Exc L2 LAMP5 KCNG3,PART1,0.04333234725996477,0.8305872887709751,0.7005622452893011
Exc L2 LINC00507 ATP7B,LINC01378,0.0731326700418035,1.6307004374748284,0.8917132846943271
Exc L2 LINC00507 ATP7B,LY86-AS1,0.06597405005337768,1.2019698691243415,0.825037312971405
Exc L2 LINC00507 ATP7B,CASC2,0.04921908946366065,0.43438321647642797,0.815328786444846
Exc L2 LINC00507 ATP7B,CHRM3-AS2,0.04190383053292183,0.25618200384973194,0.8012105496302192
Exc L2 LINC00507 ATP7B,PVT1,0.07479887642720492,0.6770215368628673,0.7967758601477876
Exc L2 LINC00507 ATP7B,THAP9-AS1,0.043487738281934155,0.3324081082004175,0.7777717543342229
Exc L2 LINC00507 ATP7B,PTCHD1-AS,0.07186464338194154,1.0909120045293679,0.7450452588044327
Exc L2 LINC00507 ATP7B,DLGAP1-AS4,0.05430092842100886,0.7362166747601377,0.7261546347546614
Exc L2 LINC00507 ATP7B,MIR4500HG,0.07680054243740742,0.967755918787959,0.7247154300820671
Exc L2 LINC00507 ATP7B,CKMT2-AS1,0.04533832959366998,0.25618200384973194,0.7174371367041485
Exc L2 LINC00507 GLRA3,LINC00508,0.0831168158075864,0.38837722074018105,0.9875361328240919
Exc L2 LINC00507 GLRA3,LINC00507,0.22985391597846094,1.0096693108926782,0.9756073316328757
Exc L2 LINC00507 GLRA3,LINC01378,0.22401659708466515,2.0265582041203163,0.9114966930091559
Exc L2 LINC00507 GLRA3,LY86-AS1,0.0652739489476789,1.3492569044890816,0.8417014835029943
Exc L2 LINC00507 GLRA3,CHRM3-AS2,0.02302312562407287,0.37788839068881386,0.8303248596328038
Exc L2 LINC00507 GLRA3,TTTY14,0.01864095407577084,1.0862122614641911,0.8044313164875377
Exc L2 LINC00507 GLRA3,LINC01106,0.0269056639209543,0.5621777665803813,0.7710370639968761
Exc L2 LINC00507 GLRA3,PVT1,0.029416951995243468,0.5345112355470536,0.7608396873814794
Exc L2 LINC00507 GLRA3,DLGAP1-AS4,0.02151951764339362,0.7151243843843962,0.7215180699017666
Exc L2 LINC00507 GLRA3,PART1,0.031335388401076955,0.9722903726774292,0.7159046157335275
Exc L2-3 RORB RTKN2,SCHLAP1,0.05333477003358066,0.5130487992678304,0.9719588154319297
Exc L2-3 RORB RTKN2,LINC00507,0.03589287147762357,0.5977347460390325,0.9622411745818118
Exc L2-3 RORB RTKN2,RMST,0.14048560986056158,1.6367615705088934,0.941770598533641
Exc L2-3 RORB RTKN2,LINC01378,0.03674098467648708,1.4531024271538693,0.8824893941305889
Exc L2-3 RORB RTKN2,LY86-AS1,0.035942782179846686,1.1637038516184557,0.8208498782317746
Exc L2-3 RORB RTKN2,TTTY14,0.025763103858120466,1.1383587403601636,0.8078143751072806
Exc L2-3 RORB RTKN2,MIR31HG,0.02702697896990587,0.400218169799049,0.7769247631596602
Exc L2-3 RORB RTKN2,LINC01106,0.028804284586512324,0.542170289124343,0.7630079051133232
Exc L2-3 RORB RTKN2,DLGAP1-AS4,0.03222461477957153,0.8864469328182061,0.7585859484184753
Exc L2-3 RORB RTKN2,PTCHD1-AS,0.051772308785969764,1.0923517097380868,0.745266223459651
Exc L2-3 LINC00507 DSG3,LINC00508,0.028026441403697203,0.34437790428028003,0.9859436914119953
Exc L2-3 LINC00507 DSG3,LINC00507,0.041959264450971076,0.7660240496621115,0.9678488832407658
Exc L2-3 LINC00507 DSG3,IL12A-AS1,0.045266012543948804,0.44379598138888676,0.9432105615496413
Exc L2-3 LINC00507 DSG3,PRKCA-AS1,0.038139887233951404,0.3593221141899725,0.9081173506263146
Exc L2-3 LINC00507 DSG3,LINC01378,0.04188375967040051,1.761952669237298,0.8985020424681662
Exc L2-3 LINC00507 DSG3,MIR31HG,0.0833860490285397,0.9019910744744268,0.8260075789818047
Exc L2-3 LINC00507 DSG3,PVT1,0.03272194039476739,0.6395509374262053,0.787886123496709
Exc L2-3 LINC00507 DSG3,LY86-AS1,0.04832537677018261,0.6472012851003346,0.7700935057171279
Exc L2-3 LINC00507 DSG3,DLGAP1-AS4,0.03279066217021285,0.858021148618733,0.7524139997895619
Exc L2-3 LINC00507 DSG3,PART1,0.03102046600157716,1.0680069225135758,0.7316047175852871
Exc L3 LAMP5 CARM1P1,MIR3976HG,0.04746116548636308,0.2436429608343601,0.9942383081979114
Exc L3 LAMP5 CARM1P1,BHLHE40-AS1,0.02751720572437468,0.2513938186039282,0.9894420792991551
Exc L3 LAMP5 CARM1P1,LINC00507,0.03418493340641086,0.36621992847075446,0.9535450171427173
Exc L3 LAMP5 CARM1P1,IL12A-AS1,0.03899122904369803,0.3434674762038429,0.9341592535678634
Exc L3 LAMP5 CARM1P1,LINC01378,0.048809028446000824,1.0195329111005926,0.8549811283290717
Exc L3 LAMP5 CARM1P1,LINC00937,0.033856477990257504,0.3742254878558464,0.8439826677638196
Exc L3 LAMP5 CARM1P1,LY86-AS1,0.03346900157421338,1.1062028448827654,0.8148509487347597
Exc L3 LAMP5 CARM1P1,MIR31HG,0.08228467386362615,0.7739924715127521,0.8139705488559617
Exc L3 LAMP5 CARM1P1,PVT1,0.05209159858420091,0.6614760035521139,0.7930753541277638
Exc L3 LAMP5 CARM1P1,PART1,0.02381021211619226,1.0023977788475256,0.7201807795607597
Oligo L2-6 OPALIN MAP6D1,LINC00639,0.11577256241831063,0.6381505836973642,0.9761904761904762
Oligo L2-6 OPALIN MAP6D1,LINC00507,0.05552276058284547,0.6888500515293252,0.9651360458505059
Oligo L2-6 OPALIN MAP6D1,LINC01170,0.07901281781054707,0.6318339957472219,0.9606367227725917
Oligo L2-6 OPALIN MAP6D1,LINC00609,0.09094127081783855,0.9954354693724272,0.9574920241340414
Oligo L2-6 OPALIN MAP6D1,CPB2-AS1,0.03758198735274736,0.41879519440883617,0.9451161470485577
Oligo L2-6 OPALIN MAP6D1,LINC01378,0.08144135251354555,1.6518727738329648,0.8927960433312389
Oligo L2-6 OPALIN MAP6D1,LY86-AS1,0.04664955845707512,0.9498695201283919,0.8005642289528903
Oligo L2-6 OPALIN MAP6D1,LINC01106,0.03767381767132802,0.5508655344340468,0.7664982026805051
Oligo L2-6 OPALIN MAP6D1,NEAT1,0.043984311806536884,0.4669785846553812,0.7492874814446663
Oligo L2-6 OPALIN MAP6D1,PVT1,0.034055838713941564,0.48321125196132936,0.7457453766188287
Exc L2-3 RORB CCDC68,RORB-AS1,0.07571888577945081,0.3441179985742657,1.0
Exc L2-3 RORB CCDC68,IL12A-AS1,0.031731501811290655,0.34047399995932726,0.9339990468485891
Exc L2-3 RORB CCDC68,RMST,0.13365430404507692,1.2108957174188069,0.929963294821455
Exc L2-3 RORB CCDC68,LINC01202,0.039756122608659315,0.5680311984889272,0.9263246984072325
Exc L2-3 RORB CCDC68,RORA-AS1,0.02577808615102142,0.34587301090591877,0.9095335836387096
Exc L2-3 RORB CCDC68,TRHDE-AS1,0.1501453685010494,0.8499734472676417,0.8343443663279658
Exc L2-3 RORB CCDC68,LINC01378,0.05516462231263379,0.584270651509321,0.8266031723847586
Exc L2-3 RORB CCDC68,DLGAP1-AS4,0.057201179094291205,1.051498789143518,0.7939539752180123
Exc L2-3 RORB CCDC68,MIR31HG,0.026852962788207185,0.44034973257967847,0.780764005197722
Exc L2-3 RORB CCDC68,LY86-AS1,0.03152173697584384,0.563348302867583,0.7646104854018143
Exc L2-3 RORB PTPN3,RMST,0.11170283908659887,1.3743953892962604,0.9337362696545863
Exc L2-3 RORB PTPN3,LINC01202,0.0729666708381696,0.5407209597962132,0.9242069732719664
Exc L2-3 RORB PTPN3,LINC01378,0.06981985095602489,1.2674766082226734,0.8722535620430891
Exc L2-3 RORB PTPN3,TRHDE-AS1,0.08283975533636287,0.5392812265798459,0.8124879473731201
Exc L2-3 RORB PTPN3,LY86-AS1,0.06269445907194662,0.7334402298793634,0.777321499611354
Exc L2-3 RORB PTPN3,MIR31HG,0.05183065490744916,0.2705346026426618,0.7698412698412699
Exc L2-3 RORB PTPN3,STARD4-AS1,0.05665642452590003,0.3248915797948623,0.7692488761482124
Exc L2-3 RORB PTPN3,DLGAP1-AS4,0.0826226749591976,0.908281238455652,0.7635869941352629
Exc L2-3 RORB PTPN3,LINC01106,0.06139700596445587,0.3797326947092754,0.6961116271503812
Exc L2-3 RORB PTPN3,PART1,0.07062588013801412,0.7527297003337601,0.6943196450590966
Exc L3 THEMIS ENPEP,LINC00320,0.04219099930846956,0.2253145566351496,0.9693460794655395
Exc L3 THEMIS ENPEP,SCHLAP1,0.04197323688185634,0.32241648371707626,0.9682539682539683
Exc L3 THEMIS ENPEP,AQP4-AS1,0.03016163205196895,0.1828531062731656,0.9606869089570116
Exc L3 THEMIS ENPEP,LINC01202,0.030951845136218813,0.3986176737033533,0.9113339392594378
Exc L3 THEMIS ENPEP,LINC01378,0.03569356105970117,0.6752093344065768,0.8328541373078185
Exc L3 THEMIS ENPEP,JAZF1-AS1,0.030395675232763292,0.36679723750098253,0.8286260976603763
Exc L3 THEMIS ENPEP,MIR31HG,0.04973412633936553,0.8114629923865032,0.8174075555016834
Exc L3 THEMIS ENPEP,LY86-AS1,0.04045938964298609,0.677331171875118,0.7723897917450542
Exc L3 THEMIS ENPEP,LINC00299,0.03705291675193698,0.34478302047422604,0.7643637655532111
Exc L3 THEMIS ENPEP,PVT1,0.030035899323863375,0.46527506687517994,0.740439816572531
Exc L3-5 RORB TNNT2,SCHLAP1,0.07420402323925541,0.8126005022234908,0.9822957332252062
Exc L3-5 RORB TNNT2,LINC01435,0.03791216285447728,0.29783023865712294,0.9556109509698459
Exc L3-5 RORB TNNT2,LINC01202,0.05091199242709618,0.7382921132961947,0.9378244730764289
Exc L3-5 RORB TNNT2,RMST,0.03135411195670556,0.7001704264664624,0.9206349206349206
Exc L3-5 RORB TNNT2,LSAMP-AS1,0.02795003721186225,0.27606588721500447,0.9187396852963986
Exc L3-5 RORB TNNT2,LINC01378,0.02755035224582478,0.6955558529408571,0.8342611153407726
Exc L3-5 RORB TNNT2,LY86-AS1,0.03308217988931968,1.0636423407203375,0.8108744098682681
Exc L3-5 RORB TNNT2,MIR31HG,0.039478930712209495,0.6910289316836694,0.8068816863234962
Exc L3-5 RORB TNNT2,LINC00299,0.04799619171630093,0.3968066218272769,0.7723655462695701
Exc L3-5 RORB TNNT2,DLGAP1-AS4,0.033798802082443076,0.8848733248506992,0.7582413144988688
Exc L3-5 RORB LAMA4,RMST,0.090014047794328,1.3463398366959545,0.9330169764402718
Exc L3-5 RORB LAMA4,LINC01202,0.04881277608560754,0.38294881448921514,0.9097517828063542
Exc L3-5 RORB LAMA4,MIR31HG,0.10365632542866247,0.908346000247837,0.8266140811443659
Exc L3-5 RORB LAMA4,RFPL1S,0.041012404867526116,0.31442757410182715,0.8133830183581552
Exc L3-5 RORB LAMA4,LY86-AS1,0.04729699452608342,0.7232342952321449,0.7763070951757123
Exc L3-5 RORB LAMA4,DLGAP1-AS4,0.05450928177321882,0.8018545918156332,0.7405930407579104
Exc L3-5 RORB LAMA4,LINC01252,0.0450128832350515,0.3442931878659616,0.7391865267524876
Exc L3-5 RORB LAMA4,LINC01106,0.044802486472063995,0.4327352770580928,0.7180440295682609
Exc L3-5 RORB LAMA4,TMEM72-AS1,0.04967976890183016,0.4203990767745234,0.7122599514585118
Exc L3-5 RORB LAMA4,NNT-AS1,0.054430246386641186,0.372768638079256,0.7043051001056133
Exc L5 THEMIS VILL,LINC00320,0.049733484770802,0.31093728604338927,0.974310671828373
Exc L5 THEMIS VILL,SNAP25-AS1,0.033401537831770634,0.24112530748527783,0.9566988770082885
Exc L5 THEMIS VILL,LSAMP-AS1,0.03947433054841088,0.27545083216105515,0.9186468461480901
Exc L5 THEMIS VILL,JAZF1-AS1,0.03405832210750707,0.3745351031949666,0.832002701339118
Exc L5 THEMIS VILL,MIR31HG,0.05639037378755235,0.7762888878443017,0.814168694385998
Exc L5 THEMIS VILL,LY86-AS1,0.04535770258873957,1.0618228528714866,0.8107135288365065
Exc L5 THEMIS VILL,RFPL1S,0.03186887059168929,0.2876947991311737,0.8014052191176353
Exc L5 THEMIS VILL,DLGAP1-AS4,0.036130839291444145,0.7546009595372123,0.7303126733224272
Exc L5 THEMIS VILL,PART1,0.04071271943460313,0.9079916117047813,0.7079791495939664
Exc L5 THEMIS VILL,TMEM72-AS1,0.04339124363616526,0.3797366236276654,0.6922610270304171
Exc L3 RORB OTOGL,RMST,0.37737611391313597,2.182114167875039,0.9559920846553801
Exc L3 RORB OTOGL,LINC01202,0.08598889735772604,0.8733934678412925,0.9458805090460132
Exc L3 RORB OTOGL,STARD4-AS1,0.029823616797068464,0.452255515227421,0.8209083197006978
Exc L3 RORB OTOGL,LINC01378,0.04054451368403046,0.381249941340006,0.8174603174603174
Exc L3 RORB OTOGL,TRHDE-AS1,0.0391083222571337,0.47014244320234083,0.8082553043601529
Exc L3 RORB OTOGL,LIPE-AS1,0.03162858191004931,0.41764165471612635,0.7879161971355371
Exc L3 RORB OTOGL,MIR31HG,0.03598334076361704,0.4423399322455391,0.7810005279524254
Exc L3 RORB OTOGL,LY86-AS1,0.035022908325344944,0.7636694382445829,0.7804811604907536
Exc L3 RORB OTOGL,DPP10-AS3,0.04889405802796162,0.34697606474824005,0.7747406717951453
Exc L3 RORB OTOGL,DLGAP1-AS4,0.042141848854214944,0.890932486232088,0.7596016005423673
Exc L3-5 RORB LINC01202,SCHLAP1,0.07512562531742246,0.4907377852991388,0.9710447718538722
Exc L3-5 RORB LINC01202,LINC01202,0.11993952849267317,0.975462531616254,0.9515433875212103
Exc L3-5 RORB LINC01202,MIR31HG,0.13320996153689055,1.1061434520539568,0.8484205402070468
Exc L3-5 RORB LINC01202,TRHDE-AS1,0.05191640048092068,0.4587365999259698,0.8078027054497967
Exc L3-5 RORB LINC01202,LY86-AS1,0.055287279375623825,0.7964231043930159,0.7841270180627659
Exc L3-5 RORB LINC01202,LINC01106,0.055788477007010284,0.53515578825692,0.7602477104198873
Exc L3-5 RORB LINC01202,TMEM72-AS1,0.07472748547675336,0.5136279106950852,0.7591277149098171
Exc L3-5 RORB LINC01202,DLGAP1-AS4,0.06098785772049557,0.5935939712599752,0.6972755633825976
Exc L3-5 RORB LINC01202,PART1,0.06586374483276508,0.6008447985488746,0.6820504905475765
Exc L3-5 RORB LINC01202,WAC-AS1,0.05330251825133941,0.4417336590435269,0.6754242843620707
Exc L5 THEMIS SLC22A18,OVCH1-AS1,0.0436159104789722,0.16387936894356053,0.9920634920634921
Exc L5 THEMIS SLC22A18,MIR3976HG,0.03137150017477943,0.17687825190956813,0.9920634920634921
Exc L5 THEMIS SLC22A18,CCDC144NL-AS1,0.02714607151275311,0.2450183057109061,0.9920634920634921
Exc L5 THEMIS SLC22A18,MIR22HG,0.018006682572316596,0.19475789485996672,0.9816208729235958
Exc L5 THEMIS SLC22A18,LINC00320,0.03021655742315389,0.1943099189027862,0.9682539682539683
Exc L5 THEMIS SLC22A18,LINC01435,0.04501078052999573,0.29188257549786056,0.9550791270734762
Exc L5 THEMIS SLC22A18,IL12A-AS1,0.01883476866549708,0.23305985422634218,0.9291849038752114
Exc L5 THEMIS SLC22A18,MEG8,0.020461374708922852,0.2431191369428733,0.9239300882255872
Exc L5 THEMIS SLC22A18,LINC01202,0.01767781862485984,0.36510785060081985,0.9084443456444397
Exc L5 THEMIS SLC22A18,DPP10-AS3,0.09629859074623319,0.6403242398005922,0.8412724195845317
Exc L5-6 THEMIS TNFAIP6,LINC01435,0.04572459196321553,0.21811145265724763,0.9523809523809523
Exc L5-6 THEMIS TNFAIP6,LINC01378,0.04969719442896354,1.0560048276121123,0.8577968720298594
Exc L5-6 THEMIS TNFAIP6,LINC00299,0.07395307973784876,0.6556889121898567,0.8009471919142312
Exc L5-6 THEMIS TNFAIP6,DPP10-AS3,0.05903452034200758,0.4280209374627926,0.7946458653059936
Exc L5-6 THEMIS TNFAIP6,LY86-AS1,0.04003908908478,0.779697378559123,0.7822202133735134
Exc L5-6 THEMIS TNFAIP6,STARD4-AS1,0.037950341070336825,0.32740033683708414,0.7700333403654763
Exc L5-6 THEMIS TNFAIP6,PVT1,0.04189150505187329,0.4511994269016715,0.7365973037987074
Exc L5-6 THEMIS TNFAIP6,PTCHD1-AS,0.04845522887303318,1.0024342059977878,0.7315947181213627
Exc L5-6 THEMIS TNFAIP6,PART1,0.04942478717710871,1.029326198492187,0.7246059687584792
Exc L5-6 THEMIS TNFAIP6,DLGAP1-AS4,0.03905270477545581,0.6852126110479009,0.7149046949074039
Exc L3-5 RORB LNX2,LINC01202,0.050906887100788965,0.3572329676906839,0.9081451118616793
Exc L3-5 RORB LNX2,RORA-AS1,0.03665179685118386,0.26508779106378294,0.9014332648985968
Exc L3-5 RORB LNX2,LINC01378,0.05170652568512334,0.9946832590045078,0.8532071769878657
Exc L3-5 RORB LNX2,STARD4-AS1,0.037876093580661505,0.39490154389274157,0.7967330390427579
Exc L3-5 RORB LNX2,DPP10-AS3,0.09401020364169109,0.4139757977760731,0.7909099098124233
Exc L3-5 RORB LNX2,LY86-AS1,0.046567255942448836,0.4581793770120819,0.7588242998910463
Exc L3-5 RORB LNX2,PTCHD1-AS,0.05246862210774502,0.9877831102316033,0.7293794004074997
Exc L3-5 RORB LNX2,PART1,0.0518219375683788,0.9583760335350948,0.7140844802087135
Exc L3-5 RORB LNX2,LINC01106,0.03427720352501985,0.4061161661003617,0.7067164841733243
Exc L3-5 RORB LNX2,TMEM72-AS1,0.04209404302582571,0.3950595923634103,0.6998187321951018
Exc L3-5 RORB RPRM,PRKAG2-AS1,0.05128554483245976,0.306779041565686,0.9166593245574833
Exc L3-5 RORB RPRM,FGD5-AS1,0.05038196404585149,0.28486021855324,0.9094319369371303
Exc L3-5 RORB RPRM,RFPL1S,0.07323484489795778,0.44472890242636703,0.8654805906872298
Exc L3-5 RORB RPRM,MIR31HG,0.07008360286694468,0.6574164187853088,0.8039061442288059
Exc L3-5 RORB RPRM,ZNF667-AS1,0.04496668933817568,0.3481474541129019,0.7674541157866434
Exc L3-5 RORB RPRM,LY86-AS1,0.05557479804399601,0.5907530981570539,0.7663258248239534
Exc L3-5 RORB RPRM,LINC01106,0.05750885025068074,0.5166254781680967,0.7530716134953971
Exc L3-5 RORB RPRM,PART1,0.07186561566086531,1.011677281563326,0.7216043359398713
Exc L3-5 RORB RPRM,NNT-AS1,0.05091235363405714,0.35569197486584575,0.6979470185381703
Exc L3-5 RORB RPRM,PTCHD1-AS,0.04860029812571636,0.7200145070910713,0.6870948925376898
Exc L5 RORB MED8,LINC01202,0.0896164581326552,0.7750432567655159,0.9400200540478837
Exc L5 RORB MED8,LY86-AS1,0.07403083026275936,1.0979904533455935,0.8140597402201918
Exc L5 RORB MED8,STARD4-AS1,0.04873075949295317,0.36337403924494815,0.7830019505396419
Exc L5 RORB MED8,MIR31HG,0.04831016637412075,0.4323041207040761,0.7799333437928511
Exc L5 RORB MED8,THAP9-AS1,0.047967745018896245,0.33277652373157085,0.7780002093668613
Exc L5 RORB MED8,LIPE-AS1,0.05761373523472053,0.3916273973623884,0.7777714711438253
Exc L5 RORB MED8,DLGAP1-AS4,0.0671302521739316,0.8435818640739818,0.7493797722132116
Exc L5 RORB MED8,PART1,0.0825725804140489,1.0824442914455867,0.7344292321255778
Exc L5 RORB MED8,LINC01106,0.05037643054359475,0.4261125859795737,0.715265388887612
Exc L5 RORB MED8,PTCHD1-AS,0.05532603964098198,0.7155960305173941,0.6863172531445438
Exc L5 THEMIS FGF10,CCDC144NL-AS1,0.03522619066525639,0.256823708685146,0.9924283091392925
Exc L5 THEMIS FGF10,LINC00320,0.05391780809778482,0.330159778027738,0.9758063503989495
Exc L5 THEMIS FGF10,LINC01435,0.04090916639016548,0.2967884052919433,0.9554829895236446
Exc L5 THEMIS FGF10,LINC01202,0.03136848089776637,0.3637348510802941,0.9083683714145129
Exc L5 THEMIS FGF10,MIR31HG,0.0559031516201494,0.9182451788617796,0.8277053888574962
Exc L5 THEMIS FGF10,RFPL1S,0.0307377964810594,0.3236057652984991,0.8173253140500348
Exc L5 THEMIS FGF10,ZNF790-AS1,0.034641399765506176,0.35368337249361226,0.811246234168794
Exc L5 THEMIS FGF10,THAP9-AS1,0.0263645999091108,0.3382993403091181,0.7814948429811063
Exc L5 THEMIS FGF10,LY86-AS1,0.0289460942511268,0.7187450061359022,0.7759013371597085
Exc L5 THEMIS FGF10,LINC00299,0.031005071475411195,0.33197376798243045,0.7623150279557939
Exc L6 THEMIS LINC00343,LINC00343,0.23378560299008927,0.4867490235517021,0.9946866992274987
Exc L6 THEMIS LINC00343,LINC00320,0.031694749644129716,0.27589725614609734,0.9720559942701794
Exc L6 THEMIS LINC00343,LINC00507,0.02761309118821264,0.37186017505997804,0.9537681174285249
Exc L6 THEMIS LINC00343,LY86-AS1,0.04348379507938573,1.2876497562002671,0.8348871856748774
Exc L6 THEMIS LINC00343,LINC00299,0.1138651717156222,1.052398045728125,0.8279306524204486
Exc L6 THEMIS LINC00343,DLGAP1-AS4,0.04483228028086875,1.0042957791968798,0.7846426092958542
Exc L6 THEMIS LINC00343,DPP10-AS3,0.030325896671275,0.31531144661527,0.7704651931961589
Exc L6 THEMIS LINC00343,PVT1,0.022622399831916065,0.47532172135354955,0.7433694382372547
Exc L6 THEMIS LINC00343,PART1,0.030217397068253722,1.0320912079733873,0.7250886129931122
Exc L6 THEMIS LINC00343,MIR4500HG,0.0239921196359379,0.7574968621161792,0.6844151193405358
Exc L6 THEMIS SLN,LINC00343,0.10343853597000424,0.32586673931929405,0.9920634920634921
Exc L6 THEMIS SLN,PCDH9-AS3,0.023714393739390913,0.296490487942724,0.959161928864291
Exc L6 THEMIS SLN,LINC01435,0.03344343472278944,0.29473548640347713,0.9552834757213541
Exc L6 THEMIS SLN,SLC26A4-AS1,0.03463186465827731,0.25482102340251067,0.9457816209387426
Exc L6 THEMIS SLN,RMST,0.07254936224107812,1.3832832491959794,0.9340090460653929
Exc L6 THEMIS SLN,LINC01378,0.05416824855881154,1.827788384756728,0.9018720633253474
Exc L6 THEMIS SLN,LY86-AS1,0.03458767629022182,1.217214726217597,0.8267316126454269
Exc L6 THEMIS SLN,LINC00299,0.05050441871695149,0.7096038337350757,0.805571959892504
Exc L6 THEMIS SLN,PVT1,0.03362149487488575,0.576665102444728,0.7724443132814829
Exc L6 THEMIS SLN,DPP10-AS3,0.02720407309220097,0.3163531077263234,0.7705676694772932
Exc L6 THEMIS SNTG2,ZBED3-AS1,0.03536514274252572,0.23318693918696232,1.0
Exc L6 THEMIS SNTG2,MIR646HG,0.037705658399284,0.35546255480594946,0.9635085609012413
Exc L6 THEMIS SNTG2,LSAMP-AS1,0.0285949719936145,0.2526940318828216,0.9158271447612557
Exc L6 THEMIS SNTG2,LY86-AS1,0.1147456936211973,1.7993288743278701,0.8803391054629908
Exc L6 THEMIS SNTG2,TTTY14,0.02674144662718729,1.219879965603977,0.8144834129494628
Exc L6 THEMIS SNTG2,ZNF790-AS1,0.026755723043426223,0.3378955319366552,0.804123795295277
Exc L6 THEMIS SNTG2,LINC00299,0.03778413891930516,0.4523131868601237,0.7798473366216389
Exc L6 THEMIS SNTG2,DPP10-AS3,0.047603144580658174,0.3451625177182826,0.7743911153644414
Exc L6 THEMIS SNTG2,DLGAP1-AS4,0.029531189413008776,0.8144960759740474,0.7432642228509143
Exc L6 THEMIS SNTG2,PART1,0.028813049089272326,0.9527491117891966,0.7133801982980641
Exc L5-6 THEMIS SMYD1,ADD3-AS1,0.057822558301096165,0.3264513129649518,0.9603556989747873
Exc L5-6 THEMIS SMYD1,CPB2-AS1,0.03163682132302073,0.3172582737137609,0.9398821169695943
Exc L5-6 THEMIS SMYD1,LSAMP-AS1,0.037272687790250426,0.2918503480632023,0.9218691506898826
Exc L5-6 THEMIS SMYD1,ALOX12-AS1,0.02664332400000784,0.2950068602234607,0.9166642542648542
Exc L5-6 THEMIS SMYD1,ZNF790-AS1,0.03683108670595267,0.4211218186481589,0.8393245936971186
Exc L5-6 THEMIS SMYD1,DLGAP1-AS4,0.07473262864922342,1.2415506165647128,0.8254947138880481
Exc L5-6 THEMIS SMYD1,TRHDE-AS1,0.05651423451759543,0.5969078082182875,0.8160328096646549
Exc L5-6 THEMIS SMYD1,LY86-AS1,0.02630143934677311,0.6611793034996865,0.7710948894001324
Exc L5-6 THEMIS SMYD1,PCDH9-AS2,0.04395483670528995,1.0479926064749607,0.6967054805153831
Exc L5-6 THEMIS SMYD1,PART1,0.03638251100388502,0.42596516898124975,0.6716152597695724
Exc L5-6 FEZF2 OR1L8,RMDN2-AS1,0.06204461505782809,0.2723958137458785,1.0
Exc L5-6 FEZF2 OR1L8,PTPRG-AS1,0.02222367545690595,0.31204771335981096,0.914443725392479
Exc L5-6 FEZF2 OR1L8,DPP10-AS3,0.04752237236407125,0.6179007133340871,0.8370945892926701
Exc L5-6 FEZF2 OR1L8,PTCHD1-AS,0.06714057666412408,1.6903007398570864,0.8183496731165102
Exc L5-6 FEZF2 OR1L8,MIR31HG,0.02546421434737759,0.5004754208163251,0.7880014431418642
Exc L5-6 FEZF2 OR1L8,LIPE-AS1,0.017975687606547303,0.404103094775777,0.7826720723417754
Exc L5-6 FEZF2 OR1L8,BDNF-AS,0.018197235071388502,0.28724108746724536,0.7506449376462895
Exc L5-6 FEZF2 OR1L8,PART1,0.0348352901487192,1.1225042100928397,0.7427432882108513
Exc L5-6 FEZF2 OR1L8,PWRN1,0.033336974872407166,0.3005082869745966,0.7422902804110028
Exc L5-6 FEZF2 OR1L8,POT1-AS1,0.019803715290186888,0.4314705673859758,0.700607971188391
Exc L5 THEMIS LINC01116,LINC01116,0.03180040494928329,0.16671073749952545,1.0
Exc L5 THEMIS LINC01116,ARHGAP26-AS1,0.02031832743882409,0.2393274865514812,1.0
Exc L5 THEMIS LINC01116,LINC01580,0.0237793019683374,0.1869708199204845,1.0
Exc L5 THEMIS LINC01116,LINC01579,0.01581642119604398,0.1986904967952887,1.0
Exc L5 THEMIS LINC01116,MYHAS,0.02811614165286423,0.2495241658193425,0.9841269841269841
Exc L5 THEMIS LINC01116,MIR646HG,0.02625218924996509,0.45913560216817983,0.9688754496486011
Exc L5 THEMIS LINC01116,IDI2-AS1,0.03355677846334794,0.2284681594297363,0.9523809523809523
Exc L5 THEMIS LINC01116,LINC01060,0.12991505052658853,1.1729740866573515,0.9470129796150591
Exc L5 THEMIS LINC01116,GNG12-AS1,0.018335398330117967,0.21574343199117854,0.9206349206349206
Exc L5 THEMIS LINC01116,MIR31HG,0.07646507826216285,1.342408892507697,0.8721406854770373
Exc L5 THEMIS RGPD6,MIR646HG,0.03441196939099118,0.26046284011766074,0.9588830322322222
Exc L5 THEMIS RGPD6,LINC01060,0.08660955526912804,0.7312440053008512,0.9184086812298948
Exc L5 THEMIS RGPD6,LINC01572,0.023854220800480552,0.2851791903541805,0.8593623626789754
Exc L5 THEMIS RGPD6,MIR31HG,0.06922930506158276,0.9797264257088114,0.8345331278202818
Exc L5 THEMIS RGPD6,LINC00937,0.027577294279079373,0.32392299194141994,0.8340366307481157
Exc L5 THEMIS RGPD6,CASC2,0.023859184245237263,0.37363822573878036,0.7918017644267781
Exc L5 THEMIS RGPD6,DPP10-AS3,0.02924834081388026,0.3285834196410114,0.7720176688238265
Exc L5 THEMIS RGPD6,LINC01252,0.024670926440203092,0.3540629878694473,0.7438862500178296
Exc L5 THEMIS RGPD6,PVT1,0.023639837463168573,0.46769028169714366,0.7411244569618877
Exc L5 THEMIS RGPD6,PTCHD1-AS,0.026826078109467303,0.9714478376226656,0.726964097345643
Exc L5-6 FEZF2 C9orf135-AS1,AQP4-AS1,0.0483143090402092,0.2619070106410071,0.9656689684995152
Exc L5-6 FEZF2 C9orf135-AS1,LINC01572,0.04352790540141443,0.2798289870497278,0.8587978288908114
Exc L5-6 FEZF2 C9orf135-AS1,LINC01378,0.04015051250062689,0.5658117074132519,0.8253479316736281
Exc L5-6 FEZF2 C9orf135-AS1,MIR31HG,0.05136035609996064,0.5502593921845041,0.7935388739143038
Exc L5-6 FEZF2 C9orf135-AS1,ZNF790-AS1,0.033445749046284536,0.3137851465843355,0.7932427351182675
Exc L5-6 FEZF2 C9orf135-AS1,DPP10-AS3,0.06401737953242193,0.3713233342956406,0.7805107243688459
Exc L5-6 FEZF2 C9orf135-AS1,LY86-AS1,0.04701901755203739,0.3380049787491613,0.7547648072900683
Exc L5-6 FEZF2 C9orf135-AS1,PTCHD1-AS,0.05660450319397475,1.0506163428276465,0.7389194375400175
Exc L5-6 FEZF2 C9orf135-AS1,MIR4500HG,0.05777377446135899,0.9149667832195734,0.7146199085082823
Exc L5-6 FEZF2 C9orf135-AS1,PART1,0.04400138525604844,0.8932148747818485,0.7063309802272215
Exc L5-6 FEZF2 FILIP1L,ALOX12-AS1,0.023256477767259833,0.2701890992898334,0.9094250201541392
Exc L5-6 FEZF2 FILIP1L,EPHA5-AS1,0.025600388668915394,0.2547474564491638,0.8677981451057757
Exc L5-6 FEZF2 FILIP1L,LINC01572,0.02823136264677841,0.30576543602833317,0.8618846334583513
Exc L5-6 FEZF2 FILIP1L,LINC00937,0.023658464528386536,0.32879164560169666,0.8348488674668523
Exc L5-6 FEZF2 FILIP1L,MIR31HG,0.0489885961379359,0.8304735298210455,0.8192255253601332
Exc L5-6 FEZF2 FILIP1L,PTCHD1-AS,0.06974289411600999,1.502511047738525,0.7987242769031706
Exc L5-6 FEZF2 FILIP1L,LINC00299,0.03674860414686736,0.4864589762393129,0.7841587380127152
Exc L5-6 FEZF2 FILIP1L,DPP10-AS3,0.02932480919996606,0.3393037111151779,0.7734534280648326
Exc L5-6 FEZF2 FILIP1L,LINC01252,0.026095269917425747,0.35595503908575965,0.7448257437754727
Exc L5-6 FEZF2 FILIP1L,PART1,0.027657872011249616,0.8187045326263727,0.6995567228793468
Exc L5-6 FEZF2 SH2D1B,TTTY10,0.026616140437719964,0.28890394239934447,1.0
Exc L5-6 FEZF2 SH2D1B,LINC00685,0.025911338040175244,0.24477874019661536,0.9846249928633962
Exc L5-6 FEZF2 SH2D1B,AQP4-AS1,0.03530473756291805,0.3152613307681691,0.970902909199676
Exc L5-6 FEZF2 SH2D1B,EPHA5-AS1,0.027299617427453515,0.2561292236350207,0.8679975573767923
Exc L5-6 FEZF2 SH2D1B,TTTY14,0.03879499482438653,1.569827407489663,0.850822645719226
Exc L5-6 FEZF2 SH2D1B,MIR31HG,0.0528314519053807,0.9092539495632423,0.8267079670789723
Exc L5-6 FEZF2 SH2D1B,PTCHD1-AS,0.06449096734890448,1.4252716116871995,0.7899670924799973
Exc L5-6 FEZF2 SH2D1B,PART1,0.035323239076767356,1.1117973926818405,0.7404187179472603
Exc L5-6 FEZF2 SH2D1B,LINC01252,0.028847462601184398,0.3392727132644928,0.7369712678250778
Exc L5-6 FEZF2 SH2D1B,SLC8A1-AS1,0.06243994454496621,1.023018564599321,0.7324170951284815
Exc L6 FEZF2 PDYN,CYYR1-AS1,0.032471176086333015,0.31434402869490263,0.9940167442108268
Exc L6 FEZF2 PDYN,MIR22HG,0.022434259615020886,0.3130432216263871,0.987784622528456
Exc L6 FEZF2 PDYN,LINC00923,0.025815650022474705,0.2500620692605152,0.9841269841269841
Exc L6 FEZF2 PDYN,DLEU1,0.06572972224537726,0.9970117418635958,0.9791930995838365
Exc L6 FEZF2 PDYN,ADD3-AS1,0.03253663248818782,0.3800093597377826,0.9625874327913977
Exc L6 FEZF2 PDYN,LINC01435,0.022308116309359156,0.2664223758604513,0.9538200958619906
Exc L6 FEZF2 PDYN,PTPRG-AS1,0.026008482502344003,0.5902208874170565,0.9496459815182308
Exc L6 FEZF2 PDYN,DPP10-AS3,0.043262519293633124,0.7207387655032281,0.8554400507679456
Exc L6 FEZF2 PDYN,MIR31HG,0.050675105430215785,0.9882246023961156,0.8354783034274683
Exc L6 FEZF2 PDYN,LINC00299,0.04444617641955309,1.0006295258855347,0.8251875228859042
Exc L6 FEZF2 FFAR4,ADD3-AS1,0.12120336514166041,1.1861609089730385,0.9788631667777047
Exc L6 FEZF2 FFAR4,DLEU1,0.051002127751364944,0.8061558446980478,0.9761460580970908
Exc L6 FEZF2 FFAR4,FER1L6-AS2,0.11531594701247885,0.8635000674293174,0.9567707067920802
Exc L6 FEZF2 FFAR4,RMST,0.08342235068905954,1.727815341770842,0.9444209729763607
Exc L6 FEZF2 FFAR4,IL12A-AS1,0.027114222509647408,0.34617597571922476,0.9343639167890975
Exc L6 FEZF2 FFAR4,PTPRG-AS1,0.021298241717958674,0.39688695107247385,0.9270540922445497
Exc L6 FEZF2 FFAR4,LINC01572,0.023021327007612537,0.512532135372145,0.8978172471710493
Exc L6 FEZF2 FFAR4,PTCHD1-AS,0.045192713735343136,1.5218521972019852,0.8008788219404211
Exc L6 FEZF2 FFAR4,PWRN1,0.02641984587075165,0.4002228371988195,0.7630173907778284
Exc L6 FEZF2 FFAR4,MIR4500HG,0.024500409781417536,1.1627725569619005,0.7589101564107957
Exc L6 FEZF2 PROKR2,DLEU1,0.07520238860948555,1.0038132325853382,0.9793340799331035
Exc L6 FEZF2 PROKR2,ADD3-AS1,0.08995734970509078,1.0147790429017154,0.9760609611150485
Exc L6 FEZF2 PROKR2,FER1L6-AS2,0.05611010129471492,0.5359426892808459,0.9523809523809523
Exc L6 FEZF2 PROKR2,PTPRG-AS1,0.03165528093759068,0.4937449845047857,0.9398069967168717
Exc L6 FEZF2 PROKR2,RMST,0.02409616167987006,0.7002264566289286,0.9206355556920867
Exc L6 FEZF2 PROKR2,DPP10-AS3,0.04716302926834532,0.5069489102560975,0.8141319298672566
Exc L6 FEZF2 PROKR2,PTCHD1-AS,0.02541047839444596,1.166485974571605,0.7564677532356544
Exc L6 FEZF2 PROKR2,PART1,0.03047554112130641,1.0536727818703806,0.728931281064079
Exc L6 FEZF2 PROKR2,MIR4500HG,0.02124518135380277,0.9078068195237703,0.7132454315314687
Exc L6 FEZF2 PROKR2,DLGAP1-AS4,0.02152878890765024,0.6375157177088321,0.7048716840079964
Exc L5-6 FEZF2 CFTR,KRTAP5-AS1,0.029254148657649436,0.3198310819459436,0.9738512502246661
Exc L5-6 FEZF2 CFTR,DLEU1,0.039174171818973355,0.24377751429208272,0.9682539682539683
Exc L5-6 FEZF2 CFTR,IL12A-AS1,0.04184349750075564,0.3659584258417059,0.9361958960670992
Exc L5-6 FEZF2 CFTR,CELF2-AS2,0.02821969697618033,0.3448861145587727,0.9293509028290972
Exc L5-6 FEZF2 CFTR,LINC01572,0.047423449062483365,0.47553245457372745,0.891211680441159
Exc L5-6 FEZF2 CFTR,LINC00937,0.03694245206216893,0.4156015355827787,0.8540462161926893
Exc L5-6 FEZF2 CFTR,LINC01378,0.02947716461646985,1.0027691398221452,0.8537508840858216
Exc L5-6 FEZF2 CFTR,MIR4500HG,0.09069236313490829,1.582776793998267,0.8157396419752032
Exc L5-6 FEZF2 CFTR,PWRN1,0.034588966318386975,0.343477385657065,0.7499839417804499
Exc L5-6 FEZF2 CFTR,PTCHD1-AS,0.032043143228846514,0.9257317062658031,0.7204014340366319
Exc L6 FEZF2 KLK7,AQP4-AS1,0.01748686851278662,0.2847948772104505,0.9677901946234315
Exc L6 FEZF2 KLK7,ADD3-AS1,0.06815089157794044,0.32487844741875505,0.9603174603174603
Exc L6 FEZF2 KLK7,RMST,0.06661249681083786,0.8827899485059976,0.9239180095431393
Exc L6 FEZF2 KLK7,LINC01572,0.05366548372289179,0.5575291573523207,0.9057980953934784
Exc L6 FEZF2 KLK7,LINC01060,0.11551755806501003,0.5372611694052047,0.9042780409083971
Exc L6 FEZF2 KLK7,LINC00937,0.027854506238167907,0.436850806394787,0.8592743633357621
Exc L6 FEZF2 KLK7,LINC01378,0.031868584874670265,0.8596378458027325,0.8446881038605858
Exc L6 FEZF2 KLK7,MIR4500HG,0.07446941240379744,1.3476501187978684,0.7868653006176989
Exc L6 FEZF2 KLK7,DPP10-AS3,0.020035207963364318,0.31028104057788375,0.770089298541783
Exc L6 FEZF2 KLK7,PWRN1,0.025844716344287356,0.2889880146736513,0.741059731333387
Exc L6 FEZF2 POGK,ADD3-AS1,0.14124857414511807,1.1129141857557316,0.9774720408557429
Exc L6 FEZF2 POGK,DLEU1,0.056212620294081174,0.5668901265106809,0.9727775711380809
Exc L6 FEZF2 POGK,RMST,0.03130792487490072,1.1371393056015413,0.9285092548680458
Exc L6 FEZF2 POGK,PTPRG-AS1,0.023287840569282566,0.32479328785711187,0.9162439076247331
Exc L6 FEZF2 POGK,LINC01572,0.024384649884481996,0.5312259981917161,0.9011337760669925
Exc L6 FEZF2 POGK,MIR4500HG,0.05114077466737053,1.4333107583093232,0.798180164139907
Exc L6 FEZF2 POGK,DPP10-AS3,0.026882341862143402,0.3778305968114502,0.7821039126690794
Exc L6 FEZF2 POGK,PWRN1,0.023269269610557402,0.3648620241601462,0.7542811503922247
Exc L6 FEZF2 POGK,LMCD1-AS1,0.031330539104100254,0.6362607823311851,0.7082880692852116
Exc L6 FEZF2 POGK,DLGAP1-AS4,0.022405595382848992,0.6320816999434415,0.7038355271954487
Exc L5 FEZF2 CSN1S1,LINC00839,0.018683155634555106,0.16185898863097856,1.0
Exc L5 FEZF2 CSN1S1,P3H2-AS1,0.016959038636130516,0.21180649504950233,0.9920634920634921
Exc L5 FEZF2 CSN1S1,MIR7-3HG,0.0224041407104114,0.2698032440517578,0.976314523073376
Exc L5 FEZF2 CSN1S1,MIR646HG,0.031151574263209133,0.19773546702772268,0.955910302003934
Exc L5 FEZF2 CSN1S1,IL12A-AS1,0.05618993705776951,0.6028925277945958,0.9549313012241367
Exc L5 FEZF2 CSN1S1,SLC26A4-AS1,0.025956331769182675,0.23010502008188863,0.9444444444444444
Exc L5 FEZF2 CSN1S1,LINC01060,0.04944362168551741,0.2872926424465772,0.8889951579668104
Exc L5 FEZF2 CSN1S1,PTCHD1-AS,0.07057500458898602,1.7989554344870347,0.8283624187127084
Exc L5 FEZF2 CSN1S1,CASC2,0.016861653983483306,0.4456241432876231,0.8191863439901416
Exc L5 FEZF2 CSN1S1,PVT1,0.040513979327496584,0.7253251049250792,0.8086181004319708
Exc L3-5 FEZF2 ASGR2,LINC00922,0.17385512100723455,0.9646532431312674,0.9957931641656251
Exc L3-5 FEZF2 ASGR2,NAALADL2-AS2,0.09281941535876154,0.24596254960432817,0.9930934663077867
Exc L3-5 FEZF2 ASGR2,LINC00626,0.009141314103177176,0.2148871066063523,0.9920634920634921
Exc L3-5 FEZF2 ASGR2,LINC00943,0.12235685987428434,0.23532414335709761,0.9841269841269841
Exc L3-5 FEZF2 ASGR2,MIR7-3HG,0.029791938887712484,0.3877444152146209,0.9811049256540909
Exc L3-5 FEZF2 ASGR2,CYP1B1-AS1,0.04087283321103841,0.34878532680506547,0.9711207962816001
Exc L3-5 FEZF2 ASGR2,C5orf64,0.0786459501426513,0.3293454036375199,0.9682539682539683
Exc L3-5 FEZF2 ASGR2,IL12A-AS1,0.02499919746692779,0.5571153552639667,0.9515331169124813
Exc L3-5 FEZF2 ASGR2,SLC26A4-AS1,0.026228892860701413,0.30499684239518365,0.9507842603264265
Exc L3-5 FEZF2 ASGR2,PTCHD1-AS,0.09714073644077978,1.9713351389205243,0.8431464293135249
Exc L3-5 FEZF2 LINC01107,NALCN-AS1,0.052802314522435945,0.30463950333074097,1.0
Exc L3-5 FEZF2 LINC01107,LINC01550,0.029768374113561757,0.24107166407139505,1.0
Exc L3-5 FEZF2 LINC01107,TMEM26-AS1,0.039704712947582495,0.24825999461814907,1.0
Exc L3-5 FEZF2 LINC01107,MIATNB,0.01815436766356497,0.22792065808786438,1.0
Exc L3-5 FEZF2 LINC01107,LINC00922,0.027797754784827343,0.5113253666997688,0.9920634920634921
Exc L3-5 FEZF2 LINC01107,NAALADL2-AS2,0.023668269322603727,0.21404232811898413,0.9920634920634921
Exc L3-5 FEZF2 LINC01107,LINC00943,0.08064780857850702,0.43350815138470555,0.9883011695593198
Exc L3-5 FEZF2 LINC01107,C5orf64,0.05144301154297559,0.4911685293465361,0.9708687744656138
Exc L3-5 FEZF2 LINC01107,LINC00290,0.01766991049753739,0.23727945968586334,0.9285714285714286
Exc L3-5 FEZF2 LINC01107,CASC2,0.021599152808697904,0.7101974190701363,0.8849560710432618
Exc L5 FEZF2 PKD2L1,LINC00607,0.13426858829403868,0.38008937351810923,1.0
Exc L5 FEZF2 PKD2L1,LINC00836,0.10588504027803042,0.4453013383629143,0.9933799301806755
Exc L5 FEZF2 PKD2L1,LINC01507,0.03282965734236569,0.38083934951968335,0.9841650525656529
Exc L5 FEZF2 PKD2L1,GDNF-AS1,0.02718648515965966,0.35338685438615913,0.9761904761904762
Exc L5 FEZF2 PKD2L1,NPSR1-AS1,0.11643753595458765,2.1869599681516307,0.9729512129309126
Exc L5 FEZF2 PKD2L1,LINC01435,0.12079899513693161,0.4576784247441724,0.9711142139291287
Exc L5 FEZF2 PKD2L1,FER1L6-AS2,0.06664298389170238,1.0231190029010244,0.9599279107696999
Exc L5 FEZF2 PKD2L1,ZNF385D-AS2,0.03046671004589511,0.4975491165556859,0.9198271132778811
Exc L5 FEZF2 PKD2L1,MIR31HG,0.025790826245938547,1.1028774139773494,0.848065668002855
Exc L5 FEZF2 PKD2L1,TRHDE-AS1,0.022232057290706868,0.8068604241705015,0.8301963404245972
Exc L5 FEZF2 NREP-AS1,MYHAS,0.04324254428159061,0.4093185477340663,0.9872253274278099
Exc L5 FEZF2 NREP-AS1,LINC01507,0.04029550334633267,0.42594674913613545,0.9858419600741037
Exc L5 FEZF2 NREP-AS1,IFNG-AS1,0.038362708865984606,0.3939559365117296,0.9841269841269841
Exc L5 FEZF2 NREP-AS1,GDNF-AS1,0.06137603849942567,0.6190062431845293,0.9837358973158038
Exc L5 FEZF2 NREP-AS1,NPSR1-AS1,0.09592426400219761,2.503941146198927,0.9759198250527786
Exc L5 FEZF2 NREP-AS1,FER1L6-AS2,0.0426521069277286,1.0848377850696722,0.9617561739156107
Exc L5 FEZF2 NREP-AS1,ZNF385D-AS2,0.023763577856611876,0.4555881273475246,0.916828810185039
Exc L5 FEZF2 NREP-AS1,LINC01060,0.025771103644492643,0.28344582159656784,0.8888888888888888
Exc L5 FEZF2 NREP-AS1,MIR31HG,0.03228301588670141,1.2975079670234366,0.8679906955430607
Exc L5 FEZF2 NREP-AS1,TRHDE-AS1,0.03077521208014811,1.0466716060929566,0.856242137514537
Exc L5 FEZF2 RNF144A-AS1,IFNG-AS1,0.06212233118024193,0.5278186450204139,0.9862875344995602
Exc L5 FEZF2 RNF144A-AS1,LINC01507,0.02729592301472731,0.37901260663278236,0.9841269841269841
Exc L5 FEZF2 RNF144A-AS1,GDNF-AS1,0.06182162217296394,0.5316369696818175,0.9810630530315884
Exc L5 FEZF2 RNF144A-AS1,NPSR1-AS1,0.06980945323427552,2.0099158269909223,0.9719667912020786
Exc L5 FEZF2 RNF144A-AS1,FER1L6-AS2,0.062234834768044506,1.096579431936102,0.9621656704715613
Exc L5 FEZF2 RNF144A-AS1,ZNF385D-AS2,0.03105508244039106,0.6066009992910546,0.9275408939559844
Exc L5 FEZF2 RNF144A-AS1,TRHDE-AS1,0.03875144442014238,0.960520420487628,0.846907393285802
Exc L5 FEZF2 RNF144A-AS1,MIR31HG,0.03651317289994306,1.0425104727842602,0.8415656878852673
Exc L5 FEZF2 RNF144A-AS1,PWRN1,0.03622596821898879,0.5050530314274075,0.7885581456089459
Exc L5 FEZF2 RNF144A-AS1,LY86-AS1,0.04500336109536179,0.508960798221769,0.7615072407013863
Exc L5-6 FEZF2 IFNG-AS1,IFNG-AS1,0.13319838449999452,0.5179936284900138,0.9860274440412913
Exc L5-6 FEZF2 IFNG-AS1,GDNF-AS1,0.042437897819825314,0.3834913946972926,0.9768135017039765
Exc L5-6 FEZF2 IFNG-AS1,NPSR1-AS1,0.2357350652991736,2.3306914883605443,0.9741298489486359
Exc L5-6 FEZF2 IFNG-AS1,CYP1B1-AS1,0.02550089672401852,0.36474091788159574,0.9720369344869784
Exc L5-6 FEZF2 IFNG-AS1,FER1L6-AS2,0.08447667062827041,1.0066845120515395,0.9595328520945189
Exc L5-6 FEZF2 IFNG-AS1,ZNF385D-AS2,0.05691890199683365,0.6301467029018931,0.9296552576454662
Exc L5-6 FEZF2 IFNG-AS1,RORA-AS1,0.01889223819414063,0.443286006529761,0.9213926774809675
Exc L5-6 FEZF2 IFNG-AS1,LINC00937,0.027461184051496047,0.5976795434655849,0.8931603750209531
Exc L5-6 FEZF2 IFNG-AS1,MIR31HG,0.04558394713275942,1.1788410867345092,0.8562999501069946
Exc L5-6 FEZF2 IFNG-AS1,TRHDE-AS1,0.031694585835959944,0.8526412625738901,0.8346143594325333
Exc L5-6 FEZF2 LPO,LINC01239,0.08802166460271589,0.23131329422686284,1.0
Exc L5-6 FEZF2 LPO,GNA14-AS1,0.047109423462240306,0.29060330649771643,1.0
Exc L5-6 FEZF2 LPO,MYHAS,0.062324732765071264,0.5760958868795473,0.9909235414726709
Exc L5-6 FEZF2 LPO,NPSR1-AS1,0.03525216254226702,1.0696456646069317,0.9682539682539683
Exc L5-6 FEZF2 LPO,CYP1B1-AS1,0.02223767846069506,0.26049013311010616,0.9682539682539683
Exc L5-6 FEZF2 LPO,FER1L6-AS2,0.04335339858412207,0.7134477385969017,0.9543555472341614
Exc L5-6 FEZF2 LPO,USP2-AS1,0.01782528430819744,0.29266758412625227,0.9302364461944608
Exc L5-6 FEZF2 LPO,ZNF385D-AS2,0.056078040587567976,0.5988040633376465,0.9269074352003304
Exc L5-6 FEZF2 LPO,MEG8,0.016798720242439634,0.23367517384195016,0.9223834406422861
Exc L5-6 FEZF2 LPO,MIR31HG,0.13245268876465044,1.582449171006371,0.8915355488502624
OPC L1-6 PDGFRA COL20A1,C5orf64,0.13226527316622344,0.9790618619479441,0.9802908534066104
OPC L1-6 PDGFRA COL20A1,IPO9-AS1,0.13609070206062052,1.0098541863435384,0.9692651629537958
OPC L1-6 PDGFRA COL20A1,LMCD1-AS1,0.1056462395097488,1.1829473332153773,0.8128212077538541
OPC L1-6 PDGFRA COL20A1,KCNMB2-AS1,0.30570869798235256,1.8370471988166828,0.7015301100299335
OPC L1-6 PDGFRA COL20A1,SOX2-OT,0.23885537194580864,2.9251319127132787,0.6255193144793584
OPC L1-6 PDGFRA COL20A1,TAPT1-AS1,0.08143371533524617,0.8937390955438582,0.6239456195860149
Oligo L3-6 OPALIN ENPP6,LINC00639,0.10723901559957812,1.5837029287233872,0.9809289808396605
Oligo L3-6 OPALIN ENPP6,C5orf64,0.050997730400918706,0.9380397473169678,0.9794289380419946
Oligo L3-6 OPALIN ENPP6,LINC01170,0.07442677832555597,1.6735161717558005,0.9739915550845165
Oligo L3-6 OPALIN ENPP6,LINC00609,0.2650347092789217,3.003555994408114,0.9714360540020776
Oligo L3-6 OPALIN ENPP6,CPB2-AS1,0.046427070362086646,0.9556099174736946,0.9692135148117965
Oligo L3-6 OPALIN ENPP6,LMCD1-AS1,0.10185857343006097,2.1651660828208033,0.8941095241597108
Oligo L3-6 OPALIN ENPP6,NEAT1,0.05188274594115587,1.2860558485779685,0.8173031147976724
Oligo L3-6 OPALIN ENPP6,PCDH9-AS2,0.045536120624696634,1.0019338286013293,0.6827630678485379
Oligo L3-6 OPALIN ENPP6,MAGI2-AS3,0.044003545780125115,0.9508102782191952,0.6604264080399733
Oligo L3-6 OPALIN ENPP6,MIR325HG,0.051746110663955715,1.2307086563376703,0.653792750427873
Oligo L2-6 OPALIN FTH1P3,LINC00639,0.2700037835810642,1.713724147892835,0.9817737624960073
Oligo L2-6 OPALIN FTH1P3,LINC01170,0.15112062278676303,1.669307085871917,0.9739459874741732
Oligo L2-6 OPALIN FTH1P3,CPB2-AS1,0.0883544340043457,1.0495358651586453,0.9719686848761883
Oligo L2-6 OPALIN FTH1P3,LINC00609,0.23337065563838155,2.229695425432345,0.9642768874304266
Oligo L2-6 OPALIN FTH1P3,LMCD1-AS1,0.07588891288320608,1.69450502975393,0.8646976770458791
Oligo L2-6 OPALIN FTH1P3,NEAT1,0.04370712408691458,1.35162262353355,0.8214691784971583
Oligo L2-6 OPALIN FTH1P3,DLEU2,0.062461903991331856,1.6489817795730668,0.6603045434776834
Oligo L2-6 OPALIN FTH1P3,SOX2-OT,0.07509256302799307,2.721428578651806,0.6048904992866095
Oligo L5-6 OPALIN LDLRAP1,LINC01135,0.0633583674553449,0.6445478654476593,1.0
Oligo L5-6 OPALIN LDLRAP1,EIF1B-AS1,0.06872059424916009,0.6906079667382241,0.9981203826260209
Oligo L5-6 OPALIN LDLRAP1,LINC01089,0.06622802711466094,0.4419359997941298,0.9954142190512538
Oligo L5-6 OPALIN LDLRAP1,ENTPD3-AS1,0.0699693698951765,1.1273465832829253,0.9902617655082562
Oligo L5-6 OPALIN LDLRAP1,LINC00639,0.07192185265213431,1.747148297962254,0.9821224429704953
Oligo L5-6 OPALIN LDLRAP1,LINC01170,0.07644124962520754,2.111811713635475,0.9793894726091124
Oligo L5-6 OPALIN LDLRAP1,C5orf64,0.04756763791652023,0.6728020136012307,0.9744480366662189
Oligo L5-6 OPALIN LDLRAP1,CPB2-AS1,0.051912837544832696,0.6445478654476593,0.9581860004972091
Oligo L5-6 OPALIN LDLRAP1,BDNF-AS,0.041662978731550976,0.6728020136012307,0.8850155674242653
Oligo L5-6 OPALIN LDLRAP1,LMCD1-AS1,0.03909617716962415,1.6602141579748593,0.8620670014725941
Astro L1-6 FGFR3 AQP1,LINC00609,0.5998030179698615,3.123256300957803,0.9725307810314193
Astro L1-6 FGFR3 AQP1,LINC00299,0.22893924549820008,2.0363024354591195,0.8610988162439279
Astro L1-6 FGFR3 AQP1,NEAT1,0.17125773653193846,1.2080246642368548,0.8126791009843104
Astro L1 FGFR3 SERPINI2,LINC00609,0.20616381894586883,2.0388987503120433,0.9629997490855374
Astro L1 FGFR3 SERPINI2,ARHGEF26-AS1,0.2532268926034249,1.4307053697377419,0.9013177906897558
Astro L1 FGFR3 SERPINI2,LINC00299,0.2502794574054175,2.2294605492956423,0.8669800132052131
Astro L1 FGFR3 SERPINI2,NEAT1,0.17999233643940124,1.29908989995076,0.8181009791404482
Astro L1 FGFR3 SERPINI2,LMCD1-AS1,0.11033749460588746,1.1336963183851467,0.8057239788645189
Astro L1-6 FGFR3 PLCG1,ARHGEF26-AS1,0.4605753260406357,1.3827796818615279,0.8978975692153045
Astro L1-6 FGFR3 PLCG1,LINC00299,0.5394246739593643,2.1509495972226604,0.8643393371950716
Endo L2-5 NOSTRIN SRGN,NEAT1,0.3732780039398235,1.8496797949433907,0.8575624681530639
Endo L2-5 NOSTRIN SRGN,DLEU2,0.3755208025572233,1.9346384986996261,0.7083058491213499
Endo L2-5 NOSTRIN SRGN,ADAMTS9-AS2,0.2512011935029532,1.1885689787895735,0.6613139974255008
VLMC L1-5 PDGFRA COLEC12,LINC01088,0.5095620809155389,2.6510996192970113,1.0
VLMC L1-5 PDGFRA COLEC12,NEAT1,0.07648777934057799,1.6747105397120614,0.8442072606478951
VLMC L1-5 PDGFRA COLEC12,NR2F2-AS1,0.14996150836169908,1.4647437229284186,0.7765417063591605
VLMC L1-5 PDGFRA COLEC12,ADAMTS9-AS2,0.14328815256920568,2.2975960222654352,0.7744277258974583
VLMC L1-5 PDGFRA COLEC12,DLEU2,0.12070047881297832,1.8465262216704748,0.6947655420568561
Micro L1-6 TYROBP CD74,ZFPM2-AS1,0.2804407601544416,1.7794102927331075,0.9920634920634921
Micro L1-6 TYROBP CD74,SRGAP2-AS1,0.3061902751308718,1.5810938125119107,0.9061053323053422
Micro L1-6 TYROBP CD74,NEAT1,0.1417943071671002,1.648740666786157,0.8422533589225951
Micro L1-6 TYROBP CD74,DLEU2,0.27157465754758653,2.2036531885774497,0.7439149059114748
