clusterName,binary_genes,rf_feature_importance,cluster_median,binary_score
Inh L1 LAMP5 PVRL2,NDNF,0.013672219479727386,0.5865330524790113,0.9650018894439009
Inh L1 LAMP5 PVRL2,TRPC3,0.02385451995321111,2.5022309760490598,0.9470356929006527
Inh L1 LAMP5 PVRL2,CBLN4,0.01659759417372178,1.4880593549248045,0.946239704365186
Inh L1 LAMP5 PVRL2,RELN,0.03353792382935797,4.463725876634532,0.922758967668078
Inh L1 LAMP5 PVRL2,FREM1,0.016200349795676132,2.64620586206974,0.9208965395962836
Inh L1 LAMP5 PVRL2,ALK,0.014785501229140192,2.7421012389172894,0.8136436236556231
Inh L1 LAMP5 PVRL2,KCNH5,0.012236270280323754,1.770193047564212,0.7762999199256755
Inh L1 LAMP5 PVRL2,DOCK10,0.012173406451282962,2.7001082212040615,0.7265072833188799
Inh L1 LAMP5 PVRL2,HS3ST5,0.015676322845204916,2.795016976029795,0.7228470245440546
Inh L1 LAMP5 PVRL2,NYAP2,0.011027265591390617,2.785589572362132,0.6936733526859444
Inh L1 LAMP5 RAB11FIP1,MYH11,0.01762990596141037,0.5853948508461115,0.9921269563434154
Inh L1 LAMP5 RAB11FIP1,ADAMTS20,0.029067500197909477,0.7963280066010391,0.9730867717149205
Inh L1 LAMP5 RAB11FIP1,TRPC3,0.021932352391000276,2.6096392267519875,0.9492156124531013
Inh L1 LAMP5 RAB11FIP1,CBLN4,0.014173538047675965,1.3000204940451021,0.9396116143624111
Inh L1 LAMP5 RAB11FIP1,KIT,0.009645289766120271,2.3449453439255805,0.9340436633476743
Inh L1 LAMP5 RAB11FIP1,FREM1,0.012130965166812231,2.446818669917705,0.9145340519921518
Inh L1 LAMP5 RAB11FIP1,RELN,0.04713908501432045,3.70216434009624,0.9117334526123185
Inh L1 LAMP5 RAB11FIP1,KCNH5,0.018721629040546098,2.0041263737300694,0.8019703257728306
Inh L1 LAMP5 RAB11FIP1,TRPC5,0.011327044924444557,1.0983365153042493,0.7884775629738267
Inh L1 LAMP5 RAB11FIP1,HS3ST4,0.013928826753926734,1.540987259628939,0.7879876262528204
Inh L1-6 LAMP5 AARD,ROR2,0.017149645710325526,0.8472978603872036,0.9686437695833111
Inh L1-6 LAMP5 AARD,TRPC3,0.048524162576979175,2.192576383433771,0.9406764778185783
Inh L1-6 LAMP5 AARD,KIT,0.051490016845209055,2.4490234876949635,0.9367092233868499
Inh L1-6 LAMP5 AARD,PKP2,0.019637285779166968,1.631748854147306,0.9171560793495884
Inh L1-6 LAMP5 AARD,FREM1,0.025276839695517785,2.0572272052740823,0.9015187090673186
Inh L1-6 LAMP5 AARD,FBXL7,0.040728644689282834,3.354906787833955,0.8808648849659505
Inh L1-6 LAMP5 AARD,PRELID2,0.02031708293110083,3.585247048518791,0.8767040105417191
Inh L1-6 LAMP5 AARD,EPHA3,0.02057628874510193,2.1561795088007134,0.8546641198436317
Inh L1-6 LAMP5 AARD,FGF13,0.022101926318567458,3.322120154062635,0.8237723104648492
Inh L1-6 LAMP5 AARD,UNC13C,0.02768884129871461,2.9046850938935522,0.7680101971581259
Inh L1-6 LAMP5 NES,ROR2,0.021092822857965744,0.9735955746780143,0.9716818456546307
Inh L1-6 LAMP5 NES,EYA4,0.012640380368518651,2.3003253597764894,0.9360046028162383
Inh L1-6 LAMP5 NES,KIT,0.02237095820246524,2.3873561809703876,0.9350743723472986
Inh L1-6 LAMP5 NES,NTNG1,0.015507358568077936,2.509812886793009,0.9049147236517712
Inh L1-6 LAMP5 NES,PRELID2,0.01464416974399286,2.828843356817958,0.8517352589564637
Inh L1-6 LAMP5 NES,FGF13,0.015012191752328362,3.2118509918135287,0.8181713343084072
Inh L1-6 LAMP5 NES,CXCL14,0.02144232794065735,1.3049350565745526,0.7758475790795709
Inh L1-6 LAMP5 NES,UNC13C,0.023567685150055154,2.8980726619166477,0.767480874063234
Inh L1-6 LAMP5 NES,DGKD,0.01660294055948585,1.8356328817172942,0.7528135780713755
Inh L1-6 LAMP5 NES,EGFEM1P,0.012629766754674199,2.1347166892272362,0.7449552199200955
Inh L1-6 LAMP5 CA1,MYB,0.015468306588837574,0.43073446008914984,1.0
Inh L1-6 LAMP5 CA1,CHST9,0.04120990264778346,2.031250428048763,0.9891805916096467
Inh L1-6 LAMP5 CA1,CA8,0.01532498582538271,1.2565856031196456,0.9857657291519673
Inh L1-6 LAMP5 CA1,NOS1,0.058299870763504076,1.4619083635921342,0.9772124039816233
Inh L1-6 LAMP5 CA1,PDGFD,0.013169533696841129,2.211333315328424,0.958035091663869
Inh L1-6 LAMP5 CA1,SLCO5A1,0.012652692080032557,1.1467663752828485,0.9070384204368241
Inh L1-6 LAMP5 CA1,ROR1,0.019488645047414575,1.0517714201828952,0.8837342259098933
Inh L1-6 LAMP5 CA1,TAC1,0.033028064442629006,1.0286817746197034,0.8782161166531901
Inh L1-6 LAMP5 CA1,PREX2,0.020221035526538794,1.978916517820557,0.8119901427066271
Inh L1-6 LAMP5 CA1,HS3ST4,0.04586877431093474,2.5450099066214418,0.8118122516021105
Inh L5-6 LAMP5 CRABP1,SFTA3,0.03524200760174855,0.47262088880367176,1.0
Inh L5-6 LAMP5 CRABP1,NKX2-1,0.02774645863546242,0.30939077018266,1.0
Inh L5-6 LAMP5 CRABP1,CHST9,0.0418421314561866,1.7029912328868226,0.9870951021357371
Inh L5-6 LAMP5 CRABP1,FREM2,0.02086075576903663,0.5549734858589878,0.9780099889697199
Inh L5-6 LAMP5 CRABP1,PDGFD,0.04625879484831033,2.613448750779514,0.9644919764159483
Inh L5-6 LAMP5 CRABP1,LAMP5,0.021735487690845726,1.6713582367772042,0.96175596569526
Inh L5-6 LAMP5 CRABP1,NTNG1,0.041899575717910684,3.0320592759329057,0.9208799804249891
Inh L5-6 LAMP5 CRABP1,VAV3,0.04375451825824117,1.9247826026294381,0.9059074093166123
Inh L5-6 LAMP5 CRABP1,FBN2,0.029430059359884696,1.4397835491617412,0.9048128681432243
Inh L5-6 LAMP5 CRABP1,PRELID2,0.020163183812204215,3.5889265969068953,0.8768304198028227
Inh L3-6 PAX6 LINC01497,SCGN,0.01740523053953762,0.3878364255049953,1.0
Inh L3-6 PAX6 LINC01497,PALMD,0.04951612731719207,0.9862094426523553,0.9840452874686487
Inh L3-6 PAX6 LINC01497,DOCK5,0.0138637424835934,0.73899948125611,0.9607742559442953
Inh L3-6 PAX6 LINC01497,DDR2,0.024472389146119683,1.8984736266505564,0.949586187253532
Inh L3-6 PAX6 LINC01497,TLL1,0.02193240550346541,1.2311736972193612,0.9444862328753584
Inh L3-6 PAX6 LINC01497,ANGPT1,0.024891634973661775,1.8857682520882986,0.9185301321457505
Inh L3-6 PAX6 LINC01497,RELN,0.02136269525334724,3.963180570589256,0.9154559102888081
Inh L3-6 PAX6 LINC01497,SPHKAP,0.024877830873996747,2.43195933089012,0.8429262267199414
Inh L3-6 PAX6 LINC01497,SCN9A,0.015046230099841613,1.4411891548076154,0.8428126859149635
Inh L3-6 PAX6 LINC01497,CDH4,0.024834343252577055,2.1390006932115355,0.8374898603060384
Inh L1 PAX6 MIR101-1,GPC3,0.02938516984076683,0.7384917706511814,1.0
Inh L1 PAX6 MIR101-1,CDH23,0.033088891084437765,0.8796843801494555,0.9910486992247385
Inh L1 PAX6 MIR101-1,TGFBR2,0.046211021048116585,0.5514574743914848,0.9860918886285432
Inh L1 PAX6 MIR101-1,DDR2,0.026167626059620173,1.8708015778680325,0.9488404889912807
Inh L1 PAX6 MIR101-1,RELN,0.04293730874255577,4.303388000100015,0.9202573250223574
Inh L1 PAX6 MIR101-1,WIF1,0.0340984027464747,1.699267584529281,0.911481293394963
Inh L1 PAX6 MIR101-1,IL1RAPL2,0.033420978937975326,3.1505840623643215,0.8600657178273495
Inh L1 PAX6 MIR101-1,CXCL14,0.021696372725149966,2.904003059451533,0.8440573799512351
Inh L1 PAX6 MIR101-1,MYO16,0.018794009742042837,3.019223281583108,0.8074531782377107
Inh L1 PAX6 MIR101-1,ALK,0.02242767946004338,2.5819160339040934,0.8030666290168197
Inh L1 PAX6 CHRFAM7A,LINC01539,0.0762997506035138,0.7750116896212662,0.9884297282635265
Inh L1 PAX6 CHRFAM7A,CHRNA7,0.03230110837399017,1.647738481635633,0.8982901191503982
Inh L1 PAX6 CHRFAM7A,LAMA3,0.016236026203793896,0.5257377471874684,0.8817838544128981
Inh L1 PAX6 CHRFAM7A,ARHGAP42,0.019286750485047636,1.096483495953588,0.8671796110785432
Inh L1 PAX6 CHRFAM7A,IL1RAPL2,0.020260474078230374,2.5510322677947825,0.831329995010216
Inh L1 PAX6 CHRFAM7A,CNR1,0.05133983855098417,3.3001596095036705,0.8233225247656276
Inh L1 PAX6 CHRFAM7A,SYTL5,0.018700022411314125,1.3633409257414109,0.8033208604365935
Inh L1 PAX6 CHRFAM7A,CCK,0.03878478793337809,3.101202620811434,0.8020783377617167
Inh L1 PAX6 CHRFAM7A,CDH4,0.0299455858485045,1.7219784721256337,0.7989014609408527
Inh L1 PAX6 CHRFAM7A,PLCXD3,0.022529668862867943,1.927704735150558,0.79437160193218
Inh L1-6 VIP SLC7A6OS,DYNAP,0.04847653832056381,0.4758287483399959,1.0
Inh L1-6 VIP SLC7A6OS,MDGA1,0.01752862388364701,0.5866865645401007,0.9963113759758877
Inh L1-6 VIP SLC7A6OS,TRPC7,0.012445325890671386,0.7510950247767725,0.9952807564901036
Inh L1-6 VIP SLC7A6OS,PBX3,0.04822196488049507,2.4046760206650766,0.9590343042146281
Inh L1-6 VIP SLC7A6OS,PDLIM5,0.03081594059502295,1.9469737599426544,0.9539450885627049
Inh L1-6 VIP SLC7A6OS,CHRNA7,0.018174232416860083,1.6469001412561721,0.8982383446086573
Inh L1-6 VIP SLC7A6OS,PCP4,0.013792176070762673,1.3588833375050275,0.8443788998754486
Inh L1-6 VIP SLC7A6OS,CNR1,0.0209736675388926,3.6432467739968133,0.8384655961584053
Inh L1-6 VIP SLC7A6OS,CCK,0.05563496077207858,3.781267618719421,0.8376747589591163
Inh L1-6 VIP SLC7A6OS,PLCXD3,0.025016799172106332,2.307179784372356,0.8255741252869995
Inh L2 PAX6 FREM2,NR1H4,0.03089037587591843,0.6800798411349618,1.0
Inh L2 PAX6 FREM2,CILP2,0.015714536132100578,0.3502565081734651,1.0
Inh L2 PAX6 FREM2,RGS10,0.014932018730267175,0.4677800746711006,1.0
Inh L2 PAX6 FREM2,DOCK8,0.02249285760993019,1.1045738391781557,0.9920634920634921
Inh L2 PAX6 FREM2,SLC17A8,0.03013058576060733,1.061556781105875,0.9850159902962958
Inh L2 PAX6 FREM2,IGFBP7,0.019553725086108725,1.083793794831756,0.9761904761904762
Inh L2 PAX6 FREM2,YJEFN3,0.043383367989811496,1.9242942013097304,0.9527650954767598
Inh L2 PAX6 FREM2,ARHGAP6,0.025951318853522396,2.0907577795970607,0.9456922861870275
Inh L2 PAX6 FREM2,FREM1,0.01725942729165982,2.070948160754755,0.9019608599321459
Inh L2 PAX6 FREM2,PDE3A,0.014150076093548666,2.197091029104441,0.8878797880786765
Inh L1-2 VIP HTR3A,VWA5B1,0.030727364609141522,0.6316999872011748,1.0
Inh L1-2 VIP HTR3A,HCRTR1,0.013808841304720449,0.2364470604717015,1.0
Inh L1-2 VIP HTR3A,HTR3A,0.047453505046277974,0.8054399385438078,0.996073670780568
Inh L1-2 VIP HTR3A,CFAP47,0.012399909221002446,0.5388920964819672,0.9851530596934964
Inh L1-2 VIP HTR3A,MCTP2,0.012489074678428101,1.2545992898107738,0.9354870930559908
Inh L1-2 VIP HTR3A,ARHGAP18,0.014421361100858137,1.570026818197909,0.8948802122241436
Inh L1-2 VIP HTR3A,MYO1B,0.013566956307819846,0.9933022499524334,0.8898034876438949
Inh L1-2 VIP HTR3A,PDE3A,0.012974933315144908,2.2024240431703586,0.8881320615500427
Inh L1-2 VIP HTR3A,LYPD6B,0.02971492662201135,1.9528085303480576,0.8801873050823011
Inh L1-2 VIP HTR3A,RXFP1,0.04802559391592207,2.209958313341425,0.8244850551142489
Inh L1-2 VIP WNT4,HTR3A,0.014946056340147198,0.3984652180154695,0.9920634920634921
Inh L1-2 VIP WNT4,CFAP47,0.010870126236063772,0.4692211508204338,0.9841269841269841
Inh L1-2 VIP WNT4,TNFAIP8L3,0.010851402930809856,0.8843151968393685,0.9679656553558338
Inh L1-2 VIP WNT4,SYT9,0.01404380766774557,1.2500579836748535,0.9627633578869036
Inh L1-2 VIP WNT4,GABRG1,0.010958058043316508,1.2290668997113414,0.9477367558045722
Inh L1-2 VIP WNT4,GLRA3,0.011378114727292069,0.9681470700743553,0.8999611684099726
Inh L1-2 VIP WNT4,CPNE5,0.01523183911356413,0.8709110467261716,0.8981409897616977
Inh L1-2 VIP WNT4,PDE3A,0.021902066449449333,2.175761999881966,0.8869362752968524
Inh L1-2 VIP WNT4,LYPD6B,0.019901118387423138,1.8715736547981916,0.874986884924654
Inh L1-2 VIP WNT4,CNR1,0.03633702042919727,3.9457402902392156,0.850240919469648
Inh L1 LAMP5 BMP2,NDNF,0.04782407435437399,1.2971053735385993,0.9773761874432685
Inh L1 LAMP5 BMP2,NPNT,0.03480901606219592,1.037384182759102,0.9690019367863562
Inh L1 LAMP5 BMP2,LAMP5,0.01577312031707843,1.083150538635028,0.9450086690550421
Inh L1 LAMP5 BMP2,BMP6,0.01647055926833111,1.3252681320052149,0.9431234947571079
Inh L1 LAMP5 BMP2,RELN,0.08066152367074422,4.578774172880111,0.9246997598614715
Inh L1 LAMP5 BMP2,SV2C,0.016260367469618908,2.081000684304684,0.9181205537532041
Inh L1 LAMP5 BMP2,COL5A2,0.04450360089678702,2.2396011213873264,0.9154054564178733
Inh L1 LAMP5 BMP2,FREM1,0.03422115865193883,2.4725684586322085,0.9153414580293924
Inh L1 LAMP5 BMP2,CXCL14,0.021622440955446694,2.808688723735374,0.8393445111816878
Inh L1 LAMP5 BMP2,NXPH2,0.016263415276464056,1.7104514230072274,0.8192710393364235
Inh L1 LAMP5 NMBR,NMBR,0.020481135006593442,0.7175607599345941,0.9880379352131891
Inh L1 LAMP5 NMBR,NDNF,0.02575563127306023,1.1363917919329258,0.9741766272463549
Inh L1 LAMP5 NMBR,PTGFR,0.0260143789671717,0.6011034583224875,0.9469953262104283
Inh L1 LAMP5 NMBR,PCDH18,0.025688742907011786,0.686660885445151,0.9435527067038989
Inh L1 LAMP5 NMBR,RELN,0.04343560489129724,4.347059768141469,0.9208989773312918
Inh L1 LAMP5 NMBR,TMEM47,0.018704893296367438,0.7179371239804463,0.9167592696431598
Inh L1 LAMP5 NMBR,COL5A2,0.03750182620896827,2.2833815285813612,0.9165709177670309
Inh L1 LAMP5 NMBR,GLRA3,0.02820812411381132,1.0811016888601137,0.9104133286484223
Inh L1 LAMP5 NMBR,SV2C,0.01726358669495261,1.8253465060403167,0.9083896463345551
Inh L1 LAMP5 NMBR,COL21A1,0.02223591320821691,1.9915131046124495,0.8777342684991272
Inh L1 PVALB SST ASIC4,ADAM33,0.04619382471816292,1.3613963288911952,0.9735096805419581
Inh L1 PVALB SST ASIC4,TTN,0.03120019020102904,1.5859054774174828,0.9721345029860877
Inh L1 PVALB SST ASIC4,EFEMP1,0.01966116950244245,0.7591073718568974,0.9670771775861576
Inh L1 PVALB SST ASIC4,BCAS1,0.034444778637381726,0.7280477120827871,0.9603174603174603
Inh L1 PVALB SST ASIC4,MEGF11,0.01751259616808882,1.2803683885619237,0.9348505245704368
Inh L1 PVALB SST ASIC4,COL16A1,0.017441975386779753,1.1030874871563472,0.9294022140329704
Inh L1 PVALB SST ASIC4,PRELID2,0.02962012002240319,3.238348995775857,0.865356407611592
Inh L1 PVALB SST ASIC4,NCKAP5,0.030281269365376555,2.060930807801685,0.8473584180825798
Inh L1 PVALB SST ASIC4,NTN4,0.023506215555013362,1.6091094958812895,0.8135281837066889
Inh L1 PVALB SST ASIC4,ADAMTS9-AS2,0.04305150947831711,2.6143227133117635,0.8017559358405179
Inh L1 SST P4HA3,ST8SIA6,0.01293258001988526,0.5300527128345724,0.9717531854612469
Inh L1 SST P4HA3,LINC00298,0.014326253448597347,0.9960011910164808,0.9496055180378109
Inh L1 SST P4HA3,FOXO1,0.023776350241393063,1.5935492335761223,0.9388237689769877
Inh L1 SST P4HA3,SEMA3C,0.012160761586638811,1.553355493824629,0.9014623628234097
Inh L1 SST P4HA3,LINC00299,0.026583302925018572,2.731168268118366,0.8846494110556427
Inh L1 SST P4HA3,PRELID2,0.014097558643501377,3.461815442124692,0.8725908490069484
Inh L1 SST P4HA3,GABRA5,0.014992671689806777,0.7780033926454732,0.8490191983937521
Inh L1 SST P4HA3,THSD7B,0.01983707568743728,2.8537303324336167,0.8360863733878982
Inh L1 SST P4HA3,COL12A1,0.016243436867298906,1.591788738577665,0.8251630450830695
Inh L1 SST P4HA3,CDH4,0.012612145999957526,1.7810708278309386,0.8050468720782329
Inh L1 SST DEFB108B,SYT10,0.06257711635474865,1.2843530484686703,0.9664867056547074
Inh L1 SST DEFB108B,NDST4,0.03868258330025964,1.4248490007719363,0.9415461766154389
Inh L1 SST DEFB108B,TMEM47,0.01606710783024408,0.7005280340457588,0.9154795552053268
Inh L1 SST DEFB108B,ARHGAP24,0.0186204209565431,1.0515290738697805,0.9012259843819814
Inh L1 SST DEFB108B,SEMA3C,0.03872303395780316,1.4567529270362454,0.8949279749393315
Inh L1 SST DEFB108B,MYO1B,0.023737124246685722,0.9202388390504799,0.8823145661934985
Inh L1 SST DEFB108B,COL21A1,0.028629798450585133,1.9382352961467157,0.8743734535156332
Inh L1 SST DEFB108B,CXCL14,0.023105099890506794,2.6813942111000446,0.8332247595822508
Inh L1 SST DEFB108B,IL1RAPL2,0.017340372324074146,2.1682458967214635,0.8126348618997241
Inh L1 SST DEFB108B,GRM8,0.025420968060909724,1.9653597086711712,0.7561742366395248
Inh L1-3 VIP CBLN1,CBLN1,0.04738282338724124,0.7149660925520211,1.0
Inh L1-3 VIP CBLN1,SLC22A3,0.0267355007225222,1.513175788357362,0.944622902407947
Inh L1-3 VIP CBLN1,HTR2C,0.06621066374576953,2.3618874658116793,0.9444124281426078
Inh L1-3 VIP CBLN1,TAC3,0.026226145100295768,1.6228855166840337,0.9257861758506067
Inh L1-3 VIP CBLN1,RELN,0.05088187581269242,2.3250880959086775,0.8843094979840566
Inh L1-3 VIP CBLN1,TSHZ2,0.035141951336136415,2.542523766672473,0.8362946515936286
Inh L1-3 VIP CBLN1,GULP1,0.028974765420221798,2.041545824536986,0.8353012974010517
Inh L1-3 VIP CBLN1,NXPH2,0.023837301255035186,1.5182711313212978,0.8084571419136924
Inh L1-3 VIP CBLN1,THSD7A,0.020473809177870343,3.309659224177306,0.7402569813003338
Inh L1-3 VIP CBLN1,HTR1E,0.02328942296121129,2.0398327220485477,0.735880859014157
Inh L1-2 VIP EXPH5,SCTR,0.019907961975018845,0.6125690579975387,0.9927024492617419
Inh L1-2 VIP EXPH5,FLT1,0.039573909233184414,0.9603126322712543,0.9754237636965203
Inh L1-2 VIP EXPH5,IGFBP5,0.03380110959620771,1.125307919131299,0.9695434555214766
Inh L1-2 VIP EXPH5,ST18,0.04386909704738985,0.8033664037680004,0.9603174603174603
Inh L1-2 VIP EXPH5,SHISA8,0.0231269058264357,1.3661621749987378,0.9224568783461728
Inh L1-2 VIP EXPH5,LRRC1,0.02356555892861981,0.8132287315522061,0.9096628939619305
Inh L1-2 VIP EXPH5,SEZ6,0.021541605231371157,1.2610988988396976,0.9076729284473944
Inh L1-2 VIP EXPH5,VIP,0.014729457882215304,1.6006429207769473,0.8654269123673605
Inh L1-2 VIP EXPH5,ADAMTS6,0.013845245573675757,1.685513006200088,0.8463921162636731
Inh L1-2 VIP EXPH5,TSHZ2,0.013887082420920184,1.9827995777410268,0.8107612609093212
Inh L1-3 VIP HSPB6,IGFBP5,0.01837668316765443,0.734551095882326,0.9553871345746836
Inh L1-3 VIP HSPB6,SLC22A3,0.020251220672522326,1.3130718242239467,0.9373932521513727
Inh L1-3 VIP HSPB6,CCNG2,0.02419890946985863,1.2051097170548348,0.9337900462753472
Inh L1-3 VIP HSPB6,SHISA8,0.024334120793016823,1.2857265006659027,0.9176057429943947
Inh L1-3 VIP HSPB6,PLCE1,0.015539210251325949,1.5448118626471978,0.8617037016497923
Inh L1-3 VIP HSPB6,SVEP1,0.018652851922769366,1.3530258349432214,0.8584837364690048
Inh L1-3 VIP HSPB6,TRPC6,0.019509083635252486,0.8169145004382764,0.8430541889283656
Inh L1-3 VIP HSPB6,PCDH19,0.018699357674883225,1.1177474080613945,0.8358147709275473
Inh L1-3 VIP HSPB6,THSD7A,0.03630623032548831,3.300015892884414,0.7395675346648729
Inh L1-3 VIP HSPB6,RGS12,0.017232110192873767,2.318007110879206,0.7212165189026352
Inh L1-2 VIP PTGER3,PTGER3,0.02878835062775143,0.6768313335584664,1.0
Inh L1-2 VIP PTGER3,SYT10,0.013258436156516694,1.064174157189421,0.9595527654324133
Inh L1-2 VIP PTGER3,PCDH11Y,0.011486235094365556,1.1846066719278556,0.9453589103147582
Inh L1-2 VIP PTGER3,EDNRA,0.01190250744057498,1.0833863370482844,0.9295594688428974
Inh L1-2 VIP PTGER3,KCNH8,0.016093113021536234,1.3435583049093638,0.9286599705687214
Inh L1-2 VIP PTGER3,PARD3B,0.012499447398501265,1.5903170562382019,0.8888345949724142
Inh L1-2 VIP PTGER3,RORB,0.015654742197182124,0.7623185985103673,0.8667729274848286
Inh L1-2 VIP PTGER3,KCNK2,0.015524409489338767,1.4689061547800262,0.8075974712625387
Inh L1-2 VIP PTGER3,THSD7A,0.018710486541422343,3.4182199555363844,0.748207194293874
Inh L1-2 VIP PTGER3,SAMD5,0.01412135659170796,1.6287593773919062,0.710186116757852
Inh L1-2 VIP SCML4,SCML4,0.026807987442810034,0.6542755737431403,0.9945421410907463
Inh L1-2 VIP SCML4,ABI3BP,0.01807810308319206,1.5046660933538756,0.9593151115215912
Inh L1-2 VIP SCML4,KCNH8,0.021849484902881414,1.1551611636407346,0.923375155413262
Inh L1-2 VIP SCML4,NCKAP5,0.015499623493821632,2.0665516335309224,0.8476440694804719
Inh L1-2 VIP SCML4,SEL1L3,0.020714137994125546,1.2920572791748948,0.8314376110607187
Inh L1-2 VIP SCML4,LYPD6B,0.011062333874300835,1.3433880103945286,0.8289553715363065
Inh L1-2 VIP SCML4,CDH20,0.013167029547786752,1.967224195612163,0.7491980642286394
Inh L1-2 VIP SCML4,THSD7A,0.010064818612166609,3.075388990611442,0.7234787586922566
Inh L1-2 VIP SCML4,PDE1C,0.011412561211547042,2.183886470544497,0.7028546593784564
Inh L1-2 VIP SCML4,CSGALNACT1,0.012194953099038177,1.908931049175544,0.6806160696681782
Inh L1-3 VIP FNDC1,FBN3,0.010332970128015945,0.43532448846623156,1.0
Inh L1-3 VIP FNDC1,LINC01170,0.013209502068184529,0.903145280043737,0.965309181244869
Inh L1-3 VIP FNDC1,TBL1X,0.016516689363461363,1.2080246642368548,0.9390267169499108
Inh L1-3 VIP FNDC1,KCNH8,0.029359497315606265,1.2773593469179605,0.9266080175331077
Inh L1-3 VIP FNDC1,SHISA8,0.009248107863118438,1.237962500990387,0.9147329581567838
Inh L1-3 VIP FNDC1,LRRC1,0.009325315809669884,0.8614093564285944,0.9138278433767808
Inh L1-3 VIP FNDC1,ADAMTS3,0.01792589606530273,0.5159441694240021,0.9072249758440424
Inh L1-3 VIP FNDC1,NCKAP5,0.0134239153846895,1.9043700978544547,0.839450136279785
Inh L1-3 VIP FNDC1,ITGA8,0.01481191280080452,1.5342726967202336,0.8087001209618818
Inh L1-3 VIP FNDC1,ADAMTS17,0.012292050029337547,1.6427655836613524,0.7875091136864943
Inh L1-3 VIP CHRNA2,SDC2,0.016139986787721567,0.6796523185667325,0.9762191020156832
Inh L1-3 VIP CHRNA2,NPR3,0.02516473202255935,1.083253472644048,0.968002984240378
Inh L1-3 VIP CHRNA2,SLC7A11,0.026084137767090444,0.7026786224726058,0.9503009487699622
Inh L1-3 VIP CHRNA2,PPP1R1C,0.017179638915562845,1.2603369132427633,0.9490517358874352
Inh L1-3 VIP CHRNA2,CALB2,0.016013537538141828,1.1360214024233635,0.929405282856307
Inh L1-3 VIP CHRNA2,KCNG2,0.024710892295109674,1.6210606944486243,0.9260087409352631
Inh L1-3 VIP CHRNA2,COBLL1,0.017346615074948838,0.644534627280834,0.91839889978287
Inh L1-3 VIP CHRNA2,EYA4,0.029974403089524496,1.0716377252202391,0.9121236255490853
Inh L1-3 VIP CHRNA2,OPRM1,0.04946614190244523,1.0420147203358219,0.8985970829757182
Inh L1-3 VIP CHRNA2,PLCE1,0.016686338755781276,1.5524893973080047,0.8622698737481422
Inh L2 VIP SLC6A16,SSTR1,0.015961210958755617,0.4167653390291478,0.9841269841269841
Inh L2 VIP SLC6A16,SDC2,0.020759713835275674,0.8708906553981126,0.981441134598865
Inh L2 VIP SLC6A16,SLC7A11,0.03380193579130408,1.0934153406553389,0.9567165382114334
Inh L2 VIP SLC6A16,COBLL1,0.01920411769823447,0.7907793246346637,0.9258484223637989
Inh L2 VIP SLC6A16,HCRTR2,0.03076756622319474,0.7134314154326369,0.8645940954784559
Inh L2 VIP SLC6A16,COL21A1,0.016619838618946874,1.5003588557318763,0.8417525862406409
Inh L2 VIP SLC6A16,NCKAP5,0.016132108332482634,1.8503782085578302,0.8368496803702158
Inh L2 VIP SLC6A16,NR2F2-AS1,0.016511912130952176,2.002065897465525,0.8249191018088078
Inh L2 VIP SLC6A16,PLCXD3,0.015685531798776835,1.2440830715807436,0.738181668045927
Inh L2 VIP SLC6A16,KCNT2,0.040051401624427156,3.056944240980221,0.6472750637383613
Inh L1 VIP KLHDC8B,ITGBL1,0.058834098907916924,1.522341844063071,1.0
Inh L1 VIP KLHDC8B,ADAM12,0.04869059205319583,1.477134773659912,0.9734275708642428
Inh L1 VIP KLHDC8B,SVIL,0.047531739144502524,1.783249805026317,0.9229518371044059
Inh L1 VIP KLHDC8B,VIP,0.01955599040697456,2.730933196545607,0.9084982558110115
Inh L1 VIP KLHDC8B,SLITRK4,0.027433929881559065,1.826384201177348,0.8401032058931233
Inh L1 VIP KLHDC8B,CNR1,0.017081522196420368,3.0249810244936546,0.8094163262718665
Inh L1 VIP KLHDC8B,VWC2L,0.027737656434963533,2.4583084572494798,0.7782278148869579
Inh L1 VIP KLHDC8B,FIGN,0.015463453929559336,2.156045927631565,0.7731964032274055
Inh L1 VIP KLHDC8B,L3MBTL4,0.013012691627658834,2.322156426444157,0.7419385596127879
Inh L1 VIP KLHDC8B,PRKD1,0.02690992972287021,2.511146534792392,0.6949574174350323
Inh L3-5 VIP IGDCC3,EREG,0.06423848870304404,0.5717626750510326,1.0
Inh L3-5 VIP IGDCC3,NOX4,0.05002745947024412,1.5995145369376447,0.9904825754136871
Inh L3-5 VIP IGDCC3,IQGAP2,0.020420379883560935,1.277966319373149,0.9542451388914224
Inh L3-5 VIP IGDCC3,CMTM8,0.027303167700099946,1.2830192551978956,0.9267044864911201
Inh L3-5 VIP IGDCC3,CBLN4,0.025594900685036857,0.8669564477152282,0.9177396823365832
Inh L3-5 VIP IGDCC3,VIP,0.021831629676594588,2.366011410255024,0.8947223812784408
Inh L3-5 VIP IGDCC3,LYPD6,0.02062593792798485,1.1801039602702432,0.859679227609496
Inh L3-5 VIP IGDCC3,OCA2,0.017414116987331668,1.1112391695643815,0.8401987142965981
Inh L3-5 VIP IGDCC3,ITGA8,0.03070337979511121,1.6308182975234078,0.8176759750729702
Inh L3-5 VIP IGDCC3,FIGN,0.018363964519503156,2.0800494224355184,0.7649099266972325
Inh L1-5 VIP SMOC1,PRTG,0.01927990943750099,0.5576408681498983,0.9835469671084819
Inh L1-5 VIP SMOC1,ABI3BP,0.04121124416844925,1.6974901985252175,0.9621335826602857
Inh L1-5 VIP SMOC1,SMOC1,0.039431992178722425,1.2749234174144,0.9590444876147584
Inh L1-5 VIP SMOC1,LAMA3,0.020997818250895656,1.136403769583644,0.92343150150963
Inh L1-5 VIP SMOC1,VIP,0.0456023327500549,2.4664464648437554,0.8986861647680793
Inh L1-5 VIP SMOC1,PCP4,0.05137541431391005,1.6409697080248222,0.8694187685931384
Inh L1-5 VIP SMOC1,ARHGEF28,0.020252393224422117,1.2216197951556231,0.8084022444199203
Inh L1-5 VIP SMOC1,GULP1,0.021259501907305307,1.4666584041095647,0.7949863702754787
Inh L1-5 VIP SMOC1,EGFEM1P,0.025659294318825836,2.9916577001600406,0.7917363211294602
Inh L1-5 VIP SMOC1,CNR1,0.04806224057202149,2.5858795057070285,0.7845993660155897
Inh L3-5 VIP HS3ST3A1,HS3ST3A1,0.013231532757882072,0.6041350554538537,1.0
Inh L3-5 VIP HS3ST3A1,ABI3BP,0.03504498580805117,2.220858555933228,0.9691868762975046
Inh L3-5 VIP HS3ST3A1,IQGAP2,0.02709979927180369,1.5758695486556746,0.9615981624840917
Inh L3-5 VIP HS3ST3A1,SLC22A3,0.026472174049296346,1.712792327236954,0.951076798994672
Inh L3-5 VIP HS3ST3A1,PROS1,0.01922696972781497,1.376991968457577,0.9445205183280461
Inh L3-5 VIP HS3ST3A1,EPHB1,0.01512200321464821,1.5593299048271374,0.8608156443183952
Inh L3-5 VIP HS3ST3A1,ARHGEF28,0.016985636745496063,1.5330041090203181,0.8440239032442919
Inh L3-5 VIP HS3ST3A1,BICC1,0.017361395594032148,1.498874666200336,0.8375542986146253
Inh L3-5 VIP HS3ST3A1,THSD7B,0.04912936503766199,2.8081217900644946,0.8340686550639153
Inh L3-5 VIP HS3ST3A1,LYPD6B,0.015295693274071997,1.3054249257135577,0.8244428232060048
Inh L5-6 VIP COL4A3,KCTD12,0.014895148233048317,0.8123913198180139,0.9865621391313705
Inh L5-6 VIP COL4A3,ABI3BP,0.025570774176337237,2.8165900274789464,0.9757041000848222
Inh L5-6 VIP COL4A3,LINC00298,0.010886475378868724,0.6005826517772184,0.9376719451676004
Inh L5-6 VIP COL4A3,PARD3B,0.02060225283831598,1.680811734828748,0.8928969857855972
Inh L5-6 VIP COL4A3,PDE3A,0.012178696710058449,2.1430054505926646,0.8855719952246575
Inh L5-6 VIP COL4A3,LINC00299,0.02097024505683563,2.3668895326173245,0.8719386579091171
Inh L5-6 VIP COL4A3,ADAMTS6,0.012781597702255601,1.8159121622909868,0.8568526577289229
Inh L5-6 VIP COL4A3,SEMA5A,0.023416162679649875,2.120109551290308,0.8261303189420529
Inh L5-6 VIP COL4A3,THSD7B,0.010957454571786734,2.5913449512353544,0.8249036077590072
Inh L5-6 VIP COL4A3,ARHGAP18,0.014387222201450582,0.7655387211124177,0.8248880320250342
Inh L1-5 VIP CD27-AS1,COL4A3,0.011098952101864214,0.6718960480334795,0.9630308279353699
Inh L1-5 VIP CD27-AS1,IQGAP2,0.01799486651169857,1.5353987979555943,0.9605859491134674
Inh L1-5 VIP CD27-AS1,ABI3BP,0.010313787499298907,1.1935740971050375,0.9549167328243627
Inh L1-5 VIP CD27-AS1,PARD3B,0.015822321720320387,1.6355405363367377,0.8908111304764245
Inh L1-5 VIP CD27-AS1,RAB37,0.016461560086956196,1.110621608551663,0.8816046929473959
Inh L1-5 VIP CD27-AS1,NTNG1,0.017274080014469936,1.3730727137838636,0.86393560121064
Inh L1-5 VIP CD27-AS1,ANKFN1,0.030016352166152793,2.0188752204026974,0.8440958696034964
Inh L1-5 VIP CD27-AS1,EGFEM1P,0.0329733880675953,3.553565384141541,0.8204253257880859
Inh L1-5 VIP CD27-AS1,TOX,0.03561998324202798,1.6496609050485798,0.7095618401125375
Inh L1-5 VIP CD27-AS1,NELL1,0.015381046166754815,2.8417658519344213,0.704909530041857
Inh L2-5 VIP BSPRY,PTH2R,0.01789342909552097,0.9149578077058906,0.9850871472661055
Inh L2-5 VIP BSPRY,VWDE,0.022278341067398382,1.2736861369391521,0.9739561060405615
Inh L2-5 VIP BSPRY,ST18,0.04300767561982433,1.2993476342519064,0.9633469490149641
Inh L2-5 VIP BSPRY,KCNH8,0.012580260222758764,0.9971594358539959,0.9200366882128651
Inh L2-5 VIP BSPRY,PDE3A,0.01612489549709731,2.202486280574203,0.8881352226912148
Inh L2-5 VIP BSPRY,LINC00299,0.015571482868714985,1.9487010482477158,0.8587792217463389
Inh L2-5 VIP BSPRY,SEMA3E,0.026324416610356293,1.0019338286013293,0.8364559538032079
Inh L2-5 VIP BSPRY,CA10,0.06327216335048547,2.005086356847789,0.8114466467063545
Inh L2-5 VIP BSPRY,PCDH15,0.023831475652331482,1.7618149136761918,0.7585855586648239
Inh L2-5 VIP BSPRY,THSD7A,0.021748986241361325,3.376575656647438,0.7451017596982441
Inh L2-5 VIP SOX11,PENK,0.04183603880013296,1.7433811160074386,0.9872690793726174
Inh L2-5 VIP SOX11,GFRA1,0.012712281959246825,0.4607831261730051,0.9680516912118062
Inh L2-5 VIP SOX11,PCDH18,0.011995016344007915,0.8605430820637131,0.9548475355163403
Inh L2-5 VIP SOX11,HTR2C,0.02436063014544772,2.557504239542012,0.9471234752333549
Inh L2-5 VIP SOX11,SCN7A,0.018010211135564724,1.0561846736431328,0.9257137188877463
Inh L2-5 VIP SOX11,ARHGAP18,0.012830567316640978,1.478792635035084,0.8883948418315919
Inh L2-5 VIP SOX11,PARD3B,0.012298817860965249,1.4453223760204896,0.8824596270591512
Inh L2-5 VIP SOX11,THSD7B,0.06694156966241031,3.637434751922564,0.8691186459134892
Inh L2-5 VIP SOX11,ADAMTSL1,0.02632511588261631,1.753390678886123,0.851909522895909
Inh L2-5 VIP SOX11,GRM8,0.016549298954080777,2.419611976695061,0.7951456992587769
Inh L3-6 VIP ZIM2-AS1,ALDH1A2,0.018141879602084427,0.9845978866483941,0.9975653203052847
Inh L3-6 VIP ZIM2-AS1,ESR1,0.013473256843935496,0.5526036961968126,0.9963668351586221
Inh L3-6 VIP ZIM2-AS1,VGLL3,0.01742245504622248,0.41238428300183033,0.9928327418898514
Inh L3-6 VIP ZIM2-AS1,PENK,0.09013282136547643,2.477274150707031,0.9910406175251802
Inh L3-6 VIP ZIM2-AS1,ROR2,0.0325166584637949,1.2468060027158923,0.977887153499707
Inh L3-6 VIP ZIM2-AS1,RGMA,0.015364152190409604,0.7785693360942105,0.9424957419504919
Inh L3-6 VIP ZIM2-AS1,HTR2C,0.013378931553019497,2.173589916286797,0.9423470414998794
Inh L3-6 VIP ZIM2-AS1,BMP6,0.017731992954071508,1.2113270831168963,0.9377735205389124
Inh L3-6 VIP ZIM2-AS1,MIR4500HG,0.031003535689877616,1.9660200996016544,0.851141694894795
Inh L3-6 VIP ZIM2-AS1,CXCL14,0.020623172636045923,2.8751443135229495,0.8425717951180717
Inh L1-5 VIP PHLDB3,LINC01411,0.0279691153001855,0.6774763879488461,0.9856410430474897
Inh L1-5 VIP PHLDB3,EGF,0.0757502167703711,1.2717812968858087,0.9801559625091361
Inh L1-5 VIP PHLDB3,VWDE,0.018785538696496653,0.8806363954384793,0.9623320738730841
Inh L1-5 VIP PHLDB3,DACH2,0.02397732128597336,1.903573247763941,0.9269856554177023
Inh L1-5 VIP PHLDB3,ARHGAP42,0.0173474520411131,1.0135554149890094,0.8609157745057961
Inh L1-5 VIP PHLDB3,THSD7B,0.01960187315670349,2.6452566295598943,0.8271781608605486
Inh L1-5 VIP PHLDB3,PARD3,0.016712053072187583,2.2011856439308035,0.7268117620461131
Inh L1-5 VIP PHLDB3,PDE1C,0.013149157778064233,2.2645951847980594,0.7112312941024502
Inh L1-5 VIP PHLDB3,SLC24A3,0.012897954362782365,2.8962201142195987,0.7111400414615178
Inh L1-5 VIP PHLDB3,SOX2-OT,0.026653086195213744,3.707766001708701,0.6972925451548986
Inh L1-5 VIP LINC01013,LINC01411,0.012656889369890111,0.5482332527045102,0.9841269841269841
Inh L1-5 VIP LINC01013,EGF,0.015764778423058214,0.5674848805597531,0.9555278447054165
Inh L1-5 VIP LINC01013,DACH2,0.0463596751967103,2.074972466299148,0.9323612883604104
Inh L1-5 VIP LINC01013,HPSE2,0.019048831721292153,2.1342859149185083,0.930897089137767
Inh L1-5 VIP LINC01013,MEGF11,0.011940698977095302,1.048249221365264,0.9235088567770656
Inh L1-5 VIP LINC01013,SRGAP1,0.03286274939026318,1.7921762574639888,0.8958249240188395
Inh L1-5 VIP LINC01013,SEMA3C,0.011743222744741549,1.3520044547440162,0.8875598339776704
Inh L1-5 VIP LINC01013,CHRNA7,0.01868175604742325,1.3469711953650774,0.8794273747115623
Inh L1-5 VIP LINC01013,SDK2,0.014965622123122326,0.9338017407584456,0.863024813119125
Inh L1-5 VIP LINC01013,THSD7B,0.06511141320275284,3.4523503552457786,0.8621019488912607
Inh L3-6 VIP UG0898H09,PSG5,0.013774245350661737,0.45702874061310467,1.0
Inh L3-6 VIP UG0898H09,LINC01411,0.020311475917092824,0.883927565491281,0.9889947381768857
Inh L3-6 VIP UG0898H09,GALNT10,0.016446404539995144,1.142557558371367,0.9423163239825769
Inh L3-6 VIP UG0898H09,DACH2,0.04375497418858431,2.189696492561888,0.935905060457081
Inh L3-6 VIP UG0898H09,RASL10A,0.025286467579027545,0.6881843912178163,0.858157490853943
Inh L3-6 VIP UG0898H09,THSD7B,0.021963846967566897,3.0347155969188453,0.8442831799731081
Inh L3-6 VIP UG0898H09,ADAMTSL1,0.025231082811609698,1.4956249664213732,0.8392156761593931
Inh L3-6 VIP UG0898H09,EGFEM1P,0.01625733750302685,3.1470449218797643,0.7996682456980644
Inh L3-6 VIP UG0898H09,PCSK5,0.024337295110664132,1.7504814557453703,0.7909226489759871
Inh L3-6 VIP UG0898H09,ADAMTSL3,0.013897013058135468,1.2831264241389693,0.7776152476621893
Inh L3-5 VIP TAC3,MEGF11,0.04170951836599021,1.128409907220793,0.9272512864713954
Inh L3-5 VIP TAC3,TAC3,0.014682532711775888,1.3287275939996825,0.9145971483963159
Inh L3-5 VIP TAC3,CMTM8,0.015729984713068444,0.8497434099438383,0.8967234185671854
Inh L3-5 VIP TAC3,ARHGAP18,0.018150924771538526,1.0084694057996444,0.848966883334051
Inh L3-5 VIP TAC3,RARB,0.022421794874899443,1.685513006200088,0.8458390228240171
Inh L3-5 VIP TAC3,TSHZ2,0.028175572018660437,2.2080939842706067,0.8214436733624632
Inh L3-5 VIP TAC3,CDH20,0.027669766986849916,1.9623749924050384,0.748715593051221
Inh L3-5 VIP TAC3,CHRM2,0.014819197857221708,1.3952101738639415,0.7149163335268133
Inh L3-5 VIP TAC3,SLC24A3,0.033892014625907,2.9176524966300583,0.7132036384211697
Inh L3-5 VIP TAC3,SOX2-OT,0.05880489783047918,3.7904577101174115,0.7037231968210717
Inh L1-6 SST NPY,NPY,0.13251543388345735,4.660690159573562,1.0
Inh L1-6 SST NPY,STAC,0.016027329248145254,0.5187905553405915,1.0
Inh L1-6 SST NPY,NPY2R,0.01798650748926308,0.9259075032446134,0.9903704006272169
Inh L1-6 SST NPY,NOS1,0.09486081871876263,2.9525705538991183,0.9887171613354233
Inh L1-6 SST NPY,CRHBP,0.07886021879848779,2.4365377451909005,0.9763833299502366
Inh L1-6 SST NPY,TACR1,0.013635263977051613,1.7531822146320708,0.9277799640125711
Inh L1-6 SST NPY,SST,0.03308743364836031,3.3370180584382445,0.927522227770735
Inh L1-6 SST NPY,NNAT,0.013699649451198124,0.8305507675056389,0.8871270577816162
Inh L1-6 SST NPY,IL1RAPL2,0.03753017335313632,3.296483652050794,0.8662590912843541
Inh L1-6 SST NPY,COL24A1,0.011842026198873257,1.9639536642492483,0.8604675581164232
Inh L3-5 SST CDH3,TMEM255A,0.016402841141446405,0.5353610681471949,1.0
Inh L3-5 SST CDH3,ENPP1,0.015966544614859593,0.8493986011931912,0.9924235081768754
Inh L3-5 SST CDH3,SLCO4C1,0.02547954730619665,0.787237529246732,0.9860087861021399
Inh L3-5 SST CDH3,QRFPR,0.025818974688956914,1.2325992275764195,0.9787262126532575
Inh L3-5 SST CDH3,ACVR1C,0.022318428853617147,0.8708283577973976,0.9560106005027169
Inh L3-5 SST CDH3,NPNT,0.026447271802772173,0.4489924226626629,0.9535784405389519
Inh L3-5 SST CDH3,PIEZO2,0.014157532110142436,1.2239731144970685,0.9521326818057513
Inh L3-5 SST CDH3,PRKCQ,0.016159162508091657,0.7907113879292392,0.9467043174490651
Inh L3-5 SST CDH3,EDNRA,0.014470618160626588,1.247343093656581,0.9387913869621937
Inh L3-5 SST CDH3,FREM1,0.022733580974546044,2.0860053956410964,0.9024966652420748
Inh L5 SST RPL35AP11,QRFPR,0.052600796940505075,0.7149436715576953,0.9636156362062709
Inh L5 SST RPL35AP11,EDNRA,0.03580698094741213,0.9331490867889682,0.9207740844216635
Inh L5 SST RPL35AP11,FREM1,0.04573673363006406,1.5918729245058933,0.8861251305064746
Inh L5 SST RPL35AP11,SST,0.021412402122262378,1.970434992520575,0.879020104528882
Inh L5 SST RPL35AP11,TRPC6,0.01853236649217285,1.3018230335340908,0.8782088254428673
Inh L5 SST RPL35AP11,PRKG2,0.021292373939044214,1.37195089122931,0.8285240758363188
Inh L5 SST RPL35AP11,COL21A1,0.018189951173032536,1.1576899523375523,0.813151771618419
Inh L5 SST RPL35AP11,TRHDE,0.059705739603108224,3.2391868045353434,0.7843387281709618
Inh L5 SST RPL35AP11,ITGA8,0.03167636133017272,1.1564568730548421,0.7728626949769101
Inh L5 SST RPL35AP11,SAMD5,0.018560939620733304,2.2640184485567048,0.7588772505361242
Inh L5-6 SST ISX,KLHL1,0.016356581093016555,0.9371095302336296,0.9124281064892095
Inh L5-6 SST ISX,SST,0.014652724824878928,2.0585033169076405,0.8831773151303981
Inh L5-6 SST ISX,EPB41L4A,0.015759700267838475,1.1886149595359679,0.8749672510344709
Inh L5-6 SST ISX,SPHKAP,0.03671608477719442,1.8500199161410908,0.7952986049098822
Inh L5-6 SST ISX,COL19A1,0.02225116415092975,2.179061591103393,0.7860387839537594
Inh L5-6 SST ISX,TRHDE,0.024016671305914047,3.087713633006173,0.774927106437233
Inh L5-6 SST ISX,PREX2,0.0178591817038249,1.441073756251244,0.7579410215820903
Inh L5-6 SST ISX,NR2F2-AS1,0.016063609790285482,0.9904404836945349,0.7487806955701102
Inh L5-6 SST ISX,CHRM2,0.017807777144479155,1.5471053824098904,0.7337439534226183
Inh L5-6 SST ISX,PLCXD3,0.02535267234486743,1.0895381538233386,0.7254562688034042
Inh L5-6 PVALB SST CRHR2,ALDH1A3,0.03186357671776444,0.5319496686074986,1.0
Inh L5-6 PVALB SST CRHR2,HPGD,0.030087194199544746,0.8207459350321515,0.9903916775693199
Inh L5-6 PVALB SST CRHR2,FLT1,0.019822634233896665,0.7085983967041048,0.9695128605313155
Inh L5-6 PVALB SST CRHR2,BMP6,0.023850678659991745,0.8721450181164887,0.9211820887286063
Inh L5-6 PVALB SST CRHR2,RGS5,0.02989346593561772,1.3628552481765208,0.920709056031507
Inh L5-6 PVALB SST CRHR2,FREM1,0.016197852152066844,1.5240482631825591,0.883529748318123
Inh L5-6 PVALB SST CRHR2,SPON1,0.020093705160373877,1.1124228998788632,0.8553140012880128
Inh L5-6 PVALB SST CRHR2,HTR4,0.02254923385093278,1.2606451964642966,0.8414098483341274
Inh L5-6 PVALB SST CRHR2,TMEM132C,0.028746571074769026,2.1420965953811875,0.7990109919329027
Inh L5-6 PVALB SST CRHR2,ADAMTS17,0.019713608335699656,1.6985854753956882,0.7913623422688553
Inh L3-5 SST OR5AH1P,ADAMTS5,0.04096545879313077,0.6079916288214429,0.9825948666960963
Inh L3-5 SST OR5AH1P,EDNRA,0.013179450099337497,0.8135464384261086,0.9142004915847555
Inh L3-5 SST OR5AH1P,TAC1,0.02465802329755954,1.3548236320626716,0.897493190445058
Inh L3-5 SST OR5AH1P,SST,0.021453504951842253,2.160363049877618,0.8880467638167885
Inh L3-5 SST OR5AH1P,ZNF124,0.013060371952615826,0.626842585688488,0.8728538789622938
Inh L3-5 SST OR5AH1P,VGF,0.019339869431782567,0.7960155178613363,0.8547421159994985
Inh L3-5 SST OR5AH1P,PRKG2,0.01986741771947786,1.4501814698672506,0.8373462704563714
Inh L3-5 SST OR5AH1P,RNF144B,0.015679797290883098,1.1078007599858326,0.8180500770435581
Inh L3-5 SST OR5AH1P,FBXL7,0.02602149347495557,0.3591557578477921,0.7887773709753907
Inh L3-5 SST OR5AH1P,TRHDE,0.01690496651598009,2.9518878353472884,0.7665925746183181
Inh L3-5 SST GGTLC3,ADGRG6,0.07993740169110347,0.7840866453249702,0.9781522703051632
Inh L3-5 SST GGTLC3,EYS,0.04970329916819271,1.573932013464026,0.9494484885654011
Inh L3-5 SST GGTLC3,SST,0.020057090425682846,1.73538011410287,0.8689781247633853
Inh L3-5 SST GGTLC3,RELN,0.033897932423377325,1.6272979775951741,0.866276255307873
Inh L3-5 SST GGTLC3,COL25A1,0.0470258058589782,2.709427373146262,0.856418108191816
Inh L3-5 SST GGTLC3,PCDH15,0.05947747246092873,2.418908091975775,0.8118013258590298
Inh L3-5 SST GGTLC3,COL19A1,0.02266518600109136,2.025898117339229,0.7710627708015928
Inh L3-5 SST GGTLC3,TRHDE,0.02270583623041442,2.3775613463636054,0.7326561963651674
Inh L3-5 SST GGTLC3,SAMD5,0.018312666761868494,1.8460682314050159,0.7241570519499811
Inh L3-5 SST GGTLC3,ADAMTS9-AS2,0.016923254731126085,1.7703088658358155,0.7129978178516225
Inh L2-3 SST NMU,NOS1,0.014776080510867113,0.7251121760343889,0.9621220146026341
Inh L2-3 SST NMU,EYS,0.042715604536120756,1.9852467109300131,0.9582777072085179
Inh L2-3 SST NMU,PIEZO2,0.040735761594217726,1.4306510223601852,0.9556081727071126
Inh L2-3 SST NMU,NMU,0.01325222109216432,0.54383220176486,0.9474004687939809
Inh L2-3 SST NMU,HPSE2,0.05225719004467558,1.639098793593482,0.9170328705397253
Inh L2-3 SST NMU,EYA4,0.01822124321846377,0.6006941749210257,0.9047619047619048
Inh L2-3 SST NMU,TANC1,0.012013545992259098,1.0478483207655744,0.855064981907696
Inh L2-3 SST NMU,PARD3B,0.02004154057449614,0.40504887501162434,0.830312520057728
Inh L2-3 SST NMU,PCSK5,0.014528045987801682,1.46541467295875,0.7582632255872577
Inh L2-3 SST NMU,ADAMTS17,0.011495942741073266,1.2088481186891102,0.7540729080459501
Inh L5-6 SST PAWR,NDST4,0.03165519617859519,1.424107821964306,0.9415198848115105
Inh L5-6 SST PAWR,EPB41L4A,0.022700064390789462,1.4768736943814962,0.8970654310985662
Inh L5-6 SST PAWR,TRPC6,0.015414313422824545,1.5979224042450797,0.8948453706596661
Inh L5-6 SST PAWR,COL25A1,0.019286989507552164,2.835119457478749,0.8625166009499221
Inh L5-6 SST PAWR,SPON1,0.02027927543453758,1.0036135241357667,0.8483806070268917
Inh L5-6 SST PAWR,ANGPT1,0.014904484021158288,0.7193559830040814,0.8395045423232059
Inh L5-6 SST PAWR,COL19A1,0.014981490027400821,2.4197181622139756,0.8065292694127691
Inh L5-6 SST PAWR,TRHDE,0.03431514726482597,3.504013451331023,0.8003723467458036
Inh L5-6 SST PAWR,UTRN,0.021223226831525218,2.2768937382899654,0.756543496659223
Inh L5-6 SST PAWR,MPPED2,0.023650913023602824,1.5709488293068072,0.7325562906501178
Inh L5-6 SST PIK3CD,LINC00943,0.029899382077868766,0.40368968971340247,0.9874370376877772
Inh L5-6 SST PIK3CD,ADGRG6,0.02112463183231218,0.6843156852135442,0.9750181344061059
Inh L5-6 SST PIK3CD,STK32B,0.018980905457187128,0.6372042347461834,0.9564185792185527
Inh L5-6 SST PIK3CD,KLHL14,0.03189845042636468,0.7820542927144742,0.955068011488953
Inh L5-6 SST PIK3CD,PIEZO2,0.01853191765430178,1.1215265481909855,0.9506600724914905
Inh L5-6 SST PIK3CD,VCAN,0.02324889678843146,1.0311905903462637,0.89510904886337
Inh L5-6 SST PIK3CD,ANGPT1,0.020168553089723387,1.1139440947276653,0.8695730385064858
Inh L5-6 SST PIK3CD,PCDH15,0.017167924669437007,2.989285798908048,0.8454778507956593
Inh L5-6 SST PIK3CD,BICC1,0.019365435089263496,1.5020099266514866,0.8378768174974657
Inh L5-6 SST PIK3CD,COL19A1,0.032150641986227815,2.6490504083387063,0.8232783192101217
Inh L1-2 SST CCNJL,FRZB,0.027955365773474235,0.5536654321424674,0.9880476203419252
Inh L1-2 SST CCNJL,CALB1,0.02434547694582935,0.8929752241138562,0.983594076531543
Inh L1-2 SST CCNJL,HTR2C,0.02471258322845991,0.6671864648980563,0.9213692491542743
Inh L1-2 SST CCNJL,CRYBG3,0.042006838305643904,1.2835360308929324,0.9200974698539641
Inh L1-2 SST CCNJL,MYO5B,0.018906558327596523,1.51242850014946,0.8995793610496037
Inh L1-2 SST CCNJL,COL25A1,0.025813350159091683,2.5142924323179647,0.8465065865133758
Inh L1-2 SST CCNJL,KLF3-AS1,0.01784445177461397,1.5021230009797861,0.8130433546402729
Inh L1-2 SST CCNJL,PCDH8,0.018846019183292494,0.5370293317851785,0.8119459868361879
Inh L1-2 SST CCNJL,TMEM132C,0.04257434835029529,2.0719682899293375,0.7935081963217854
Inh L1-2 SST CCNJL,SPHKAP,0.03494031907094745,1.2770834305423282,0.7485846829948778
Inh L1-3 SST FAM20A,LPAR1,0.0315088594788311,0.8210620151467357,0.9314877119165763
Inh L1-3 SST FAM20A,SLC24A4,0.03754753597413709,1.0396240481510848,0.9121298134257552
Inh L1-3 SST FAM20A,TAC1,0.05059387395667934,1.4549040174268315,0.9029066435596109
Inh L1-3 SST FAM20A,FBN2,0.026203842559356053,0.9707341921054791,0.8853355207683046
Inh L1-3 SST FAM20A,SST,0.025586547393008044,1.745324499624378,0.8693628913109971
Inh L1-3 SST FAM20A,SYTL5,0.03999207568974286,1.595896636884475,0.8272018271972144
Inh L1-3 SST FAM20A,PCSK5,0.025630337278346325,1.7724403596055631,0.7933162727715418
Inh L1-3 SST FAM20A,SOX6,0.024366440226538284,2.786407241331975,0.7921948230403981
Inh L1-3 SST FAM20A,KIF26B,0.049690068714054035,2.3946150253043785,0.759539533166302
Inh L1-3 SST FAM20A,LHFPL3,0.028629106256687374,2.229994491389431,0.7383649728310255
Inh L1-2 SST PRRT4,CALB1,0.04951584722852755,1.2709199884079392,0.9884728516982472
Inh L1-2 SST PRRT4,HPGD,0.02067295327570567,0.6552302195506767,0.9879645484256409
Inh L1-2 SST PRRT4,PENK,0.022931572694641765,0.5328052990329188,0.9763757942069046
Inh L1-2 SST PRRT4,STK32B,0.032227870384533376,1.0188069123923502,0.9674333514427172
Inh L1-2 SST PRRT4,CBLN4,0.050923303384918454,1.556992380584369,0.9486198443611631
Inh L1-2 SST PRRT4,EYA4,0.02368875136487376,1.4521698422917801,0.9196139798754094
Inh L1-2 SST PRRT4,SVIL,0.01976252482792595,0.8836644478859167,0.8631394166319327
Inh L1-2 SST PRRT4,ARHGAP10,0.025755623197777956,1.0577782421674224,0.8565816532782358
Inh L1-2 SST PRRT4,GULP1,0.021119882149502466,2.1570504722803037,0.842685958535152
Inh L1-2 SST PRRT4,HTR4,0.014059811136889101,0.6260666426026233,0.7549480155713341
Inh L5-6 SST BEAN1,LIPC,0.011770106419254286,0.49120043440707084,0.9834349079708756
Inh L5-6 SST BEAN1,FBN2,0.019500554270881935,1.6891467582776163,0.9146707502952579
Inh L5-6 SST BEAN1,ZBBX,0.014541807059748507,1.0611617347283429,0.856633856075558
Inh L5-6 SST BEAN1,LYPD6,0.012584029191065446,1.0178440592838842,0.8446656820917062
Inh L5-6 SST BEAN1,ADAMTSL1,0.02520159534335114,1.3889247440556463,0.8341802721916438
Inh L5-6 SST BEAN1,THSD7B,0.035487698858307666,2.7765266828556188,0.8327223363914018
Inh L5-6 SST BEAN1,LINC01378,0.02016802435034335,0.38630246781875854,0.8175641206193406
Inh L5-6 SST BEAN1,PCDH15,0.01150401782928546,2.23206640052954,0.7982641883203176
Inh L5-6 SST BEAN1,SEMA5A,0.03093001669325464,1.657366491205428,0.7957988194442106
Inh L5-6 SST BEAN1,GOLIM4,0.012405030584367042,0.8724034429199029,0.7836162353241344
Inh L5-6 SST DNAJC14,STON2,0.011787278687461558,0.5339559446204352,0.969911607446623
Inh L5-6 SST DNAJC14,HGF,0.01742305496090903,1.271558295567436,0.9646408939412027
Inh L5-6 SST DNAJC14,NPFFR2,0.01328846074012428,0.6729758216961659,0.9523809523809523
Inh L5-6 SST DNAJC14,PAMR1,0.013147517470411912,0.8422254543188614,0.9469544898158501
Inh L5-6 SST DNAJC14,ITGA1,0.009768269235258618,1.069075641459357,0.9460122168221742
Inh L5-6 SST DNAJC14,HTR7,0.00992689362701703,0.904894175461149,0.9453491158341497
Inh L5-6 SST DNAJC14,FBN2,0.019626201582316927,1.9010346625213566,0.9224122902647335
Inh L5-6 SST DNAJC14,TRHDE-AS1,0.010396594059625801,1.307683727080649,0.882159884879661
Inh L5-6 SST DNAJC14,GPC5,0.012893268463712306,3.406449853046031,0.8764988255917794
Inh L5-6 SST DNAJC14,DACH1,0.014456262875960852,1.5475175254722637,0.8406575765262385
Inh L5-6 SST C4orf26,ADAMTS20,0.011298573537420545,0.9564231484666618,0.9764121254018985
Inh L5-6 SST C4orf26,PENK,0.01587381831682029,0.5203642579668462,0.9761904761904762
Inh L5-6 SST C4orf26,HGF,0.017201676562469344,1.0297608668692404,0.95633824698582
Inh L5-6 SST C4orf26,SAMD3,0.013088775491953697,0.7801130110998822,0.940064578559024
Inh L5-6 SST C4orf26,FBN2,0.02510773936769829,2.2379368832308453,0.9336753118544278
Inh L5-6 SST C4orf26,CREB5,0.007512110924575483,0.9750330953588894,0.8878387740567881
Inh L5-6 SST C4orf26,SST,0.007099702895997438,2.130492143195569,0.886588380601083
Inh L5-6 SST C4orf26,SPON1,0.012459254979603849,1.4837563944377934,0.8762537568753541
Inh L5-6 SST C4orf26,SCN9A,0.012209853272784768,1.3751119282571007,0.8356408483880915
Inh L5-6 SST C4orf26,GPR149,0.006396481026271854,0.6012151807814925,0.8290485932613858
Inh L5-6 SST FBN2,KLHL14,0.02234154281803771,1.007836184991799,0.9640652886942019
Inh L5-6 SST FBN2,KLHL1,0.014008445909416719,1.30544496920106,0.9307932640807973
Inh L5-6 SST FBN2,TBL1X,0.01418103446556646,1.0255697486398925,0.9281792097693145
Inh L5-6 SST FBN2,FBN2,0.02715717014071396,2.018660737470301,0.926470821414119
Inh L5-6 SST FBN2,HCRTR2,0.029699862192828653,1.045592222459735,0.8930454280870948
Inh L5-6 SST FBN2,SPON1,0.0200139365209767,1.3425879818055924,0.869083745486245
Inh L5-6 SST FBN2,THSD7B,0.02921599331193529,2.527250330326023,0.8222744460983136
Inh L5-6 SST FBN2,GRIN3A,0.014136790225839382,2.512162344186531,0.7710023680836369
Inh L5-6 SST FBN2,CBLN2,0.0235000305991929,1.7013976661238952,0.7461566354103182
Inh L5-6 SST FBN2,SLIT2,0.03385589731360837,3.3194404510396707,0.742217207868517
Inh L5-6 SST KLHL1,PROM1,0.022028170663405722,0.5888558961371715,1.0
Inh L5-6 SST KLHL1,SLC17A8,0.017631266907203052,0.6932027754093424,0.9770537890594414
Inh L5-6 SST KLHL1,QRFPR,0.015155121466222374,0.7413133564259398,0.9646275712909819
Inh L5-6 SST KLHL1,KLHL14,0.02293958952419946,0.917762322564873,0.9605384733489566
Inh L5-6 SST KLHL1,NDST4,0.029335014959015707,1.5815635255417786,0.947338269695958
Inh L5-6 SST KLHL1,KLHL1,0.02642661073131406,1.5489403017944152,0.941672648625718
Inh L5-6 SST KLHL1,ST8SIA4,0.02099513916748731,1.6576990188160674,0.8843733950307002
Inh L5-6 SST KLHL1,THSD7B,0.031461394779512986,2.1756409394673053,0.809718112137375
Inh L5-6 SST KLHL1,PHACTR2,0.02495048477911552,2.0655597533702714,0.7960662020705291
Inh L5-6 SST KLHL1,SPHKAP,0.023816110928384975,1.7916551510038325,0.7901129484790547
Inh L6 SST TH,TH,0.05342126109626212,0.40461208314020336,1.0
Inh L6 SST TH,LAYN,0.010052734488876041,0.3816440464113966,0.9937188055083704
Inh L6 SST TH,PEG10,0.016437103115060844,1.1301759384298091,0.9602891937976493
Inh L6 SST TH,GABRG1,0.014917801473523343,0.9717261945722594,0.9359977766259716
Inh L6 SST TH,EPB41L4A,0.03284361032196438,1.987521343401292,0.9235120882813417
Inh L6 SST TH,GPC5,0.03101762858084433,3.4232754247706936,0.8769107984176395
Inh L6 SST TH,RAB3B,0.022250194610793396,1.6324929368985746,0.8747619007821542
Inh L6 SST TH,WIF1,0.010170323992282786,1.1740527785424215,0.8735761621527832
Inh L6 SST TH,GULP1,0.011868892050150102,2.2026712260219927,0.8456154225973628
Inh L6 SST TH,SASH1,0.011504997643767846,2.10196725190795,0.7814631456954714
Inh L5-6 PVALB KCNIP2,STON2,0.009420532956039587,0.4224325507002573,0.9682539682539683
Inh L5-6 PVALB KCNIP2,GFRA1,0.00756783851143694,0.3632283042831531,0.9637342348939064
Inh L5-6 PVALB KCNIP2,NPFFR2,0.020537426141362787,0.912844978750319,0.9544664362396574
Inh L5-6 PVALB KCNIP2,VAV3,0.020420423688260723,1.8387645131033636,0.90150572284101
Inh L5-6 PVALB KCNIP2,DACH1,0.04992432895189018,2.43540165346226,0.892261173609343
Inh L5-6 PVALB KCNIP2,GPC5,0.015245973004463852,3.1721899641194318,0.8711751732301282
Inh L5-6 PVALB KCNIP2,THSD7B,0.04306285792152658,3.06011237372958,0.8454437850257036
Inh L5-6 PVALB KCNIP2,RUNX2,0.009597842382518247,1.674895630101685,0.837228979782198
Inh L5-6 PVALB KCNIP2,KCNIP2,0.00602191294206114,0.9103181049179713,0.8362903630653035
Inh L5-6 PVALB KCNIP2,GULP1,0.011087635759969006,1.8088291781478028,0.8202383025110509
Inh L5-6 PVALB ZFPM2-AS1,AGBL1,0.009623917547102562,0.6749411317311418,0.997283801025928
Inh L5-6 PVALB ZFPM2-AS1,ZFPM2-AS1,0.06040491142485784,2.0736878861942696,0.993189763992643
Inh L5-6 PVALB ZFPM2-AS1,BLM,0.011470281660621537,0.33405559808818547,0.9920634920634921
Inh L5-6 PVALB ZFPM2-AS1,WIF1,0.012148520741282217,1.1812540543021013,0.8742017295060419
Inh L5-6 PVALB ZFPM2-AS1,LYPD6,0.01617680065888461,1.2941665872611687,0.8701470875219964
Inh L5-6 PVALB ZFPM2-AS1,PAWR,0.013404308859658723,0.8834971241221836,0.8672429911596576
Inh L5-6 PVALB ZFPM2-AS1,LYPD6B,0.009630409317699675,1.2038328225233417,0.8117505817004531
Inh L5-6 PVALB ZFPM2-AS1,DACH1,0.023043381611732017,1.1198317390911343,0.8113416213661023
Inh L5-6 PVALB ZFPM2-AS1,PCDH15,0.03930589271405787,2.294934988052304,0.8029209726795139
Inh L5-6 PVALB ZFPM2-AS1,CNTNAP3B,0.007953838045524627,1.8947959509900345,0.7956430890716835
Inh L3-5 PVALB ISG20,LINC01193,0.006669399063985947,0.4185640277809413,1.0
Inh L3-5 PVALB ISG20,SMOC2,0.006554052234690072,0.3098490481203535,1.0
Inh L3-5 PVALB ISG20,LCNL1,0.007787709877487134,0.6707570734062445,0.9654284853436214
Inh L3-5 PVALB ISG20,EAF2,0.006165011488524976,0.9551074434708808,0.9558782892264199
Inh L3-5 PVALB ISG20,LTBP1,0.016204405908032692,1.6143319775565486,0.9486769975000684
Inh L3-5 PVALB ISG20,SYT2,0.010467563876413885,1.0105369678736624,0.939009875630781
Inh L3-5 PVALB ISG20,PDGFD,0.008304957178132828,0.34745201774582624,0.9206349206349206
Inh L3-5 PVALB ISG20,CCDC39,0.015074832268054382,0.577166966558039,0.9152591037569767
Inh L3-5 PVALB ISG20,PXDNL,0.007056200362162638,1.4783482216803456,0.9105990883488067
Inh L3-5 PVALB ISG20,TACR1,0.005647212406310214,1.157136209921519,0.8978835853950617
Inh L5 PVALB LRIG3,SPP1,0.009776712163466069,0.4209059549571246,0.9476700153939096
Inh L5 PVALB LRIG3,COBLL1,0.014417832656824808,1.2012380980569892,0.9408276304274416
Inh L5 PVALB LRIG3,PLCE1,0.030592270144003557,1.7552937542748097,0.8776620559765684
Inh L5 PVALB LRIG3,GPC5,0.03135272892267886,3.0009299500115088,0.8675094702989784
Inh L5 PVALB LRIG3,CDH6,0.019485225858202806,1.0562157452018464,0.7781817800802667
Inh L5 PVALB LRIG3,CHRM2,0.022275578987488314,1.9308774251372174,0.77588838189556
Inh L5 PVALB LRIG3,SLIT3,0.01890752453973835,1.20871628157673,0.7473108935967776
Inh L5 PVALB LRIG3,SLC35F4,0.009950449171258886,1.6957841280031223,0.7373649703529471
Inh L5 PVALB LRIG3,LHFPL3,0.01687869409524671,2.156891885240947,0.7322029127227324
Inh L5 PVALB LRIG3,SLIT2,0.015579875555455399,3.0786510433079464,0.7242357160583472
Inh L2-5 PVALB HHIPL1,MEPE,0.026447989928239886,0.591699016539713,0.9920634920634921
Inh L2-5 PVALB HHIPL1,ADAMTS20,0.0165646416078849,0.38258253540735465,0.9682539682539683
Inh L2-5 PVALB HHIPL1,THSD4,0.01383057965911858,0.3840443950641834,0.9350288578355685
Inh L2-5 PVALB HHIPL1,CLMN,0.011803162093079545,0.4592446914751508,0.9245320101663334
Inh L2-5 PVALB HHIPL1,MDFIC,0.015010542558798952,0.355941544084838,0.9146132921796022
Inh L2-5 PVALB HHIPL1,ADAMTS17,0.010887239653194969,2.5018622030037747,0.843284784105841
Inh L2-5 PVALB HHIPL1,CUX2,0.009562677663265793,1.430090356023846,0.8351744707762083
Inh L2-5 PVALB HHIPL1,RARB,0.008148498021737387,1.25499609551382,0.8019275871641498
Inh L2-5 PVALB HHIPL1,SAMD5,0.010500140196452595,2.2239259890678333,0.7550084149196925
Inh L2-5 PVALB HHIPL1,EPHA3,0.01488362231978061,1.0047715872011658,0.7489728856435529
Inh L2-5 PVALB RPH3AL,POSTN,0.030097139168935853,0.7789786164097264,0.9576063596547079
Inh L2-5 PVALB RPH3AL,ROR1,0.018305048323185722,1.2074607347192166,0.8939466881610362
Inh L2-5 PVALB RPH3AL,MYO5B,0.025536218451657138,1.3094083526584994,0.8860938472238591
Inh L2-5 PVALB RPH3AL,TAC1,0.015945874671316383,1.048389615578687,0.8792751008979521
Inh L2-5 PVALB RPH3AL,ARHGAP42,0.03092125115618936,0.8837053464798262,0.851680990048205
Inh L2-5 PVALB RPH3AL,RNF144B,0.018366763326242715,1.3486934430675988,0.8439082568643037
Inh L2-5 PVALB RPH3AL,WIF1,0.0203845635607914,0.7993703427605713,0.843739706191822
Inh L2-5 PVALB RPH3AL,CEMIP,0.01644512662657032,0.8678114002203066,0.8377285810901725
Inh L2-5 PVALB RPH3AL,ADAMTS17,0.028310020001391725,2.2320664103599768,0.8262372836742472
Inh L2-5 PVALB RPH3AL,SLC9A9,0.018384487101490626,1.8657993920420783,0.7900503397533898
Inh L3 PVALB SAMD13,HOMER3,0.060610190919019806,0.39862605804457274,1.0
Inh L3 PVALB SAMD13,TSHR,0.023243118865421186,0.4629178512194617,1.0
Inh L3 PVALB SAMD13,PVALB,0.014138016830487377,0.8365553892040851,0.9476298997769416
Inh L3 PVALB SAMD13,SULF1,0.04021085005778919,1.6424680389528037,0.9363904432728357
Inh L3 PVALB SAMD13,HS3ST1,0.012229806467108311,0.7907945041664486,0.9178253322602653
Inh L3 PVALB SAMD13,PXDNL,0.014275230892078262,1.1528259426882386,0.8854161134986934
Inh L3 PVALB SAMD13,ADAMTS17,0.013183684360043758,2.314884359379554,0.8316020509477452
Inh L3 PVALB SAMD13,RARB,0.013076507572707527,1.3113759563906995,0.8087372278085218
Inh L3 PVALB SAMD13,CNTNAP3B,0.016530557867618034,1.9085761034410478,0.7971037440057084
Inh L3 PVALB SAMD13,CRTAC1,0.010976579920247467,1.0724839533466182,0.7943942035712825
Inh L1-2 PVALB CDK20,ADAMTS12,0.01644996838015434,0.5113328043865472,0.956810217563141
Inh L1-2 PVALB CDK20,SYT10,0.028123071200777137,0.5471875448941527,0.9401780350759686
Inh L1-2 PVALB CDK20,RGS5,0.00924970732860707,1.397097095886392,0.922457902077516
Inh L1-2 PVALB CDK20,SLC9A9,0.016052834244781704,2.4248928682296147,0.8326036772753356
Inh L1-2 PVALB CDK20,TMEM132C,0.02209439422939397,2.5905161520829263,0.8322499613511118
Inh L1-2 PVALB CDK20,ANGPT1,0.009948389205773633,0.5817706568899214,0.8294190494964025
Inh L1-2 PVALB CDK20,NWD2,0.011087879240512855,0.9317913667419313,0.8081598705359885
Inh L1-2 PVALB CDK20,SCN9A,0.018812793169940323,1.0444043716700195,0.7924928761574838
Inh L1-2 PVALB CDK20,SLIT2,0.009078757497782903,2.809742179217606,0.704076404244167
Inh L1-2 PVALB CDK20,PREX2,0.011369455785127828,0.8676377653464279,0.6863126350108695
Inh L2 PVALB FRZB,FRZB,0.014531454984966998,0.507540678563448,0.9869614008728337
Inh L2 PVALB FRZB,MYO1E,0.010358620788695469,0.5567487921052737,0.9642657606705306
Inh L2 PVALB FRZB,RGS5,0.01928593084519537,1.570658430787031,0.931026480555574
Inh L2 PVALB FRZB,CBLN4,0.019289489154306724,0.7954492408630903,0.91319868172143
Inh L2 PVALB FRZB,SLC9A9,0.0313310957903488,2.5986785656330076,0.8427425622631567
Inh L2 PVALB FRZB,TMEM132C,0.014366916925191865,2.402338914319497,0.819109959031082
Inh L2 PVALB FRZB,KLF3-AS1,0.011187193913185478,1.4107072819740856,0.8009283139249967
Inh L2 PVALB FRZB,COL25A1,0.009522044589608763,1.399622204263336,0.7777921076725633
Inh L2 PVALB FRZB,ARHGAP10,0.009780091875690781,0.5111458286998826,0.7702348240466288
Inh L2 PVALB FRZB,ALK,0.012806142266838327,2.0030961271969487,0.7630286754512654
Inh L1-2 SST CLIC6,NEDD4,0.05037790598423756,0.946640646361316,0.9920945244397953
Inh L1-2 SST CLIC6,CALB1,0.01441168051245694,0.49228569708748604,0.9767005061439323
Inh L1-2 SST CLIC6,TAC1,0.042537599065096375,1.9567330383595058,0.9248620294456773
Inh L1-2 SST CLIC6,NDST4,0.01463329907560769,0.6178730755606668,0.9096068946869132
Inh L1-2 SST CLIC6,BMP6,0.014764263281072465,0.5032730264476117,0.8944495984588714
Inh L1-2 SST CLIC6,ARHGAP42,0.025590779326455763,1.1449198565450465,0.8712165138704477
Inh L1-2 SST CLIC6,TGFBR3,0.012903381930912667,0.724756035078506,0.8565476422387083
Inh L1-2 SST CLIC6,SYTL5,0.015584823199685108,1.6893207856101191,0.836518700461637
Inh L1-2 SST CLIC6,SVEP1,0.014831874608927277,0.7623565171220349,0.7972949741840977
Inh L1-2 SST CLIC6,GHR,0.020375613192863132,1.657546510893363,0.7958274202040295
Inh L5-6 PVALB GAPDHP60,WNT16,0.015264492400010037,0.6188480156656038,0.9817107925654491
Inh L5-6 PVALB GAPDHP60,MYBPC1,0.027905916629462714,1.0029165149970654,0.9808153220500865
Inh L5-6 PVALB GAPDHP60,TTN,0.013216707700230163,1.2707144932074594,0.9671912700921566
Inh L5-6 PVALB GAPDHP60,BCHE,0.025788525563085647,1.118420208689555,0.9668955394762898
Inh L5-6 PVALB GAPDHP60,GPC5,0.02270642765173767,3.2841412160004566,0.8736728084100318
Inh L5-6 PVALB GAPDHP60,SEMA3C,0.025306618344005674,1.0583378076778451,0.8712502649686499
Inh L5-6 PVALB GAPDHP60,RUNX2,0.04119751977808421,1.923826735070704,0.8582905281956327
Inh L5-6 PVALB GAPDHP60,PDE3A,0.0165369961479143,1.2915799977001243,0.8438130112783652
Inh L5-6 PVALB GAPDHP60,FAT4,0.018177642536075574,0.9296188944525545,0.8159402529093727
Inh L5-6 PVALB GAPDHP60,ST6GAL2,0.0269733440649117,1.6748345682094907,0.7972643618694044
Inh L5-6 PVALB FAM150B,MYBPC1,0.022379340385409143,1.0112987368123583,0.9809743356236009
Inh L5-6 PVALB FAM150B,PALMD,0.018869623330139685,0.51972808186681,0.9768485568686309
Inh L5-6 PVALB FAM150B,TNC,0.019577702877037362,0.5023581060736534,0.9761904761904762
Inh L5-6 PVALB FAM150B,TTN,0.020859502865429803,1.8173500532037352,0.9756832514091494
Inh L5-6 PVALB FAM150B,FILIP1,0.012204322115515798,0.831611264219504,0.9745874201990729
Inh L5-6 PVALB FAM150B,TMEM200A,0.01841068002084852,0.47518363225825977,0.9554445620797927
Inh L5-6 PVALB FAM150B,PAMR1,0.020139166307957417,0.8997123125643008,0.9488225147177142
Inh L5-6 PVALB FAM150B,KLHL14,0.013708550429395646,0.5157809285303594,0.9433081606678321
Inh L5-6 PVALB FAM150B,SAMD3,0.024135237103106066,0.6481459987528745,0.9306626972328141
Inh L5-6 PVALB FAM150B,CREB5,0.015533042663633648,1.6352744226173246,0.9197231639239487
Inh L5-6 PVALB MEPE,MEPE,0.016821694423876148,0.6498282897199107,0.9927734387451561
Inh L5-6 PVALB MEPE,COL27A1,0.015144472607737438,0.439249047568257,0.9889094752804469
Inh L5-6 PVALB MEPE,WNT16,0.01989696805054301,0.6182192545953167,0.981692191492196
Inh L5-6 PVALB MEPE,MYBPC1,0.023048868981275474,0.7157489442421182,0.9763024133211626
Inh L5-6 PVALB MEPE,ANKRD34B,0.018161048776288484,0.5651848780429629,0.9731062520800489
Inh L5-6 PVALB MEPE,CREB5,0.018285271656095958,1.3118337377077989,0.9043201669307073
Inh L5-6 PVALB MEPE,SVIL,0.027027649973639403,1.2966274242350826,0.8972212413956346
Inh L5-6 PVALB MEPE,PHLDB2,0.01536915037505557,0.9369148208058116,0.8774381487835641
Inh L5-6 PVALB MEPE,SHISA8,0.01639614925121228,0.5808853477439836,0.8735986811306967
Inh L5-6 PVALB MEPE,CHRM2,0.01825129534190341,2.194072867211883,0.8014920213387522
Inh L1-6 PVALB COL15A1,COL15A1,0.08070230388668005,1.1356402955193414,0.9920634920634921
Inh L1-6 PVALB COL15A1,CA8,0.07076737752206542,2.1956004200994856,0.9918534448915194
Inh L1-6 PVALB COL15A1,PLEKHH2,0.027263174769392558,1.3395433505678422,0.9772908177812365
Inh L1-6 PVALB COL15A1,NPNT,0.05269687816399821,1.3503506166793309,0.9761862585340403
Inh L1-6 PVALB COL15A1,PTHLH,0.020855827972346797,0.8843694240754099,0.9631833834455495
Inh L1-6 PVALB COL15A1,COBLL1,0.01997933169387726,1.3873549109463914,0.9466363370872483
Inh L1-6 PVALB COL15A1,GULP1,0.022223592275628645,2.2184478575230178,0.8466568972563991
Inh L1-6 PVALB COL15A1,SLC9A9,0.030892118510778856,2.596773503191475,0.8426330164384062
Inh L1-6 PVALB COL15A1,MIR4500HG,0.01991911563467745,1.7107173318432713,0.8289264892674386
Inh L1-6 PVALB COL15A1,ALK,0.02982650836260065,2.8447529099987348,0.8200818269814113
Exc L2 LAMP5 KCNG3,LIPC,0.010326151417148466,0.5503991328304987,0.985216582084978
Exc L2 LAMP5 KCNG3,FAM163A,0.012209850867416019,0.5850619398908171,0.9837969903143987
Exc L2 LAMP5 KCNG3,IGFBP5,0.00917540126354629,0.49569732903775476,0.9479169734981694
Exc L2 LAMP5 KCNG3,SAMD3,0.013558868759097018,0.42742546491957273,0.9208830420516396
Exc L2 LAMP5 KCNG3,CCBE1,0.008794066311454025,1.0186646048571026,0.8937979243575895
Exc L2 LAMP5 KCNG3,LRRN1,0.012322335959998479,1.207079241707348,0.8436429980151745
Exc L2 LAMP5 KCNG3,PPARG,0.012521687843782457,1.064937916386487,0.8197769797188846
Exc L2 LAMP5 KCNG3,ARHGAP18,0.015210340699955699,0.6942991678652248,0.8175067964318598
Exc L2 LAMP5 KCNG3,TMEM196,0.013564310749493796,1.1001479770249334,0.8116371791912432
Exc L2 LAMP5 KCNG3,PTPN13,0.008841598730592735,1.2587474268106082,0.8112772134347545
Exc L2 LINC00507 ATP7B,PXN,0.012708492913208153,0.4070547340442398,0.9931977543859611
Exc L2 LINC00507 ATP7B,COL23A1,0.014649375915930473,0.7378361769851627,0.9842349030386793
Exc L2 LINC00507 ATP7B,OR1J2,0.012231156907785135,0.45094858568704865,0.9764665945537908
Exc L2 LINC00507 ATP7B,ACVR1C,0.026310252704447257,1.2811505536653178,0.9700993638763865
Exc L2 LINC00507 ATP7B,PAMR1,0.012365993888428848,0.7526947394160594,0.9444209826292568
Exc L2 LINC00507 ATP7B,ATP7B,0.011681889337688621,0.753616321252964,0.926493670662663
Exc L2 LINC00507 ATP7B,ITGB8,0.01457216244273282,1.109598447557808,0.9129642164091548
Exc L2 LINC00507 ATP7B,CCBE1,0.014385201166031081,1.2519421466996474,0.9077546741078907
Exc L2 LINC00507 ATP7B,EPHB1,0.02005638037039928,1.311276778325265,0.8354646312720073
Exc L2 LINC00507 ATP7B,SLIT3,0.02102221585990978,2.141801261806867,0.8324496295876043
Exc L2 LINC00507 GLRA3,LINC00507,0.04174497736971153,1.0096693108926782,0.9756073316328757
Exc L2 LINC00507 GLRA3,ADAMTS3,0.014833966644657031,0.7072912545938463,0.9216232208823726
Exc L2 LINC00507 GLRA3,LINC01378,0.044468222816439126,2.0265582041203163,0.9114966930091559
Exc L2 LINC00507 GLRA3,GLRA3,0.016724204860215863,0.7706291589793398,0.8778828690947167
Exc L2 LINC00507 GLRA3,SERPINE2,0.023858344561315307,1.1124342788513382,0.8652451371408942
Exc L2 LINC00507 GLRA3,HPCAL1,0.017863189700241595,0.44480934330597877,0.8610185265790709
Exc L2 LINC00507 GLRA3,CUX2,0.02738522898077302,1.5956839065362853,0.8458170409156618
Exc L2 LINC00507 GLRA3,CBLN2,0.031108116546140315,2.4953288695537945,0.8079244738915435
Exc L2 LINC00507 GLRA3,MEIS2,0.02220823174141816,1.4437128086501134,0.7963307675162411
Exc L2 LINC00507 GLRA3,MLIP,0.02823540493760315,1.791759469228055,0.7784333411322636
Exc L2-3 RORB RTKN2,RMST,0.018893614688057822,1.6367615705088934,0.941770598533641
Exc L2-3 RORB RTKN2,COL5A2,0.011233895597534545,2.135948771308326,0.9128408478825133
Exc L2-3 RORB RTKN2,RORB,0.01218622328695654,1.598188064214252,0.8816861099098692
Exc L2-3 RORB RTKN2,LAMA3,0.009286094682050106,0.32062307828208975,0.873015873015873
Exc L2-3 RORB RTKN2,PCSK6,0.01283563740136777,0.6264753283801648,0.8621814565121657
Exc L2-3 RORB RTKN2,SEMA3A,0.009435303667711802,1.1173577438413458,0.836281482096545
Exc L2-3 RORB RTKN2,DACH1,0.009940054766251984,0.7243989059941955,0.7897822150702101
Exc L2-3 RORB RTKN2,KCNH5,0.008656132079001979,1.7496520532012163,0.773860020777484
Exc L2-3 RORB RTKN2,PLCH1,0.022126476677169233,1.5920278026147334,0.7492828125664686
Exc L2-3 RORB RTKN2,RIT2,0.010200645761846833,1.832256036885125,0.7461131287229416
Exc L2-3 LINC00507 DSG3,ENPEP,0.00957904155402281,0.27676176420219584,1.0
Exc L2-3 LINC00507 DSG3,ADCYAP1,0.008548357887946766,0.2791656422081842,1.0
Exc L2-3 LINC00507 DSG3,BDNF,0.026038111398791672,0.8465244133783933,0.9760409772562589
Exc L2-3 LINC00507 DSG3,NOX4,0.008126602889450187,0.36895053482102985,0.9635043594613122
Exc L2-3 LINC00507 DSG3,BMPR1B,0.015076261590239063,1.5118538317276544,0.9624863682575593
Exc L2-3 LINC00507 DSG3,ACVR1C,0.009010086541709476,0.7714515698060203,0.9513663419369949
Exc L2-3 LINC00507 DSG3,HHAT,0.009091902301445087,1.0438539497505177,0.9127788076704418
Exc L2-3 LINC00507 DSG3,SV2C,0.013459620010611049,1.8445926514339757,0.9089949447979592
Exc L2-3 LINC00507 DSG3,SERPINE2,0.01509907187398905,1.579518529549918,0.8971311529539006
Exc L2-3 LINC00507 DSG3,COL24A1,0.008878422920849696,1.886144514171919,0.8555747343984403
Exc L3 LAMP5 CARM1P1,BMPR1B,0.01895747018772589,1.1679175138255111,0.9584506890535184
Exc L3 LAMP5 CARM1P1,SCN4B,0.014035087904421064,0.5147630632593394,0.9508878164431253
Exc L3 LAMP5 CARM1P1,MOXD1,0.01669715109089846,0.8736948588633809,0.9506615295811193
Exc L3 LAMP5 CARM1P1,SYT2,0.04375484652903497,0.948713433400499,0.9350354140876913
Exc L3 LAMP5 CARM1P1,SV2C,0.0413526812308504,1.8165014022333008,0.9081754391403803
Exc L3 LAMP5 CARM1P1,LAMA2,0.012270359974324057,2.3885710342577595,0.9049934662313217
Exc L3 LAMP5 CARM1P1,LTBP1,0.012059814914336567,0.6818019420737864,0.8927391331214847
Exc L3 LAMP5 CARM1P1,DPP4,0.015399054093284565,0.6297366128047615,0.854986829336196
Exc L3 LAMP5 CARM1P1,COL24A1,0.012371416228236544,1.7465182307112292,0.8465665360471193
Exc L3 LAMP5 CARM1P1,EPB41L4A,0.019580772735451134,0.828477688973532,0.8428439281490173
Oligo L2-6 OPALIN MAP6D1,ENPP2,0.012227972362122898,1.2757290199783053,0.9761904761904762
Oligo L2-6 OPALIN MAP6D1,PLP1,0.010498877437557176,2.7193854928128705,0.9761904761904762
Oligo L2-6 OPALIN MAP6D1,ST18,0.012633541086964283,2.3123518676652752,0.9689734920954901
Oligo L2-6 OPALIN MAP6D1,LINC00507,0.011938001937230592,0.6888500515293252,0.9651360458505059
Oligo L2-6 OPALIN MAP6D1,ART3,0.010220998846554155,0.707186977227428,0.9152409939912406
Oligo L2-6 OPALIN MAP6D1,LINC01378,0.017272036525771525,1.6518727738329648,0.8927960433312389
Oligo L2-6 OPALIN MAP6D1,CUX2,0.014515428596530244,1.3444496751770696,0.8304353949150175
Oligo L2-6 OPALIN MAP6D1,TESPA1,0.013347872354913162,1.4078557399867822,0.80702133626625
Oligo L2-6 OPALIN MAP6D1,CBLN2,0.027823708865907747,2.3462209279167534,0.7980653245592478
Oligo L2-6 OPALIN MAP6D1,SLIT3,0.016901271096034055,1.541965874027338,0.7753978223315727
Exc L2-3 RORB CCDC68,CCDC68,0.01710645077782565,0.326343828413087,1.0
Exc L2-3 RORB CCDC68,VIPR2,0.03822000845271574,0.8926737317679063,0.9830102572601364
Exc L2-3 RORB CCDC68,PRSS12,0.03472901273126218,0.6257058997644128,0.974644517682242
Exc L2-3 RORB CCDC68,PLEKHH2,0.021847339404560514,0.7632999944850847,0.964685990329734
Exc L2-3 RORB CCDC68,COBLL1,0.02927936334580445,1.127166849456228,0.9385037773607836
Exc L2-3 RORB CCDC68,COL5A2,0.03564317041067645,2.311686117663513,0.9173980831350773
Exc L2-3 RORB CCDC68,KCNH8,0.02148546048595191,0.573250278684661,0.9126984126984127
Exc L2-3 RORB CCDC68,LAMA2,0.019296112726066923,2.432425191619236,0.9059909016923909
Exc L2-3 RORB CCDC68,RORB,0.022428467106750526,2.3469366395523124,0.9055798276578549
Exc L2-3 RORB CCDC68,PHLDB2,0.021203615651021166,1.2234226045919052,0.8994742808777485
Exc L2-3 RORB PTPN3,VIPR2,0.012598821920117785,0.42389390923161774,0.9652780344620739
Exc L2-3 RORB PTPN3,RMST,0.010747706970692461,1.3743953892962604,0.9337362696545863
Exc L2-3 RORB PTPN3,COBLL1,0.011948158581902228,0.6084944169223594,0.9173263287373349
Exc L2-3 RORB PTPN3,COL5A2,0.017824216462372776,2.035791484517205,0.9105379987967556
Exc L2-3 RORB PTPN3,LAMA2,0.009972777246973662,2.2958514159079986,0.9031708693576372
Exc L2-3 RORB PTPN3,RORB,0.017494013302529855,1.997536567911947,0.8913020492836506
Exc L2-3 RORB PTPN3,NTNG1,0.020706675645513112,1.8540034262876972,0.8808587993119928
Exc L2-3 RORB PTPN3,ZBBX,0.013743412788632422,1.0853247934341756,0.859648985062459
Exc L2-3 RORB PTPN3,TCERG1L,0.008616481658054833,0.883924095672265,0.8537010404961203
Exc L2-3 RORB PTPN3,CUX2,0.011130195404709097,1.6793562642733808,0.852147659735929
Exc L3 THEMIS ENPEP,FAP,0.01810055160405945,0.47564424743440453,0.9728694278997277
Exc L3 THEMIS ENPEP,TGFBR1,0.004470573148983891,0.3175935803521379,0.9329315087898146
Exc L3 THEMIS ENPEP,LAMA2,0.019465025457823002,2.7110419759590325,0.9137997969451906
Exc L3 THEMIS ENPEP,THEMIS,0.013224255447163822,0.9920830495659831,0.9088023069253622
Exc L3 THEMIS ENPEP,COL5A2,0.00647822719154494,1.5950776435024188,0.9029826535514299
Exc L3 THEMIS ENPEP,SYT2,0.00567680714502647,0.45552478363137483,0.8952985284088814
Exc L3 THEMIS ENPEP,SV2C,0.008744222665040482,1.0859738897963869,0.8934724253375537
Exc L3 THEMIS ENPEP,RORB,0.008643542000581228,1.2699907043942789,0.8757227474065209
Exc L3 THEMIS ENPEP,SLC24A4,0.01099778827692731,0.45124868367129206,0.8567685893765142
Exc L3 THEMIS ENPEP,RXFP1,0.009463195600697076,1.0605572478581173,0.7533540627807873
Exc L3-5 RORB TNNT2,FSHR,0.030688300411233313,0.255951251736804,1.0
Exc L3-5 RORB TNNT2,SCHLAP1,0.009693985662715152,0.8126005022234908,0.9822957332252062
Exc L3-5 RORB TNNT2,OR1J2,0.007261541042109836,0.3771096796697353,0.9734126876628588
Exc L3-5 RORB TNNT2,FAP,0.00709822019964444,0.45482918346140444,0.9719910197236513
Exc L3-5 RORB TNNT2,TNNT2,0.010260602865080256,0.45446118066187685,0.9693088286227174
Exc L3-5 RORB TNNT2,ITGA11,0.010714970870782185,0.5454283403685027,0.9247089801039199
Exc L3-5 RORB TNNT2,THEMIS,0.013030316777324321,1.1430423784393897,0.9149543632799962
Exc L3-5 RORB TNNT2,LAMA2,0.02956033833981194,2.7015469352784094,0.9135247260370157
Exc L3-5 RORB TNNT2,SLC24A4,0.007966547357573009,0.31008706448710394,0.8494858234741897
Exc L3-5 RORB TNNT2,TSHZ2,0.007736163606707172,1.9402636126942283,0.8088744961144974
Exc L3-5 RORB LAMA4,SLC17A6,0.008156596324683853,0.45221432751297613,0.9666147251667926
Exc L3-5 RORB LAMA4,TPBG,0.008144977033315038,0.6221885307088544,0.951323564932553
Exc L3-5 RORB LAMA4,CNKSR3,0.0074475145501316075,0.679273941120647,0.9222674885889481
Exc L3-5 RORB LAMA4,KCNH8,0.010207792429606972,0.827924601529249,0.9166698248883673
Exc L3-5 RORB LAMA4,TRPC3,0.016877764579251348,1.135907739976386,0.9065992455067519
Exc L3-5 RORB LAMA4,CD163L1,0.010486759260851996,0.6170358452680844,0.9033396646997934
Exc L3-5 RORB LAMA4,VAV3,0.010789893773870718,1.5774808172108234,0.887594881183193
Exc L3-5 RORB LAMA4,CCBE1,0.009229611875016436,0.7121989253062657,0.8728064972208661
Exc L3-5 RORB LAMA4,DACH1,0.026021021759929135,1.5995881920923356,0.8442289739182702
Exc L3-5 RORB LAMA4,IL1RAPL2,0.008721160199545717,2.230507387720224,0.8158710688461783
Exc L5 THEMIS VILL,TNC,0.02931373446660324,0.9127113260344528,0.9823340450453648
Exc L5 THEMIS VILL,USH2A,0.010325065290016257,0.4247857850956848,0.9817912553181847
Exc L5 THEMIS VILL,NPFFR2,0.024803365231747164,1.059266123951795,0.957032538521211
Exc L5 THEMIS VILL,ABCA1,0.013093230380417476,0.4952123515190428,0.9473270987760115
Exc L5 THEMIS VILL,ARHGAP24,0.007582881260992346,0.5550201833655746,0.8908921254831988
Exc L5 THEMIS VILL,DACH1,0.045295234455108836,2.3022710551186987,0.8860310929286466
Exc L5 THEMIS VILL,DCHS2,0.01400925030942018,1.0697040762052152,0.8595872054676633
Exc L5 THEMIS VILL,SEMA3A,0.007951872224802883,1.2320502115579839,0.8446660978312978
Exc L5 THEMIS VILL,ANKRD20A5P,0.017115189290067497,1.4116704439823444,0.8163204604298023
Exc L5 THEMIS VILL,RIT2,0.0112009011353232,2.131727892090358,0.7776024524164067
Exc L3 RORB OTOGL,COL22A1,0.08136510453377842,1.152390701272118,0.9908553338046411
Exc L3 RORB OTOGL,CMAHP,0.016656966284975906,0.6390787750797204,0.9686940106758642
Exc L3 RORB OTOGL,RMST,0.08204371409412614,2.182114167875039,0.9559920846553801
Exc L3 RORB OTOGL,ADAMTS16,0.016290060818878387,1.040649364078367,0.9286715009698052
Exc L3 RORB OTOGL,ITGA11,0.021580809123946113,0.5476561899709358,0.9249506908324101
Exc L3 RORB OTOGL,RORB,0.013408572004567363,2.1482465021749,0.8971977302972881
Exc L3 RORB OTOGL,FOXO1,0.021276964690601276,0.5364641503816968,0.8890075214748612
Exc L3 RORB OTOGL,TSHZ2,0.043608877535173105,2.5283693357596055,0.835644772044314
Exc L3 RORB OTOGL,IL1RAPL2,0.0203179250498687,2.508096435581381,0.8292228175094698
Exc L3 RORB OTOGL,CPNE4,0.01782730923507254,2.688712853366092,0.8205499926631339
Exc L3-5 RORB LINC01202,TPBG,0.014887697871837406,0.43200070066394336,0.9337195610551229
Exc L3-5 RORB LINC01202,TSHZ2,0.05398238661946138,3.0288201104196695,0.8572896199749146
Exc L3-5 RORB LINC01202,MIR31HG,0.014669192333317765,1.1061434520539568,0.8484205402070468
Exc L3-5 RORB LINC01202,RARB,0.035015502973443406,1.6348817987754483,0.8415449011672882
Exc L3-5 RORB LINC01202,IL1RAPL2,0.01595071516695201,2.6705412343550865,0.8374574579863282
Exc L3-5 RORB LINC01202,SPON1,0.013205966732512037,0.3966872818910321,0.8147138575337256
Exc L3-5 RORB LINC01202,HS3ST4,0.014719102778721595,1.7284245886662677,0.7929050975004603
Exc L3-5 RORB LINC01202,ST8SIA4,0.015571256866734834,0.5252738088963098,0.7911924779903857
Exc L3-5 RORB LINC01202,MLIP,0.012355051301280949,1.6885795370035228,0.7676235993351891
Exc L3-5 RORB LINC01202,CPNE4,0.014009499247284004,1.784065516933803,0.7654047971221707
Exc L5 THEMIS SLC22A18,GREM1,0.01660137624908781,0.19484935268686632,1.0
Exc L5 THEMIS SLC22A18,TRABD2A,0.010685984110510367,0.37584843963644493,0.9873815412095056
Exc L5 THEMIS SLC22A18,BTNL9,0.025003712499757757,0.4656832428699377,0.9841269841269841
Exc L5 THEMIS SLC22A18,RANBP3L,0.012639171405280512,0.2442598230536304,0.9761904761904762
Exc L5 THEMIS SLC22A18,SLC7A11,0.013947705684742805,0.38222645766609087,0.9444444444444444
Exc L5 THEMIS SLC22A18,ADTRP,0.013862558059876252,0.4955782337429992,0.9436975020436875
Exc L5 THEMIS SLC22A18,CCBE1,0.025614411571621146,1.2346552010228324,0.9066853521033187
Exc L5 THEMIS SLC22A18,TCERG1L,0.011663341525087112,1.092794486886781,0.8789928294782863
Exc L5 THEMIS SLC22A18,KCNG2,0.016411212824136292,0.8697017299642906,0.8780971614286669
Exc L5 THEMIS SLC22A18,SMYD2,0.00922980896149362,1.0714079900119609,0.8387417772415433
Exc L5-6 THEMIS TNFAIP6,MKX,0.008394538554995475,0.7860443414219576,0.9163917339466875
Exc L5-6 THEMIS TNFAIP6,THEMIS,0.012130160387594801,1.0859066632944476,0.9125675531810861
Exc L5-6 THEMIS TNFAIP6,LTBP1,0.011151146172174605,0.5439456315114528,0.8810762748258686
Exc L5-6 THEMIS TNFAIP6,COL24A1,0.009911735592900496,1.3635412726359615,0.8177751291374122
Exc L5-6 THEMIS TNFAIP6,HS3ST2,0.009353714318518018,1.4770022385411095,0.8070214608984774
Exc L5-6 THEMIS TNFAIP6,TPD52L1,0.02405134973380691,0.25124466467893625,0.802506183753506
Exc L5-6 THEMIS TNFAIP6,LINC00299,0.006963321111156683,0.6556889121898567,0.8009471919142312
Exc L5-6 THEMIS TNFAIP6,TSHZ2,0.012089193700201587,1.686810089032341,0.7968518446469751
Exc L5-6 THEMIS TNFAIP6,CHN2,0.006885329339440681,1.5692806190124635,0.7405094974708694
Exc L5-6 THEMIS TNFAIP6,TRPC5,0.011739398096716548,0.6765014330097412,0.731211041476675
Exc L3-5 RORB LNX2,TRABD2A,0.02680117498747902,0.4520890441401267,0.989509526699448
Exc L3-5 RORB LNX2,RNF182,0.013857491103886644,0.3313188620279459,0.958261088738709
Exc L3-5 RORB LNX2,TLL1,0.028519014422944813,0.7912825097058162,0.9313103441676318
Exc L3-5 RORB LNX2,LRRK1,0.02467849299655187,1.2056232468876358,0.9112956455422884
Exc L3-5 RORB LNX2,ARSJ,0.028325984631164133,0.73812106819159,0.8949814446603563
Exc L3-5 RORB LNX2,RORB,0.02323806802947636,1.7535256660047698,0.8850623904692184
Exc L3-5 RORB LNX2,ARHGAP29,0.015967623601978936,0.44458820202233884,0.8419660139904496
Exc L3-5 RORB LNX2,PCP4,0.025004108119844094,1.305074976486079,0.8395610455564919
Exc L3-5 RORB LNX2,DNAH6,0.014699309535078614,1.3316741568641461,0.8257163876677078
Exc L3-5 RORB LNX2,IL1RAPL2,0.016083843184604103,2.078261187873861,0.8080736099003658
Exc L3-5 RORB RPRM,RCSD1,0.01301347344808009,0.2975534804982758,1.0
Exc L3-5 RORB RPRM,RPRM,0.029879461578840468,0.410554048769722,0.9949738895827037
Exc L3-5 RORB RPRM,MKX,0.013160443128119158,1.0604852557063829,0.9375864979443922
Exc L3-5 RORB RPRM,MAMDC2,0.009710283324632895,0.7003747271215935,0.8443751002317962
Exc L3-5 RORB RPRM,SEMA3E,0.01158251816787615,0.9925408419437962,0.8361364889706095
Exc L3-5 RORB RPRM,SPON1,0.009608338362040492,0.34167211834096495,0.8104378815027596
Exc L3-5 RORB RPRM,EFHD2,0.010168871382651908,0.8834277398732693,0.8080290235289809
Exc L3-5 RORB RPRM,SCN1B,0.009254529405447562,0.947316876819636,0.807234400362517
Exc L3-5 RORB RPRM,EPHA3,0.010445751479556478,1.4734024501117655,0.7994857844162349
Exc L3-5 RORB RPRM,CHGA,0.011098780373506239,1.1875209834203937,0.7847695693546383
Exc L5 RORB MED8,COL22A1,0.019295837409574235,0.893504483064966,0.9882057354053557
Exc L5 RORB MED8,RANBP3L,0.015290753533320493,0.3182867739801329,0.9780363445443411
Exc L5 RORB MED8,ARHGAP15,0.013287050224823193,0.48368787447533823,0.9684982648385928
Exc L5 RORB MED8,NPFFR2,0.021888204118317447,0.9711418511604237,0.9552940908132175
Exc L5 RORB MED8,CRH,0.00993924800172606,0.4363085906539578,0.8512432362179579
Exc L5 RORB MED8,DACH1,0.017044878358859986,1.6021710360959003,0.8444161190134091
Exc L5 RORB MED8,CPNE4,0.012712461879487758,2.794590430106394,0.827348746325986
Exc L5 RORB MED8,RXFP1,0.009557461214801718,2.1120513928374147,0.8163488289719913
Exc L5 RORB MED8,EPHA3,0.012207254972667662,1.5639931096528752,0.8085396248381834
Exc L5 RORB MED8,TOX,0.017478713943813836,2.6102224886025405,0.7797121019824804
Exc L5 THEMIS FGF10,FAP,0.009516363440299647,0.7693421329918899,0.983226577622995
Exc L5 THEMIS FGF10,TNC,0.008869558404692803,0.6165441316029542,0.9776603438794208
Exc L5 THEMIS FGF10,LINC00320,0.006141845082781172,0.330159778027738,0.9758063503989495
Exc L5 THEMIS FGF10,BDNF,0.010163329335546905,0.8360856857420089,0.9757418431876809
Exc L5 THEMIS FGF10,NPFFR2,0.017934050747652554,1.1584611388636512,0.9599394762072843
Exc L5 THEMIS FGF10,PLEKHH2,0.006998535622129888,0.5861204262268125,0.9588091316956082
Exc L5 THEMIS FGF10,SLC7A11,0.006925068141781379,0.5046104978922055,0.9463692991801538
Exc L5 THEMIS FGF10,PRKCQ,0.007330271847385998,0.5249047640130189,0.9264833629655869
Exc L5 THEMIS FGF10,ART3,0.006630466185533009,0.49933573653674873,0.8869863728508202
Exc L5 THEMIS FGF10,CRH,0.014124929103166876,0.7235048187278431,0.8723654491544754
Exc L6 THEMIS LINC00343,LINC00343,0.049744280107448025,0.4867490235517021,0.9946866992274987
Exc L6 THEMIS LINC00343,TMEM233,0.01226109031529815,0.33167374130247435,0.9800758200685017
Exc L6 THEMIS LINC00343,THEMIS,0.01955984073538965,1.299698719728412,0.9221284705966319
Exc L6 THEMIS LINC00343,DKK2,0.01686441239793187,0.35272535113806786,0.8888888888888888
Exc L6 THEMIS LINC00343,FRMD6,0.019494592437309215,1.0595790681482493,0.8804818511364852
Exc L6 THEMIS LINC00343,SEC24D,0.011781424522475057,1.0293366444642704,0.8572783673717528
Exc L6 THEMIS LINC00343,SEMA3A,0.011306230253991165,1.2019969908923973,0.8422453695635719
Exc L6 THEMIS LINC00343,LINC00299,0.019193274276567834,1.052398045728125,0.8279306524204486
Exc L6 THEMIS LINC00343,DCHS2,0.016381093468191922,0.7422587600776309,0.8236085583540829
Exc L6 THEMIS LINC00343,ANKRD30B,0.016977128175993724,0.9761400159138027,0.8191031902682838
Exc L6 THEMIS SLN,TTC6,0.019305329955138565,0.4776126130818897,1.0
Exc L6 THEMIS SLN,LINC00343,0.012299349595495454,0.32586673931929405,0.9920634920634921
Exc L6 THEMIS SLN,FAM163A,0.011273772497363067,0.3512178169900541,0.9782930757705957
Exc L6 THEMIS SLN,RMST,0.01691637978383033,1.3832832491959794,0.9340090460653929
Exc L6 THEMIS SLN,ITGA11,0.010235985682182836,0.3449598909459861,0.908805030416653
Exc L6 THEMIS SLN,THEMIS,0.0101163847083378,0.9735463134457434,0.9081236654587698
Exc L6 THEMIS SLN,LINC01378,0.008750254713387253,1.827788384756728,0.9018720633253474
Exc L6 THEMIS SLN,FRMD6,0.011477045246605809,1.0742078153508388,0.8820013891571972
Exc L6 THEMIS SLN,GBE1,0.04275530908307421,1.5740969139131304,0.8394773436853002
Exc L6 THEMIS SLN,ARHGEF28,0.009413398955924475,1.3350819186428344,0.8225903360356671
Exc L6 THEMIS SNTG2,SH2D1B,0.01150729626180192,0.28884182110211315,0.993334715096286
Exc L6 THEMIS SNTG2,SNTG2,0.013415257768860477,0.9167016042815719,0.9819983137239017
Exc L6 THEMIS SNTG2,THEMIS,0.01987856613271845,1.573321531183173,0.9352053301593816
Exc L6 THEMIS SNTG2,LY86-AS1,0.013571834004246518,1.7993288743278701,0.8803391054629908
Exc L6 THEMIS SNTG2,DCHS2,0.009656580298968823,0.8940815545962031,0.8389134584131043
Exc L6 THEMIS SNTG2,ARHGEF28,0.01434638168682693,1.421360626470696,0.8323958512614332
Exc L6 THEMIS SNTG2,DACH1,0.009258673011996737,1.3316776323648813,0.8261552128515408
Exc L6 THEMIS SNTG2,IL1RAPL2,0.01313581410429303,1.7519240364426905,0.7944510503403628
Exc L6 THEMIS SNTG2,THSD7B,0.040202072638614555,1.2376401293936503,0.7704872658146302
Exc L6 THEMIS SNTG2,RIT2,0.009018072131578198,1.926951240989408,0.7564718472224262
Exc L5-6 THEMIS SMYD1,NTNG2,0.031160807246397332,1.0727886476420059,1.0
Exc L5-6 THEMIS SMYD1,SMYD1,0.02231026497945109,0.30331872112380187,1.0
Exc L5-6 THEMIS SMYD1,GAS2L3,0.016995180600449435,0.6422212086916177,0.9932127263605532
Exc L5-6 THEMIS SMYD1,ATP10A,0.0526236621584068,1.2873458092722518,0.9920634920634921
Exc L5-6 THEMIS SMYD1,STK32B,0.014820750847255464,0.937118016062714,0.9652863337040037
Exc L5-6 THEMIS SMYD1,CACHD1,0.02026055003262622,1.1937984222518174,0.9514218885014308
Exc L5-6 THEMIS SMYD1,ITGB8,0.016612350284112655,1.5236597344082505,0.9360168412593071
Exc L5-6 THEMIS SMYD1,THEMIS,0.01704052911916332,1.3920973039881177,0.9267703134873537
Exc L5-6 THEMIS SMYD1,TRPC5,0.02661948602587806,1.8500212138652499,0.8721331500234949
Exc L5-6 THEMIS SMYD1,STT3B,0.03790423908606365,1.8783466573674907,0.800040028649043
Exc L5-6 FEZF2 OR1L8,LGR6,0.02403893392448063,0.3151210918108535,0.9920634920634921
Exc L5-6 FEZF2 OR1L8,CPZ,0.013334495651594004,0.19948983016045277,0.9920634920634921
Exc L5-6 FEZF2 OR1L8,CABP7,0.011414023143510671,0.24801876854750277,0.9841269841269841
Exc L5-6 FEZF2 OR1L8,SEMA4A,0.01021405456652479,0.5190934941217075,0.9822416770485487
Exc L5-6 FEZF2 OR1L8,MYOF,0.027009588889584827,0.6286932545109505,0.9789969956272728
Exc L5-6 FEZF2 OR1L8,SULF1,0.01039111943579609,1.1909532758124701,0.9155085294424494
Exc L5-6 FEZF2 OR1L8,CCBE1,0.01189164800352083,0.9797264257088114,0.8914696045528311
Exc L5-6 FEZF2 OR1L8,HS3ST2,0.024904763909243618,2.048928740572656,0.857161275542473
Exc L5-6 FEZF2 OR1L8,ARHGAP6,0.01041756729680311,0.59087287563503,0.8542797897815849
Exc L5-6 FEZF2 OR1L8,SEMA5A,0.01640817497441863,2.23160063544576,0.8331998105902426
Exc L5 THEMIS LINC01116,GAS2L3,0.008979826786140484,0.22985004236969653,0.9841269841269841
Exc L5 THEMIS LINC01116,LINC01060,0.01746219489195532,1.1729740866573515,0.9470129796150591
Exc L5 THEMIS LINC01116,SYT2,0.012798789299985205,0.7115679765778123,0.9164056883178097
Exc L5 THEMIS LINC01116,DPP4,0.014191984357022321,1.1737903767081594,0.9082782281428247
Exc L5 THEMIS LINC01116,SERPINE2,0.009975474507372082,1.6189577800516168,0.8994437891134031
Exc L5 THEMIS LINC01116,HCRTR2,0.007845357838459376,0.8283438954161375,0.875313258495462
Exc L5 THEMIS LINC01116,ARHGAP10,0.009909014559086259,1.218064295798565,0.875061656518203
Exc L5 THEMIS LINC01116,MIR31HG,0.008429522910363047,1.342408892507697,0.8721406854770373
Exc L5 THEMIS LINC01116,SEMA5A,0.03071611911857253,2.740343561582218,0.8608610091956501
Exc L5 THEMIS LINC01116,ANKRD20A5P,0.009721230202104329,1.6430683116056957,0.8420081697506032
Exc L5 THEMIS RGPD6,LINC01060,0.005902689637421674,0.7312440053008512,0.9184086812298948
Exc L5 THEMIS RGPD6,DDR2,0.008473931912331548,1.0049759753141767,0.9118484011951924
Exc L5 THEMIS RGPD6,ITGA11,0.006753933289470661,0.28729925273022583,0.9056953636310651
Exc L5 THEMIS RGPD6,RNF152,0.0055495108468797206,0.29380209989530726,0.8986994633814648
Exc L5 THEMIS RGPD6,THEMIS,0.013007605329030808,0.6229680693134876,0.8950427191641934
Exc L5 THEMIS RGPD6,ADAMTSL1,0.00575864113950221,2.6198457842100065,0.8888294798930575
Exc L5 THEMIS RGPD6,BMP6,0.005692082449268886,0.29564819449619467,0.8819969979906118
Exc L5 THEMIS RGPD6,SERPINE2,0.006224119887644951,1.1108264900465672,0.865130505593331
Exc L5 THEMIS RGPD6,SEMA5A,0.022046136479170756,2.40560352404777,0.8435426574512661
Exc L5 THEMIS RGPD6,TRPC6,0.00761493052485404,0.7893475065599215,0.8408991226103077
Exc L5-6 FEZF2 C9orf135-AS1,VWA2,0.015739436434060856,0.3024138185645386,0.9626811752728643
Exc L5-6 FEZF2 C9orf135-AS1,SULF1,0.018221800644934154,0.6492912865688582,0.8888384396484982
Exc L5-6 FEZF2 C9orf135-AS1,ADAMTSL1,0.03155525826762431,2.5504220551330827,0.8863791406118237
Exc L5-6 FEZF2 C9orf135-AS1,SEMA3E,0.03156523433320268,2.0654226906762485,0.8785649139274498
Exc L5-6 FEZF2 C9orf135-AS1,HS3ST4,0.039683001245137725,3.3626577290099826,0.8319998196467806
Exc L5-6 FEZF2 C9orf135-AS1,CPNE8,0.014728894839143173,1.5496743206746026,0.814864711080121
Exc L5-6 FEZF2 C9orf135-AS1,FOXP2,0.02307761724000941,2.215739827037314,0.8047218478102147
Exc L5-6 FEZF2 C9orf135-AS1,SEMA5A,0.033727345914178274,1.71487279456139,0.7995145519951875
Exc L5-6 FEZF2 C9orf135-AS1,TLE4,0.02014369889144634,2.1865261315438396,0.7948922870080295
Exc L5-6 FEZF2 C9orf135-AS1,EGFEM1P,0.039904667099119946,2.6458488813756915,0.77236799680725
Exc L5-6 FEZF2 FILIP1L,MYBPC1,0.013722526420646532,0.3896492754172729,0.9697539860316663
Exc L5-6 FEZF2 FILIP1L,SEC16B,0.007286775373536318,0.4873489550861987,0.9587629088925292
Exc L5-6 FEZF2 FILIP1L,SYT6,0.007460399433762284,0.483833989662856,0.9314821566192315
Exc L5-6 FEZF2 FILIP1L,MCTP2,0.0076473831238208076,0.6314765855404306,0.901384795003378
Exc L5-6 FEZF2 FILIP1L,SULF1,0.006831935226548759,0.715084991350267,0.8917639776033056
Exc L5-6 FEZF2 FILIP1L,ADAMTSL1,0.008313576827273296,2.5966021601815132,0.8879764191534362
Exc L5-6 FEZF2 FILIP1L,TRPC3,0.009644088762414276,0.5497035641585597,0.8617508684402435
Exc L5-6 FEZF2 FILIP1L,SPON1,0.006821899615871316,0.5313935935320586,0.8235532139396142
Exc L5-6 FEZF2 FILIP1L,SEMA5A,0.01073646952456181,2.0516033887834086,0.8219146179648316
Exc L5-6 FEZF2 FILIP1L,HS3ST2,0.006401717788564345,1.5184516193109667,0.8112167586133806
Exc L5-6 FEZF2 SH2D1B,OR51B5,0.006607401119702564,0.3559606780517705,0.9881127126261845
Exc L5-6 FEZF2 SH2D1B,MYBPC1,0.005762539054128047,0.31600468955295,0.9682539682539683
Exc L5-6 FEZF2 SH2D1B,ADAMTSL1,0.0071392316757164665,2.7133142049618755,0.892540589492572
Exc L5-6 FEZF2 SH2D1B,SLC5A8,0.0062844637996429375,0.6246561538276318,0.8741862387489424
Exc L5-6 FEZF2 SH2D1B,DCHS2,0.0064334059947824184,1.1558892127139815,0.8688731108178164
Exc L5-6 FEZF2 SH2D1B,PAPSS2,0.011652775136587818,0.39324973566444116,0.8520165371599273
Exc L5-6 FEZF2 SH2D1B,MEIS2,0.009130775944839388,2.2628202922897027,0.8509203582753042
Exc L5-6 FEZF2 SH2D1B,MYO1B,0.006897881516454414,0.4169878693449447,0.8212967710807851
Exc L5-6 FEZF2 SH2D1B,TLE4,0.0068030314323133684,2.4472001543947366,0.8134127039270976
Exc L5-6 FEZF2 SH2D1B,SEMA5A,0.005806013117164829,1.9181296500242089,0.813388336099816
Exc L6 FEZF2 PDYN,PDYN,0.028518808007587854,0.7207387655032281,1.0
Exc L6 FEZF2 PDYN,ADGRF2,0.0222065316796711,0.5446342108491005,1.0
Exc L6 FEZF2 PDYN,ADGRF4,0.009732188475064987,0.3124829105463869,1.0
Exc L6 FEZF2 PDYN,GBP2,0.008002201736459857,0.3424236091660199,1.0
Exc L6 FEZF2 PDYN,LGR6,0.007275215825058936,0.3291711850914457,0.9924022479506428
Exc L6 FEZF2 PDYN,CABP7,0.01544234393534901,0.6054831520502413,0.9917315891611117
Exc L6 FEZF2 PDYN,SLC15A5,0.008970713882568765,0.5598822742642837,0.9856255297293687
Exc L6 FEZF2 PDYN,MYOF,0.006615212155313445,0.7307893609756746,0.9819312542317689
Exc L6 FEZF2 PDYN,LYPD1,0.006676420124565062,0.45338081075319475,0.9761904761904762
Exc L6 FEZF2 PDYN,ATP8B4,0.009832213254832021,1.5624008316138087,0.9730697458942138
Exc L6 FEZF2 FFAR4,SLC15A5,0.022074223096687995,0.45416712515035207,0.9841269841269841
Exc L6 FEZF2 FFAR4,ADD3-AS1,0.012712736911057362,1.1861609089730385,0.9788631667777047
Exc L6 FEZF2 FFAR4,ATP8B4,0.011927079482026747,1.071200650571289,0.9643601436809875
Exc L6 FEZF2 FFAR4,FER1L6-AS2,0.015612985955653717,0.8635000674293174,0.9567707067920802
Exc L6 FEZF2 FFAR4,ERG,0.01146021870395331,1.2382518841531724,0.9351986827333174
Exc L6 FEZF2 FFAR4,CCBE1,0.020456898980429593,1.4352950119763308,0.9185932986099351
Exc L6 FEZF2 FFAR4,SEMA3C,0.013033241172680109,1.3788471949551806,0.889439757245364
Exc L6 FEZF2 FFAR4,HS3ST4,0.038848082351632195,3.777487011913717,0.8498590726892322
Exc L6 FEZF2 FFAR4,SLIT3,0.021231870870277246,2.193485001743026,0.8363975160621961
Exc L6 FEZF2 FFAR4,KCNK2,0.014723587914238744,1.5481038631417168,0.8170343614259595
Exc L6 FEZF2 PROKR2,SLITRK6,0.01663812561716838,0.3045565328674592,1.0
Exc L6 FEZF2 PROKR2,SLC15A5,0.01939832643165572,0.68542820223385,0.9882584184890023
Exc L6 FEZF2 PROKR2,HLA-B,0.00828544736371917,0.49155407313484845,0.9841269841269841
Exc L6 FEZF2 PROKR2,ADD3-AS1,0.011927348204461435,1.0147790429017154,0.9760609611150485
Exc L6 FEZF2 PROKR2,B2M,0.008469463922138857,1.1168805498163263,0.9415560623319508
Exc L6 FEZF2 PROKR2,RNF220,0.009563553715927334,1.8441314932718043,0.9307277143405306
Exc L6 FEZF2 PROKR2,VCAN,0.020731025721558563,1.6689216677217313,0.9260702008610769
Exc L6 FEZF2 PROKR2,SULF1,0.010891909896349847,1.1683049603682711,0.9143321723111025
Exc L6 FEZF2 PROKR2,GABRG1,0.007678601063160985,0.6587298876770327,0.9131291251750194
Exc L6 FEZF2 PROKR2,SEMA3A,0.010264178886991014,1.8512390553175535,0.8890455815662072
Exc L5-6 FEZF2 CFTR,CLDN1,0.014242820320945747,0.342725859484256,1.0
Exc L5-6 FEZF2 CFTR,PDLIM3,0.010437742838962245,0.4476281972340514,0.9934770367934078
Exc L5-6 FEZF2 CFTR,NR4A2,0.011261586096604513,0.8303726882425367,0.9781507867661462
Exc L5-6 FEZF2 CFTR,SEMA3D,0.010891106714725016,1.4713465064392979,0.9731587731355308
Exc L5-6 FEZF2 CFTR,MDFIC,0.009400214946146946,1.7544474022140923,0.9669424780477118
Exc L5-6 FEZF2 CFTR,ITGA11,0.00900235756537821,0.874467085324839,0.9519511124359911
Exc L5-6 FEZF2 CFTR,MCTP2,0.010361392710604989,1.629372606603199,0.9495830926191577
Exc L5-6 FEZF2 CFTR,ERG,0.011364654933386913,1.3332387373293257,0.9392500271351122
Exc L5-6 FEZF2 CFTR,SV2C,0.010090769381810478,0.6167536242362682,0.8772045883624046
Exc L5-6 FEZF2 CFTR,ETV1,0.008889390152554359,1.6064813860823919,0.8290480936343382
Exc L6 FEZF2 KLK7,GALR1,0.02030759237715266,0.29111448808223034,1.0
Exc L6 FEZF2 KLK7,LRAT,0.019203812738231314,0.32361632942195206,0.9920634920634921
Exc L6 FEZF2 KLK7,CDC14A,0.018818684202239592,0.5419143758978822,0.9775755383859805
Exc L6 FEZF2 KLK7,OLFML2B,0.022345250307008926,0.38144797438485606,0.9687842637155024
Exc L6 FEZF2 KLK7,SEMA3D,0.03993934664213876,1.1765993788032012,0.9664348408752755
Exc L6 FEZF2 KLK7,MDFIC,0.049306095911217374,1.6303882033297192,0.9644270711758219
Exc L6 FEZF2 KLK7,NPFFR2,0.03047238123705445,1.2062379764610494,0.9615261988745035
Exc L6 FEZF2 KLK7,MCTP2,0.03003326826673587,1.3588833375050275,0.9395474758364303
Exc L6 FEZF2 KLK7,ZFHX3,0.04684343235284143,1.575305680249899,0.9323570521933149
Exc L6 FEZF2 KLK7,EDNRA,0.015375302417342567,0.5518944759340034,0.899566131966772
Exc L6 FEZF2 POGK,PCOLCE2,0.010851225842309901,0.3847760774667426,0.9841269841269841
Exc L6 FEZF2 POGK,ADD3-AS1,0.015498048013019341,1.1129141857557316,0.9774720408557429
Exc L6 FEZF2 POGK,MYOF,0.006685777077983049,0.36517188772554926,0.9728835534453094
Exc L6 FEZF2 POGK,ZBTB7C,0.006124144245430282,1.2581460785697713,0.9409357782636298
Exc L6 FEZF2 POGK,HPCAL1,0.007028075003678308,0.985304306211694,0.9100253402051266
Exc L6 FEZF2 POGK,GLRA3,0.007285958189220996,0.7660415095718422,0.877341657013736
Exc L6 FEZF2 POGK,NPY1R,0.0094246865239545,1.0567971324048677,0.8484973287311262
Exc L6 FEZF2 POGK,EPHA3,0.009226588885795584,1.6996573218487252,0.821287794894199
Exc L6 FEZF2 POGK,PCSK5,0.008065371050133281,2.048233304812676,0.8200774238725701
Exc L6 FEZF2 POGK,KCNK2,0.012962909770596494,1.156419008591721,0.7633124016357188
Exc L5 FEZF2 CSN1S1,OPN4,0.0164975714413834,0.33003511194231483,1.0
Exc L5 FEZF2 CSN1S1,ANKRD34B,0.009219256617820587,0.22071849473590574,0.9603174603174603
Exc L5 FEZF2 CSN1S1,NRP2,0.009502758246655064,0.432373015270832,0.9489971166035378
Exc L5 FEZF2 CSN1S1,VAT1L,0.012899258412107796,1.711264224623024,0.9411469281455966
Exc L5 FEZF2 CSN1S1,SULF2,0.011980060562837564,0.8932199869847604,0.9374648432767481
Exc L5 FEZF2 CSN1S1,COL5A2,0.00981533976569834,2.4634395412000876,0.9219976404755938
Exc L5 FEZF2 CSN1S1,CCBE1,0.0078686639423675,1.2165788214663396,0.9056526191788657
Exc L5 FEZF2 CSN1S1,TCERG1L,0.009313785060631526,1.3183804934766197,0.8996981755462825
Exc L5 FEZF2 CSN1S1,SERPINE2,0.01012738863720553,1.2024950744157628,0.8717711687310754
Exc L5 FEZF2 CSN1S1,KCNG2,0.00829769662822371,0.4006302135138087,0.8257449565834629
Exc L3-5 FEZF2 ASGR2,LINC00922,0.024081987778325743,0.9646532431312674,0.9957931641656251
Exc L3-5 FEZF2 ASGR2,NAALADL2-AS2,0.013158047811797436,0.24596254960432817,0.9930934663077867
Exc L3-5 FEZF2 ASGR2,OR51E2,0.051495032345646556,0.8017676040472954,0.9920634920634921
Exc L3-5 FEZF2 ASGR2,LINC00943,0.014157915383298586,0.23532414335709761,0.9841269841269841
Exc L3-5 FEZF2 ASGR2,GFRA1,0.01361313719171585,0.6826888084524441,0.9758566456577857
Exc L3-5 FEZF2 ASGR2,VAT1L,0.03213308638913868,1.8289774870157633,0.9446511688201548
Exc L3-5 FEZF2 ASGR2,ANXA4,0.019455570161682315,1.2787976860477697,0.9316411546417299
Exc L3-5 FEZF2 ASGR2,PROS1,0.011412092051980148,1.0929538500709433,0.9301024460717064
Exc L3-5 FEZF2 ASGR2,COL5A2,0.017180940690825326,2.507845951382474,0.9233788276933833
Exc L3-5 FEZF2 ASGR2,ERG,0.014600859304510215,0.9424927295346225,0.9209122383345649
Exc L3-5 FEZF2 LINC01107,EDNRB,0.03837748571103716,0.8719941222216667,1.0
Exc L3-5 FEZF2 LINC01107,HBE1,0.00941301191320953,0.21322565096436769,1.0
Exc L3-5 FEZF2 LINC01107,MSR1,0.011741099323385072,0.0909645362649317,1.0
Exc L3-5 FEZF2 LINC01107,TPTEP1,0.008723531534062325,0.22555998316705794,1.0
Exc L3-5 FEZF2 LINC01107,BTNL9,0.014289771065394285,1.0539747774396162,0.9928831132889978
Exc L3-5 FEZF2 LINC01107,OR51E2,0.011067563428540463,0.8057088729446239,0.9921023149099741
Exc L3-5 FEZF2 LINC01107,LINC00943,0.012102409196496718,0.43350815138470555,0.9883011695593198
Exc L3-5 FEZF2 LINC01107,GFRA1,0.010947499326473745,1.0877409672476002,0.9848471296896741
Exc L3-5 FEZF2 LINC01107,EYS,0.021880687997483148,2.62178402643487,0.9684073731086916
Exc L3-5 FEZF2 LINC01107,LAMA2,0.012295934109711177,2.4955086021623796,0.9076955449400321
Exc L5 FEZF2 PKD2L1,LINC00607,0.026549354166556516,0.38008937351810923,1.0
Exc L5 FEZF2 PKD2L1,LINC00836,0.015682026845027765,0.4453013383629143,0.9933799301806755
Exc L5 FEZF2 PKD2L1,VGLL3,0.03142080738575773,0.37241373920217635,0.9920634920634921
Exc L5 FEZF2 PKD2L1,NPSR1-AS1,0.016640061826286207,2.1869599681516307,0.9729512129309126
Exc L5 FEZF2 PKD2L1,LINC01435,0.018200061914571533,0.4576784247441724,0.9711142139291287
Exc L5 FEZF2 PKD2L1,ATP2C2,0.014137077532585448,0.930349970367958,0.9635536537730809
Exc L5 FEZF2 PKD2L1,GPC5,0.03352161921817701,3.4861187598456302,0.878557417429863
Exc L5 FEZF2 PKD2L1,TSHZ2,0.015868519654439046,3.348896724792763,0.8691299826025605
Exc L5 FEZF2 PKD2L1,ARHGAP42,0.03173641023312113,0.9623624739832215,0.8573168271227436
Exc L5 FEZF2 PKD2L1,COL12A1,0.019727811277513274,1.9519627509779875,0.8559696456832752
Exc L5 FEZF2 NREP-AS1,C4orf19,0.013621964233235672,0.4009662746644447,0.9920634920634921
Exc L5 FEZF2 NREP-AS1,BARX2,0.008876342703651,0.3986015732401204,0.9920634920634921
Exc L5 FEZF2 NREP-AS1,CD36,0.020317564826520904,1.5385816559132985,0.9850848745432049
Exc L5 FEZF2 NREP-AS1,NPSR1-AS1,0.013071141637312966,2.503941146198927,0.9759198250527786
Exc L5 FEZF2 NREP-AS1,ADAMTS12,0.015605795979890045,1.0016612308128452,0.9714540098650531
Exc L5 FEZF2 NREP-AS1,GALNT10,0.023696874401657082,1.2640674157887846,0.947861230180334
Exc L5 FEZF2 NREP-AS1,CLMN,0.016586228735332872,0.6785487381296099,0.9386627598051951
Exc L5 FEZF2 NREP-AS1,PAPSS2,0.015165682804479745,1.085778943733446,0.9129292787568544
Exc L5 FEZF2 NREP-AS1,GPC5,0.04268358356654295,3.674042091404347,0.8837914498503706
Exc L5 FEZF2 NREP-AS1,TSHZ2,0.00834166080129138,3.342797788216866,0.8689056903405822
Exc L5 FEZF2 RNF144A-AS1,NPSR1,0.017299851720585523,0.8193252185724706,0.9883460322445776
Exc L5 FEZF2 RNF144A-AS1,IFNG-AS1,0.009271656471825497,0.5278186450204139,0.9862875344995602
Exc L5 FEZF2 RNF144A-AS1,CD36,0.009776560233546613,1.4108638201585628,0.9837346892764667
Exc L5 FEZF2 RNF144A-AS1,GDNF-AS1,0.006422215836316776,0.5316369696818175,0.9810630530315884
Exc L5 FEZF2 RNF144A-AS1,NPSR1-AS1,0.007364703097660946,2.0099158269909223,0.9719667912020786
Exc L5 FEZF2 RNF144A-AS1,FER1L6-AS2,0.006428331359055961,1.096579431936102,0.9621656704715613
Exc L5 FEZF2 RNF144A-AS1,TSHZ2,0.00857539269103541,3.375714315331048,0.8701696495330122
Exc L5 FEZF2 RNF144A-AS1,ITGA8,0.007648318714790241,2.363246939400952,0.8675201910780813
Exc L5 FEZF2 RNF144A-AS1,CPNE4,0.00815640667990119,2.5776831542375014,0.8134036427729737
Exc L5 FEZF2 RNF144A-AS1,HTR4,0.01007516339253867,1.011393958547725,0.8096358807549631
Exc L5-6 FEZF2 IFNG-AS1,BARX2,0.01568170931039352,0.4224941903387976,0.992512312306619
Exc L5-6 FEZF2 IFNG-AS1,CCDC80,0.013813730598341262,0.31256887170267605,0.9920634920634921
Exc L5-6 FEZF2 IFNG-AS1,IFNG-AS1,0.026819184825874386,0.5179936284900138,0.9860274440412913
Exc L5-6 FEZF2 IFNG-AS1,CD36,0.024884598469003934,1.0961295776925533,0.9813432207045288
Exc L5-6 FEZF2 IFNG-AS1,NPSR1-AS1,0.05063928600239403,2.3306914883605443,0.9741298489486359
Exc L5-6 FEZF2 IFNG-AS1,FER1L6-AS2,0.015128599466196387,1.0066845120515395,0.9595328520945189
Exc L5-6 FEZF2 IFNG-AS1,CALCRL,0.016028626769300915,1.225528834001025,0.9498561035416925
Exc L5-6 FEZF2 IFNG-AS1,HTR2C,0.026603371600733488,2.5110926094299177,0.9463006294001337
Exc L5-6 FEZF2 IFNG-AS1,ERG,0.018173910117578913,1.0316552117794588,0.9254004244223899
Exc L5-6 FEZF2 IFNG-AS1,CRYM,0.02553727685956015,1.6437228167184919,0.9155050274240845
Exc L5-6 FEZF2 LPO,LPO,0.017870882850476874,0.2615109112091335,1.0
Exc L5-6 FEZF2 LPO,LINC01239,0.009353661432229581,0.23131329422686284,1.0
Exc L5-6 FEZF2 LPO,CABP7,0.016890748759034218,0.38278554705673407,0.9869211795072438
Exc L5-6 FEZF2 LPO,ITGA6,0.012476769175854066,0.6901358422217236,0.9640779883766005
Exc L5-6 FEZF2 LPO,SULF1,0.018580572575739054,1.2246985651291227,0.9173992392642146
Exc L5-6 FEZF2 LPO,MIR31HG,0.0147979957438706,1.582449171006371,0.8915355488502624
Exc L5-6 FEZF2 LPO,ADAMTSL1,0.011471664947429487,2.6603581302693726,0.8904015434353905
Exc L5-6 FEZF2 LPO,SEMA3E,0.011543927106235563,2.1355638652216347,0.8822548840513118
Exc L5-6 FEZF2 LPO,SPON1,0.011400823132415175,1.5869120284081606,0.8818496953079478
Exc L5-6 FEZF2 LPO,ANGPT1,0.009841465594199081,1.1716316725406788,0.8736502481681261
OPC L1-6 PDGFRA COL20A1,FERMT1,0.03611912354462376,1.2735007873758333,1.0
OPC L1-6 PDGFRA COL20A1,STK32A,0.025973825096148404,1.6110398350834336,1.0
OPC L1-6 PDGFRA COL20A1,COL9A1,0.02455664183357941,1.5787961529513295,0.9914803113230339
OPC L1-6 PDGFRA COL20A1,PDGFRA,0.029152528023053032,2.065072139355079,0.9783595165504577
OPC L1-6 PDGFRA COL20A1,VCAN,0.08726159749932573,3.1972093456376993,0.9602619342124834
OPC L1-6 PDGFRA COL20A1,MEGF11,0.024693766056320413,1.9419776237548279,0.9570461946363108
OPC L1-6 PDGFRA COL20A1,PTPRZ1,0.10091004155314649,3.7223175329882223,0.910642021884732
OPC L1-6 PDGFRA COL20A1,CA10,0.05088326601763463,3.1690774625209666,0.8786982564315537
OPC L1-6 PDGFRA COL20A1,PCDH15,0.04269762878341641,3.8074263926054943,0.8786816031085
OPC L1-6 PDGFRA COL20A1,SEMA5A,0.019674542670016913,2.8742383187487577,0.8673427199378048
Oligo L3-6 OPALIN ENPP6,LRRC63,0.016336762071024327,1.6915788997217367,0.989102687914822
Oligo L3-6 OPALIN ENPP6,SLC5A11,0.013743656042146427,2.387057016415087,0.9821684185924747
Oligo L3-6 OPALIN ENPP6,S100B,0.027913133707524674,2.018268747621609,0.9819223773770822
Oligo L3-6 OPALIN ENPP6,CDK18,0.014567246942995429,2.229510310554417,0.9761267914315827
Oligo L3-6 OPALIN ENPP6,LINC00609,0.0411244995527526,3.003555994408114,0.9714360540020776
Oligo L3-6 OPALIN ENPP6,PCSK6,0.019416741281859447,2.3989868965149523,0.9521350760991497
Oligo L3-6 OPALIN ENPP6,SLC25A29,0.017336055982331244,1.0287587711297168,0.9441480585764529
Oligo L3-6 OPALIN ENPP6,TF,0.010667961130946308,2.849237031254111,0.927698412290608
Oligo L3-6 OPALIN ENPP6,ACTN2,0.013512597745088176,1.4286572905885007,0.9227936580993149
Oligo L3-6 OPALIN ENPP6,STAT2,0.014216350972758349,1.1753079150091228,0.8898833562443118
Oligo L2-6 OPALIN FTH1P3,OPALIN,0.03604472698897315,1.70575229342218,0.9901791947285057
Oligo L2-6 OPALIN FTH1P3,CERCAM,0.03384344030369235,2.2834936358797213,0.9833141974238894
Oligo L2-6 OPALIN FTH1P3,ENPP2,0.040830581067637504,2.6785472926616674,0.9805909102401686
Oligo L2-6 OPALIN FTH1P3,UGT8,0.02836405409636149,2.398804859908563,0.9803104254715925
Oligo L2-6 OPALIN FTH1P3,MOBP,0.02910042043886635,2.8674779817842335,0.9799422663877485
Oligo L2-6 OPALIN FTH1P3,PLP1,0.049854224217458123,4.225577479276538,0.9799395140512108
Oligo L2-6 OPALIN FTH1P3,ST18,0.05158750163084778,3.8932207507060994,0.9752772658868919
Oligo L2-6 OPALIN FTH1P3,KCNH8,0.023616906319062887,2.694643868758237,0.9585386373880012
Oligo L2-6 OPALIN FTH1P3,RNF220,0.03011786447994189,3.2889814582100616,0.9506891500490829
Oligo L2-6 OPALIN FTH1P3,MBP,0.0527495142668814,3.6156779613633843,0.9356380475017201
Oligo L5-6 OPALIN LDLRAP1,PARP4,0.010154049174148081,0.6906079667382241,1.0
Oligo L5-6 OPALIN LDLRAP1,RAB33A,0.009409420654319892,0.6445478654476593,1.0
Oligo L5-6 OPALIN LDLRAP1,KIF25,0.007539206541331527,0.4419359997941298,1.0
Oligo L5-6 OPALIN LDLRAP1,FAM222A,0.00657759309514518,1.1273465832829253,1.0
Oligo L5-6 OPALIN LDLRAP1,RER1,0.007444423575602056,0.4419359997941298,0.9880895306259818
Oligo L5-6 OPALIN LDLRAP1,MTFR1,0.009596342372943299,0.4419359997941298,0.9812937715277993
Oligo L5-6 OPALIN LDLRAP1,MEIS1,0.008824717333881002,1.1320980968608232,0.9811415546746692
Oligo L5-6 OPALIN LDLRAP1,PSMA5,0.01031935990017056,0.6445478654476593,0.9416627294705513
Oligo L5-6 OPALIN LDLRAP1,TMEM242,0.008954671264893797,1.3347099625143528,0.9377031975280435
Oligo L5-6 OPALIN LDLRAP1,EMC3,0.006763632647117863,0.6854105834887955,0.9082503401784111
Astro L1-6 FGFR3 AQP1,AQP1,0.0819309835287692,1.8360125765415118,1.0
Astro L1-6 FGFR3 AQP1,ANGPTL4,0.02822372103246139,1.7364702148108098,1.0
Astro L1-6 FGFR3 AQP1,CD44,0.04320003812539595,1.4800763973209525,1.0
Astro L1-6 FGFR3 AQP1,ADAMTS9,0.027145055220534512,1.5528862847600826,0.9960143043150878
Astro L1-6 FGFR3 AQP1,TNC,0.1325388521330773,2.7458121247918315,0.9941278148542182
Astro L1-6 FGFR3 AQP1,GFAP,0.08484558049286751,2.9798959215332923,0.9940978134397417
Astro L1-6 FGFR3 AQP1,PFKFB2,0.024257353511105396,1.5528862847600826,0.9881306796520208
Astro L1-6 FGFR3 AQP1,AQP4,0.0341470073064098,2.7549537634787584,0.9878290018022946
Astro L1-6 FGFR3 AQP1,LINC00609,0.035738637698396934,3.123256300957803,0.9725307810314193
Astro L1-6 FGFR3 AQP1,KCNN3,0.01453710686357291,1.8090499940242668,0.9700444321794447
Astro L1 FGFR3 SERPINI2,SERPINI2,0.025591995920202667,0.9439707182728552,1.0
Astro L1 FGFR3 SERPINI2,WDR49,0.025312115224078658,1.5417083092891444,1.0
Astro L1 FGFR3 SERPINI2,CFAP47,0.029873774984924602,1.105612678832649,0.9927633800323619
Astro L1 FGFR3 SERPINI2,GFAP,0.017652265113372555,2.2160756090393265,0.9920634920634921
Astro L1 FGFR3 SERPINI2,ID3,0.01632901342962838,0.418163246762846,0.9920634920634921
Astro L1 FGFR3 SERPINI2,NHSL1,0.008360416313131978,2.4152587735178956,0.9870524760370689
Astro L1 FGFR3 SERPINI2,AQP4,0.014050314047373712,2.4417850166471307,0.9862680223437101
Astro L1 FGFR3 SERPINI2,ADGRA3,0.010768807232743247,1.870576540911025,0.98140361791747
Astro L1 FGFR3 SERPINI2,ADGRV1,0.04002132071347719,3.9814429058615017,0.9523254509105727
Astro L1 FGFR3 SERPINI2,AMZ2,0.020419736377063742,2.539797315218049,0.9348326031292444
Astro L1-6 FGFR3 PLCG1,RANBP3L,0.021830367007245208,1.9418923628332934,0.9907809461586564
Astro L1-6 FGFR3 PLCG1,SLCO1C1,0.013192128976138518,1.7504814557453703,0.9873580875856086
Astro L1-6 FGFR3 PLCG1,NHSL1,0.020391959743125954,2.264946556767482,0.9861932191056052
Astro L1-6 FGFR3 PLCG1,FGFR3,0.03789768384311518,2.132710848255275,0.9858503863615202
Astro L1-6 FGFR3 PLCG1,COL5A3,0.04224223057345294,2.478635509871521,0.9855909296619947
Astro L1-6 FGFR3 PLCG1,ATP13A4,0.014531964678546836,2.1195451980225144,0.9808937682527235
Astro L1-6 FGFR3 PLCG1,ATP1A2,0.02993223829268935,2.4489698037752725,0.9799915614096099
Astro L1-6 FGFR3 PLCG1,SLC1A3,0.07074716270294205,3.6453464259783197,0.9671262768312572
Astro L1-6 FGFR3 PLCG1,ARHGAP24,0.041370741817582206,3.413408377203164,0.9543895172089123
Astro L1-6 FGFR3 PLCG1,HPSE2,0.015602827485614307,3.030160348005411,0.9507447506027573
Endo L2-5 NOSTRIN SRGN,CLDN5,0.07316714765148787,2.324845672228241,1.0
Endo L2-5 NOSTRIN SRGN,ABCG2,0.056339147349117144,2.433915309207036,1.0
Endo L2-5 NOSTRIN SRGN,MECOM,0.06142223653728562,3.131758836749512,1.0
Endo L2-5 NOSTRIN SRGN,CLEC3B,0.0239767889507241,1.7201040479829723,1.0
Endo L2-5 NOSTRIN SRGN,EPAS1,0.024758832770317995,2.431054300279408,1.0
Endo L2-5 NOSTRIN SRGN,PRKCH,0.025306971887712342,2.6858267024728137,1.0
Endo L2-5 NOSTRIN SRGN,IFI27,0.039038185372037154,1.7506939779611164,1.0
Endo L2-5 NOSTRIN SRGN,LEF1,0.019190817585094347,2.1575729994439934,1.0
Endo L2-5 NOSTRIN SRGN,EMCN,0.020450612301031717,1.8133236094966372,1.0
Endo L2-5 NOSTRIN SRGN,HERC2P3,0.05275293568378098,3.7663839726189043,0.9994433377168168
VLMC L1-5 PDGFRA COLEC12,COL1A2,0.07927155650923264,2.473233166284644,1.0
VLMC L1-5 PDGFRA COLEC12,COLEC12,0.06712643690853726,3.4168969112457352,1.0
VLMC L1-5 PDGFRA COLEC12,TBX18,0.06349649842154596,2.3389234174340494,1.0
VLMC L1-5 PDGFRA COLEC12,LINC01088,0.022975760079668516,2.6510996192970113,1.0
VLMC L1-5 PDGFRA COLEC12,ITIH5,0.02751679483690744,2.552086278204223,1.0
VLMC L1-5 PDGFRA COLEC12,C7,0.02792792615590735,0.7561681228031302,1.0
VLMC L1-5 PDGFRA COLEC12,COL6A2,0.03607069847041171,1.786013475809242,1.0
VLMC L1-5 PDGFRA COLEC12,DCN,0.04316158424613416,2.625519560451121,0.9833843405016119
VLMC L1-5 PDGFRA COLEC12,ARHGAP29,0.018846797713172526,2.715769114820646,0.9661547520487843
VLMC L1-5 PDGFRA COLEC12,LAMA2,0.10402582000702203,4.432303075430973,0.9472751829374716
Micro L1-6 TYROBP CD74,APBB1IP,0.07140535180123336,2.9293610224708493,1.0
Micro L1-6 TYROBP CD74,ADAM28,0.03782514827965315,2.432604545852799,1.0
Micro L1-6 TYROBP CD74,P2RY12,0.069081671974859,3.039062708743365,1.0
Micro L1-6 TYROBP CD74,CSF1R,0.024889056202127054,1.8660467636714246,1.0
Micro L1-6 TYROBP CD74,BLNK,0.022534019495958554,2.021253048838257,1.0
Micro L1-6 TYROBP CD74,PTPRC,0.03194629477772643,2.2158406963800283,1.0
Micro L1-6 TYROBP CD74,DOCK8,0.09459553888916429,3.276495103411583,0.9973244400603656
Micro L1-6 TYROBP CD74,ATP8B4,0.027560400196234708,2.4998297449455444,0.9831685131775373
Micro L1-6 TYROBP CD74,PLXDC2,0.08552591498793599,4.267661453049598,0.8520717576775507
Micro L1-6 TYROBP CD74,SYNDIG1,0.023100679203031525,3.141336476736972,0.8116337837015395
