software_version,cluster_header,clusterName,clusterSize,f_score,precision,recall,TN,FP,FN,TP,marker_count,NSForest_markers,binary_genes,onTarget,fold
4.1,cluster_id,Inh L1 LAMP5 PVRL2,94,0.08602150537634409,0.07655502392344497,0.1702127659574468,76246,193,78,16,5,"['PAPSS2', 'FBXL7', 'FGF13', 'GOLGA1', 'PPP1R3E']","['PAPSS2', 'FBXL7', 'HES4', 'FGF13', 'GOLGA1', 'PPP1R3E', 'EIF2AK3', 'COLQ', 'SERINC5']",0.037120103595407676,fold_1
4.1,cluster_id,Inh L1 LAMP5 RAB11FIP1,246,0.19271948608137046,0.20930232558139536,0.14634146341463414,76151,136,210,36,4,"['PAPSS2', 'FBXL7', 'HES4', 'EIF2AK3']","['PAPSS2', 'FBXL7', 'HES4', 'FGF13', 'COLQ', 'EIF2AK3', 'GOLGA1', 'TCERG1L', 'DOK5', 'TAMM41']",0.048920034160664705,fold_1
4.1,cluster_id,Inh L1-6 LAMP5 AARD,1539,0.6819168959027074,0.7019374068554396,0.6120857699805068,74594,400,597,942,3,"['PAPSS2', 'FBXL7', 'FGF13']","['CITED2', 'PAPSS2', 'FBXL7', 'HES4', 'FGF13', 'PPP1R3E', 'COLQ', 'DOK5', 'EIF2AK3', 'SERINC5']",0.06174787265285502,fold_1
4.1,cluster_id,Inh L1-6 LAMP5 NES,419,0.24202420242024203,0.22876949740034663,0.315035799522673,75669,445,287,132,3,"['FBXL7', 'FGF13', 'SERINC5']","['FBXL7', 'FGF13', 'COLQ', 'DOK5', 'SERINC5']",0.04166373983384847,fold_1
4.1,cluster_id,Inh L1-6 LAMP5 CA1,465,0.2795470629865534,0.3333333333333333,0.16989247311827957,75910,158,386,79,3,"['PAPSS2', 'MAMLD1', 'FGF13']","['PAPSS2', 'MAMLD1', 'FBXL7', 'FGF13']",0.052506870711232764,fold_1
4.1,cluster_id,Inh L5-6 LAMP5 CRABP1,923,0.48789784638841244,0.47363552266419984,0.5547128927410617,75041,569,411,512,3,"['NOTCH2', 'FBXL7', 'FGF13']","['NOTCH2', 'FBXL7', 'SEMA4B', 'MAMLD1', 'PAPSS2', 'FGF13', 'HES4', 'PPP1R3E', 'GOLGA1', 'ELOVL5']",0.05448153153980833,fold_1
4.1,cluster_id,Inh L3-6 PAX6 LINC01497,84,0.4,0.5517241379310345,0.19047619047619047,76436,13,68,16,4,"['RASGEF1B', 'WNT5A', 'HES4', 'ARHGAP28']","['RASGEF1B', 'WNT5A', 'NRP2', 'OSBPL5', 'HES4', 'ARHGAP28', 'SEMA4B', 'FBXL7', 'ZNF420', 'TCERG1L']",0.19983815538713962,fold_1
4.1,cluster_id,Inh L1 PAX6 MIR101-1,139,0.25054466230936817,0.2875,0.16546762589928057,76337,57,116,23,4,"['WNT5A', 'HES4', 'FBXL7', 'ARHGAP28']","['WNT5A', 'HES4', 'FBXL7', 'ARHGAP28', 'PPP1R3E', 'CTSF', 'FGF13', 'TBC1D30', 'TAMM41', 'EIF2AK3']",0.03900407737495059,fold_1
4.1,cluster_id,Inh L1 PAX6 CHRFAM7A,185,0.02144338095373342,0.017245317496573778,0.8162162162162162,67743,8605,34,151,1,['FBXL7'],['FBXL7'],0.037820338999241435,fold_1
4.1,cluster_id,Inh L1-6 VIP SLC7A6OS,61,0.1652892561983471,0.26666666666666666,0.06557377049180328,76461,11,57,4,4,"['ABCA1', 'CRY1', 'FBXL7', 'ARHGAP28']","['ABCA1', 'SEMA4B', 'CRY1', 'FBXL7', 'ARHGAP28', 'CPQ', 'CHD4', 'ZNF420', 'CTSF', 'ELOVL5']",0.03937674190940203,fold_1
4.1,cluster_id,Inh L2 PAX6 FREM2,108,0.1893939393939394,0.2564102564102564,0.09259259259259259,76396,29,98,10,6,"['SNW1', 'GPR12', 'MTRR', 'SEMA4B', 'FBXL7', 'HES4']","['SNW1', 'GPR12', 'MTRR', 'SEMA4B', 'FBXL7', 'HES4', 'CHD4', 'TBC1D30', 'CPQ', 'WDR35']",0.059160756718266594,fold_1
4.1,cluster_id,Inh L1-2 VIP HTR3A,42,0.2702702702702703,0.5,0.09523809523809523,76487,4,38,4,4,"['UBE2Z', 'ARHGAP28', 'FBXL7', 'DOK5']","['UBE2Z', 'CRY1', 'ARHGAP28', 'SEMA4B', 'FBXL7', 'DOK5', 'DCP2', 'CNTNAP3', 'ADGRB2', 'MLXIP']",0.03308834239935239,fold_1
4.1,cluster_id,Inh L1-2 VIP WNT4,52,0.32894736842105265,0.8333333333333334,0.09615384615384616,76480,1,47,5,3,"['FBXL7', 'ARHGAP28', 'DOK5']","['FBXO2', 'SEMA4B', 'FBXL7', 'ARHGAP28', 'DOK5', 'HES4', 'CHD4', 'CPQ', 'ELOVL5', 'DCP2']",0.03764734321206046,fold_1
4.1,cluster_id,Inh L1 LAMP5 BMP2,352,0.17257462686567165,0.20555555555555555,0.10511363636363637,76038,143,315,37,4,"['PAPSS2', 'FGF13', 'GOLGA1', 'CTSF']","['PAPSS2', 'FBXL7', 'FGF13', 'GOLGA1', 'CTSF', 'EIF2AK3', 'COLQ', 'MB21D2']",0.03198160597977693,fold_1
4.1,cluster_id,Inh L1 LAMP5 NMBR,193,0.07422068283028203,0.06564551422319474,0.15544041450777202,75913,427,163,30,3,"['CTSF', 'COLQ', 'FGF13']","['PAPSS2', 'FBXL7', 'CTSF', 'COLQ', 'FGF13', 'EIF2AK3', 'MB21D2']",0.025682635216929713,fold_1
4.1,cluster_id,Inh L1 PVALB SST ASIC4,186,0.048377916903813316,0.040865384615384616,0.1827956989247312,75549,798,152,34,2,"['SEMA4B', 'DOK5']","['SEMA4B', 'DOK5']",0.02725518747585867,fold_1
4.1,cluster_id,Inh L1 SST P4HA3,38,0.018691588785046728,0.015503875968992248,0.10526315789473684,76241,254,34,4,3,"['SEMA4B', 'ARHGAP28', 'ADGRB2']","['SEMA4B', 'ARHGAP28', 'ADGRB2']",0.031697251560213885,fold_1
4.1,cluster_id,Inh L1 SST DEFB108B,223,0.018007848196527444,0.014581066376496192,0.3004484304932735,71782,4528,156,67,1,['COLQ'],['COLQ'],0.022711968796361323,fold_1
4.1,cluster_id,Inh L1-3 VIP CBLN1,464,0.20094936708860758,0.1884272997032641,0.27370689655172414,75522,547,337,127,3,"['ARHGAP28', 'SLC24A3', 'MB21D2']","['ARHGAP28', 'SLC24A3', 'MB21D2', 'CNTRL']",0.025356154073964875,fold_1
4.1,cluster_id,Inh L1-2 VIP EXPH5,509,0.39640987284966345,0.5120772946859904,0.2082514734774067,75923,101,403,106,4,"['NOTCH2', 'TBL1X', 'SLC35B4', 'SLC24A3']","['NOTCH2', 'TBL1X', 'CRY1', 'ARHGAP28', 'SLC35B4', 'SLC24A3', 'MB21D2', 'CNTRL']",0.04934905789315586,fold_1
4.1,cluster_id,Inh L1-3 VIP HSPB6,396,0.11233269598470363,0.11084905660377359,0.11868686868686869,75760,377,349,47,2,"['CRY1', 'SLC24A3']","['CRY1', 'SLC24A3']",0.04361675168408526,fold_1
4.1,cluster_id,Inh L1-2 VIP PTGER3,84,0.17045454545454544,0.2608695652173913,0.07142857142857142,76432,17,78,6,4,"['NRP2', 'SEMA4B', 'ARHGAP28', 'CHD4']","['NRP2', 'TBL1X', 'SEMA4B', 'CRY1', 'ARHGAP28', 'CHD4', 'DCP2', 'CPQ', 'GGPS1', 'PAIP1']",0.04725257981823097,fold_1
4.1,cluster_id,Inh L1-2 VIP SCML4,128,0.19516728624535315,0.17721518987341772,0.328125,76210,195,86,42,3,"['NOTCH2', 'TBL1X', 'ARHGAP28']","['NOTCH2', 'TBL1X', 'CRY1', 'ARHGAP28', 'SEMA4B', 'CPQ', 'ELOVL5', 'MB21D2', 'DCP2', 'CHD4']",0.088883006822359,fold_1
4.1,cluster_id,Inh L1-3 VIP FNDC1,111,0.26501766784452296,0.3488372093023256,0.13513513513513514,76394,28,96,15,4,"['TBL1X', 'ARHGAP28', 'PPP1R3E', 'MB21D2']","['TBL1X', 'CRY1', 'ARHGAP28', 'CPQ', 'PPP1R3E', 'MB21D2', 'SLC35B4', 'DNHD1', 'SLC24A3', 'NAF1']",0.04504488727700412,fold_1
4.1,cluster_id,Inh L1-3 VIP CHRNA2,310,0.30597014925373134,0.45555555555555555,0.13225806451612904,76174,49,269,41,3,"['ABCA1', 'SLC7A11', 'ARHGAP28']","['ABCA1', 'SLC7A11', 'CRY1', 'CPQ', 'ARHGAP28', 'CTSF', 'ANKDD1A', 'DOK5', 'SLC35B4', 'FOXG1']",0.06984182609313686,fold_1
4.1,cluster_id,Inh L2 VIP SLC6A16,288,0.4248768472906404,0.5267175572519084,0.23958333333333334,76183,62,219,69,2,"['SLC7A11', 'ARHGAP28']","['SLC7A11', 'NOTCH2', 'CPQ', 'ARHGAP28', 'ELOVL5', 'SLC35B4']",0.07997878897098126,fold_1
4.1,cluster_id,Inh L1 VIP KLHDC8B,95,0.33568904593639576,0.40425531914893614,0.2,76410,28,76,19,4,"['ARHGAP28', 'FGF13', 'RFTN1', 'SERINC5']","['ARHGAP28', 'SLC4A4', 'FGF13', 'RFTN1', 'FOXG1', 'SERINC5', 'NAF1']",0.023899778888767508,fold_1
4.1,cluster_id,Inh L3-5 VIP IGDCC3,390,0.2242302543507363,0.2427536231884058,0.1717948717948718,75934,209,323,67,3,"['RFTN1', 'SLC4A4', 'SLC24A3']","['ARHGAP28', 'RFTN1', 'SLC4A4', 'SLC24A3', 'FOXG1']",0.02256828162443641,fold_1
4.1,cluster_id,Inh L1-5 VIP SMOC1,638,0.19440316988608222,0.18470588235294116,0.24608150470219436,75202,693,481,157,2,"['SLC4A4', 'SLC24A3']","['SLC4A4', 'FOXG1', 'SLC24A3']",0.02038237041917087,fold_1
4.1,cluster_id,Inh L3-5 VIP HS3ST3A1,225,0.23222060957910015,0.27586206896551724,0.14222222222222222,76224,84,193,32,3,"['GALNT16', 'SLC4A4', 'SLC24A3']","['GALNT16', 'CPQ', 'SLC4A4', 'RFTN1', 'SLC24A3']",0.025625325162011575,fold_1
4.1,cluster_id,Inh L5-6 VIP COL4A3,89,0.10101010101010101,0.11538461538461539,0.06741573033707865,76398,46,83,6,5,"['GPR12', 'ABCA1', 'CRY1', 'CPQ', 'SLC4A4']","['GPR12', 'ABCA1', 'CRY1', 'CHD4', 'CPQ', 'SLC4A4', 'DCP2', 'CTSF', 'ELOVL5', 'DOK5']",0.05581990208030915,fold_1
4.1,cluster_id,Inh L1-5 VIP CD27-AS1,67,0.21052631578947367,0.5714285714285714,0.05970149253731343,76463,3,63,4,4,"['NRP2', 'DCP2', 'SLC4A4', 'PCMTD2']","['NRP2', 'DCP2', 'ELOVL5', 'SLC4A4', 'FOXG1', 'PCMTD2', 'RFTN1', 'SLC24A3', 'FGF13']",0.02972948221529052,fold_1
4.1,cluster_id,Inh L2-5 VIP BSPRY,85,0.13739545997610514,0.12234042553191489,0.27058823529411763,76283,165,62,23,3,"['RFTN1', 'SLC4A4', 'SLC24A3']","['RFTN1', 'SLC4A4', 'SLC24A3']",0.026909280492884054,fold_1
4.1,cluster_id,Inh L2-5 VIP SOX11,116,0.17857142857142858,0.24390243902439024,0.08620689655172414,76386,31,106,10,5,"['RASGEF1B', 'CRY1', 'UBE2Z', 'TBC1D14', 'ARHGAP28']","['RASGEF1B', 'CRY1', 'UBE2Z', 'TBC1D14', 'ARHGAP28', 'PGM3', 'DOK5', 'PAIP1', 'DCP2', 'ZNF420']",0.04812141988021082,fold_1
4.1,cluster_id,Inh L3-6 VIP ZIM2-AS1,146,0.15151515151515152,0.46153846153846156,0.0410958904109589,76380,7,140,6,5,"['OSBPL5', 'ARHGAP28', 'TBC1D14', 'HES4', 'MB21D2']","['OSBPL5', 'ARHGAP28', 'TBC1D14', 'HES4', 'WDR35', 'MB21D2', 'PGM3', 'RFTN1', 'PPP1R3E', 'CTSF']",0.039474455472376255,fold_1
4.1,cluster_id,Inh L1-5 VIP PHLDB3,92,0.22321428571428573,0.30303030303030304,0.10869565217391304,76418,23,82,10,4,"['ARHGAP28', 'MB21D2', 'SLC24A3', 'SLC4A4']","['ARHGAP28', 'MB21D2', 'SLC24A3', 'RFTN1', 'SLC4A4']",0.02784556628270724,fold_1
4.1,cluster_id,Inh L1-5 VIP LINC01013,127,0.14511873350923482,0.1746031746031746,0.08661417322834646,76354,52,116,11,4,"['ARHGAP28', 'CNTRL', 'MB21D2', 'SLC35B4']","['OSBPL5', 'ARHGAP28', 'CNTRL', 'SLC24A3', 'MB21D2', 'SLC35B4', 'RIMKLA', 'PRTFDC1', 'FGF13', 'ERI3']",0.025602377605087566,fold_1
4.1,cluster_id,Inh L3-6 VIP UG0898H09,131,0.3220338983050847,0.4634146341463415,0.1450381679389313,76380,22,112,19,3,"['SLC24A3', 'RFTN1', 'SLC4A4']","['OSBPL5', 'ARHGAP28', 'SLC24A3', 'RFTN1', 'SLC4A4', 'CTSF', 'MB21D2', 'ERI3', 'CNTRL']",0.02481976303079302,fold_1
4.1,cluster_id,Inh L3-5 VIP TAC3,367,0.28556593977154726,0.3691275167785235,0.14986376021798364,76072,94,312,55,3,"['ARHGAP28', 'SLC24A3', 'MB21D2']","['ARHGAP28', 'SLC24A3', 'RFTN1', 'MB21D2', 'CNTRL']",0.02692160250809708,fold_1
4.1,cluster_id,Inh L1-6 SST NPY,67,0.5161290322580645,0.7272727272727273,0.23880597014925373,76460,6,51,16,4,"['ENOSF1', 'ARHGAP28', 'HES4', 'FBXL7']","['WNT5A', 'ENOSF1', 'MAMLD1', 'ARHGAP28', 'HES4', 'FBXL7', 'WDR35', 'ELOVL5', 'CNTNAP3', 'MLXIP']",0.051487157719446786,fold_1
4.1,cluster_id,Inh L3-5 SST CDH3,81,0.14124293785310735,0.20833333333333334,0.06172839506172839,76433,19,76,5,4,"['CNTNAP3', 'SLC24A3', 'PRTFDC1', 'SERINC5']","['PGM3', 'ARHGAP28', 'CNTNAP3', 'SLC24A3', 'PRTFDC1', 'SERINC5']",0.021992024706381674,fold_1
4.1,cluster_id,Inh L5 SST RPL35AP11,764,0.2527075812274368,0.3085399449035813,0.14659685863874344,75518,251,652,112,4,"['ARHGAP28', 'CNTNAP3', 'SLC24A3', 'SERINC5']","['ARHGAP28', 'CNTNAP3', 'SLC24A3', 'SERINC5']",0.01955065650834177,fold_1
4.1,cluster_id,Inh L5-6 SST ISX,394,0.1900369003690037,0.17789291882556132,0.2614213197969543,75663,476,291,103,3,"['ARHGAP28', 'CNTNAP3', 'SNCB']","['ARHGAP28', 'CNTNAP3', 'SNCB', 'TBC1D30']",0.02742283175187144,fold_1
4.1,cluster_id,Inh L5-6 PVALB SST CRHR2,218,0.23462783171521034,0.29,0.13302752293577982,76244,71,189,29,4,"['NOTCH2', 'PAPSS2', 'ARHGAP28', 'CNTNAP3']","['NOTCH2', 'KCNAB3', 'PAPSS2', 'ARHGAP28', 'CNTNAP3', 'DCP2', 'PPP1R3E', 'SNCB', 'LGALS8', 'TBC1D30']",0.037119842843744685,fold_1
4.1,cluster_id,Inh L3-5 SST OR5AH1P,242,0.26119402985074625,0.525,0.08677685950413223,76272,19,221,21,4,"['PRDM1', 'PAPSS2', 'FBXL7', 'CNTNAP3']","['PRDM1', 'PAPSS2', 'FBXL7', 'CNTNAP3', 'TBC1D30', 'PRTFDC1']",0.0262485083727656,fold_1
4.1,cluster_id,Inh L2-3 SST NMU,419,0.07776153130400107,0.06587837837837837,0.27923627684964203,74455,1659,302,117,2,"['PRDM1', 'KCNAB3']","['PRDM1', 'KCNAB3', 'CNTNAP3']",0.09195138533251757,fold_1
4.1,cluster_id,Inh L5-6 SST PAWR,194,0.04521963824289406,0.04827586206896552,0.03608247422680412,76201,138,187,7,3,"['PGM3', 'CNTNAP3', 'TBC1D30']","['SMARCAL1', 'PGM3', 'CNTNAP3', 'TBC1D30', 'RFTN1']",0.023435338076744867,fold_1
4.1,cluster_id,Inh L5-6 SST PIK3CD,129,0.021892317164944927,0.0176697956929873,0.49612403100775193,72846,3558,65,64,1,['PRDM1'],['PRDM1'],0.14617572761997738,fold_1
4.1,cluster_id,Inh L1-2 SST CCNJL,320,0.17857142857142858,0.2185430463576159,0.103125,76095,118,287,33,3,"['FAM78B', 'SLC24A3', 'PRMT8']","['FAM78B', 'SLC24A3', 'PRMT8']",0.020482375805616824,fold_1
4.1,cluster_id,Inh L1-3 SST FAM20A,1069,0.11242011242011242,0.09247334529716035,0.8194574368568756,66867,8597,193,876,1,['SLC24A3'],['SLC24A3'],0.02040484956728266,fold_1
4.1,cluster_id,Inh L1-2 SST PRRT4,376,0.23089171974522293,0.2636363636363636,0.15425531914893617,75995,162,318,58,3,"['ERICH3', 'FAM78B', 'SLC24A3']","['NOTCH2', 'ERICH3', 'FAM78B', 'PRTFDC1', 'SLC24A3']",0.020435420073518788,fold_1
4.1,cluster_id,Inh L5-6 SST BEAN1,76,0.19230769230769232,0.5714285714285714,0.05263157894736842,76454,3,72,4,4,"['CITED2', 'TBL1X', 'DIRAS1', 'HES4']","['CITED2', 'TBL1X', 'DIRAS1', 'HES4', 'CNTNAP3', 'CTSF', 'PPP1R3E', 'SERINC5', 'MB21D2', 'TBC1D30']",0.07336762732438523,fold_1
4.1,cluster_id,Inh L5-6 SST DNAJC14,35,0.08130081300813008,0.09090909090909091,0.05714285714285714,76478,20,33,2,6,"['FBXO2', 'CITED2', 'DLAT', 'TBL1X', 'HES4', 'UBE2Z']","['FBXO2', 'CITED2', 'DLAT', 'TBL1X', 'HES4', 'UBE2Z', 'RAB9B', 'CPQ', 'CNTNAP3', 'TBC1D30']",0.06608466511381955,fold_1
4.1,cluster_id,Inh L5-6 SST C4orf26,93,0.05235602094240838,0.05,0.06451612903225806,76326,114,87,6,5,"['CITED2', 'TUBB4A', 'SMARCAL1', 'TBL1X', 'UBE2Z']","['DGUOK', 'CITED2', 'TUBB4A', 'SMARCAL1', 'TBL1X', 'UBE2Z', 'HES4', 'PGM3', 'RAB9B', 'DCP2']",0.07377219294970086,fold_1
4.1,cluster_id,Inh L5-6 SST FBN2,100,0.28846153846153844,0.4444444444444444,0.12,76418,15,88,12,3,"['PRDM1', 'TBL1X', 'FBXL7']","['PRDM1', 'TBL1X', 'HES4', 'FBXL7', 'CNTNAP3', 'MB21D2']",0.09777727348263585,fold_1
4.1,cluster_id,Inh L5-6 SST KLHL1,188,0.2336448598130841,0.3333333333333333,0.10638297872340426,76305,40,168,20,4,"['TBL1X', 'HES4', 'ARHGAP28', 'PGM3']","['TBL1X', 'HES4', 'ARHGAP28', 'PGM3', 'TBC1D30', 'DCP2', 'CNTNAP3', 'CTSF']",0.0357741529720185,fold_1
4.1,cluster_id,Inh L6 SST TH,84,0.11363636363636363,0.14705882352941177,0.05952380952380952,76420,29,79,5,4,"['FBXO2', 'PRDM1', 'ABCA1', 'DIRAS1']","['FBXO2', 'CITED2', 'PRDM1', 'ABCA1', 'DIRAS1', 'TUBB4A', 'TBC1D14', 'HES4', 'DBT', 'PAIP1']",0.096330209264435,fold_1
4.1,cluster_id,Inh L5-6 PVALB KCNIP2,108,0.078125,0.08695652173913043,0.05555555555555555,76362,63,102,6,5,"['WNT16', 'COX20', 'CITED2', 'PRDM1', 'KCNAB3']","['WNT16', 'COX20', 'CITED2', 'PRDM1', 'KCNAB3', 'SMARCAL1', 'CNTNAP3', 'CHD4', 'SLC4A4', 'ZNF398']",0.1454078603306782,fold_1
4.1,cluster_id,Inh L5-6 PVALB ZFPM2-AS1,563,0.21793497677742052,0.2182468694096601,0.216696269982238,75533,437,441,122,3,"['CMTM6', 'WNT16', 'CNTNAP3']","['CMTM6', 'WNT16', 'PRDM1', 'DLAT', 'KCNAB3', 'CNTNAP3', 'CPQ', 'SLC4A4', 'FAM78B', 'PPP1R3E']",0.12514994476835886,fold_1
4.1,cluster_id,Inh L3-5 PVALB ISG20,254,0.3497942386831276,0.5862068965517241,0.13385826771653545,76255,24,220,34,6,"['JRK', 'PARD6G', 'CPT1A', 'PRDM1', 'SCN4B', 'KCNAB3']","['JRK', 'PARD6G', 'CPT1A', 'PRDM1', 'SCN4B', 'KCNAB3', 'MAMLD1', 'SLC25A51', 'GALNT16', 'CNTNAP3']",0.267532506809549,fold_1
4.1,cluster_id,Inh L5 PVALB LRIG3,631,0.20578923563998192,0.23037974683544304,0.14421553090332806,75598,304,540,91,3,"['WNT16', 'KCNAB3', 'SLC25A51']","['WNT16', 'DLAT', 'KCNAB3', 'DIRAS1', 'GALNT16', 'SLC25A51', 'MAMLD1', 'CNTNAP3', 'CPQ', 'FAM78B']",0.06614515829930728,fold_1
4.1,cluster_id,Inh L2-5 PVALB HHIPL1,456,0.12350936967632027,0.1226215644820296,0.12719298245614036,75662,415,398,58,5,"['ABCA1', 'DIRAS1', 'KCNAB3', 'CNTNAP3', 'SLC25A51']","['ABCA1', 'DIRAS1', 'KCNAB3', 'CNTNAP3', 'SLC25A51', 'GGPS1', 'FAM78B', 'SLC4A4', 'PPP1R3E', 'DCP2']",0.05849043611358093,fold_1
4.1,cluster_id,Inh L2-5 PVALB RPH3AL,3253,0.41617753926994244,0.4069417873735993,0.4577313249308331,71110,2170,1764,1489,3,"['KCNAB3', 'CNTNAP3', 'SLC4A4']","['KCNAB3', 'DLAT', 'CNTNAP3', 'FAM78B', 'PPP1R3E', 'SLC4A4', 'TBC1D30', 'DCP2', 'LGALS8', 'GOLGA1']",0.041153733661210966,fold_1
4.1,cluster_id,Inh L3 PVALB SAMD13,1326,0.2619324796274738,0.28213166144200624,0.20361990950226244,74520,687,1056,270,3,"['DIRAS1', 'KCNAB3', 'CNTNAP3']","['DLAT', 'DIRAS1', 'KCNAB3', 'CRY1', 'CNTNAP3', 'PPP1R3E', 'SLC4A4', 'FAM78B', 'FGF13', 'LGALS8']",0.07377618975062729,fold_1
4.1,cluster_id,Inh L1-2 PVALB CDK20,123,0.08903467666354264,0.08050847457627118,0.15447154471544716,76193,217,104,19,4,"['NOTCH2', 'ABCA1', 'CNTNAP3', 'FAM78B']","['NOTCH2', 'ABCA1', 'KCNAB3', 'CNTNAP3', 'FAM78B', 'PPP1R3E', 'MB21D2', 'SLC4A4', 'MLXIP', 'LGALS8']",0.05949157114141677,fold_1
4.1,cluster_id,Inh L2 PVALB FRZB,107,0.026217228464419477,0.02280130293159609,0.06542056074766354,76126,300,100,7,5,"['CNTNAP3', 'MLXIP', 'FAM78B', 'SLC4A4', 'TBC1D30']","['KCNAB3', 'CNTNAP3', 'MLXIP', 'FAM78B', 'SLC4A4', 'TBC1D30', 'FGF13', 'TAMM41', 'SLC35B4', 'LGALS8']",0.024877513069538303,fold_1
4.1,cluster_id,Inh L1-2 SST CLIC6,194,0.03694581280788178,0.03172205438066465,0.10824742268041238,75698,641,173,21,3,"['PRDM1', 'CNTNAP3', 'TBC1D30']","['PRDM1', 'CNTNAP3', 'TBC1D30']",0.023484605489900605,fold_1
4.1,cluster_id,Inh L5-6 PVALB GAPDHP60,138,0.5150753768844221,0.6307692307692307,0.2971014492753623,76371,24,97,41,2,"['WNT16', 'NRP2']","['WNT16', 'NRP2', 'ABCA1', 'KCNAB3', 'HES4', 'CNTNAP3', 'PPP1R3E', 'ANKDD1A', 'DCP2', 'SNCB']",0.2148797691816452,fold_1
4.1,cluster_id,Inh L5-6 PVALB FAM150B,111,0.0759493670886076,0.08450704225352113,0.05405405405405406,76357,65,105,6,4,"['KCNAB3', 'HES4', 'CNTNAP3', 'EIF2AK3']","['KCNAB3', 'HES4', 'CNTNAP3', 'DCP2', 'EIF2AK3', 'SNCB', 'TBC1D30', 'SLC25A3']",0.03346265384754081,fold_1
4.1,cluster_id,Inh L5-6 PVALB MEPE,230,0.2358490566037736,0.23504273504273504,0.2391304347826087,76124,179,175,55,3,"['WNT16', 'KCNAB3', 'CPQ']","['WNT16', 'KCNAB3', 'CNTNAP3', 'CPQ', 'FAM78B', 'DCP2', 'SLC4A4', 'TBC1D30', 'SNCB', 'EIF2AK3']",0.06366783391604136,fold_1
4.1,cluster_id,Inh L1-6 PVALB COL15A1,288,0.4982517482517482,0.8028169014084507,0.19791666666666666,76231,14,231,57,3,"['CNTNAP3', 'DOK5', 'FGF13']","['NOTCH2', 'KCNAB3', 'CNTNAP3', 'DOK5', 'MB21D2', 'FGF13', 'FAM78B', 'SLC4A4', 'LGALS8', 'TBC1D30']",0.03417709682287564,fold_1
4.1,cluster_id,Exc L2 LAMP5 KCNG3,261,0.06622516556291391,0.059880239520958084,0.11494252873563218,75801,471,231,30,4,"['GALNT16', 'TYRO3', 'TCERG1L', 'RFTN1']","['GALNT16', 'TYRO3', 'NOL4L', 'TCERG1L', 'ADGRB2', 'RFTN1', 'ANKDD1A', 'MAST3', 'TAMM41', 'NAF1']",0.0426997310166673,fold_1
4.1,cluster_id,Exc L2 LINC00507 ATP7B,183,0.027442371020856202,0.027472527472527472,0.0273224043715847,76173,177,178,5,5,"['TYRO3', 'TBC1D14', 'NOL4L', 'ADGRB2', 'RFTN1']","['TYRO3', 'TBC1D14', 'NOL4L', 'MAST3', 'ADGRB2', 'RFTN1', 'NAF1', 'ANKDD1A', 'TAMM41', 'KIAA0513']",0.04045629114402408,fold_1
4.1,cluster_id,Exc L2 LINC00507 GLRA3,12485,0.5309968464981022,0.5558410753113263,0.45046055266319585,59554,4494,6861,5624,2,"['TYRO3', 'RFTN1']","['OSBPL5', 'TYRO3', 'RFTN1', 'NOL4L', 'TCERG1L', 'TBC1D14', 'MAST3', 'RAB9B', 'ADGRB2', 'WDR35']",0.04307468475194108,fold_1
4.1,cluster_id,Exc L2-3 RORB RTKN2,1211,0.11844702785698619,0.12903225806451613,0.08918249380677126,74593,729,1103,108,5,"['OSBPL5', 'FZD6', 'PAPSS2', 'SPTSSB', 'SEMA4B']","['OSBPL5', 'FZD6', 'PAPSS2', 'SPTSSB', 'MAMLD1', 'SEMA4B', 'TYRO3', 'CHD4', 'TCERG1L', 'WDR35']",0.043755343819917684,fold_1
4.1,cluster_id,Exc L2-3 LINC00507 DSG3,1088,0.10538954108858058,0.09334383615596692,0.21783088235294118,73143,2302,851,237,4,"['SCN4B', 'MTRR', 'DPP4', 'TYRO3']","['ERRFI1', 'SCN4B', 'ATAD2', 'MTRR', 'DPP4', 'TYRO3', 'GGPS1', 'TCERG1L', 'ADGRB2', 'MAST3']",0.05186424347010127,fold_1
4.1,cluster_id,Exc L3 LAMP5 CARM1P1,4044,0.5437471884840306,0.7978547854785478,0.2391196834817013,72244,245,3077,967,3,"['SCN4B', 'ABCA1', 'DPP4']","['SCN4B', 'ABCA1', 'MTRR', 'DPP4', 'SPTSSB', 'TYRO3', 'CHD4', 'TCERG1L', 'MAST3', 'ADGRB2']",0.08131005771050268,fold_1
4.1,cluster_id,Oligo L2-6 OPALIN MAP6D1,101,0.10664993726474278,0.09770114942528736,0.16831683168316833,76275,157,84,17,4,"['NDRG1', 'SEMA3B', 'DOCK1', 'TYRO3']","['NDRG1', 'SEMA3B', 'SCD', 'CRYAB', 'DOCK1', 'TYRO3', 'FBXL7', 'MAST3', 'PXK', 'RFTN1']",0.07992200016468438,fold_1
4.1,cluster_id,Exc L2-3 RORB CCDC68,3331,0.44525032738994663,0.5360824742268041,0.2653857700390273,72437,765,2447,884,4,"['OSBPL5', 'PAPSS2', 'SPTSSB', 'TCERG1L']","['OSBPL5', 'PAPSS2', 'SPTSSB', 'TCERG1L', 'MAMLD1', 'RAB9B', 'GOLGA1', 'MAST3', 'ELOVL5', 'CNTNAP3']",0.05458101060011887,fold_1
4.1,cluster_id,Exc L2-3 RORB PTPN3,1628,0.15318239392020266,0.1406761177753544,0.23771498771498772,72541,2364,1241,387,3,"['TCERG1L', 'PAPSS2', 'RFTN1']","['TCERG1L', 'PAPSS2', 'SPTSSB', 'MAST3', 'RFTN1', 'ADGRB2', 'GOLGA1']",0.029687142248716693,fold_1
4.1,cluster_id,Exc L3 THEMIS ENPEP,785,0.0799130545965989,0.07106310403638431,0.1592356687898089,74114,1634,660,125,5,"['SCN4B', 'MTRR', 'SPTSSB', 'DPP4', 'MAMLD1']","['SCN4B', 'MTRR', 'SPTSSB', 'DPP4', 'ELMOD3', 'MAMLD1', 'TCERG1L', 'GGPS1', 'CHD4', 'RFTN1']",0.045757185593079994,fold_1
4.1,cluster_id,Exc L3-5 RORB TNNT2,535,0.10056843025797989,0.1050228310502283,0.08598130841121496,75606,392,489,46,6,"['TUBB4A', 'SMARCAL1', 'DPP4', 'SPTSSB', 'MAMLD1', 'TCERG1L']","['TUBB4A', 'SMARCAL1', 'DPP4', 'SPTSSB', 'MAMLD1', 'TCERG1L', 'RFTN1', 'TYRO3', 'PAIP1', 'MAST3']",0.04211673708067497,fold_1
4.1,cluster_id,Exc L3-5 RORB LAMA4,250,0.05835667600373483,0.052854122621564484,0.1,75835,448,225,25,4,"['OSBPL5', 'PAPSS2', 'FZD6', 'RAB9B']","['OSBPL5', 'PAPSS2', 'FZD6', 'SPTSSB', 'MAMLD1', 'RAB9B', 'WDR35', 'CPQ', 'RFTN1', 'MAST3']",0.04950698107476589,fold_1
4.1,cluster_id,Exc L5 THEMIS VILL,216,0.09049773755656108,0.08247422680412371,0.14814814814814814,75961,356,184,32,6,"['ABCA1', 'SCN4B', 'TUBB4A', 'SPTSSB', 'MAMLD1', 'DPP4']","['ABCA1', 'SCN4B', 'TUBB4A', 'SPTSSB', 'MAMLD1', 'DPP4', 'CHD4', 'PGM3', 'CPQ', 'RFTN1']",0.0476317839816296,fold_1
4.1,cluster_id,Exc L3 RORB OTOGL,2134,0.256797583081571,0.3808,0.11152764761012184,74012,387,1896,238,3,"['TCERG1L', 'MAMLD1', 'RFTN1']","['TCERG1L', 'MAMLD1', 'RFTN1', 'MAST3', 'ADGRB2', 'SNCB', 'NAF1']",0.04897321154724067,fold_1
4.1,cluster_id,Exc L3-5 RORB LINC01202,640,0.3114754098360656,0.3377777777777778,0.2375,75595,298,488,152,3,"['TBL1X', 'PAPSS2', 'DPP4']","['SPTSSB', 'TBL1X', 'PAPSS2', 'DPP4', 'MAMLD1', 'TCERG1L', 'RFTN1', 'SNCB', 'MAST3', 'ADGRB2']",0.03853505755465326,fold_1
4.1,cluster_id,Exc L5 THEMIS SLC22A18,1824,0.5039346246973365,0.5568561872909699,0.3651315789473684,74179,530,1158,666,3,"['LHX2', 'SLC7A11', 'TCERG1L']","['PHKG2', 'ZNF69', 'LHX2', 'FBXO2', 'SLC7A11', 'TCERG1L', 'FZD6', 'MAMLD1', 'CHD4', 'ZNF420']",0.06077795580808298,fold_1
4.1,cluster_id,Exc L5-6 THEMIS TNFAIP6,1132,0.0941571661237785,0.08513575701794754,0.16342756183745583,73413,1988,947,185,4,"['LHX2', 'DPP4', 'UBE2Z', 'TCERG1L']","['LHX2', 'DPP4', 'SPTSSB', 'UBE2Z', 'TYRO3', 'TCERG1L', 'GGPS1', 'CPQ', 'RFTN1', 'MAST3']",0.02660577104150077,fold_1
4.1,cluster_id,Exc L3-5 RORB LNX2,4631,0.24787561019707105,0.2381862404447533,0.296048369682574,67517,4385,3260,1371,3,"['LHX2', 'FZD6', 'TCERG1L']","['LHX2', 'FZD6', 'SPTSSB', 'TCERG1L', 'TYRO3', 'CPQ', 'ZNF420', 'MAST3', 'RFTN1', 'ELOVL5']",0.041870094517601826,fold_1
4.1,cluster_id,Exc L3-5 RORB RPRM,1231,0.2723895996698308,0.4429530201342282,0.10722989439480098,75136,166,1099,132,3,"['LHX2', 'DIRAS1', 'TUBB4A']","['LHX2', 'DIRAS1', 'TUBB4A', 'FZD6', 'SPTSSB', 'DPP4', 'MAMLD1', 'SNCB', 'PAIP1', 'MAST3']",0.09758293088287204,fold_1
4.1,cluster_id,Exc L5 RORB MED8,309,0.0920353982300885,0.08267090620031796,0.16828478964401294,75647,577,257,52,4,"['PAPSS2', 'DPP4', 'TCERG1L', 'NOL4L']","['RPS14', 'TUBB4A', 'PAPSS2', 'DPP4', 'TCERG1L', 'NOL4L', 'PGM3', 'RFTN1', 'ADGRB2', 'ZNF420']",0.033851008668806117,fold_1
4.1,cluster_id,Exc L5 THEMIS FGF10,147,0.08343265792610251,0.08092485549132948,0.09523809523809523,76227,159,133,14,6,"['LHX2', 'SLC7A11', 'DIRAS1', 'TUBB4A', 'SPTSSB', 'DPP4']","['LHX2', 'SLC7A11', 'DIRAS1', 'TUBB4A', 'SPTSSB', 'DPP4', 'MAMLD1', 'HES4', 'PGM3', 'RFTN1']",0.055793637592818135,fold_1
4.1,cluster_id,Exc L6 THEMIS LINC00343,905,0.06313595684687998,0.0568119139547711,0.1138121546961326,73918,1710,802,103,5,"['TUBB4A', 'TYRO3', 'SEMA4B', 'NOL4L', 'RFTN1']","['TUBB4A', 'TYRO3', 'SEMA4B', 'NOL4L', 'GGPS1', 'RFTN1', 'MAST3', 'WDR35', 'PGM3', 'PAIP1']",0.04077861606081741,fold_1
4.1,cluster_id,Exc L6 THEMIS SLN,436,0.09744623655913978,0.11026615969581749,0.06651376146788991,75863,234,407,29,6,"['DCDC2', 'LHX2', 'FKBP14', 'LRRIQ1', 'TYRO3', 'GALNT16']","['DCDC2', 'LHX2', 'FKBP14', 'LRRIQ1', 'TYRO3', 'GALNT16', 'SEMA4B', 'NOL4L', 'MAST3', 'TCERG1L']",0.1255156850453495,fold_1
4.1,cluster_id,Exc L6 THEMIS SNTG2,488,0.042400521852576645,0.0368532955350815,0.10655737704918032,74686,1359,436,52,5,"['LRRIQ1', 'TUBB4A', 'SMARCAL1', 'TYRO3', 'RFTN1']","['LRRIQ1', 'TUBB4A', 'SMARCAL1', 'TYRO3', 'NOL4L', 'RFTN1', 'TCERG1L', 'MAST3', 'ADGRB2', 'ZNF420']",0.04784570315573999,fold_1
4.1,cluster_id,Exc L5-6 THEMIS SMYD1,327,0.062009617818273854,0.05408388520971302,0.14984709480122324,75349,857,278,49,6,"['LRRIQ1', 'TYRO3', 'NOL4L', 'CHD4', 'MAST3', 'WDR35']","['LRRIQ1', 'TYRO3', 'NOL4L', 'CHD4', 'MAST3', 'WDR35', 'KLF7', 'NAF1', 'PGM3', 'ZNF420']",0.04342225936983597,fold_1
4.1,cluster_id,Exc L5-6 FEZF2 OR1L8,263,0.21058965102286403,0.24647887323943662,0.13307984790874525,76163,107,228,35,5,"['ENOSF1', 'GPR12', 'DPP4', 'HES4', 'RAB9B']","['ENOSF1', 'GPR12', 'FZD6', 'DPP4', 'HES4', 'RAB9B', 'NOL4L', 'MAST3', 'ZNF420', 'ADGRB2']",0.0342853847305649,fold_1
4.1,cluster_id,Exc L5 THEMIS LINC01116,151,0.45263157894736844,0.5308641975308642,0.2847682119205298,76344,38,108,43,5,"['SCN4B', 'FZD6', 'DPP4', 'DLAT', 'SPTSSB']","['ZNF69', 'SCN4B', 'FZD6', 'DPP4', 'DLAT', 'SPTSSB', 'TBL1X', 'MTRR', 'KCNAB3', 'SLC25A51']",0.07963721582329567,fold_1
4.1,cluster_id,Exc L5 THEMIS RGPD6,241,0.09086778736937756,0.08163265306122448,0.16597510373443983,75842,450,201,40,5,"['SCN4B', 'FZD6', 'TBL1X', 'DPP4', 'GALNT16']","['SCN4B', 'FZD6', 'TBL1X', 'DPP4', 'GALNT16', 'SPTSSB', 'SLC25A51', 'PGM3', 'TCERG1L', 'MAST3']",0.047907556701334966,fold_1
4.1,cluster_id,Exc L5-6 FEZF2 C9orf135-AS1,2602,0.14806656877141458,0.13030769230769232,0.3255188316679477,68278,5653,1755,847,3,"['FZD6', 'GALNT16', 'MAST3']","['FZD6', 'GALNT16', 'TYRO3', 'NOL4L', 'RAB9B', 'MAST3', 'PGM3', 'TCERG1L', 'CNTNAP3', 'ZNF420']",0.04163452121698602,fold_1
4.1,cluster_id,Exc L5-6 FEZF2 FILIP1L,318,0.04244782454899186,0.035982008995502246,0.1509433962264151,74929,1286,270,48,5,"['FZD6', 'DPP4', 'GALNT16', 'SPTSSB', 'RAB9B']","['FZD6', 'DPP4', 'GALNT16', 'SPTSSB', 'TYRO3', 'RAB9B', 'NOL4L', 'PGM3', 'TCERG1L', 'MAST3']",0.04045692845434334,fold_1
4.1,cluster_id,Exc L5-6 FEZF2 SH2D1B,159,0.1238390092879257,0.1951219512195122,0.050314465408805034,76341,33,151,8,6,"['ERRFI1', 'RPS14', 'SCN4B', 'FZD6', 'GALNT16', 'MTRR']","['ERRFI1', 'RPS14', 'SCN4B', 'FZD6', 'GALNT16', 'MTRR', 'PAPSS2', 'DPP4', 'PGM3', 'CNTNAP3']",0.07230110067015214,fold_1
4.1,cluster_id,Exc L6 FEZF2 PDYN,22,0.16393442622950818,0.16,0.18181818181818182,76490,21,18,4,5,"['DHRS11', 'DGUOK', 'ENOSF1', 'CRYAB', 'GPR12']","['DHRS11', 'DGUOK', 'ENOSF1', 'CRYAB', 'GPR12', 'COX20', 'FZD6', 'DPP4', 'TUBB4A', 'MAMLD1']",0.13220209327018634,fold_1
4.1,cluster_id,Exc L6 FEZF2 FFAR4,106,0.1377952755905512,0.1891891891891892,0.0660377358490566,76397,30,99,7,5,"['COPRS', 'GPR12', 'LRRIQ1', 'TBL1X', 'TUBB4A']","['COPRS', 'MCM9', 'GPR12', 'LRRIQ1', 'TBL1X', 'TUBB4A', 'DPP4', 'GALNT16', 'CRY1', 'TYRO3']",0.11840299918192748,fold_1
4.1,cluster_id,Exc L6 FEZF2 PROKR2,72,0.07246376811594203,0.0784313725490196,0.05555555555555555,76414,47,68,4,4,"['TRAPPC5', 'COPRS', 'GPR12', 'ATAD2']","['TRAPPC5', 'COPRS', 'BROX', 'GPR12', 'ATAD2', 'TUBB4A', 'DPP4', 'FZD6', 'TYRO3', 'HES4']",0.23769339125105368,fold_1
4.1,cluster_id,Exc L5-6 FEZF2 CFTR,108,0.04050073637702504,0.03374233128834356,0.2037037037037037,75795,630,86,22,3,"['DPP4', 'RAB9B', 'MAST3']","['DPP4', 'GALNT16', 'UBE2Z', 'TYRO3', 'RAB9B', 'MAST3', 'TCERG1L', 'PGM3', 'ADGRB2', 'CTSF']",0.03521927822107676,fold_1
4.1,cluster_id,Exc L6 FEZF2 KLK7,1801,0.4402715892213028,0.570054945054945,0.23042754025541365,74419,313,1386,415,4,"['LRRIQ1', 'DPP4', 'GALNT16', 'MAST3']","['LRRIQ1', 'DPP4', 'GALNT16', 'TYRO3', 'MAST3', 'WDR35', 'RFTN1', 'ZNF420', 'DCP2', 'KLF7']",0.05851933825393641,fold_1
4.1,cluster_id,Exc L6 FEZF2 POGK,127,0.062266500622665005,0.05917159763313609,0.07874015748031496,76247,159,117,10,5,"['LRRIQ1', 'SKI', 'TUBB4A', 'DPP4', 'GALNT16']","['HINFP', 'LRRIQ1', 'SKI', 'TUBB4A', 'DPP4', 'GALNT16', 'TYRO3', 'HES4', 'NOL4L', 'MAST3']",0.06168050972910869,fold_1
4.1,cluster_id,Exc L5 FEZF2 CSN1S1,150,0.28888888888888886,0.3466666666666667,0.17333333333333334,76334,49,124,26,5,"['CPT1A', 'PARD6G', 'ZNF69', 'NRP2', 'SCN4B']","['CPT1A', 'PARD6G', 'ZNF69', 'NRP2', 'SCN4B', 'MTRR', 'TCERG1L', 'FZD6', 'HES4', 'CHD4']",0.2634606918207607,fold_1
4.1,cluster_id,Exc L3-5 FEZF2 ASGR2,620,0.3082191780821918,0.38162544169611307,0.17419354838709677,75738,175,512,108,5,"['LRRIQ1', 'FKBP14', 'SCN4B', 'FZD6', 'MTRR']","['SLC26A8', 'LRRIQ1', 'FKBP14', 'SCN4B', 'FZD6', 'MTRR', 'TBL1X', 'TCERG1L', 'KCNAB3', 'HES4']",0.09115089226633126,fold_1
4.1,cluster_id,Exc L3-5 FEZF2 LINC01107,88,0.11811023622047244,0.11428571428571428,0.13636363636363635,76352,93,76,12,5,"['CYB5R1', 'SLC38A7', 'FXN', 'LRRIQ1', 'FZD6']","['CYB5R1', 'ZNF69', 'SLC38A7', 'FXN', 'LRRIQ1', 'FZD6', 'SCN4B', 'TBL1X', 'KCNAB3', 'DPP4']",0.1659372498169749,fold_1
4.1,cluster_id,Exc L5 FEZF2 PKD2L1,280,0.32978723404255317,0.37575757575757573,0.22142857142857142,76150,103,218,62,3,"['NRP2', 'GPR12', 'PAPSS2']","['NRP2', 'GPR12', 'DFFB', 'PAPSS2', 'KCNAB3', 'SLC25A51', 'NOL4L', 'DCP2', 'CNTNAP3', 'ELOVL5']",0.14581949531049868,fold_1
4.1,cluster_id,Exc L5 FEZF2 NREP-AS1,229,0.3069306930693069,0.4492753623188406,0.13537117903930132,76266,38,198,31,4,"['DFFB', 'NRP2', 'PAPSS2', 'TBL1X']","['DNAJC19', 'UTP20', 'DFFB', 'NRP2', 'PAPSS2', 'TBL1X', 'NOL4L', 'TBC1D14', 'GGPS1', 'PGM3']",0.09024760568863302,fold_1
4.1,cluster_id,Exc L5 FEZF2 RNF144A-AS1,108,0.08838383838383838,0.09722222222222222,0.06481481481481481,76360,65,101,7,5,"['DFFB', 'NRP2', 'PAPSS2', 'PSMF1', 'PGM3']","['DFFB', 'NRP2', 'PAPSS2', 'PSMF1', 'RAB9B', 'PGM3', 'PPP1R3E', 'ANKDD1A', 'ELOVL5', 'EIF2AK3']",0.05029526729533723,fold_1
4.1,cluster_id,Exc L5-6 FEZF2 IFNG-AS1,753,0.14839636189564384,0.18562874251497005,0.08233731739707835,75508,272,691,62,4,"['PAPSS2', 'NOL4L', 'EIF2AK3', 'ANKDD1A']","['PAPSS2', 'PSMF1', 'NOL4L', 'PGM3', 'EIF2AK3', 'ANKDD1A', 'DCP2', 'ELOVL5', 'KLHL8', 'DOK5']",0.03080971919081961,fold_1
4.1,cluster_id,Exc L5-6 FEZF2 LPO,117,0.189873417721519,0.3,0.07692307692307693,76395,21,108,9,6,"['ENOSF1', 'FXN', 'DNAJC19', 'GPR12', 'DFFB', 'MAMLD1']","['ENOSF1', 'FXN', 'DNAJC19', 'GPR12', 'DFFB', 'MAMLD1', 'FZD6', 'TBL1X', 'DPP4', 'HES4']",0.09999662603148754,fold_1
4.1,cluster_id,OPC L1-6 PDGFRA COL20A1,283,0.19726376073814827,0.17342657342657342,0.4381625441696113,75659,591,159,124,2,"['DOCK1', 'PCMTD2']","['DOCK1', 'PCMTD2', 'FBXL7', 'SERINC5', 'CDK19']",0.0889597613033,fold_1
4.1,cluster_id,Oligo L3-6 OPALIN ENPP6,535,0.29850746268656714,0.2700587084148728,0.5158878504672897,75252,746,259,276,3,"['PPP1R14A', 'CRYAB', 'DOCK1']","['PPP1R14A', 'NDRG1', 'SEMA3B', 'SCD', 'CRYAB', 'DOCK1', 'TBL1X', 'CPQ', 'PXK', 'KLF7']",0.27037679008965915,fold_1
4.1,cluster_id,Oligo L2-6 OPALIN FTH1P3,2300,0.7862823061630219,0.8154639175257732,0.6878260869565217,73875,358,718,1582,2,"['SCD', 'CRYAB']","['SCD', 'SEMA3B', 'CRYAB', 'DOCK1', 'CPQ', 'PXK', 'FBXL7', 'CDK19', 'WDFY2', 'SERINC5']",0.2860846684772402,fold_1
4.1,cluster_id,Oligo L5-6 OPALIN LDLRAP1,6,0.5,1.0,0.16666666666666666,76527,0,5,1,3,"['FAM222A', 'CBR1', 'PPP1R14A']","['FAM222A', 'CBR1', 'PPP1R14A', 'NDRG1', 'SEMA3B', 'ENOSF1', 'SCD', 'COX20', 'OSBPL5', 'MAST3']",1.0,fold_1
4.1,cluster_id,Astro L1-6 FGFR3 AQP1,119,0.5400696864111498,0.7380952380952381,0.2605042016806723,76403,11,88,31,2,"['CD38', 'CRYAB']","['CD38', 'SLCO1C1', 'CRYAB', 'SLC7A11', 'FBXL7', 'SLC4A4']",0.5980984312227767,fold_1
4.1,cluster_id,Astro L1 FGFR3 SERPINI2,72,0.4605263157894737,0.5384615384615384,0.2916666666666667,76443,18,51,21,2,"['SERPINI2', 'CPQ']","['SERPINI2', 'SLCO1C1', 'NOTCH2', 'SLC7A11', 'DOCK1', 'CPQ', 'FBXL7', 'SLC4A4', 'PRTFDC1', 'DOK5']",0.5349300423602757,fold_1
4.1,cluster_id,Astro L1-6 FGFR3 PLCG1,377,0.7851239669421488,0.8260869565217391,0.6551724137931034,76104,52,130,247,1,['SLC4A4'],"['SLCO1C1', 'SLC7A11', 'DOCK1', 'ANKDD1A', 'CPQ', 'SLC4A4', 'FBXL7']",0.056874656499306286,fold_1
4.1,cluster_id,Endo L2-5 NOSTRIN SRGN,64,0.023636763412489006,0.01904340124003543,0.671875,74254,2215,21,43,1,['DOCK1'],"['DOCK1', 'FBXL7']",0.1448584781225507,fold_1
4.1,cluster_id,VLMC L1-5 PDGFRA COLEC12,40,0.46875,1.0,0.15,76493,0,34,6,2,"['SLC7A11', 'FGF13']","['SLC7A11', 'DOCK1', 'CPQ', 'DSE', 'FBXL7', 'FGF13']",0.10323055834553344,fold_1
4.1,cluster_id,Micro L1-6 TYROBP CD74,108,0.7941176470588235,0.9310344827586207,0.5,76421,4,54,54,1,['CYFIP1'],"['CX3CR1', 'AOAH', 'ZNF710', 'CYFIP1', 'WDFY2']",0.07726085841711403,fold_1
4.1,cluster_id,Inh L1 LAMP5 PVRL2,94,0.047619047619047616,0.06896551724137931,0.02127659574468085,76412,27,92,2,3,"['GPR63', 'POU6F2', 'CEP97']","['GPR63', 'POU6F2', 'SLC7A8', 'SYNGR3', 'CEP97']",0.02363054638576146,fold_2
4.1,cluster_id,Inh L1 LAMP5 RAB11FIP1,246,0.21951219512195122,0.43902439024390244,0.07317073170731707,76264,23,228,18,3,"['SRM', 'GPR63', 'POU6F2']","['SRM', 'GPR63', 'MAPK6', 'SSH1', 'POU6F2', 'OBSL1', 'SLC7A8', 'POLA1']",0.04863260924012077,fold_2
4.1,cluster_id,Inh L1-6 LAMP5 AARD,1539,0.41631504922644164,0.5873015873015873,0.19233268356075373,74786,208,1243,296,3,"['SRM', 'POU6F2', 'LIFR']","['SRM', 'GPR63', 'SSH1', 'POU6F2', 'LIFR', 'RHBDD1', 'OBSL1', 'SLC7A8']",0.02592153280261142,fold_2
4.1,cluster_id,Inh L1-6 LAMP5 NES,419,0.05747126436781609,0.05148741418764302,0.10739856801909307,75285,829,374,45,1,['GPR63'],['GPR63'],0.02431975868782917,fold_2
4.1,cluster_id,Inh L1-6 LAMP5 CA1,465,0.13068478829064298,0.13812154696132597,0.10752688172043011,75756,312,415,50,3,"['VSTM2A', 'POLA1', 'SLC7A8']","['VSTM2A', 'SSH1', 'OBSL1', 'POLA1', 'CPNE8', 'SLC7A8', 'LIMS1', 'UNC5D']",0.023851475490412173,fold_2
4.1,cluster_id,Inh L5-6 LAMP5 CRABP1,923,0.31951640759930916,0.3752535496957404,0.20043336944745396,75302,308,738,185,3,"['JADE3', 'COL4A4', 'SSH1']","['JADE3', 'COL4A4', 'VSTM2A', 'GPR63', 'MAPK6', 'SSH1', 'CPNE8', 'RHBDD1', 'FDPS', 'OBSL1']",0.18947197494057455,fold_2
4.1,cluster_id,Inh L3-6 PAX6 LINC01497,84,0.28225806451612906,0.7,0.08333333333333333,76446,3,77,7,4,"['SDK2', 'TAF11', 'CARS2', 'CPNE8']","['SDK2', 'TAF11', 'GPR63', 'CARS2', 'CPNE8', 'RAN', 'RHBDL1', 'SGCD', 'IFNAR1', 'FDPS']",0.025462984114846758,fold_2
4.1,cluster_id,Inh L1 PAX6 MIR101-1,139,0.3405994550408719,0.43859649122807015,0.17985611510791366,76362,32,114,25,3,"['SDK2', 'GPR63', 'SGCD']","['SDK2', 'GPR63', 'CARS2', 'N4BP2', 'SGCD', 'OBSL1', 'SLC7A8', 'PLOD2']",0.030385255348786992,fold_2
4.1,cluster_id,Inh L1 PAX6 CHRFAM7A,185,0.009882104198745202,0.00793943870014771,0.4648648648648649,65602,10746,99,86,1,['N4BP2'],['N4BP2'],0.018822213194617275,fold_2
4.1,cluster_id,Inh L1-6 VIP SLC7A6OS,61,0.5369127516778524,0.7272727272727273,0.26229508196721313,76466,6,45,16,2,"['SDK2', 'SGCD']","['ABCA1', 'BTG1', 'TRAF5', 'NFKBIZ', 'SDK2', 'SGCD', 'IFNAR1', 'N4BP2', 'RPL29', 'CPNE8']",0.03687667369195269,fold_2
4.1,cluster_id,Inh L2 PAX6 FREM2,108,0.08695652173913043,0.09090909090909091,0.07407407407407407,76345,80,100,8,5,"['NEB', 'ACAT2', 'BTG1', 'SUGT1', 'TRAF5']","['NEB', 'ACAT2', 'BTG1', 'COX7A2', 'SUGT1', 'TRAF5', 'NFKBIZ', 'VSTM2A', 'SGCD', 'LIFR']",0.0948326421083826,fold_2
4.1,cluster_id,Inh L1-2 VIP HTR3A,42,0.30612244897959184,0.42857142857142855,0.14285714285714285,76483,8,36,6,3,"['COL4A4', 'SDK2', 'SYNGR3']","['COL4A4', 'SDK2', 'CPNE8', 'NTN4', 'SYNGR3', 'N4BP2', 'KCNA3']",0.04021816207013872,fold_2
4.1,cluster_id,Inh L1-2 VIP WNT4,52,0.2777777777777778,0.8,0.07692307692307693,76480,1,48,4,3,"['NEB', 'COL4A4', 'CLDN11']","['NEB', 'COL4A4', 'CLDN11', 'ACAT2', 'TRAF5', 'VSTM2A', 'ITGA3', 'JOSD1', 'NFE2L2', 'FDPS']",0.19360313052389028,fold_2
4.1,cluster_id,Inh L1 LAMP5 BMP2,352,0.013540868804026699,0.010885101704233095,0.5625,58189,17992,154,198,1,['SYNGR3'],['SYNGR3'],0.022082352321776137,fold_2
4.1,cluster_id,Inh L1 LAMP5 NMBR,193,0.016964342871775173,0.013741249675913923,0.27461139896373055,72536,3804,140,53,2,"['SYNGR3', 'N4BP2']","['SYNGR3', 'N4BP2']",0.02166497195582045,fold_2
4.1,cluster_id,Inh L1 PVALB SST ASIC4,186,0.2534562211981567,0.3548387096774194,0.11827956989247312,76307,40,164,22,3,"['VSTM2A', 'NTN4', 'KCNA3']","['VSTM2A', 'NTN4', 'OBSL1', 'KCNA3']",0.040823910025199465,fold_2
4.1,cluster_id,Inh L1 SST P4HA3,38,0.1724137931034483,0.4,0.05263157894736842,76492,3,36,2,4,"['VSTM2A', 'SYNGR3', 'OBSL1', 'KCNA3']","['VSTM2A', 'NTN4', 'SYNGR3', 'OBSL1', 'PMPCB', 'KCNA3', 'LYPLA1', 'PDGFC']",0.029718524525573338,fold_2
4.1,cluster_id,Inh L1 SST DEFB108B,223,0.09150633505396527,0.08176100628930817,0.17488789237668162,75872,438,184,39,3,"['SDK2', 'N4BP2', 'KCNA3']","['SDK2', 'N4BP2', 'KCNA3']",0.02505175491000204,fold_2
4.1,cluster_id,Inh L1-3 VIP CBLN1,464,0.25395033860045146,0.27522935779816515,0.1939655172413793,75832,237,374,90,3,"['RGS16', 'HRH3', 'N4BP2']","['RGS16', 'HRH3', 'AGBL3', 'RHBDD1', 'OBSL1', 'N4BP2']",0.0850742023753732,fold_2
4.1,cluster_id,Inh L1-2 VIP EXPH5,509,0.2909090909090909,0.3163841807909605,0.2200392927308448,75782,242,397,112,2,"['RGS16', 'HRH3']","['RGS16', 'HRH3', 'AGBL3', 'OBSL1', 'RHBDD1', 'N4BP2']",0.15874658660485563,fold_2
4.1,cluster_id,Inh L1-3 VIP HSPB6,396,0.11875,0.12624584717607973,0.09595959595959595,75874,263,358,38,2,"['HRH3', 'N4BP2']","['HRH3', 'N4BP2']",0.052630854942242546,fold_2
4.1,cluster_id,Inh L1-2 VIP PTGER3,84,0.08333333333333333,0.125,0.03571428571428571,76428,21,81,3,4,"['TRAF5', 'TCP1', 'SDK2', 'RAN']","['HRH3', 'TRAF5', 'GTF2A2', 'TCP1', 'SDK2', 'RAN', 'LRSAM1', 'IFNAR1', 'N4BP2', 'OBSL1']",0.04487996281110963,fold_2
4.1,cluster_id,Inh L1-2 VIP SCML4,128,0.12096774193548387,0.2,0.046875,76381,24,122,6,5,"['TRAF5', 'DLD', 'SDK2', 'RHBDL1', 'AGBL3']","['TRAF5', 'DLD', 'SDK2', 'RHBDL1', 'NUTM2F', 'AGBL3', 'PNMA1', 'IFNAR1', 'SSH1', 'OBSL1']",0.03313638502526741,fold_2
4.1,cluster_id,Inh L1-3 VIP FNDC1,111,0.1580135440180587,0.1686746987951807,0.12612612612612611,76353,69,97,14,3,"['FBN3', 'TRAF5', 'OBSL1']","['FBN3', 'TRAF5', 'HRH3', 'OBSL1', 'AGBL3', 'NUTM2F', 'RHBDD1', 'GPR89B', 'N4BP2', 'CERS4']",0.07827164850739898,fold_2
4.1,cluster_id,Inh L1-3 VIP CHRNA2,310,0.17151767151767153,0.20245398773006135,0.1064516129032258,76093,130,277,33,4,"['ABCA1', 'TRAF5', 'N4BP2', 'KCNA3']","['ABCA1', 'TRAF5', 'N4BP2', 'OBSL1', 'KCNA3']",0.05622496736731447,fold_2
4.1,cluster_id,Inh L2 VIP SLC6A16,288,0.13059701492537312,0.22580645161290322,0.04861111111111111,76197,48,274,14,3,"['TRAF5', 'SDK2', 'LIFR']","['TRAF5', 'SDK2', 'N4BP2', 'FDPS', 'LIFR', 'OBSL1']",0.019743037532011246,fold_2
4.1,cluster_id,Inh L1 VIP KLHDC8B,95,0.34759358288770054,0.5652173913043478,0.1368421052631579,76428,10,82,13,3,"['SDK2', 'SLC4A4', 'PRKD1']","['BTG1', 'TRAF5', 'SDK2', 'SLC4A4', 'LIMS1', 'PRKD1', 'N4BP2', 'SGCD', 'CPNE8']",0.026724046599891346,fold_2
4.1,cluster_id,Inh L3-5 VIP IGDCC3,390,0.14545454545454545,0.1523809523809524,0.12307692307692308,75876,267,342,48,2,"['BTG1', 'TRAF5']","['BTG1', 'TRAF5', 'RHBDD1', 'N4BP2', 'NACA', 'SLC4A4', 'CPNE8']",0.10067262127184286,fold_2
4.1,cluster_id,Inh L1-5 VIP SMOC1,638,0.24083769633507854,0.2893081761006289,0.14420062695924765,75669,226,546,92,2,"['N4BP2', 'SLC4A4']","['BTG1', 'N4BP2', 'SLC4A4']",0.028418757699690426,fold_2
4.1,cluster_id,Inh L3-5 VIP HS3ST3A1,225,0.17707362534948742,0.1792452830188679,0.1688888888888889,76134,174,187,38,3,"['HRH3', 'N4BP2', 'SLC4A4']","['HRH3', 'RHBDD1', 'N4BP2', 'SLC4A4', 'OBSL1', 'SYNGR3']",0.02724368313613435,fold_2
4.1,cluster_id,Inh L5-6 VIP COL4A3,89,0.3065134099616858,0.37209302325581395,0.1797752808988764,76417,27,73,16,3,"['COL4A4', 'RGS16', 'SLC4A4']","['COL4A4', 'RGS16', 'ABCA1', 'BTG1', 'N4BP2', 'SLC4A4', 'RHBDL1', 'RAN', 'RHBDD1', 'PNMA1']",0.2559892267307408,fold_2
4.1,cluster_id,Inh L1-5 VIP CD27-AS1,67,0.10121457489878542,0.1111111111111111,0.07462686567164178,76426,40,62,5,3,"['BTG1', 'HRH3', 'SLC4A4']","['BTG1', 'HRH3', 'N4BP2', 'RHBDD1', 'SLC4A4']",0.08299990082891083,fold_2
4.1,cluster_id,Inh L2-5 VIP BSPRY,85,0.10940919037199125,0.10752688172043011,0.11764705882352941,76365,83,75,10,3,"['BTG1', 'SLC4A4', 'SYNGR3']","['RGS16', 'BTG1', 'HRH3', 'RHBDD1', 'SLC4A4', 'SYNGR3', 'N4BP2', 'OBSL1']",0.026909280492884054,fold_2
4.1,cluster_id,Inh L2-5 VIP SOX11,116,0.1875,0.5454545454545454,0.05172413793103448,76412,5,110,6,3,"['SDK2', 'N4BP2', 'PDGFC']","['SDK2', 'DLD', 'N4BP2', 'PDGFC', 'IFNAR1', 'LRSAM1', 'KCNA3', 'OBSL1', 'LANCL2', 'AGBL3']",0.03106454711823722,fold_2
4.1,cluster_id,Inh L3-6 VIP ZIM2-AS1,146,0.3231292517006803,0.5135135135135135,0.13013698630136986,76369,18,127,19,3,"['RGMA', 'SDK2', 'N4BP2']","['SRM', 'RGMA', 'TRAF5', 'SDK2', 'CARS2', 'N4BP2', 'LRSAM1', 'PDGFC', 'RPL29', 'FRMD3']",0.04383310521649106,fold_2
4.1,cluster_id,Inh L1-5 VIP PHLDB3,92,0.0625,0.07017543859649122,0.043478260869565216,76388,53,88,4,3,"['HRH3', 'RHBDD1', 'N4BP2']","['HRH3', 'RHBDD1', 'N4BP2', 'SLC4A4']",0.030784635585945602,fold_2
4.1,cluster_id,Inh L1-5 VIP LINC01013,127,0.16,0.1935483870967742,0.09448818897637795,76356,50,115,12,3,"['SDK2', 'N4BP2', 'AGBL3']","['SDK2', 'N4BP2', 'AGBL3', 'FIG4']",0.035344387714607475,fold_2
4.1,cluster_id,Inh L3-6 VIP UG0898H09,131,0.11551155115511551,0.16279069767441862,0.05343511450381679,76366,36,124,7,4,"['TRAF5', 'N4BP2', 'AGBL3', 'SLC4A4']","['TRAF5', 'N4BP2', 'AGBL3', 'SLC4A4', 'RPL29']",0.02947645025963925,fold_2
4.1,cluster_id,Inh L3-5 VIP TAC3,367,0.0874751491053678,0.08193668528864059,0.11989100817438691,75673,493,323,44,2,"['HRH3', 'N4BP2']","['HRH3', 'N4BP2']",0.04699222805450566,fold_2
4.1,cluster_id,Inh L1-6 SST NPY,67,0.12903225806451613,0.18181818181818182,0.05970149253731343,76448,18,63,4,3,"['VSTM2A', 'DYNLT3', 'LIMS1']","['VSTM2A', 'DYNLT3', 'LIMS1', 'MAPK6', 'SDK2', 'NFE2L2', 'LRSAM1', 'FDPS', 'NTN4', 'TMTC1']",0.0472672034547311,fold_2
4.1,cluster_id,Inh L3-5 SST CDH3,81,0.10510510510510511,0.1111111111111111,0.08641975308641975,76396,56,74,7,4,"['NFKBIZ', 'PLOD2', 'NACA', 'FRMD3']","['NFKBIZ', 'KCNA3', 'PLOD2', 'NACA', 'FRMD3', 'CEP97', 'SYNGR3', 'STAT5B']",0.025159536688800756,fold_2
4.1,cluster_id,Inh L5 SST RPL35AP11,764,0.2349624060150376,0.2932551319648094,0.13089005235602094,75528,241,664,100,3,"['FRMD3', 'NTN4', 'STAT5B']","['KCNA3', 'PLOD2', 'FRMD3', 'N4BP2', 'NTN4', 'STAT5B']",0.021722115853258422,fold_2
4.1,cluster_id,Inh L5-6 SST ISX,394,0.09152215799614644,0.11801242236024845,0.048223350253807105,75997,142,375,19,4,"['KCNA3', 'NACA', 'RPL29', 'N4BP2']","['KCNA3', 'NACA', 'RPL29', 'N4BP2', 'OBSL1', 'SYNGR3', 'PNMA1', 'FRMD3']",0.024962785443899425,fold_2
4.1,cluster_id,Inh L5-6 PVALB SST CRHR2,218,0.14986376021798364,0.17054263565891473,0.10091743119266056,76208,107,196,22,4,"['VSTM2A', 'DYNLT3', 'MAPK6', 'FRMD3']","['VSTM2A', 'DYNLT3', 'MAPK6', 'FRMD3', 'AGBL3', 'N4BP2', 'NACA', 'OBSL1', 'KCNA3', 'PLOD2']",0.04830191351300945,fold_2
4.1,cluster_id,Inh L3-5 SST OR5AH1P,242,0.11904761904761904,0.13125,0.08677685950413223,76152,139,221,21,4,"['PLOD2', 'KCNA3', 'NACA', 'FRMD3']","['MAPK6', 'PLOD2', 'KCNA3', 'NACA', 'FRMD3']",0.026160613923759585,fold_2
4.1,cluster_id,Inh L3-5 SST GGTLC3,1154,0.20822752666328084,0.23563218390804597,0.14211438474870017,74847,532,990,164,2,"['KCNA3', 'FRMD3']","['KCNA3', 'FRMD3']",0.02362864710602205,fold_2
4.1,cluster_id,Inh L2-3 SST NMU,419,0.09866327180140039,0.1076388888888889,0.07398568019093078,75857,257,388,31,3,"['FBLN7', 'VSTM2A', 'PLOD2']","['FBLN7', 'VSTM2A', 'PLOD2']",0.05468419672464129,fold_2
4.1,cluster_id,Inh L5-6 SST PAWR,194,0.25510204081632654,0.33783783783783783,0.12886597938144329,76290,49,169,25,4,"['LIMS1', 'NTN4', 'FRMD3', 'SGCD']","['KCNA3', 'LIMS1', 'NTN4', 'FRMD3', 'SGCD', 'PLOD2']",0.02182521411496972,fold_2
4.1,cluster_id,Inh L5-6 SST PIK3CD,129,0.06989748369058714,0.0635593220338983,0.11627906976744186,76183,221,114,15,4,"['KCNA3', 'LIMS1', 'N4BP2', 'NTN4']","['KCNA3', 'LIMS1', 'N4BP2', 'PLOD2', 'NTN4']",0.02306560404951363,fold_2
4.1,cluster_id,Inh L1-2 SST CCNJL,320,0.2526595744680851,0.35185185185185186,0.11875,76143,70,282,38,3,"['FRZB', 'NTN4', 'KCNA3']","['FRZB', 'NTN4', 'KCNA3']",0.023462782147897297,fold_2
4.1,cluster_id,Inh L1-3 SST FAM20A,1069,0.12914775270123394,0.1108976118583585,0.37792329279700654,72225,3239,665,404,1,['KCNA3'],['KCNA3'],0.023952439414944616,fold_2
4.1,cluster_id,Inh L1-2 SST PRRT4,376,0.06367292225201072,0.06810035842293907,0.05053191489361702,75897,260,357,19,3,"['MAPK6', 'KCNA3', 'SLC7A8']","['MAPK6', 'KCNA3', 'SLC7A8']",0.019804883316332983,fold_2
4.1,cluster_id,Inh L5-6 SST BEAN1,76,0.06493506493506493,0.05925925925925926,0.10526315789473684,76330,127,68,8,4,"['LIMS1', 'CPNE8', 'N4BP2', 'NACA']","['LIMS1', 'CPNE8', 'NFE2L2', 'N4BP2', 'OBSL1', 'NACA', 'FDPS', 'KCNA3', 'RHBDL1']",0.02277389179957496,fold_2
4.1,cluster_id,Inh L5-6 SST DNAJC14,35,0.019305019305019305,0.017857142857142856,0.02857142857142857,76443,55,34,1,5,"['RPS27L', 'PRKACA', 'TAF11', 'NDUFA13', 'EIF3K']","['RPS27L', 'PRKACA', 'TAF11', 'DYNLT3', 'NDUFA13', 'EIF3K', 'LIMS1', 'FDPS', 'CPNE8', 'KCNA3']",0.06254244425385537,fold_2
4.1,cluster_id,Inh L5-6 SST C4orf26,93,0.1342281879194631,0.2857142857142857,0.043010752688172046,76430,10,89,4,4,"['COX8A', 'BTG1', 'KCNA3', 'RHBDL1']","['COX8A', 'BTG1', 'TAF11', 'DYNLT3', 'KCNA3', 'RHBDL1', 'TUBB3', 'FDPS', 'IFNAR1', 'SYNGR3']",0.06130729027305104,fold_2
4.1,cluster_id,Inh L5-6 SST FBN2,100,0.15625,0.5714285714285714,0.04,76430,3,96,4,3,"['CPNE8', 'KCNA3', 'AGBL3']","['CPNE8', 'KCNA3', 'AGBL3', 'FRMD3', 'OBSL1', 'SYNGR3', 'SGCD', 'RPL29']",0.02687736577025258,fold_2
4.1,cluster_id,Inh L5-6 SST KLHL1,188,0.21449704142011836,0.23770491803278687,0.15425531914893617,76252,93,159,29,4,"['AGBL3', 'KCNA3', 'FRMD3', 'CPNE8']","['AGBL3', 'KCNA3', 'POU6F2', 'FRMD3', 'CPNE8', 'PLOD2', 'PNMA1', 'SGCD', 'NACA', 'TUBB3']",0.027215833745588638,fold_2
4.1,cluster_id,Inh L6 SST TH,84,0.10964912280701754,0.1388888888888889,0.05952380952380952,76418,31,79,5,5,"['RPS27L', 'ABCA1', 'DYNLT3', 'NDUFA13', 'LIMS1']","['RPS27L', 'ABCA1', 'DYNLT3', 'NDUFA13', 'JOSD1', 'LIMS1', 'KCNA3', 'FDPS', 'UHMK1', 'RPL29']",0.0537652333935961,fold_2
4.1,cluster_id,Inh L5-6 PVALB KCNIP2,108,0.08333333333333333,0.08130081300813008,0.09259259259259259,76312,113,98,10,4,"['WNT16', 'RWDD1', 'SLC31A1', 'POP1']","['MROH8', 'WNT16', 'RWDD1', 'SLC31A1', 'CENPJ', 'POP1', 'FBLN7', 'PHLDB2', 'GPR89B', 'SLC4A4']",0.12766294385411026,fold_2
4.1,cluster_id,Inh L5-6 PVALB ZFPM2-AS1,563,0.2374059061957151,0.281786941580756,0.14564831261101244,75761,209,481,82,4,"['WNT16', 'TAF11', 'NDUFA13', 'SLC4A4']","['WNT16', 'FBLN7', 'TAF11', 'NDUFA13', 'SLC4A4', 'PLOD2', 'SSH1', 'SLC7A8', 'RHBDD1', 'GPR89B']",0.04097955588825856,fold_2
4.1,cluster_id,Inh L3-5 PVALB ISG20,254,0.09877704609595485,0.08974358974358974,0.16535433070866143,75853,426,212,42,5,"['PAICS', 'CCDC174', 'DESI1', 'UQCRQ', 'CENPJ']","['PAICS', 'PHF7', 'CCDC174', 'DESI1', 'UQCRQ', 'CENPJ', 'HRH3', 'FBLN7', 'VSTM2A', 'GPR89B']",0.2733435601979073,fold_2
4.1,cluster_id,Inh L5 PVALB LRIG3,631,0.20842379504993486,0.22966507177033493,0.15213946117274169,75580,322,535,96,3,"['DESI1', 'WNT16', 'NFKBIZ']","['DESI1', 'WNT16', 'CENPJ', 'FBLN7', 'NFKBIZ', 'DLD', 'PDGFC', 'PLOD2', 'SLC4A4', 'SSH1']",0.10950967967969441,fold_2
4.1,cluster_id,Inh L2-5 PVALB HHIPL1,456,0.15992167101827676,0.1821561338289963,0.1074561403508772,75857,220,407,49,5,"['ABCA1', 'FBLN7', 'VSTM2A', 'DLD', 'PDGFC']","['ABCA1', 'COX7A2', 'FBLN7', 'VSTM2A', 'DLD', 'PDGFC', 'SLC4A4', 'POU6F2', 'SSH1', 'PLOD2']",0.047096492543193924,fold_2
4.1,cluster_id,Inh L2-5 PVALB RPH3AL,3253,0.43247929108071664,0.43733766233766236,0.41407931140485704,71547,1733,1906,1347,3,"['FBLN7', 'PLOD2', 'SLC4A4']","['FBLN7', 'DLD', 'PLOD2', 'SLC4A4', 'SSH1', 'SLC7A8', 'PDGFC', 'OBSL1', 'GPR89B', 'RHBDL1']",0.025361822839698414,fold_2
4.1,cluster_id,Inh L3 PVALB SAMD13,1326,0.3747795414462081,0.4913294797687861,0.19230769230769232,74943,264,1071,255,3,"['PHLDB2', 'SLC4A4', 'NTN4']","['FBLN7', 'HRH3', 'PHLDB2', 'SLC4A4', 'SLC7A8', 'NTN4', 'SSH1', 'RHBDD1', 'OBSL1', 'PLOD2']",0.025809659657717254,fold_2
4.1,cluster_id,Inh L1-2 PVALB CDK20,123,0.1120162932790224,0.11956521739130435,0.08943089430894309,76329,81,112,11,4,"['FRZB', 'ABCA1', 'FBLN7', 'RNF14']","['FRZB', 'ABCA1', 'FBLN7', 'VSTM2A', 'DYNLT3', 'RNF14', 'PDGFC', 'PLOD2', 'POU6F2', 'SLC4A4']",0.07657993797757877,fold_2
4.1,cluster_id,Inh L2 PVALB FRZB,107,0.19639934533551553,0.19047619047619047,0.22429906542056074,76324,102,83,24,3,"['FRZB', 'FBLN7', 'SLC4A4']","['FRZB', 'FBLN7', 'SLC4A4', 'PDGFC', 'OBSL1', 'SLC7A8', 'RPL29', 'PLOD2', 'PNMA1']",0.06930115686470242,fold_2
4.1,cluster_id,Inh L1-2 SST CLIC6,194,0.049800796812749,0.04573170731707317,0.07731958762886598,76026,313,179,15,4,"['FBLN7', 'OBSL1', 'PLOD2', 'KCNA3']","['FBLN7', 'OBSL1', 'PLOD2', 'KCNA3']",0.020361533634964672,fold_2
4.1,cluster_id,Inh L5-6 PVALB GAPDHP60,138,0.2029520295202952,0.21782178217821782,0.15942028985507245,76316,79,116,22,3,"['WNT16', 'EIF3K', 'RAN']","['WNT16', 'ABCA1', 'FBLN7', 'NDUFA13', 'EIF3K', 'RAN', 'PDGFC', 'CPNE8', 'LIMS1', 'OBSL1']",0.04401206987806635,fold_2
4.1,cluster_id,Inh L5-6 PVALB FAM150B,111,0.16348773841961853,0.1875,0.10810810810810811,76370,52,99,12,4,"['FBLN7', 'PHLDB2', 'LIMS1', 'OBSL1']","['FBLN7', 'PHLDB2', 'LIMS1', 'NUTM2F', 'PDGFC', 'OBSL1', 'RHBDD1', 'SLC7A8', 'LYPLA1', 'N4BP2']",0.0447126160467087,fold_2
4.1,cluster_id,Inh L5-6 PVALB MEPE,230,0.398406374501992,0.5882352941176471,0.17391304347826086,76275,28,190,40,4,"['WNT16', 'PHLDB2', 'PDGFC', 'LIMS1']","['WNT16', 'FBLN7', 'PHLDB2', 'PDGFC', 'OBSL1', 'LIMS1', 'SLC4A4', 'N4BP2', 'PLOD2', 'SLC7A8']",0.0434477717572539,fold_2
4.1,cluster_id,Inh L1-6 PVALB COL15A1,288,0.2849264705882353,0.484375,0.1076388888888889,76212,33,257,31,4,"['VSTM2A', 'PHLDB2', 'SLC7A8', 'CPNE8']","['VSTM2A', 'FBLN7', 'PHLDB2', 'SLC7A8', 'CPNE8', 'OBSL1', 'SGCD', 'SLC4A4', 'PLOD2', 'LIMS1']",0.029408463858601738,fold_2
4.1,cluster_id,Exc L2 LAMP5 KCNG3,261,0.14938488576449913,0.22077922077922077,0.06513409961685823,76212,60,244,17,5,"['PIGG', 'CPNE8', 'GPR63', 'BRSK2', 'AGBL3']","['PIGG', 'CPNE8', 'GPR63', 'BRSK2', 'AGBL3', 'NACA', 'PMPCB', 'SATB2', 'ZNHIT6', 'SGCD']",0.029998928040530035,fold_2
4.1,cluster_id,Exc L2 LINC00507 ATP7B,183,0.060034305317324184,0.07,0.03825136612021858,76257,93,176,7,6,"['CFAP61', 'ITGA3', 'MAPK6', 'CARS2', 'USP4', 'SSH1']","['CFAP61', 'ITGA3', 'MAPK6', 'CARS2', 'USP4', 'SSH1', 'FIG4', 'SYT12', 'BRSK2', 'GPR63']",0.04181813775151512,fold_2
4.1,cluster_id,Exc L2 LINC00507 GLRA3,12485,0.4236050914731512,0.41830605195975373,0.4462154585502603,56301,7747,6914,5571,2,"['CPNE8', 'GPR63']","['MIS18BP1', 'MAPK6', 'CPNE8', 'SPTBN2', 'GPR63', 'SYT12', 'AGBL3', 'CARS2', 'BRSK2', 'POU6F2']",0.02644571494014289,fold_2
4.1,cluster_id,Exc L2-3 RORB RTKN2,1211,0.09616807220002958,0.09372746935832732,0.10734929810074319,74065,1257,1081,130,4,"['ZNF697', 'CFAP61', 'VSTM2A', 'NFKBIZ']","['HDAC7', 'ZNF697', 'LTA4H', 'CFAP61', 'VSTM2A', 'NFKBIZ', 'DYNLT3', 'CPNE8', 'POU6F2', 'RHBDL1']",0.09192786603479516,fold_2
4.1,cluster_id,Exc L2-3 LINC00507 DSG3,1088,0.12008733624454149,0.11978221415607986,0.1213235294117647,74475,970,956,132,5,"['MTRR', 'FBLN7', 'MIS18BP1', 'JOSD1', 'DLD']","['CFAP61', 'MTRR', 'FBLN7', 'MIS18BP1', 'JOSD1', 'DLD', 'MAPK6', 'SYT12', 'POU6F2', 'AGBL3']",0.04122562903840399,fold_2
4.1,cluster_id,Exc L3 LAMP5 CARM1P1,4044,0.415503679269221,0.447098976109215,0.3239366963402572,70869,1620,2734,1310,3,"['ABCA1', 'MIS18BP1', 'NFKBIZ']","['ABCA1', 'CENPJ', 'MIS18BP1', 'MTRR', 'FBLN7', 'NFKBIZ', 'POU6F2', 'NFE2L2', 'GPR63', 'TUBG2']",0.06484006740917497,fold_2
4.1,cluster_id,Oligo L2-6 OPALIN MAP6D1,101,0.08158508158508158,0.08536585365853659,0.06930693069306931,76357,75,94,7,3,"['CLDN11', 'CTCF', 'CARS2']","['CAPN3', 'CLDN11', 'OTUD7B', 'CTCF', 'MAPK6', 'CARS2', 'BRSK2', 'GPR63', 'CPNE8', 'AGBL3']",0.06659309886531475,fold_2
4.1,cluster_id,Exc L2-3 RORB CCDC68,3331,0.6027707473025177,0.8668582375478927,0.2716901831281897,73063,139,2426,905,3,"['PHLDB2', 'VSTM2A', 'POU6F2']","['PFKFB2', 'PHLDB2', 'TRAF5', 'VSTM2A', 'DYNLT3', 'POU6F2', 'GPR63', 'UXS1', 'SATB2', 'CPNE8']",0.04383900276467594,fold_2
4.1,cluster_id,Exc L2-3 RORB PTPN3,1628,0.09511947800017635,0.07892811413938175,0.5300982800982801,64834,10071,765,863,2,"['PHLDB2', 'POU6F2']","['PHLDB2', 'POU6F2', 'GPR63', 'SYT12', 'SATB2', 'CPNE8', 'USP4', 'AGBL3', 'PDGFC']",0.03269266379513206,fold_2
4.1,cluster_id,Exc L3 THEMIS ENPEP,785,0.09042145593869731,0.08222996515679443,0.1503184713375796,74431,1317,667,118,6,"['MTRR', 'ZNF595', 'NFKBIZ', 'MIS18BP1', 'POU6F2', 'NFE2L2']","['MTRR', 'ZNF595', 'NFKBIZ', 'MIS18BP1', 'POU6F2', 'NFE2L2', 'SYT12', 'LIMS1', 'NUTM2F', 'SATB2']",0.043611887016234176,fold_2
4.1,cluster_id,Exc L3-5 RORB TNNT2,535,0.06251347273119207,0.056530214424951264,0.10841121495327102,75030,968,477,58,5,"['MIS18BP1', 'JOSD1', 'PHLDB2', 'RNF14', 'POU6F2']","['ACAT2', 'MIS18BP1', 'JOSD1', 'PHLDB2', 'RNF14', 'POU6F2', 'PIP5K1C', 'PDGFC', 'FDPS', 'SATB2']",0.04065552911495442,fold_2
4.1,cluster_id,Exc L3-5 RORB LAMA4,250,0.09041591320072333,0.09345794392523364,0.08,76089,194,230,20,4,"['VSTM2A', 'POU6F2', 'RNF14', 'NFE2L2']","['VSTM2A', 'PHLDB2', 'POU6F2', 'RNF14', 'NFE2L2', 'RHBDL1', 'CARS2', 'SATB2', 'GPR89B', 'RHBDD1']",0.028439436987041704,fold_2
4.1,cluster_id,Exc L5 THEMIS VILL,216,0.20270270270270271,0.2553191489361702,0.1111111111111111,76247,70,192,24,5,"['TRAM2', 'ZNF697', 'ABCA1', 'ACAT2', 'TRAF5']","['TRAM2', 'ZNF697', 'ABCA1', 'SKP2', 'ACAT2', 'TRAF5', 'VSTM2A', 'SSTR2', 'POU6F2', 'CPNE8']",0.1275512518733161,fold_2
4.1,cluster_id,Exc L3 RORB OTOGL,2134,0.2753435570603465,0.2797167425392008,0.2591377694470478,72975,1424,1581,553,3,"['PHLDB2', 'POU6F2', 'SYT12']","['PHLDB2', 'POU6F2', 'PIP5K1C', 'GPR63', 'SYT12', 'AGBL3', 'RAN', 'CARS2', 'PDGFC', 'BRSK2']",0.03750000056279377,fold_2
4.1,cluster_id,Exc L3-5 RORB LINC01202,640,0.14365671641791045,0.15098039215686274,0.1203125,75460,433,563,77,4,"['PIP5K1C', 'POU6F2', 'BRSK2', 'AGBL3']","['PHLDB2', 'PIP5K1C', 'POU6F2', 'BRSK2', 'AGBL3', 'GPR63', 'SATB2', 'PDGFC', 'CERS4', 'LIMS1']",0.03408438343265521,fold_2
4.1,cluster_id,Exc L5 THEMIS SLC22A18,1824,0.42354474370112943,0.5611510791366906,0.2138157894736842,74404,305,1434,390,5,"['SKP2', 'ACAT2', 'TRAF5', 'RGMA', 'SSTR2']","['CD151', 'SKP2', 'ACAT2', 'TRAF5', 'RGMA', 'SSTR2', 'NFKBIZ', 'PHLDB2', 'NUTM2F', 'GPR63']",0.042494507802987566,fold_2
4.1,cluster_id,Exc L5-6 THEMIS TNFAIP6,1132,0.13958594730238394,0.13577421815408086,0.15724381625441697,74268,1133,954,178,5,"['SSTR2', 'ZNF595', 'PHLDB2', 'POU6F2', 'PDGFC']","['SSTR2', 'ZNF595', 'PHLDB2', 'POU6F2', 'PDGFC', 'PIP5K1C', 'NFE2L2', 'GPR63', 'SYT12', 'NUTM2F']",0.027862459176010514,fold_2
4.1,cluster_id,Exc L3-5 RORB LNX2,4631,0.29473901169681044,0.30969139144558744,0.24703087885985747,69352,2550,3487,1144,4,"['PHLDB2', 'MIS18BP1', 'MAPK6', 'POU6F2']","['SKP2', 'DYNLT3', 'PHLDB2', 'MIS18BP1', 'MAPK6', 'POU6F2', 'GPR63', 'PDGFC', 'RAN', 'NUTM2F']",0.032553720942242806,fold_2
4.1,cluster_id,Exc L3-5 RORB RPRM,1231,0.26174095124139996,0.3314393939393939,0.1421608448415922,74949,353,1056,175,3,"['SSTR2', 'DYNLT3', 'RAN']","['PURB', 'SSTR2', 'DYNLT3', 'TCP1', 'PHLDB2', 'RAN', 'POU6F2', 'PDGFC', 'PNMA1', 'CPNE8']",0.05905426247296876,fold_2
4.1,cluster_id,Exc L5 RORB MED8,309,0.14895057549085985,0.1506849315068493,0.1423948220064725,75976,248,265,44,5,"['TRAM2', 'SSTR2', 'PHLDB2', 'PIP5K1C', 'POU6F2']","['TRAM2', 'SKP2', 'SSTR2', 'PHLDB2', 'PIP5K1C', 'POU6F2', 'RAN', 'PLOD2', 'BRSK2', 'GPR63']",0.035723541371909716,fold_2
4.1,cluster_id,Exc L5 THEMIS FGF10,147,0.09652509652509653,0.08710801393728224,0.17006802721088435,76124,262,122,25,5,"['TRAM2', 'GEMIN5', 'SSTR2', 'PHLDB2', 'DYNLT3']","['TRAM2', 'NMD3', 'GEMIN5', 'SSTR2', 'PHLDB2', 'DYNLT3', 'POU6F2', 'NFE2L2', 'PIP5K1C', 'PLOD2']",0.0635495501531629,fold_2
4.1,cluster_id,Exc L6 THEMIS LINC00343,905,0.19494204425711276,0.19270833333333334,0.20441988950276244,74853,775,720,185,4,"['SSTR2', 'MIS18BP1', 'PDGFC', 'POU6F2']","['PIGG', 'SSTR2', 'MIS18BP1', 'C1orf159', 'PDGFC', 'POU6F2', 'SDK2', 'SPTBN2', 'PIP5K1C', 'GPR63']",0.044535206349958556,fold_2
4.1,cluster_id,Exc L6 THEMIS SLN,436,0.03819444444444445,0.03398558187435633,0.07568807339449542,75159,938,403,33,5,"['ZNF587', 'PIGG', 'SSTR2', 'C1orf159', 'MAPK6']","['ZNF587', 'PIGG', 'SSTR2', 'MIS18BP1', 'C1orf159', 'MAPK6', 'POU6F2', 'SDK2', 'GPR63', 'PDGFC']",0.04039672378316981,fold_2
4.1,cluster_id,Exc L6 THEMIS SNTG2,488,0.09011090573012939,0.09307875894988067,0.07991803278688525,75665,380,449,39,5,"['ZNF697', 'ZNF587', 'TRAF5', 'SSTR2', 'MIS18BP1']","['ZNF697', 'ZNF587', 'PIGG', 'TRAF5', 'SSTR2', 'MIS18BP1', 'PDGFC', 'SDK2', 'POU6F2', 'GPR63']",0.053026537381522645,fold_2
4.1,cluster_id,Exc L5-6 THEMIS SMYD1,327,0.6402737047898338,0.7528735632183908,0.40061162079510704,76163,43,196,131,2,"['SMYD1', 'ZNF697']","['SMYD1', 'PCDH1', 'TRAM2', 'CD151', 'ZNF697', 'ZFP30', 'SSTR2', 'GPR63', 'CERS4', 'NFE2L2']",0.5950855781841455,fold_2
4.1,cluster_id,Exc L5-6 FEZF2 OR1L8,263,0.17783857729138167,0.2222222222222222,0.09885931558935361,76179,91,237,26,5,"['CD151', 'SSTR2', 'SDK2', 'SYT12', 'CERS4']","['CD151', 'TC2N', 'SSTR2', 'SDK2', 'SYT12', 'CERS4', 'NFE2L2', 'PLOD2', 'UHMK1', 'POU6F2']",0.03966260520626249,fold_2
4.1,cluster_id,Exc L5 THEMIS LINC01116,151,0.1343101343101343,0.1317365269461078,0.1456953642384106,76237,145,129,22,6,"['ARID3B', 'TC2N', 'PFKFB2', 'RGMA', 'ZNF595', 'NFKBIZ']","['ARID3B', 'TC2N', 'PFKFB2', 'RGMA', 'ZNF595', 'NFKBIZ', 'JOSD1', 'NFE2L2', 'UXS1', 'CPNE8']",0.0642266156631818,fold_2
4.1,cluster_id,Exc L5 THEMIS RGPD6,241,0.1261564339781329,0.12658227848101267,0.12448132780082988,76085,207,211,30,5,"['PFKFB2', 'RGMA', 'CPNE8', 'UXS1', 'SYT12']","['TC2N', 'PFKFB2', 'RGMA', 'CPNE8', 'UXS1', 'SYT12', 'NFE2L2', 'UHMK1', 'ZNHIT6', 'TUBG2']",0.04029905348479238,fold_2
4.1,cluster_id,Exc L5-6 FEZF2 C9orf135-AS1,2602,0.4183821748607411,0.4886845827439887,0.265564950038432,73208,723,1911,691,3,"['CPNE8', 'SDK2', 'POU6F2']","['SSTR2', 'CPNE8', 'SDK2', 'POU6F2', 'NFE2L2', 'SYT12', 'GPR63', 'UHMK1', 'BRSK2', 'SLC4A4']",0.01911580971801904,fold_2
4.1,cluster_id,Exc L5-6 FEZF2 FILIP1L,318,0.16112266112266113,0.19254658385093168,0.09748427672955975,76085,130,287,31,6,"['TC2N', 'SSTR2', 'PHLDB2', 'SDK2', 'CPNE8', 'SYT12']","['TC2N', 'SSTR2', 'PHLDB2', 'SDK2', 'CPNE8', 'SYT12', 'NFE2L2', 'UXS1', 'POU6F2', 'PLOD2']",0.03604446100552482,fold_2
4.1,cluster_id,Exc L5-6 FEZF2 SH2D1B,159,0.17665130568356374,0.18699186991869918,0.14465408805031446,76274,100,136,23,4,"['RGMA', 'NFKBIZ', 'CPNE8', 'SDK2']","['RGMA', 'MTRR', 'SSTR2', 'NFKBIZ', 'CPNE8', 'SDK2', 'SYT12', 'UXS1', 'POU6F2', 'UHMK1']",0.03928081890753093,fold_2
4.1,cluster_id,Exc L6 FEZF2 PDYN,22,0.6521739130434783,1.0,0.2727272727272727,76511,0,16,6,2,"['PDYN', 'CD151']","['PDYN', 'CORO2A', 'CD151', 'PRKACA', 'ACAT2', 'ERG', 'RGMA', 'SDK2', 'SYT12', 'SATB2']",0.667646738526373,fold_2
4.1,cluster_id,Exc L6 FEZF2 FFAR4,106,0.3146853146853147,0.4,0.16981132075471697,76400,27,88,18,4,"['ERG', 'RGMA', 'ITGA3', 'SDK2']","['TIMM17A', 'ERG', 'RGMA', 'MIS18BP1', 'ITGA3', 'SDK2', 'POU6F2', 'RAN', 'SATB2', 'AGBL3']",0.06126514498881616,fold_2
4.1,cluster_id,Exc L6 FEZF2 PROKR2,72,0.39473684210526316,0.6,0.16666666666666666,76453,8,60,12,5,"['SLC25A22', 'ERG', 'SDK2', 'NDUFA13', 'C1orf159']","['SLC25A22', 'ERG', 'RGMA', 'SDK2', 'NDUFA13', 'C1orf159', 'RAN', 'PDGFC', 'POU6F2', 'CERS4']",0.04642884052337867,fold_2
4.1,cluster_id,Exc L5-6 FEZF2 CFTR,108,0.28125,0.33962264150943394,0.16666666666666666,76390,35,90,18,4,"['ERG', 'RGMA', 'MIS18BP1', 'SYT12']","['TC2N', 'ERG', 'RGMA', 'MIS18BP1', 'SYT12', 'NFE2L2', 'POU6F2', 'UXS1', 'AGBL3', 'IFNAR1']",0.057390069153716666,fold_2
4.1,cluster_id,Exc L6 FEZF2 KLK7,1801,0.6777402735832297,0.7972831765935214,0.42365352581898946,74538,194,1038,763,2,"['GALR1', 'MIS18BP1']","['GALR1', 'TC2N', 'ERG', 'RGMA', 'SSTR2', 'MIS18BP1', 'POU6F2', 'NUTM2F', 'CPNE8', 'SDK2']",0.5260195409599527,fold_2
4.1,cluster_id,Exc L6 FEZF2 POGK,127,0.12048192771084337,0.1388888888888889,0.07874015748031496,76344,62,117,10,4,"['CENPJ', 'ERG', 'RGMA', 'C1orf159']","['CENPJ', 'ERG', 'RGMA', 'CTCF', 'MIS18BP1', 'C1orf159', 'TCP1', 'PIP5K1C', 'SDK2', 'POU6F2']",0.050085748367941225,fold_2
4.1,cluster_id,Exc L5 FEZF2 CSN1S1,150,0.06512301013024602,0.05844155844155844,0.12,76093,290,132,18,6,"['LYSMD3', 'RPS27L', 'ZNF697', 'CFAP61', 'MTRR', 'RGMA']","['LYSMD3', 'RPS27L', 'ZNF697', 'CFAP61', 'MTRR', 'RGMA', 'HRH3', 'PIGG', 'SSTR2', 'GPR63']",0.12594461492166037,fold_2
4.1,cluster_id,Exc L3-5 FEZF2 ASGR2,620,0.6132567849686847,0.7253086419753086,0.3790322580645161,75824,89,385,235,4,"['CFAP61', 'ERG', 'HRH3', 'NFKBIZ']","['CFAP61', 'ZNF697', 'ACAT2', 'ERG', 'HRH3', 'NFKBIZ', 'RGMA', 'MTRR', 'SSTR2', 'GPR63']",0.07289284138025215,fold_2
4.1,cluster_id,Exc L3-5 FEZF2 LINC01107,88,0.21739130434782608,0.21505376344086022,0.22727272727272727,76372,73,68,20,4,"['SLC2A9', 'ACAT2', 'ERG', 'HRH3']","['SLC2A9', 'CCDC174', 'ACAT2', 'ERG', 'HRH3', 'NFKBIZ', 'RGMA', 'ZNF595', 'GPR63', 'SATB2']",0.08879448989836616,fold_2
4.1,cluster_id,Exc L5 FEZF2 PKD2L1,280,0.08386581469648563,0.08641975308641975,0.075,76031,222,259,21,5,"['RFPL2', 'PFKFB2', 'CENPJ', 'PHLDB2', 'NFKBIZ']","['RFPL2', 'PFKFB2', 'POP1', 'CENPJ', 'PHLDB2', 'NFKBIZ', 'RNF14', 'NFE2L2', 'SPTBN2', 'SDK2']",0.07818658582114253,fold_2
4.1,cluster_id,Exc L5 FEZF2 NREP-AS1,229,0.26289180990899896,0.2736842105263158,0.22707423580786026,76166,138,177,52,4,"['RFPL2', 'ERG', 'PHLDB2', 'NFE2L2']","['RFPL2', 'CENPJ', 'GEMIN5', 'ERG', 'PHLDB2', 'NFE2L2', 'RNF14', 'SDK2', 'PDGFC', 'RHBDL1']",0.07065333016503421,fold_2
4.1,cluster_id,Exc L5 FEZF2 RNF144A-AS1,108,0.24725274725274726,0.28125,0.16666666666666666,76379,46,90,18,3,"['ERG', 'PHLDB2', 'PDGFC']","['RFPL2', 'ERG', 'PHLDB2', 'NFE2L2', 'SDK2', 'PDGFC', 'SPTBN2', 'AGBL3', 'IFNAR1', 'GPR89B']",0.0770697287531067,fold_2
4.1,cluster_id,Exc L5-6 FEZF2 IFNG-AS1,753,0.4910941475826972,0.636963696369637,0.25630810092961487,75670,110,560,193,3,"['GEMIN5', 'ERG', 'PHLDB2']","['GEMIN5', 'ERG', 'PHLDB2', 'NFE2L2', 'SDK2', 'RAN', 'AGBL3', 'BRSK2', 'PDGFC', 'IFNAR1']",0.08598187619475244,fold_2
4.1,cluster_id,Exc L5-6 FEZF2 LPO,117,0.21680216802168023,0.25396825396825395,0.13675213675213677,76369,47,101,16,4,"['ARID3B', 'CORO2A', 'ZNF283', 'ERG']","['ARID3B', 'CORO2A', 'ZNF283', 'ACAT2', 'ERG', 'POP1', 'PHLDB2', 'SYT12', 'NFE2L2', 'SDK2']",0.40151910732072704,fold_2
4.1,cluster_id,OPC L1-6 PDGFRA COL20A1,283,0.20846106683016555,0.20178041543026706,0.24028268551236748,75981,269,215,68,1,['PDGFC'],"['PDGFC', 'POU6F2']",0.04188435643148653,fold_2
4.1,cluster_id,Oligo L3-6 OPALIN ENPP6,535,0.30234471410942,0.310126582278481,0.27476635514018694,75671,327,388,147,3,"['CAPN3', 'CLDN11', 'OTUD7B']","['CAPN3', 'CLDN11', 'OTUD7B', 'NFE2L2', 'LIFR']",0.26589927913366507,fold_2
4.1,cluster_id,Oligo L2-6 OPALIN FTH1P3,2300,0.7815228780998952,0.7823426573426573,0.7782608695652173,73735,498,510,1790,1,['CLDN11'],"['CAPN3', 'CLDN11', 'OTUD7B', 'LIFR', 'PPP1R16B', 'NAPEPLD']",0.3048502878448151,fold_2
4.1,cluster_id,Oligo L5-6 OPALIN LDLRAP1,6,0.5,1.0,0.16666666666666666,76527,0,5,1,2,"['TGFA', 'SLC25A44']","['TGFA', 'PLEKHG3', 'SLC25A44', 'ZDHHC9', 'UACA', 'CAPN3', 'CLDN11', 'OTUD7B', 'GPR89B', 'LIFR']",1.0,fold_2
4.1,cluster_id,Astro L1-6 FGFR3 AQP1,119,0.707395498392283,0.9166666666666666,0.3697478991596639,76410,4,75,44,2,"['AQP1', 'RGMA']","['AQP1', 'PFKFB2', 'ACSS1', 'RGMA', 'LIFR', 'SLC4A4']",0.6188788443208559,fold_2
4.1,cluster_id,Astro L1 FGFR3 SERPINI2,72,0.35714285714285715,0.5882352941176471,0.1388888888888889,76454,7,62,10,2,"['PFKFB2', 'SLC4A4']","['FOS', 'ACSS1', 'PFKFB2', 'SLC4A4', 'LIFR', 'PLOD2', 'PRKD1']",0.07635872954889134,fold_2
4.1,cluster_id,Astro L1-6 FGFR3 PLCG1,377,0.7851239669421488,0.8260869565217391,0.6551724137931034,76104,52,130,247,1,['SLC4A4'],"['ACSS1', 'SLC4A4', 'LIFR', 'SGCD']",0.056874656499306286,fold_2
4.1,cluster_id,Endo L2-5 NOSTRIN SRGN,64,0.5645161290322581,0.9333333333333333,0.21875,76468,1,50,14,2,"['UACA', 'ERG']","['UACA', 'ERG', 'CPNE8']",0.15869327673015912,fold_2
4.1,cluster_id,VLMC L1-5 PDGFRA COLEC12,40,0.6770833333333334,0.9285714285714286,0.325,76492,1,27,13,1,['UACA'],"['UACA', 'PDZRN3', 'SGCD']",0.7054303367452048,fold_2
4.1,cluster_id,Micro L1-6 TYROBP CD74,108,0.7941176470588235,0.9310344827586207,0.5,76421,4,54,54,1,['CYFIP1'],['CYFIP1'],0.07726085841711403,fold_2
4.1,cluster_id,Inh L1 LAMP5 PVRL2,94,0.3333333333333333,0.4090909090909091,0.19148936170212766,76413,26,76,18,3,"['MYH11', 'FBXL7', 'ALK']","['MYH11', 'FBXL7', 'ALK', 'MAML3', 'DPY19L3', 'TMEM168', 'KIF3B', 'ABI1', 'GALNT18']",0.04947629537197999,fold_3
4.1,cluster_id,Inh L1 LAMP5 RAB11FIP1,246,0.25510204081632654,0.225,0.5487804878048781,75822,465,111,135,3,"['MYH11', 'FBXL7', 'ALK']","['MYH11', 'FBXL7', 'ALK', 'LRRC3B', 'MAML3', 'MMP24', 'GALNT18', 'RHBDD2']",0.057128049069936696,fold_3
4.1,cluster_id,Inh L1-6 LAMP5 AARD,1539,0.628258325353761,0.6010178117048346,0.7673814165042235,74210,784,358,1181,2,"['FBXL7', 'ALK']","['FBXL7', 'AP3D1', 'ALK', 'LRRC3B', 'MAML3', 'MMP24', 'CAMK2N2', 'GALNT18', 'TMEM168', 'RPH3A']",0.04913896482988113,fold_3
4.1,cluster_id,Inh L1-6 LAMP5 NES,419,0.22743947175348497,0.2627118644067797,0.14797136038186157,75940,174,357,62,3,"['FBXL7', 'MAML3', 'RPH3A']","['FBXL7', 'ALK', 'MAML3', 'LRRC3B', 'GALNT18', 'RPH3A']",0.02665005507258174,fold_3
4.1,cluster_id,Inh L1-6 LAMP5 CA1,465,0.35973229224762965,0.3885542168674699,0.27741935483870966,75865,203,336,129,3,"['FREM2', 'ST8SIA4', 'ALK']","['FREM2', 'ST8SIA4', 'FBXL7', 'ALK', 'MMP24', 'MAML3', 'AP2A2', 'EIF4E3']",0.04286173065420318,fold_3
4.1,cluster_id,Inh L5-6 LAMP5 CRABP1,923,0.7258791704238052,0.8036605657237936,0.52329360780065,75492,118,440,483,3,"['FREM2', 'FBXL7', 'ALK']","['FREM2', 'COL4A4', 'FBXL7', 'ST8SIA4', 'ALK', 'AP3D1', 'LRRC3B', 'ZNF626', 'MAML3', 'CAMK2N2']",0.05448153153980833,fold_3
4.1,cluster_id,Inh L3-6 PAX6 LINC01497,84,0.5397727272727273,0.8260869565217391,0.2261904761904762,76445,4,65,19,3,"['C4orf3', 'MKX', 'ALK']","['BMP3', 'HMGN2', 'C4orf3', 'MKX', 'CHRNA7', 'ALK', 'FBXL7', 'LRRC3B', 'NPY1R', 'MAN1A1']",0.043136377420904044,fold_3
4.1,cluster_id,Inh L1 PAX6 MIR101-1,139,0.6,0.7627118644067796,0.3237410071942446,76380,14,94,45,3,"['CHRNA7', 'ALK', 'MAML3']","['UBE2Q2', 'CHRNA7', 'FBXL7', 'SYT17', 'ALK', 'MAML3', 'LRRC3B', 'CRTC1', 'MAN1A1', 'DHRS7B']",0.038309107203511925,fold_3
4.1,cluster_id,Inh L1 PAX6 CHRFAM7A,185,0.3821656050955414,0.4,0.32432432432432434,76258,90,125,60,3,"['CHRNA7', 'FBXL7', 'MAML3']","['CHRNA7', 'SYT17', 'FBXL7', 'MAML3', 'LRRC3B']",0.037820338999241435,fold_3
4.1,cluster_id,Inh L1-6 VIP SLC7A6OS,61,0.48672566371681414,0.8461538461538461,0.18032786885245902,76470,2,50,11,3,"['FREM2', 'CHRNA7', 'FBXL7']","['FREM2', 'CHRNA7', 'IRS1', 'FBXL7', 'SYT17', 'LRRC3B', 'MAML3', 'DPY19L3', 'NPY1R', 'MAN1A1']",0.07234593011752374,fold_3
4.1,cluster_id,Inh L2 PAX6 FREM2,108,0.5823863636363636,0.6721311475409836,0.37962962962962965,76405,20,67,41,3,"['FREM2', 'FBXL7', 'MAML3']","['BMP3', 'FREM2', 'FBXL7', 'IRS1', 'MAML3', 'CHRNA7', 'SYT17', 'TBC1D30', 'DPY19L3', 'NPY1R']",0.04046910713793586,fold_3
4.1,cluster_id,Inh L1-2 VIP HTR3A,42,0.25862068965517243,0.75,0.07142857142857142,76490,1,39,3,5,"['COL4A4', 'CHRNA7', 'SYT17', 'NFATC2IP', 'FBXL7']","['COL4A4', 'CHRNA7', 'SYT17', 'NFATC2IP', 'FBXL7', 'PXDNL', 'MAML3', 'SCPEP1', 'ALK']",0.04228603620555832,fold_3
4.1,cluster_id,Inh L1-2 VIP WNT4,52,0.23148148148148148,0.35714285714285715,0.09615384615384616,76472,9,47,5,4,"['AP4B1', 'IFT74', 'CHRNA7', 'SYT17']","['AP4B1', 'IFT74', 'COL4A4', 'CRCP', 'CHRNA7', 'SYT17', 'IRS1', 'FBXL7', 'MAML3', 'DPY19L3']",0.20278641508712156,fold_3
4.1,cluster_id,Inh L1 LAMP5 BMP2,352,0.35860655737704916,0.3776978417266187,0.29829545454545453,76008,173,247,105,4,"['FBXL7', 'SYT17', 'ALK', 'MAML3']","['FBXL7', 'CHRNA7', 'SYT17', 'ALK', 'MAML3', 'TMEM168', 'EIF4E3']",0.031078580383685016,fold_3
4.1,cluster_id,Inh L1 LAMP5 NMBR,193,0.15429122468659595,0.15165876777251186,0.16580310880829016,76161,179,161,32,4,"['CHRNA7', 'SYT17', 'MAML3', 'ALK']","['CHRNA7', 'SYT17', 'FBXL7', 'MAML3', 'ALK']",0.030051171170429408,fold_3
4.1,cluster_id,Inh L1 PVALB SST ASIC4,186,0.3167420814479638,0.4375,0.15053763440860216,76311,36,158,28,2,"['CHRNA7', 'PXDNL']","['CHRNA7', 'SYT17', 'PXDNL', 'MAML3']",0.053148125537328145,fold_3
4.1,cluster_id,Inh L1 SST P4HA3,38,0.07751937984496124,0.07272727272727272,0.10526315789473684,76444,51,34,4,4,"['MAML3', 'EIF4E3', 'PXDNL', 'TMEM168']","['CHRNA7', 'SYT17', 'MAML3', 'EIF4E3', 'PXDNL', 'TMEM168', 'AGPAT3', 'CDC25B', 'AP2A2', 'CCSAP']",0.02558471719514111,fold_3
4.1,cluster_id,Inh L1 SST DEFB108B,223,0.10819808572617562,0.09541284403669725,0.23318385650224216,75817,493,171,52,2,"['CHRNA7', 'MAML3']","['CHRNA7', 'MAML3']",0.03677865362274748,fold_3
4.1,cluster_id,Inh L1-3 VIP CBLN1,464,0.10822081016679905,0.09536307961504811,0.2349137931034483,75035,1034,355,109,2,"['IRS1', 'LRRC3B']","['IRS1', 'LRRC3B']",0.0452949026719458,fold_3
4.1,cluster_id,Inh L1-2 VIP EXPH5,509,0.25810872544540886,0.26904761904761904,0.2220039292730845,75717,307,396,113,2,"['IRS1', 'LRRC3B']","['IRS1', 'MARCKSL1', 'LRRC3B']",0.05467724880393367,fold_3
4.1,cluster_id,Inh L1-3 VIP HSPB6,396,0.1522140221402214,0.19186046511627908,0.08333333333333333,75998,139,363,33,2,"['IRS1', 'NPY1R']","['IRS1', 'NPY1R', 'LRRC3B']",0.04713526111218805,fold_3
4.1,cluster_id,Inh L1-2 VIP PTGER3,84,0.11029411764705882,0.23076923076923078,0.03571428571428571,76439,10,81,3,5,"['DCP1B', 'MARCKSL1', 'IRS1', 'CABLES1', 'SYT17']","['HMGN2', 'DCP1B', 'MARCKSL1', 'IRS1', 'CABLES1', 'SYT17', 'CAMK2N2', 'NPY1R', 'MMP24', 'RHBDD2']",0.04289581353256842,fold_3
4.1,cluster_id,Inh L1-2 VIP SCML4,128,0.10245901639344263,0.1111111111111111,0.078125,76325,80,118,10,5,"['DCP1B', 'CABLES1', 'SYNCRIP', 'CHRNA7', 'SYT17']","['DCP1B', 'CABLES1', 'SYNCRIP', 'IRS1', 'CHRNA7', 'SYT17', 'RHBDL1', 'PXDNL', 'NPY1R', 'LRRC3B']",0.048101210342402265,fold_3
4.1,cluster_id,Inh L1-3 VIP FNDC1,111,0.27522935779816515,0.3333333333333333,0.16216216216216217,76386,36,93,18,4,"['TMEM51', 'SYNCRIP', 'CHRNA7', 'LRRC3B']","['TMEM51', 'SYNCRIP', 'IRS1', 'CHRNA7', 'LRRC3B', 'MMP24', 'NPY1R', 'CAMK2N2', 'FMR1', 'ZC3H8']",0.05275897519430116,fold_3
4.1,cluster_id,Inh L1-3 VIP CHRNA2,310,0.17412935323383086,0.1875,0.13548387096774195,76041,182,268,42,3,"['SYT17', 'LRRC3B', 'CAMK2N2']","['IRS1', 'SYT17', 'CHRNA7', 'LRRC3B', 'NPY1R', 'CAMK2N2', 'PXDNL', 'TMEM168', 'CBLN2', 'RHBDD2']",0.04085488787511342,fold_3
4.1,cluster_id,Inh L2 VIP SLC6A16,288,0.19014084507042253,0.19081272084805653,0.1875,76016,229,234,54,3,"['CHRNA7', 'PXDNL', 'LRRC3B']","['CHRNA7', 'IRS1', 'SYT17', 'PXDNL', 'NPY1R', 'LRRC3B', 'ALK']",0.022639278669002966,fold_3
4.1,cluster_id,Inh L1 VIP KLHDC8B,95,0.16224188790560473,0.18032786885245902,0.11578947368421053,76388,50,84,11,4,"['LRRC3B', 'CHRNA7', 'TMEM168', 'ALK']","['LRRC3B', 'CHRNA7', 'NPY1R', 'TMEM168', 'ALK']",0.02708907701176031,fold_3
4.1,cluster_id,Inh L3-5 VIP IGDCC3,390,0.08955676988463873,0.081267217630854,0.15128205128205127,75476,667,331,59,3,"['MARCKSL1', 'LRRC3B', 'TMEM168']","['MARCKSL1', 'LRRC3B', 'TMEM168', 'CBLN2']",0.023827372133092314,fold_3
4.1,cluster_id,Inh L1-5 VIP SMOC1,638,0.25057383320581483,0.2651821862348178,0.20532915360501566,75532,363,507,131,2,"['SYT17', 'LRRC3B']","['MARCKSL1', 'SYT17', 'LRRC3B']",0.04232357359010412,fold_3
4.1,cluster_id,Inh L3-5 VIP HS3ST3A1,225,0.1432469304229195,0.16535433070866143,0.09333333333333334,76202,106,204,21,4,"['MARCKSL1', 'SYT17', 'NPY1R', 'CAMK2N2']","['MARCKSL1', 'IRS1', 'SYT17', 'NPY1R', 'LRRC3B', 'CAMK2N2', 'CBLN2', 'MAML3']",0.034575815604697094,fold_3
4.1,cluster_id,Inh L5-6 VIP COL4A3,89,0.20446096654275092,0.24444444444444444,0.12359550561797752,76410,34,78,11,3,"['ADRA2A', 'COL4A4', 'IRS1']","['ADRA2A', 'COL4A4', 'SDF4', 'MARCKSL1', 'DUSP10', 'IRS1', 'SYT17', 'AP3D1', 'MMP24', 'CAMK2N2']",0.257047172978242,fold_3
4.1,cluster_id,Inh L1-5 VIP CD27-AS1,67,0.11695906432748537,0.15384615384615385,0.05970149253731343,76444,22,63,4,5,"['MARCKSL1', 'IRS1', 'CHRNA7', 'ZNF626', 'LRRC3B']","['MARCKSL1', 'IRS1', 'CHRNA7', 'ZNF626', 'NPY1R', 'LRRC3B', 'MMP24', 'RHBDD2', 'EIF4E3']",0.03471384530990768,fold_3
4.1,cluster_id,Inh L2-5 VIP BSPRY,85,0.09389671361502347,0.125,0.047058823529411764,76420,28,81,4,4,"['IRS1', 'NPY1R', 'CAMK2N2', 'RHBDD2']","['MARCKSL1', 'IRS1', 'NPY1R', 'CAMK2N2', 'RHBDD2', 'LRRC3B', 'CBLN2', 'MAML3', 'TMEM168']",0.03386692868501641,fold_3
4.1,cluster_id,Inh L2-5 VIP SOX11,116,0.224609375,0.23232323232323232,0.19827586206896552,76341,76,93,23,2,"['ABCC4', 'CHRNA7']","['ABCC4', 'HMGN2', 'AEN', 'MARCKSL1', 'CHRNA7', 'PXDNL', 'AP3D1', 'ANKS3', 'CAMK2N2', 'DPY19L3']",0.09770260187535287,fold_3
4.1,cluster_id,Inh L3-6 VIP ZIM2-AS1,146,0.32019704433497537,0.4,0.1780821917808219,76348,39,120,26,2,"['ABCC4', 'LANCL3']","['CTPS2', 'ABCC4', 'LANCL3', 'HMGN2', 'AEN', 'VPS51', 'MARCKSL1', 'CHRNA7', 'ANKS3', 'RHBDD2']",0.1813428021317485,fold_3
4.1,cluster_id,Inh L1-5 VIP PHLDB3,92,0.008406815124794501,0.006748650269946011,0.4891304347826087,69818,6623,47,45,1,['IRS1'],['IRS1'],0.06001582395405891,fold_3
4.1,cluster_id,Inh L1-5 VIP LINC01013,127,0.16034985422740525,0.2037037037037037,0.08661417322834646,76363,43,116,11,3,"['AEN', 'CHRNA7', 'TMEM168']","['AEN', 'CHRNA7', 'TMEM168']",0.05917048734713873,fold_3
4.1,cluster_id,Inh L3-6 VIP UG0898H09,131,0.0970873786407767,0.09045226130653267,0.13740458015267176,76221,181,113,18,4,"['AEN', 'CHRNA7', 'TMEM168', 'LMO4']","['AEN', 'CHRNA7', 'MMP24', 'TMEM168', 'LMO4']",0.028780839623880904,fold_3
4.1,cluster_id,Inh L1-6 SST NPY,67,0.15789473684210525,0.42857142857142855,0.04477611940298507,76462,4,64,3,4,"['SLC16A14', 'IQCA1', 'FBXL7', 'MPZL1']","['SLC16A14', 'TMEM68', 'IQCA1', 'FBXL7', 'MPZL1', 'LRRC3B', 'TMEM168', 'SCPEP1', 'ALK', 'RHOBTB3']",0.049272521361997314,fold_3
4.1,cluster_id,Inh L3-5 SST CDH3,81,0.13333333333333333,0.16666666666666666,0.07407407407407407,76422,30,75,6,4,"['FRMD3', 'OTUD4', 'MAN1A1', 'ALK']","['LANCL3', 'FRMD3', 'OTUD4', 'MAN1A1', 'ALK']",0.021425754580830486,fold_3
4.1,cluster_id,Inh L5 SST RPL35AP11,764,0.26573426573426573,0.2900763358778626,0.19895287958115182,75397,372,612,152,3,"['ST8SIA4', 'ALK', 'FRMD3']","['ST8SIA4', 'ALK', 'FRMD3']",0.022930849751580083,fold_3
4.1,cluster_id,Inh L5-6 SST ISX,394,0.15692175408426484,0.15113871635610765,0.18527918781725888,75729,410,321,73,3,"['DUSP10', 'CAMK2N2', 'FRMD3']","['DUSP10', 'CAMK2N2', 'RHBDD2', 'FRMD3', 'TBC1D30']",0.035646932257030986,fold_3
4.1,cluster_id,Inh L5-6 PVALB SST CRHR2,218,0.08569299552906111,0.08185053380782918,0.10550458715596331,76057,258,195,23,4,"['LANCL3', 'CABLES1', 'PXDNL', 'CAMK2N2']","['LANCL3', 'DUSP10', 'CABLES1', 'ST8SIA4', 'PXDNL', 'CAMK2N2', 'DPY19L3', 'RHOBTB3', 'FRMD3', 'TBC1D30']",0.0315675081893157,fold_3
4.1,cluster_id,Inh L3-5 SST OR5AH1P,242,0.19516728624535315,0.28378378378378377,0.08677685950413223,76238,53,221,21,4,"['CABLES1', 'FBXL7', 'CAMK2N2', 'FRMD3']","['CABLES1', 'FBXL7', 'CAMK2N2', 'FRMD3', 'TBC1D30']",0.025443655591727565,fold_3
4.1,cluster_id,Inh L3-5 SST GGTLC3,1154,0.16774641369736235,0.1830808080808081,0.12564991334488734,74732,647,1009,145,2,"['FRMD3', 'ALK']","['FRMD3', 'ALK']",0.014055163543118226,fold_3
4.1,cluster_id,Inh L2-3 SST NMU,419,0.07042253521126761,0.07073170731707316,0.06921241050119331,75733,381,390,29,4,"['RHOBTB3', 'ALK', 'DPY19L3', 'CAMK2N2']","['RHOBTB3', 'ALK', 'DPY19L3', 'CAMK2N2']",0.019452622191152187,fold_3
4.1,cluster_id,Inh L5-6 SST PAWR,194,0.20408163265306123,0.48,0.061855670103092786,76326,13,182,12,5,"['DUSP10', 'CABLES1', 'NPY1R', 'ALK', 'MAML3']","['DUSP10', 'CABLES1', 'ST8SIA4', 'NPY1R', 'ALK', 'MAML3', 'TBC1D30', 'FRMD3']",0.022798749636726203,fold_3
4.1,cluster_id,Inh L5-6 SST PIK3CD,129,0.21978021978021978,0.3333333333333333,0.09302325581395349,76380,24,117,12,3,"['CABLES1', 'MAN1A1', 'NPY1R']","['CABLES1', 'MAN1A1', 'NPY1R', 'ALK', 'CALD1']",0.02921127360416736,fold_3
4.1,cluster_id,Inh L1-2 SST CCNJL,320,0.05378096479791395,0.048034934497816595,0.103125,75559,654,287,33,3,"['ST8SIA4', 'ALK', 'RHOBTB3']","['ST8SIA4', 'ALK', 'RHOBTB3']",0.02305876219568409,fold_3
4.1,cluster_id,Inh L1-3 SST FAM20A,1069,0.24445523717014733,0.2364917776037588,0.2825070159027128,74489,975,767,302,1,['MAN1A1'],['MAN1A1'],0.025928299376385102,fold_3
4.1,cluster_id,Inh L1-2 SST PRRT4,376,0.358974358974359,0.5544554455445545,0.14893617021276595,76112,45,320,56,3,"['MKX', 'MAN1A1', 'ALK']","['MKX', 'ST8SIA4', 'DPY19L3', 'MAN1A1', 'ALK', 'CAAP1']",0.027224197102620442,fold_3
4.1,cluster_id,Inh L5-6 SST BEAN1,76,0.2864583333333333,0.3793103448275862,0.14473684210526316,76439,18,65,11,5,"['DUSP10', 'ST8SIA4', 'NPY1R', 'CBLN2', 'CAMK2N2']","['DUSP10', 'ST8SIA4', 'CLYBL', 'NPY1R', 'CBLN2', 'CAMK2N2', 'RHOBTB3', 'SCPEP1', 'TBC1D30', 'RHBDL1']",0.02429750946523896,fold_3
4.1,cluster_id,Inh L5-6 SST DNAJC14,35,0.14925373134328357,0.25,0.05714285714285714,76492,6,33,2,4,"['HMGN2', 'DUSP10', 'PSMD2', 'ST8SIA4']","['IFT74', 'HMGN2', 'CPED1', 'DUSP10', 'PSMD2', 'ST8SIA4', 'NFATC2IP', 'CLYBL', 'NAPA', 'ANKS3']",0.06849695834160432,fold_3
4.1,cluster_id,Inh L5-6 SST C4orf26,93,0.1606425702811245,0.20512820512820512,0.08602150537634409,76409,31,85,8,4,"['NPM1', 'TMEM200A', 'PSMD2', 'DUSP10']","['NPM1', 'ERP29', 'TMEM200A', 'PSMD2', 'MARCKSL1', 'DUSP10', 'ST8SIA4', 'CAMK2N2', 'RHBDL1', 'NPY1R']",0.10247255825656545,fold_3
4.1,cluster_id,Inh L5-6 SST FBN2,100,0.3813559322033898,0.5294117647058824,0.18,76417,16,82,18,4,"['ST8SIA4', 'FBXL7', 'CAMK2N2', 'CBLN2']","['ST8SIA4', 'FBXL7', 'CAMK2N2', 'CBLN2', 'FRMD3']",0.030683593453285175,fold_3
4.1,cluster_id,Inh L5-6 SST KLHL1,188,0.39603960396039606,0.5925925925925926,0.1702127659574468,76323,22,156,32,2,"['TMEM200A', 'ST8SIA4']","['TMEM200A', 'ST8SIA4', 'DUSP10', 'CABLES1', 'CAMK2N2', 'TBC1D30', 'FRMD3', 'RHBDD2', 'MPZL1', 'CBLN2']",0.10611959576718649,fold_3
4.1,cluster_id,Inh L6 SST TH,84,0.18229166666666666,0.25925925925925924,0.08333333333333333,76429,20,77,7,4,"['PSMD2', 'MARCKSL1', 'CAMK2N2', 'MAML3']","['PSMD2', 'C4orf3', 'MARCKSL1', 'ST8SIA4', 'CAMK2N2', 'MAML3', 'PXDNL', 'ZNF626', 'RHBDD2', 'CASC3']",0.03324871457694743,fold_3
4.1,cluster_id,Inh L5-6 PVALB KCNIP2,108,0.07783882783882784,0.06910569105691057,0.1574074074074074,76196,229,91,17,4,"['CPED1', 'PLD1', 'DUSP10', 'DCP1B']","['CPED1', 'KCNS3', 'PLD1', 'PCYT1A', 'DUSP10', 'DCP1B', 'ST8SIA4', 'PHLDB2', 'CLYBL', 'ZC3H8']",0.054429382324414535,fold_3
4.1,cluster_id,Inh L5-6 PVALB ZFPM2-AS1,563,0.22717438338381654,0.2402745995423341,0.18650088809946713,75638,332,458,105,4,"['CPED1', 'KCNS3', 'DUSP10', 'MKX']","['CPED1', 'KCNS3', 'C5orf22', 'ARV1', 'DUSP10', 'MKX', 'ST8SIA4', 'PXDNL', 'RHOBTB3', 'TBC1D30']",0.04571720797329025,fold_3
4.1,cluster_id,Inh L3-5 PVALB ISG20,254,0.4024144869215292,0.43243243243243246,0.31496062992125984,76174,105,174,80,5,"['FAM227A', 'PLD1', 'PXDNL', 'PCYT1A', 'MKX']","['FAM227A', 'KCNS3', 'PLD1', 'PXDNL', 'PCYT1A', 'MKX', 'DUSP10', 'ST8SIA4', 'SCPEP1', 'RHOBTB3']",0.07348300318992827,fold_3
4.1,cluster_id,Inh L5 PVALB LRIG3,631,0.28071150639244025,0.3458904109589041,0.1600633914421553,75711,191,530,101,3,"['CPED1', 'PLD1', 'PXDNL']","['CPED1', 'KCNS3', 'PLD1', 'PXDNL', 'DUSP10', 'ST8SIA4', 'RHOBTB3', 'SCPEP1', 'TBC1D30', 'ALK']",0.05462295910589579,fold_3
4.1,cluster_id,Inh L2-5 PVALB HHIPL1,456,0.16193595342066958,0.15532286212914484,0.19517543859649122,75593,484,367,89,3,"['ARV1', 'PXDNL', 'DUSP10']","['KCNS3', 'POLR3B', 'ARV1', 'PXDNL', 'DUSP10', 'NFATC2IP', 'ST8SIA4', 'RHOBTB3', 'CAMK2N2', 'ALK']",0.06407160287341089,fold_3
4.1,cluster_id,Inh L2-5 PVALB RPH3AL,3253,0.4141837276535489,0.4100467289719626,0.43160159852443897,71260,2020,1849,1404,2,"['KCNS3', 'ST8SIA4']","['KCNS3', 'ARV1', 'DUSP10', 'ST8SIA4', 'PXDNL', 'NFATC2IP', 'RHOBTB3', 'TBC1D30', 'CAMK2N2', 'DPY19L3']",0.07792621388010099,fold_3
4.1,cluster_id,Inh L3 PVALB SAMD13,1326,0.4018181818181818,0.6207865168539326,0.16666666666666666,75072,135,1105,221,2,"['PXDNL', 'PHLDB2']","['PXDNL', 'PHLDB2', 'ST8SIA4', 'RHOBTB3', 'ALK', 'CAMK2N2', 'MMP24', 'CASC3', 'TBC1D30']",0.04355673261873988,fold_3
4.1,cluster_id,Inh L1-2 PVALB CDK20,123,0.19498607242339833,0.23728813559322035,0.11382113821138211,76365,45,109,14,4,"['LANCL3', 'KCNS3', 'DUSP10', 'ST8SIA4']","['LANCL3', 'KCNS3', 'DUSP10', 'ST8SIA4', 'RHOBTB3', 'AP3D1', 'PXDNL', 'ALK', 'CAMK2N2', 'DPY19L3']",0.09514716816197716,fold_3
4.1,cluster_id,Inh L2 PVALB FRZB,107,0.09461426491994178,0.0896551724137931,0.12149532710280374,76294,132,94,13,5,"['KCNS3', 'ST8SIA4', 'ALK', 'CAMK2N2', 'RHOBTB3']","['KCNS3', 'DUSP10', 'ST8SIA4', 'ALK', 'CAMK2N2', 'RHOBTB3', 'DPY19L3', 'MKRN1', 'ZC3H8', 'DHRS7B']",0.02972088296755893,fold_3
4.1,cluster_id,Inh L1-2 SST CLIC6,194,0.05578800557880056,0.05161290322580645,0.08247422680412371,76045,294,178,16,4,"['RHOBTB3', 'DPY19L3', 'ALK', 'TBC1D30']","['ST8SIA4', 'RHOBTB3', 'DPY19L3', 'CAMK2N2', 'ALK', 'TBC1D30', 'ZC3H8']",0.02403574055938159,fold_3
4.1,cluster_id,Inh L5-6 PVALB GAPDHP60,138,0.36046511627906974,0.4246575342465753,0.2246376811594203,76353,42,107,31,3,"['ST8SIA4', 'DUSP10', 'MAML3']","['ST8SIA4', 'DUSP10', 'MAML3', 'ALK', 'AP3D1', 'CAMK2N2', 'MMP24', 'MKRN1', 'DHRS7B', 'TBC1D30']",0.04910996014364947,fold_3
4.1,cluster_id,Inh L5-6 PVALB FAM150B,111,0.4251012145748988,0.6176470588235294,0.1891891891891892,76409,13,90,21,3,"['TMEM200A', 'PHLDB2', 'DUSP10']","['TMEM200A', 'PLD1', 'PHLDB2', 'DUSP10', 'CLYBL', 'ST8SIA4', 'ALK', 'PXDNL', 'ZC3H8', 'MAML3']",0.05659915178111191,fold_3
4.1,cluster_id,Inh L5-6 PVALB MEPE,230,0.26410998552821996,0.2534722222222222,0.3173913043478261,76088,215,157,73,4,"['CPED1', 'PHLDB2', 'DUSP10', 'ST8SIA4']","['CPED1', 'KCNS3', 'PHLDB2', 'DUSP10', 'CLYBL', 'ST8SIA4', 'PXDNL', 'CAMK2N2', 'TBC1D30', 'ALK']",0.056739498855540485,fold_3
4.1,cluster_id,Inh L1-6 PVALB COL15A1,288,0.6456953642384106,0.9873417721518988,0.2708333333333333,76244,1,210,78,2,"['CPED1', 'ALK']","['CPED1', 'DUSP10', 'PHLDB2', 'SYT17', 'ALK', 'ST8SIA4', 'CLYBL', 'RHOBTB3', 'CAMK2N2', 'TBC1D30']",0.08742403821106738,fold_3
4.1,cluster_id,Exc L2 LAMP5 KCNG3,261,0.106544901065449,0.1414141414141414,0.05363984674329502,76187,85,247,14,4,"['OR14I1', 'SYT17', 'CRTC1', 'CBLN2']","['OR14I1', 'COL26A1', 'SYT17', 'CRTC1', 'CBLN2', 'ANGEL2', 'BRSK2', 'ANKS3', 'DPY19L3', 'MAN1A1']",0.03442660905848093,fold_3
4.1,cluster_id,Exc L2 LINC00507 ATP7B,183,0.027453671928620454,0.022922636103151862,0.13114754098360656,75327,1023,159,24,5,"['SH3GL1', 'SYT17', 'CBLN2', 'COL26A1', 'BRSK2']","['SH3GL1', 'SYT17', 'CBLN2', 'COL26A1', 'CRTC1', 'BRSK2', 'ANKS3', 'CASC3', 'MAML3', 'DNAH7']",0.028775035538007906,fold_3
4.1,cluster_id,Exc L2 LINC00507 GLRA3,12485,0.6179937401496148,0.6839454612455472,0.4459751702042451,61475,2573,6917,5568,2,"['AEN', 'CBLN2']","['GRB14', 'AEN', 'OR14I1', 'COL26A1', 'CBLN2', 'NAPA', 'CRTC1', 'DNAH7', 'NPY1R', 'ANGEL2']",0.06404567044674801,fold_3
4.1,cluster_id,Exc L2-3 RORB RTKN2,1211,0.15674780170765898,0.14828209764918626,0.20313790255986788,73909,1413,965,246,4,"['GRB14', 'ANTXR2', 'OR14I1', 'MKX']","['GRB14', 'ANTXR2', 'IQCA1', 'OR14I1', 'MKX', 'COL26A1', 'NAPA', 'CBLN2', 'DNAH7', 'LMO4']",0.07947509589157042,fold_3
4.1,cluster_id,Exc L2-3 LINC00507 DSG3,1088,0.3745606326889279,0.39376443418013857,0.3134191176470588,74920,525,747,341,2,"['RTN4RL2', 'CBLN2']","['RTN4RL2', 'SH3GL1', 'C4orf3', 'PCYT1A', 'CBLN2', 'COL26A1', 'DNAH7', 'NPY1R', 'BRSK2', 'PXDNL']",0.07033711665519488,fold_3
4.1,cluster_id,Exc L3 LAMP5 CARM1P1,4044,0.3472222222222222,0.3436547032606146,0.3622650840751731,69691,2798,2579,1465,3,"['SH3GL1', 'MKX', 'CBLN2']","['RTN4RL2', 'IMPA1', 'SH3GL1', 'MKX', 'PCYT1A', 'CBLN2', 'COL26A1', 'CLYBL', 'LMO4', 'CRTC1']",0.048076181543042155,fold_3
4.1,cluster_id,Oligo L2-6 OPALIN MAP6D1,101,0.03454490838089516,0.028500619578686492,0.22772277227722773,75648,784,78,23,3,"['MTMR10', 'CLIC4', 'MARCKSL1']","['MYRF', 'MTMR10', 'CLIC4', 'LRP2', 'PLD1', 'MARCKSL1', 'FBXL7', 'CBLN2', 'COL26A1', 'BRSK2']",0.0837461407438409,fold_3
4.1,cluster_id,Exc L2-3 RORB CCDC68,3331,0.35181712652915437,0.40061006609049316,0.236565595917142,72023,1179,2543,788,3,"['AMPD3', 'GRB14', 'ANTXR2']","['AMPD3', 'GRB14', 'ANTXR2', 'AEN', 'UBE2Q2', 'IQCA1', 'PHLDB2', 'COL26A1', 'DNAH7', 'DPY19L3']",0.11290334374548046,fold_3
4.1,cluster_id,Exc L2-3 RORB PTPN3,1628,0.1540590405904059,0.1450282240555797,0.20515970515970516,72936,1969,1294,334,4,"['PHLDB2', 'COL26A1', 'CBLN2', 'LMO4']","['PHLDB2', 'COL26A1', 'CBLN2', 'DNAH7', 'LMO4', 'NPY1R', 'DPY19L3', 'RHOBTB3', 'SCPEP1']",0.029268523373227107,fold_3
4.1,cluster_id,Exc L3 THEMIS ENPEP,785,0.0589042201242637,0.05031013094417643,0.1859872611464968,72992,2756,639,146,5,"['OR14I1', 'MKX', 'PCYT1A', 'CBLN2', 'DNAH7']","['OR14I1', 'MKX', 'PCYT1A', 'COL26A1', 'CBLN2', 'DNAH7', 'PXDNL', 'LMO4', 'RHBDL1', 'SCPEP1']",0.0457363212189555,fold_3
4.1,cluster_id,Exc L3-5 RORB TNNT2,535,0.03882069037876403,0.0329035126722988,0.1383177570093458,73823,2175,461,74,4,"['ANTXR2', 'MKX', 'ABTB1', 'PHLDB2']","['ANTXR2', 'OR14I1', 'MKX', 'ABTB1', 'PHLDB2', 'COL26A1', 'CBLN2', 'NPY1R', 'LMO4', 'DNAH7']",0.03959694296192581,fold_3
4.1,cluster_id,Exc L3-5 RORB LAMA4,250,0.05751014884979702,0.05537459283387622,0.068,75993,290,233,17,5,"['ANTXR2', 'SH3GL1', 'PHLDB2', 'NAPA', 'PXDNL']","['ANTXR2', 'SH3GL1', 'OR14I1', 'PHLDB2', 'NAPA', 'PXDNL', 'COL26A1', 'ANKS3', 'LMO4', 'DPY19L3']",0.03894961340072968,fold_3
4.1,cluster_id,Exc L5 THEMIS VILL,216,0.05296610169491525,0.04664179104477612,0.11574074074074074,75806,511,191,25,5,"['ANTXR2', 'RTN4RL2', 'PLD1', 'SH3GL1', 'NAPA']","['ANTXR2', 'RTN4RL2', 'PLD1', 'SH3GL1', 'OR14I1', 'NAPA', 'NPY1R', 'COL26A1', 'ZNF626', 'LMO4']",0.07047221170120119,fold_3
4.1,cluster_id,Exc L3 RORB OTOGL,2134,0.2750032855828624,0.2558850504432895,0.3922211808809747,71965,2434,1297,837,3,"['PHLDB2', 'SYT17', 'LMO4']","['PHLDB2', 'SYT17', 'COL26A1', 'BRSK2', 'LMO4', 'CBLN2', 'CRTC1', 'RHOBTB3', 'DNAH7', 'MAML3']",0.030230594136893187,fold_3
4.1,cluster_id,Exc L3-5 RORB LINC01202,640,0.22475795297372061,0.23090586145648312,0.203125,75460,433,510,130,4,"['PHLDB2', 'ST8SIA4', 'DPY19L3', 'LMO4']","['PHLDB2', 'ST8SIA4', 'COL26A1', 'BRSK2', 'DPY19L3', 'LMO4', 'FMR1']",0.02736860189726214,fold_3
4.1,cluster_id,Exc L5 THEMIS SLC22A18,1824,0.43087971274685816,0.4740740740740741,0.3157894736842105,74070,639,1248,576,4,"['HRK', 'ANTXR2', 'MKX', 'OR14I1']","['HRK', 'ANTXR2', 'PLD1', 'MKX', 'RTN4RL2', 'OR14I1', 'PHLDB2', 'SYT17', 'SCPEP1', 'NPY1R']",0.09488617062505514,fold_3
4.1,cluster_id,Exc L5-6 THEMIS TNFAIP6,1132,0.14730818143281052,0.13391136801541426,0.24558303886925795,73603,1798,854,278,4,"['MKX', 'PHLDB2', 'NAPA', 'CBLN2']","['MKX', 'BCL2L1', 'PHLDB2', 'NAPA', 'CBLN2', 'COL26A1', 'MPZL1', 'SCPEP1', 'ZNF626', 'BRSK2']",0.02866586450313896,fold_3
4.1,cluster_id,Exc L3-5 RORB LNX2,4631,0.39535198861711496,0.4609004739336493,0.251997408767005,70537,1365,3464,1167,3,"['MKX', 'PHLDB2', 'SYT17']","['ANTXR2', 'MKX', 'IQCA1', 'PHLDB2', 'ABTB1', 'SYT17', 'COL26A1', 'MPZL1', 'NPY1R', 'RHOBTB3']",0.033129855830882154,fold_3
4.1,cluster_id,Exc L3-5 RORB RPRM,1231,0.2979578172079009,0.4054669703872437,0.1445978878960195,75041,261,1053,178,3,"['MZT1', 'MKX', 'C4orf3']","['MZT1', 'ZNF428', 'AP2S1', 'MKX', 'C4orf3', 'ABTB1', 'NAPA', 'CABLES1', 'PHLDB2', 'FMR1']",0.11281459572496727,fold_3
4.1,cluster_id,Exc L5 RORB MED8,309,0.140607424071991,0.1724137931034483,0.08090614886731391,76104,120,284,25,5,"['RTN4RL2', 'MKX', 'ABTB1', 'PHLDB2', 'NPY1R']","['RTN4RL2', 'OR14I1', 'MKX', 'ABTB1', 'PHLDB2', 'NPY1R', 'BRSK2', 'LMO4', 'CBLN2', 'DHRS7B']",0.055421328019632315,fold_3
4.1,cluster_id,Exc L5 THEMIS FGF10,147,0.04604758250191865,0.04152249134948097,0.08163265306122448,76109,277,135,12,6,"['AP2S1', 'RTN4RL2', 'MKX', 'PHLDB2', 'ABTB1', 'CBLN2']","['AP2S1', 'RTN4RL2', 'MKX', 'PHLDB2', 'ABTB1', 'CBLN2', 'DNAH7', 'NPY1R', 'COL26A1', 'LMO4']",0.059115403234741334,fold_3
4.1,cluster_id,Exc L6 THEMIS LINC00343,905,0.11933954552885401,0.11204911742133537,0.16132596685082873,74471,1157,759,146,4,"['RTN4RL2', 'PSMD2', 'NPY1R', 'CBLN2']","['RTN4RL2', 'OR14I1', 'SH3GL1', 'PSMD2', 'NPY1R', 'CBLN2', 'COL26A1', 'CRTC1', 'ANKS3', 'ZNF626']",0.03959976324697302,fold_3
4.1,cluster_id,Exc L6 THEMIS SLN,436,0.0843558282208589,0.07290132547864507,0.22706422018348624,74838,1259,337,99,4,"['AEN', 'RTN4RL2', 'CBLN2', 'SYT17']","['AEN', 'RTN4RL2', 'OR14I1', 'CBLN2', 'SYT17', 'COL26A1', 'NPY1R', 'CRTC1', 'ZNF626', 'DNAH7']",0.0636263298739936,fold_3
4.1,cluster_id,Exc L6 THEMIS SNTG2,488,0.14925373134328357,0.17142857142857143,0.09836065573770492,75813,232,440,48,5,"['ANTXR2', 'RTN4RL2', 'OR14I1', 'IMPA1', 'NPY1R']","['ANTXR2', 'RTN4RL2', 'OR14I1', 'IMPA1', 'POLR3B', 'NPY1R', 'CBLN2', 'COL26A1', 'CRTC1', 'ZNF626']",0.07061688839225115,fold_3
4.1,cluster_id,Exc L5-6 THEMIS SMYD1,327,0.3637484586929716,0.48760330578512395,0.18042813455657492,76144,62,268,59,3,"['RTN4RL2', 'TMEM200A', 'CABLES1']","['RARRES1', 'RTN4RL2', 'TMEM200A', 'OR14I1', 'CABLES1', 'MKX', 'NPY1R', 'CRTC1', 'CBLN2', 'COL26A1']",0.09560178927175988,fold_3
4.1,cluster_id,Exc L5-6 FEZF2 OR1L8,263,0.06018724921979492,0.05454545454545454,0.10266159695817491,75802,468,236,27,5,"['HRK', 'SH3GL1', 'RNF112', 'PCYT1A', 'CABLES1']","['HRK', 'IMPA1', 'SH3GL1', 'RNF112', 'PCYT1A', 'CABLES1', 'ABTB1', 'SYT17', 'SH3BP5', 'BRSK2']",0.05521237059255407,fold_3
4.1,cluster_id,Exc L5 THEMIS LINC01116,151,0.0584385226741468,0.05030181086519115,0.16556291390728478,75910,472,126,25,6,"['CYB5A', 'FAM227A', 'IMPA1', 'IQCA1', 'PCYT1A', 'NFATC2IP']","['CYB5A', 'FAM227A', 'IMPA1', 'IQCA1', 'PCYT1A', 'NFATC2IP', 'CHRNA7', 'SCPEP1', 'LRRC3B', 'EIF4E3']",0.06674818817315578,fold_3
4.1,cluster_id,Exc L5 THEMIS RGPD6,241,0.025308917671579573,0.021000617665225447,0.14107883817427386,74707,1585,207,34,5,"['TMEM68', 'IMPA1', 'RNF112', 'CLYBL', 'COL26A1']","['TMEM68', 'IMPA1', 'RNF112', 'ABTB1', 'CLYBL', 'COL26A1', 'LRRC3B', 'ANGEL2', 'SCPEP1', 'DNAH7']",0.06108919101950619,fold_3
4.1,cluster_id,Exc L5-6 FEZF2 C9orf135-AS1,2602,0.2954830614805521,0.3509687034277198,0.18101460415065335,73060,871,2131,471,4,"['IMPA1', 'ABTB1', 'NPY1R', 'LRRC3B']","['IMPA1', 'RNF112', 'ABTB1', 'NPY1R', 'LRRC3B', 'CRTC1', 'MPZL1', 'ANGEL2', 'BRSK2', 'ZNF626']",0.0331351068564415,fold_3
4.1,cluster_id,Exc L5-6 FEZF2 FILIP1L,318,0.03877973112719752,0.03712871287128713,0.04716981132075472,75826,389,303,15,6,"['TMEM68', 'IMPA1', 'RNF112', 'SDF4', 'CABLES1', 'ABTB1']","['TMEM68', 'IMPA1', 'RNF112', 'SDF4', 'CABLES1', 'ABTB1', 'PHLDB2', 'CLYBL', 'COL26A1', 'LRRC3B']",0.05685538324058638,fold_3
4.1,cluster_id,Exc L5-6 FEZF2 SH2D1B,159,0.04692387904066736,0.045,0.05660377358490566,76183,191,150,9,6,"['IMPA1', 'RNF112', 'ARV1', 'CABLES1', 'ABTB1', 'CHRNA7']","['IMPA1', 'RNF112', 'ARV1', 'CABLES1', 'ABTB1', 'CHRNA7', 'COL26A1', 'MPZL1', 'LRRC3B', 'DNAH7']",0.04496985848111905,fold_3
4.1,cluster_id,Exc L6 FEZF2 PDYN,22,0.29411764705882354,0.6666666666666666,0.09090909090909091,76510,1,20,2,5,"['RAI14', 'GABPB1', 'HRK', 'AP2S1', 'SH3GL1']","['RAI14', 'GABPB1', 'HRK', 'AP2S1', 'UBE2Q2', 'SH3GL1', 'RNF112', 'PHLDB2', 'BRSK2', 'CLYBL']",0.35331712230125956,fold_3
4.1,cluster_id,Exc L6 FEZF2 FFAR4,106,0.3157894736842105,0.5714285714285714,0.11320754716981132,76418,9,94,12,4,"['PCOLCE2', 'ADRA2A', 'RNF112', 'MARCKSL1']","['PCOLCE2', 'ADRA2A', 'AP2S1', 'UBE2Q2', 'RNF112', 'MARCKSL1', 'NPY1R', 'ANGEL2', 'FRMD3', 'MKRN1']",0.16980525358877613,fold_3
4.1,cluster_id,Exc L6 FEZF2 PROKR2,72,0.3515625,0.6428571428571429,0.125,76456,5,63,9,4,"['PCOLCE2', 'AP2S1', 'UBE2Q2', 'IRS1']","['PCOLCE2', 'ADRA2A', 'ZNF428', 'AP2S1', 'UBE2Q2', 'IRS1', 'SYT17', 'RHBDD2', 'ZNF626', 'AZIN1']",0.12805858910451953,fold_3
4.1,cluster_id,Exc L5-6 FEZF2 CFTR,108,0.13157894736842105,0.16326530612244897,0.07407407407407407,76384,41,100,8,4,"['SDC3', 'RNF112', 'MAML3', 'ANGEL2']","['SDC3', 'IMPA1', 'RNF112', 'CABLES1', 'MAML3', 'ANGEL2', 'CBLN2', 'BRSK2', 'LRRC3B', 'NDFIP2']",0.05638527263984537,fold_3
4.1,cluster_id,Exc L6 FEZF2 KLK7,1801,0.343311506080449,0.4142212189616253,0.20377568017767908,74213,519,1434,367,3,"['TTC29', 'IMPA1', 'RNF112']","['TTC29', 'SDC3', 'PARVB', 'DYRK2', 'IMPA1', 'RNF112', 'CABLES1', 'NPY1R', 'COL26A1', 'ANGEL2']",0.07767630486028544,fold_3
4.1,cluster_id,Exc L6 FEZF2 POGK,127,0.2768729641693811,0.37777777777777777,0.13385826771653545,76378,28,110,17,3,"['PCOLCE2', 'SDC3', 'NPY1R']","['PCOLCE2', 'SDC3', 'ADRA2A', 'IMPA1', 'RNF112', 'NPY1R', 'ANGEL2', 'ZNF626', 'CRTC1', 'LRRC3B']",0.19097566173031097,fold_3
4.1,cluster_id,Exc L5 FEZF2 CSN1S1,150,0.17001545595054096,0.15384615384615385,0.29333333333333333,76141,242,106,44,4,"['LRP2', 'GRB14', 'RTN4RL2', 'MKX']","['USP2', 'FAM227A', 'LRP2', 'GRB14', 'RTN4RL2', 'MKX', 'RNF112', 'PCYT1A', 'CBLN2', 'SYT17']",0.06853523636481897,fold_3
4.1,cluster_id,Exc L3-5 FEZF2 ASGR2,620,0.599680170575693,0.7165605095541401,0.3629032258064516,75824,89,395,225,4,"['LRP2', 'GRB14', 'TMEM200A', 'IQCA1']","['FAM227A', 'LRP2', 'GRB14', 'TMEM200A', 'IQCA1', 'RNF112', 'MKX', 'CBLN2', 'CLYBL', 'COL26A1']",0.08210768508014862,fold_3
4.1,cluster_id,Exc L3-5 FEZF2 LINC01107,88,0.06147540983606557,0.06,0.06818181818181818,76351,94,82,6,6,"['CA5B', 'CTPS2', 'APBB3', 'REL', 'GRB14', 'FAM227A']","['CA5B', 'CTPS2', 'APBB3', 'REL', 'GRB14', 'FAM227A', 'IQCA1', 'CLYBL', 'CHRNA7', 'SCPEP1']",0.21755684431828842,fold_3
4.1,cluster_id,Exc L5 FEZF2 PKD2L1,280,0.2326839826839827,0.2670807453416149,0.15357142857142858,76135,118,237,43,4,"['SOX4', 'DYRK2', 'TMEM200A', 'UBE2Q2']","['SOX4', 'DYRK2', 'TMEM200A', 'GRB14', 'UBE2Q2', 'IQCA1', 'PHLDB2', 'DPY19L3', 'SCPEP1', 'LRRC3B']",0.15124682265305,fold_3
4.1,cluster_id,Exc L5 FEZF2 NREP-AS1,229,0.296229802513465,0.4024390243902439,0.14410480349344978,76255,49,196,33,4,"['ABCC4', 'DYRK2', 'TMEM200A', 'PHLDB2']","['ABCC4', 'DYRK2', 'TMEM200A', 'GRB14', 'TMEM68', 'PHLDB2', 'CABLES1', 'DPY19L3', 'SCPEP1', 'CHRNA7']",0.12080540582998082,fold_3
4.1,cluster_id,Exc L5 FEZF2 RNF144A-AS1,108,0.21052631578947367,0.23529411764705882,0.14814814814814814,76373,52,92,16,3,"['DYRK2', 'PHLDB2', 'SCPEP1']","['DYRK2', 'TMEM200A', 'PHLDB2', 'CABLES1', 'SCPEP1', 'RHOBTB3', 'DPY19L3', 'LRRC3B', 'ANGEL2', 'MMP24']",0.08321666661061915,fold_3
4.1,cluster_id,Exc L5-6 FEZF2 IFNG-AS1,753,0.36231884057971014,0.46474358974358976,0.19256308100929614,75613,167,608,145,3,"['DYRK2', 'PHLDB2', 'MARCKSL1']","['DYRK2', 'PHLDB2', 'CABLES1', 'MARCKSL1', 'DPY19L3', 'SCPEP1', 'RHOBTB3', 'ANGEL2', 'AACS', 'BRSK2']",0.07695064512021572,fold_3
4.1,cluster_id,Exc L5-6 FEZF2 LPO,117,0.10204081632653061,0.15625,0.042735042735042736,76389,27,112,5,6,"['CPVL', 'GGH', 'LMAN2L', 'DYRK2', 'PARVB', 'TMEM68']","['CPVL', 'GGH', 'LMAN2L', 'DYRK2', 'PARVB', 'TMEM68', 'PHLDB2', 'CABLES1', 'MPZL1', 'DPY19L3']",0.21643251485399545,fold_3
4.1,cluster_id,OPC L1-6 PDGFRA COL20A1,283,0.47307132459970885,0.6435643564356436,0.22968197879858657,76214,36,218,65,3,"['SDC3', 'FBXL7', 'ALK']","['SDC3', 'CABLES1', 'MPZL1', 'SYT17', 'FBXL7', 'ALK']",0.029138502285334347,fold_3
4.1,cluster_id,Oligo L3-6 OPALIN ENPP6,535,0.33647189144281364,0.3159947984395319,0.4542056074766355,75472,526,292,243,2,"['AMPD3', 'LRP2']","['AMPD3', 'MTMR10', 'LRP2', 'MYRF', 'CLIC4', 'PLD1', 'MARCKSL1', 'FBXL7', 'TMEM165', 'NT5DC1']",0.34182043945344476,fold_3
4.1,cluster_id,Oligo L2-6 OPALIN FTH1P3,2300,0.7789046653144016,0.8126984126984127,0.6678260869565218,73879,354,764,1536,1,['MYRF'],"['MYRF', 'LRP2', 'CLIC4', 'PLD1', 'MARCKSL1', 'FBXL7', 'TMEM165', 'SLC44A1', 'SLAIN1', 'NT5DC1']",0.29792133985786123,fold_3
4.1,cluster_id,Oligo L5-6 OPALIN LDLRAP1,6,0.5,1.0,0.16666666666666666,76527,0,5,1,2,"['LMAN2L', 'MYRF']","['LMAN2L', 'AMPD3', 'MYRF', 'PLD1', 'C5orf22', 'TMEM168', 'FBXL7', 'CASC3', 'TMEM165', 'DYNC1LI2']",0.5245790236819033,fold_3
4.1,cluster_id,Astro L1-6 FGFR3 AQP1,119,0.6747967479674797,0.6693548387096774,0.6974789915966386,76373,41,36,83,2,"['GFAP', 'FBXL7']","['GFAP', 'ACSS1', 'FBXL7', 'RHOBTB3']",0.31456854782442756,fold_3
4.1,cluster_id,Astro L1 FGFR3 SERPINI2,72,0.2992957746478873,0.27419354838709675,0.4722222222222222,76371,90,38,34,3,"['GFAP', 'ACSS1', 'FBXL7']","['GFAP', 'ACSS1', 'RHOBTB3', 'FBXL7', 'DNAH7']",0.3286906439463219,fold_3
4.1,cluster_id,Astro L1-6 FGFR3 PLCG1,377,0.6948356807511737,0.8604651162790697,0.3925729442970822,76132,24,229,148,2,"['CABLES1', 'FBXL7']","['EYA2', 'ACSS1', 'IQCA1', 'CABLES1', 'LRRC3B', 'FBXL7', 'RHOBTB3', 'DNAH7']",0.11056122589126144,fold_3
4.1,cluster_id,Endo L2-5 NOSTRIN SRGN,64,0.19318181818181818,0.18085106382978725,0.265625,76392,77,47,17,2,"['ENTPD1', 'FBXL7']","['ENTPD1', 'CLIC4', 'FBXL7']",0.20476724818994976,fold_3
4.1,cluster_id,VLMC L1-5 PDGFRA COLEC12,40,0.6730769230769231,0.875,0.35,76491,2,26,14,2,"['FLVCR2', 'PLD1']","['FLVCR2', 'ANTXR2', 'CPED1', 'PLD1', 'FBXL7', 'ABCA6', 'CALD1']",0.5869398068182898,fold_3
4.1,cluster_id,Micro L1-6 TYROBP CD74,108,0.7125,0.7808219178082192,0.5277777777777778,76409,16,51,57,1,['ABCC4'],"['ABCC4', 'ENTPD1', 'CPED1', 'MAML3', 'MTHFD1L']",0.6032230491253785,fold_3
4.1,cluster_id,Inh L1 LAMP5 PVRL2,94,0.10101010101010101,0.15384615384615385,0.0425531914893617,76417,22,90,4,3,"['RASSF3', 'ADAMTSL3', 'HRH1']","['RASSF3', 'HAPLN1', 'ADAMTSL3', 'HRH1', 'HDAC2', 'GABRD', 'GAD2', 'PARVA', 'SUSD1', 'WSCD2']",0.035103497921375355,fold_4
4.1,cluster_id,Inh L1 LAMP5 RAB11FIP1,246,0.19639934533551553,0.19672131147540983,0.1951219512195122,76091,196,198,48,3,"['HAPLN1', 'VCAN', 'HRH1']","['HAPLN1', 'VCAN', 'HRH1', 'GABRD', 'ADAMTSL3', 'PARVA', 'GAD2', 'HDAC2', 'SUSD1', 'TOX']",0.047121035436052325,fold_4
4.1,cluster_id,Inh L1-6 LAMP5 AARD,1539,0.6046267087276551,0.7151741293532339,0.37361923326835605,74765,229,964,575,3,"['HAPLN1', 'VCAN', 'ADAMTSL3']","['HAPLN1', 'HSBP1', 'VCAN', 'GABRD', 'ADAMTSL3', 'HRH1', 'TOX', 'GAD2', 'SUSD1']",0.03959767338292164,fold_4
4.1,cluster_id,Inh L1-6 LAMP5 NES,419,0.13357079252003562,0.17045454545454544,0.07159904534606205,75968,146,389,30,3,"['ADAMTSL3', 'GABRD', 'TOX']","['HAPLN1', 'ADAMTSL3', 'GABRD', 'TOX', 'GAD2']",0.03451726175252742,fold_4
4.1,cluster_id,Inh L1-6 LAMP5 CA1,465,0.467860048820179,0.6020942408376964,0.24731182795698925,75992,76,350,115,3,"['NGF', 'CA8', 'RND3']","['NGF', 'CA8', 'HAPLN1', 'ARHGAP6', 'ARHGAP29', 'RND3', 'TOX', 'GABRD', 'PARVA', 'ADAMTSL3']",0.2824226117667742,fold_4
4.1,cluster_id,Inh L5-6 LAMP5 CRABP1,923,0.5416826738378794,0.6714285714285714,0.3055254604550379,75472,138,641,282,2,"['HAPLN1', 'TOX']","['CA8', 'HAPLN1', 'RNFT2', 'GABRD', 'TOX', 'ADAMTSL3', 'PARVA', 'HRH1', 'GAD2', 'INTS9']",0.07433216950389299,fold_4
4.1,cluster_id,Inh L3-6 PAX6 LINC01497,84,0.25,0.3448275862068966,0.11904761904761904,76430,19,74,10,3,"['IL1RAPL2', 'FAM163B', 'ARHGAP6']","['RASSF3', 'SLC15A4', 'IL1RAPL2', 'FAM163B', 'ARHGAP6', 'ERH', 'WSCD2', 'RPL18', 'PRMT9', 'FLYWCH1']",0.0433231179060542,fold_4
4.1,cluster_id,Inh L1 PAX6 MIR101-1,139,0.5329153605015674,0.7555555555555555,0.2446043165467626,76383,11,105,34,2,"['GPC3', 'IL1RAPL2']","['GPC3', 'RASSF3', 'IL1RAPL2', 'LGI2', 'WSCD2']",0.5267694208424313,fold_4
4.1,cluster_id,Inh L1 PAX6 CHRFAM7A,185,0.05961580922941047,0.049723756906077346,0.2918918918918919,75316,1032,131,54,1,['IL1RAPL2'],['IL1RAPL2'],0.0433504740755738,fold_4
4.1,cluster_id,Inh L1-6 VIP SLC7A6OS,61,0.3939393939393939,0.5,0.21311475409836064,76459,13,48,13,5,"['HEG1', 'VCAN', 'LRIG2', 'ARHGAP6', 'FLYWCH1']","['HEG1', 'VCAN', 'LRIG2', 'ARHGAP6', 'FLYWCH1', 'PPP1R10', 'RPL18', 'IL1RAPL2', 'PLK2', 'POLR2B']",0.053608012045403886,fold_4
4.1,cluster_id,Inh L2 PAX6 FREM2,108,0.5514705882352942,0.7317073170731707,0.2777777777777778,76414,11,78,30,3,"['ZNF559-ZNF177', 'ARHGAP6', 'HAPLN1']","['RASSF3', 'ZNF559-ZNF177', 'ARHGAP6', 'ITGA7', 'JPH4', 'HAPLN1', 'WRNIP1', 'GTF2B', 'VCAN', 'SLC15A4']",0.12750593891993178,fold_4
4.1,cluster_id,Inh L1-2 VIP HTR3A,42,0.5154639175257731,0.5263157894736842,0.47619047619047616,76473,18,22,20,2,"['HTR3A', 'HAPLN1']","['HTR3A', 'HAPLN1', 'SUSD1', 'CHST15', 'IL1RAPL2', 'ANKFN1', 'CCT8']",0.37440560020354857,fold_4
4.1,cluster_id,Inh L1-2 VIP WNT4,52,0.45454545454545453,0.6,0.23076923076923078,76473,8,40,12,3,"['HTR3A', 'CLDN11', 'JPH4']","['SCML2', 'KCNK3', 'C2CD2L', 'HTR3A', 'CLDN11', 'JPH4', 'HAPLN1', 'GTF2B', 'VCAN', 'ARHGAP6']",0.11412765249440729,fold_4
4.1,cluster_id,Inh L1 LAMP5 BMP2,352,0.14273356401384082,0.1346938775510204,0.1875,75757,424,286,66,3,"['HRH1', 'GAD2', 'SUSD1']","['HRH1', 'ADAMTSL3', 'GAD2', 'SUSD1']",0.026973294118765076,fold_4
4.1,cluster_id,Inh L1 LAMP5 NMBR,193,0.21212121212121213,0.22151898734177214,0.18134715025906736,76217,123,158,35,3,"['IL1RAPL2', 'GAD2', 'SYT4']","['IL1RAPL2', 'GAD2', 'SYT4']",0.021668641732270063,fold_4
4.1,cluster_id,Inh L1 PVALB SST ASIC4,186,0.36610878661087864,0.4794520547945205,0.1881720430107527,76309,38,151,35,2,"['CHRNA6', 'IL1RAPL2']","['CHRNA6', 'IL1RAPL2', 'WSCD2', 'CHST15', 'ANKFN1', 'PLK2']",0.5215623499200873,fold_4
4.1,cluster_id,Inh L1 SST P4HA3,38,0.17647058823529413,0.18181818181818182,0.15789473684210525,76468,27,32,6,3,"['IL1RAPL2', 'ANKFN1', 'WSCD2']","['IL1RAPL2', 'ANKFN1', 'WSCD2', 'PRMT9', 'RPL18', 'ADAMTSL3', 'PLK2']",0.03427986996522316,fold_4
4.1,cluster_id,Inh L1 SST DEFB108B,223,0.3021148036253776,0.7407407407407407,0.08968609865470852,76303,7,203,20,4,"['IL1RAPL2', 'GAD2', 'AMOTL1', 'SYT4']","['IL1RAPL2', 'ANKFN1', 'GAD2', 'AMOTL1', 'SYT4']",0.02179499380822747,fold_4
4.1,cluster_id,Inh L1-3 VIP CBLN1,464,0.3421409214092141,0.39920948616600793,0.21767241379310345,75917,152,363,101,3,"['RND3', 'IL1RAPL2', 'ANKFN1']","['LGI2', 'RND3', 'IL1RAPL2', 'WSCD2', 'ANKFN1', 'PLK2']",0.02968293127132452,fold_4
4.1,cluster_id,Inh L1-2 VIP EXPH5,509,0.12553942722636327,0.12549019607843137,0.12573673870333987,75578,446,445,64,3,"['LGI2', 'WSCD2', 'IL1RAPL2']","['LGI2', 'WSCD2', 'IL1RAPL2']",0.031730366255096926,fold_4
4.1,cluster_id,Inh L1-3 VIP HSPB6,396,0.18292682926829268,0.2096069868995633,0.12121212121212122,75956,181,348,48,2,"['WSCD2', 'MAF']","['WSCD2', 'CHST15', 'MAF']",0.02878797485136013,fold_4
4.1,cluster_id,Inh L1-2 VIP PTGER3,84,0.08333333333333333,0.09259259259259259,0.05952380952380952,76400,49,79,5,5,"['CXXC5', 'CASKIN1', 'HSBP1', 'LGI2', 'NUDT21']","['CXXC5', 'CASKIN1', 'HSBP1', 'LGI2', 'NUDT21', 'RPL18', 'ERH', 'ANKFN1', 'PRMT9', 'HDAC2']",0.04535332486916833,fold_4
4.1,cluster_id,Inh L1-2 VIP SCML4,128,0.15463917525773196,0.18461538461538463,0.09375,76352,53,116,12,5,"['LGI2', 'ARFGAP3', 'RPL18', 'ANKFN1', 'PRMT9']","['LGI2', 'ARFGAP3', 'RPL18', 'ANKFN1', 'FLYWCH1', 'PRMT9', 'CCT8', 'WSCD2', 'HDHD2', 'SUSD1']",0.0393792124693415,fold_4
4.1,cluster_id,Inh L1-3 VIP FNDC1,111,0.09971509971509972,0.11666666666666667,0.06306306306306306,76369,53,104,7,5,"['LGI2', 'RPL18', 'IL1RAPL2', 'KCNA2', 'RRP8']","['LGI2', 'RPL18', 'IL1RAPL2', 'WSCD2', 'KCNA2', 'RRP8']",0.023585274259862007,fold_4
4.1,cluster_id,Inh L1-3 VIP CHRNA2,310,0.14762826718296224,0.13895216400911162,0.1967741935483871,75845,378,249,61,2,"['PLK2', 'MAF']","['LGI2', 'PLK2', 'MAF', 'ANKFN1']",0.024676579298588023,fold_4
4.1,cluster_id,Inh L2 VIP SLC6A16,288,0.18229166666666666,0.20833333333333334,0.12152777777777778,76112,133,253,35,3,"['LGI2', 'IL1RAPL2', 'ANKFN1']","['LGI2', 'IL1RAPL2', 'ANKFN1', 'SUSD1']",0.03325600389730815,fold_4
4.1,cluster_id,Inh L1 VIP KLHDC8B,95,0.11026878015161957,0.0943952802359882,0.3368421052631579,76131,307,63,32,2,"['ARHGAP29', 'VCAN']","['ARHGAP29', 'VCAN', 'SUSD1', 'ADAMTSL3']",0.051753171242467165,fold_4
4.1,cluster_id,Inh L3-5 VIP IGDCC3,390,0.2247191011235955,0.2616822429906542,0.14358974358974358,75985,158,334,56,3,"['VCAN', 'ANKFN1', 'ADAMTSL3']","['VCAN', 'RND3', 'ANKFN1', 'ADAMTSL3']",0.032549992263860586,fold_4
4.1,cluster_id,Inh L1-5 VIP SMOC1,638,0.3038897893030794,0.5033557046979866,0.11755485893416928,75821,74,563,75,2,"['VCAN', 'PLK2']","['VCAN', 'CHST15', 'PLK2']",0.04217646205537792,fold_4
4.1,cluster_id,Inh L3-5 VIP HS3ST3A1,225,0.30707610146862485,0.3511450381679389,0.20444444444444446,76223,85,179,46,3,"['VCAN', 'CHST15', 'ADAMTSL3']","['VCAN', 'RND3', 'RPL18', 'CHST15', 'WSCD2', 'ADAMTSL3', 'MAF', 'PLK2', 'SLC39A11']",0.038324816837867634,fold_4
4.1,cluster_id,Inh L5-6 VIP COL4A3,89,0.14285714285714285,0.1794871794871795,0.07865168539325842,76412,32,82,7,5,"['PRRC2A', 'VCAN', 'HSBP1', 'ARHGAP29', 'NUDT21']","['PRRC2A', 'VCAN', 'TMEM144', 'HSBP1', 'ARHGAP29', 'NUDT21', 'RPL18', 'CHST15', 'IL1RAPL2', 'CCT4']",0.0705337108459448,fold_4
4.1,cluster_id,Inh L1-5 VIP CD27-AS1,67,0.33613445378151263,0.6153846153846154,0.11940298507462686,76461,5,59,8,4,"['ARHGAP29', 'RPL18', 'ANKFN1', 'CHST15']","['ARHGAP29', 'VCAN', 'RPL18', 'ANKFN1', 'RND3', 'CHST15', 'TOX', 'ADAMTSL3', 'ENC1']",0.04756145809057876,fold_4
4.1,cluster_id,Inh L2-5 VIP BSPRY,85,0.38860103626943004,0.5555555555555556,0.17647058823529413,76436,12,70,15,4,"['ARHGAP29', 'RND3', 'ANKFN1', 'MAF']","['VCAN', 'ARHGAP29', 'RND3', 'ANKFN1', 'CHST15', 'MAF', 'ZMAT1']",0.03967721885118204,fold_4
4.1,cluster_id,Inh L2-5 VIP SOX11,116,0.14018691588785046,0.15384615384615385,0.10344827586206896,76351,66,104,12,3,"['ANKFN1', 'HDAC2', 'CHST15']","['ARL8A', 'ARFGAP3', 'RPL18', 'ANKFN1', 'HDAC2', 'CHST15', 'SUSD1', 'RRAGB', 'CCT4', 'WSCD2']",0.032871449869977525,fold_4
4.1,cluster_id,Inh L3-6 VIP ZIM2-AS1,146,0.31512605042016806,0.6521739130434783,0.10273972602739725,76379,8,131,15,3,"['ANKRD18A', 'RPL18', 'ANKFN1']","['AUP1', 'ERH', 'ANKRD18A', 'RPL18', 'ANKFN1', 'SUSD1', 'WSCD2', 'AMOTL1', 'TOX', 'RRAGB']",0.03743947736393552,fold_4
4.1,cluster_id,Inh L1-5 VIP PHLDB3,92,0.1171875,0.3333333333333333,0.03260869565217391,76435,6,89,3,2,"['RND3', 'WSCD2']","['RND3', 'WSCD2', 'ADAMTSL3', 'ANKFN1', 'CHST15', 'ZMAT1']",0.041851001895824747,fold_4
4.1,cluster_id,Inh L1-5 VIP LINC01013,127,0.1607717041800643,0.21739130434782608,0.07874015748031496,76370,36,117,10,4,"['LGI2', 'CHST15', 'AMOTL1', 'RIMKLA']","['LGI2', 'RND3', 'CHST15', 'AMOTL1', 'WSCD2', 'RIMKLA']",0.02586420804165756,fold_4
4.1,cluster_id,Inh L3-6 VIP UG0898H09,131,0.18691588785046728,0.19801980198019803,0.15267175572519084,76321,81,111,20,4,"['RND3', 'ADAMTSL3', 'WSCD2', 'ANKFN1']","['RND3', 'ADAMTSL3', 'WSCD2', 'ANKFN1', 'CHST15', 'SUSD1', 'POLR2B']",0.029858060752419906,fold_4
4.1,cluster_id,Inh L3-5 VIP TAC3,367,0.13400988810824876,0.11852704257767549,0.28065395095367845,75400,766,264,103,2,"['RND3', 'ANKFN1']","['RND3', 'ANKFN1']",0.03900093228347,fold_4
4.1,cluster_id,Inh L1-6 SST NPY,67,0.5142857142857142,0.6666666666666666,0.26865671641791045,76457,9,49,18,1,['IL1RAPL2'],"['MAGOH', 'PTCHD1', 'IL1RAPL2', 'ANKRD18A', 'CACNA2D2', 'RPL18', 'HRH1', 'PARVA', 'TOX', 'SYT4']",0.056018158179674066,fold_4
4.1,cluster_id,Inh L3-5 SST CDH3,81,0.04827586206896552,0.043478260869565216,0.08641975308641975,76298,154,74,7,3,"['ADAMTSL3', 'TSHZ3', 'MRPL41']","['ADAMTSL3', 'TSHZ3', 'MRPL41']",0.027075012868886847,fold_4
4.1,cluster_id,Inh L5 SST RPL35AP11,764,0.22707858769931663,0.20383386581469648,0.4175392670157068,74523,1246,445,319,2,"['ADAMTSL3', 'TSHZ3']","['ADAMTSL3', 'TSHZ3']",0.02974328612613103,fold_4
4.1,cluster_id,Inh L5-6 SST ISX,394,0.21079258010118043,0.25252525252525254,0.12690355329949238,75991,148,344,50,4,"['RND3', 'RPL18', 'ADAMTSL3', 'TSHZ3']","['RND3', 'RPL18', 'ADAMTSL3', 'DNAJC21', 'TSHZ3', 'CCT4', 'KCNA2']",0.028701847614917887,fold_4
4.1,cluster_id,Inh L5-6 PVALB SST CRHR2,218,0.36324786324786323,0.4214876033057851,0.23394495412844038,76245,70,167,51,3,"['ALDH1A3', 'LGI2', 'RND3']","['ALDH1A3', 'HSBP1', 'LGI2', 'RND3', 'ANKRD18A', 'PARVA', 'KCNA2', 'DNAJC21', 'TSHZ3', 'ADAMTSL3']",0.04538600884837884,fold_4
4.1,cluster_id,Inh L3-5 SST OR5AH1P,242,0.11523046092184369,0.12169312169312169,0.09504132231404959,76125,166,219,23,3,"['ADAMTSL3', 'SPATS2L', 'CHST15']","['ADAMTSL3', 'TSHZ3', 'DNAJC21', 'SPATS2L', 'CHST15']",0.021971849376044513,fold_4
4.1,cluster_id,Inh L3-5 SST GGTLC3,1154,0.26742899299151607,0.2717900656044986,0.2512998266897747,74602,777,864,290,2,"['ADAMTSL3', 'TSHZ3']","['ADAMTSL3', 'TSHZ3', 'TLE4']",0.02848824246309844,fold_4
4.1,cluster_id,Inh L2-3 SST NMU,419,0.08934480476505625,0.0989010989010989,0.06443914081145585,75868,246,392,27,3,"['CACNA2D2', 'TSHZ3', 'KCNA2']","['CACNA2D2', 'DNAJC21', 'TSHZ3', 'KCNA2']",0.026469863119524952,fold_4
4.1,cluster_id,Inh L5-6 SST PAWR,194,0.11964735516372796,0.12666666666666668,0.0979381443298969,76208,131,175,19,4,"['RND3', 'ADAMTSL3', 'TLE4', 'MRPL41']","['CACNA2D2', 'RND3', 'ADAMTSL3', 'TLE4', 'MRPL41', 'TSHZ3', 'SPATS2L']",0.02629387901819247,fold_4
4.1,cluster_id,Inh L5-6 SST PIK3CD,129,0.21141649048625794,0.23255813953488372,0.15503875968992248,76338,66,109,20,3,"['VCAN', 'RND3', 'TSHZ3']","['VCAN', 'RND3', 'PARVA', 'ADAMTSL3', 'ZMAT1', 'TSHZ3', 'TLE4']",0.034388545701642154,fold_4
4.1,cluster_id,Inh L1-2 SST CCNJL,320,0.25712025316455694,0.2754237288135593,0.203125,76042,171,255,65,2,"['ANKFN1', 'TIAM1']","['ANKFN1', 'MRPL41', 'TIAM1']",0.024028613595412057,fold_4
4.1,cluster_id,Inh L1-3 SST FAM20A,1069,0.21629567408651826,0.31402439024390244,0.09635173058933583,75239,225,966,103,1,['MMP17'],"['MMP17', 'TSHZ3']",0.021674562001269417,fold_4
4.1,cluster_id,Inh L1-2 SST PRRT4,376,0.11618589743589744,0.10943396226415095,0.15425531914893617,75685,472,318,58,2,"['RND3', 'HRH1']","['RND3', 'HRH1']",0.02129763006713981,fold_4
4.1,cluster_id,Inh L5-6 SST BEAN1,76,0.09259259259259259,0.25,0.02631578947368421,76451,6,74,2,4,"['RND3', 'CACNA2D2', 'HDHD2', 'GABRD']","['RND3', 'CACNA2D2', 'HDHD2', 'GABRD']",0.038134554770888396,fold_4
4.1,cluster_id,Inh L5-6 SST DNAJC14,35,0.21052631578947367,0.26666666666666666,0.11428571428571428,76487,11,31,4,6,"['GNAI2', 'PRDX1', 'CHMP5', 'POLR1A', 'HSBP1', 'ARHGAP6']","['GNAI2', 'PRDX1', 'CHMP5', 'POLR1A', 'HSBP1', 'ARHGAP6', 'RND3', 'CACNA2D2', 'UCHL3', 'RNFT2']",0.10631593378856488,fold_4
4.1,cluster_id,Inh L5-6 SST C4orf26,93,0.20725388601036268,0.32,0.08602150537634409,76423,17,85,8,5,"['RAB27A', 'GNAI2', 'PRDX1', 'ENOPH1', 'CHMP5']","['RAB27A', 'GNAI2', 'RNF187', 'PRDX1', 'ENOPH1', 'CHMP5', 'HSBP1', 'ARHGAP6', 'ERH', 'CACNA2D2']",0.1595057229171516,fold_4
4.1,cluster_id,Inh L5-6 SST FBN2,100,0.1404494382022472,0.15625,0.1,76379,54,90,10,3,"['RAB27A', 'CACNA2D2', 'TSHZ3']","['RAB27A', 'CACNA2D2', 'ADAMTSL3', 'TSHZ3']",0.04619521204053108,fold_4
4.1,cluster_id,Inh L5-6 SST KLHL1,188,0.21205357142857142,0.2923076923076923,0.10106382978723404,76299,46,169,19,3,"['RAB27A', 'HSBP1', 'ARHGAP6']","['RAB27A', 'HSBP1', 'ARHGAP6', 'CACNA2D2', 'RPL18', 'NUDT21', 'ADAMTSL3', 'TSHZ3']",0.07634575660607257,fold_4
4.1,cluster_id,Inh L6 SST TH,84,0.1650943396226415,0.21875,0.08333333333333333,76424,25,77,7,5,"['GNAI2', 'PRDX1', 'ZNF585B', 'VCAN', 'CACNA2D2']","['GNAI2', 'PRDX1', 'ZNF585B', 'CHMP5', 'VCAN', 'CACNA2D2', 'DAB2IP', 'STXBP4', 'RND3', 'SYT4']",0.07873102658730363,fold_4
4.1,cluster_id,Inh L5-6 PVALB KCNIP2,108,0.19957983193277312,0.20652173913043478,0.17592592592592593,76352,73,89,19,4,"['KCNS3', 'TMEM144', 'ARHGAP6', 'CACNA2D2']","['BIVM', 'KCNS3', 'CASKIN1', 'TMEM144', 'ARHGAP6', 'CACNA2D2', 'SERPINB9', 'RNFT2', 'RND3', 'RILPL1']",0.05718574018544817,fold_4
4.1,cluster_id,Inh L5-6 PVALB ZFPM2-AS1,563,0.146650200679222,0.14200298953662183,0.16873889875666073,75396,574,468,95,4,"['KCNS3', 'CACNA2D2', 'LGI2', 'RNFT2']","['KCNS3', 'CASKIN1', 'CACNA2D2', 'LGI2', 'RND3', 'RNFT2', 'ANKRD18A', 'RINT1', 'PPP1R10', 'DNAJC21']",0.044869006103292,fold_4
4.1,cluster_id,Inh L3-5 PVALB ISG20,254,0.3371868978805395,0.35714285714285715,0.2755905511811024,76153,126,184,70,4,"['CORIN', 'GMPR', 'NGF', 'RASSF3']","['CORIN', 'GMPR', 'PDLIM7', 'NGF', 'RASSF3', 'KCNS3', 'ACAD8', 'HAPLN1', 'SERPINB9', 'LGI2']",0.38137594283505566,fold_4
4.1,cluster_id,Inh L5 PVALB LRIG3,631,0.2743221690590112,0.2747603833865815,0.27258320126782887,75448,454,459,172,3,"['GMPR', 'KCNS3', 'ARHGAP6']","['GMPR', 'KCNS3', 'HAPLN1', 'ARHGAP6', 'SERPINB9', 'LGI2', 'ARHGAP29', 'CACNA2D2', 'ANKRD18A', 'PARVA']",0.10118913253995575,fold_4
4.1,cluster_id,Inh L2-5 PVALB HHIPL1,456,0.1425233644859813,0.14489311163895488,0.1337719298245614,75717,360,395,61,5,"['COMMD6', 'HAPLN1', 'SERPINB9', 'ARHGAP29', 'CACNA2D2']","['KCNS3', 'COMMD6', 'HAPLN1', 'SERPINB9', 'ARHGAP29', 'CACNA2D2', 'LGI2', 'ANKRD18A', 'PARVA', 'GABRD']",0.0422130801385738,fold_4
4.1,cluster_id,Inh L2-5 PVALB RPH3AL,3253,0.42429565569893923,0.4350536889504676,0.3861051337227175,71649,1631,1997,1256,2,"['KCNS3', 'LGI2']","['KCNS3', 'HAPLN1', 'CASKIN1', 'LGI2', 'CACNA2D2', 'SERPINB9', 'ARHGAP29', 'ANKRD18A', 'DNAJC21', 'GABRD']",0.08220696580454089,fold_4
4.1,cluster_id,Inh L3 PVALB SAMD13,1326,0.322248381400824,0.42277992277992277,0.16515837104072398,74908,299,1107,219,3,"['LGI2', 'ARHGAP6', 'DNAJC21']","['HAPLN1', 'SERPINB9', 'LGI2', 'ARHGAP6', 'DNAJC21', 'CACNA2D2', 'ARHGAP29', 'GABRD', 'ANKRD18A', 'FLYWCH1']",0.04544573747078437,fold_4
4.1,cluster_id,Inh L1-2 PVALB CDK20,123,0.09623797025371829,0.08627450980392157,0.17886178861788618,76177,233,101,22,4,"['NGF', 'KCNS3', 'FAM163B', 'ARHGAP29']","['NGF', 'KCNS3', 'CASKIN1', 'FAM163B', 'ARHGAP29', 'CACNA2D2', 'RND3', 'RINT1', 'PARVA', 'DNAJC21']",0.08577622614610916,fold_4
4.1,cluster_id,Inh L2 PVALB FRZB,107,0.16393442622950818,0.3157894736842105,0.056074766355140186,76413,13,101,6,4,"['KCNS3', 'FAM163B', 'LGI2', 'AMOTL1']","['KCNS3', 'FAM163B', 'LGI2', 'CACNA2D2', 'DNAJC21', 'AMOTL1', 'GABRD', 'HRH1', 'CCT8', 'FAM162A']",0.042257029217285066,fold_4
4.1,cluster_id,Inh L1-2 SST CLIC6,194,0.18608414239482202,0.2169811320754717,0.11855670103092783,76256,83,171,23,3,"['CACNA2D2', 'TSHZ3', 'NDST3']","['CACNA2D2', 'DNAJC21', 'TSHZ3', 'AMOTL1', 'NDST3']",0.02779604453919512,fold_4
4.1,cluster_id,Inh L5-6 PVALB GAPDHP60,138,0.32945736434108525,0.5666666666666667,0.12318840579710146,76382,13,121,17,5,"['TMEM144', 'ARHGAP6', 'LGI2', 'CACNA2D2', 'ANKRD18A']","['TMEM144', 'ARHGAP6', 'LGI2', 'CACNA2D2', 'RND3', 'ANKRD18A', 'INTS9', 'FAM162A', 'CCT8', 'GAD2']",0.048900561818039465,fold_4
4.1,cluster_id,Inh L5-6 PVALB FAM150B,111,0.2511415525114155,0.4074074074074074,0.0990990990990991,76406,16,100,11,5,"['TMEM144', 'ARHGAP6', 'SERPINB9', 'LGI2', 'RND3']","['TMEM144', 'ARHGAP6', 'SERPINB9', 'LGI2', 'RND3', 'CACNA2D2', 'IL1RAPL2', 'ANKRD18A', 'FLYWCH1', 'DNAJC21']",0.044734743351750844,fold_4
4.1,cluster_id,Inh L5-6 PVALB MEPE,230,0.3185595567867036,0.37398373983739835,0.2,76226,77,184,46,4,"['ARHGAP6', 'RND3', 'ANKRD18A', 'IL1RAPL2']","['KCNS3', 'ARHGAP6', 'CACNA2D2', 'RND3', 'ANKRD18A', 'IL1RAPL2', 'GABRD', 'DNAJC21', 'FAM162A', 'KCNA2']",0.037947074201452574,fold_4
4.1,cluster_id,Inh L1-6 PVALB COL15A1,288,0.6703629032258065,0.7556818181818182,0.4618055555555556,76202,43,155,133,2,"['CA8', 'TRPS1']","['CA8', 'GABRD', 'ARHGAP29', 'ARHGAP6', 'RND3', 'TRPS1', 'LDLRAD3', 'TOX']",0.26446443197346864,fold_4
4.1,cluster_id,Exc L2 LAMP5 KCNG3,261,0.09870918754745633,0.09848484848484848,0.09961685823754789,76034,238,235,26,3,"['MMP17', 'FAM131A', 'ENC1']","['STXBP4', 'MYH9', 'MMP17', 'FAM131A', 'INPP5A', 'ENC1', 'LDLRAD3', 'RRP8', 'NDST3', 'PLK2']",0.045286346605590846,fold_4
4.1,cluster_id,Exc L2 LINC00507 ATP7B,183,0.22123893805309736,0.38461538461538464,0.08196721311475409,76326,24,168,15,4,"['PXN', 'PTCHD1', 'RILPL1', 'MYH9']","['PXN', 'PTCHD1', 'RILPL1', 'STXBP4', 'LDLRAD3', 'MYH9', 'INPP5A', 'ARFGAP3', 'MMP17', 'KCNIP3']",0.05763760340365312,fold_4
4.1,cluster_id,Exc L2 LINC00507 GLRA3,12485,0.6635455587477856,0.6520149199151613,0.7140568682418903,59290,4758,3570,8915,1,['ENC1'],"['MYH9', 'RILPL1', 'NDEL1', 'FAM131A', 'ENC1', 'LDLRAD3', 'MMP17', 'KCNIP3', 'TOLLIP', 'INPP5A']",0.03270082360789226,fold_4
4.1,cluster_id,Exc L2-3 RORB RTKN2,1211,0.08887896382313533,0.0797275641025641,0.16432700247729148,73025,2297,1012,199,4,"['PRDM8', 'FZD6', 'SERPINB9', 'DAB2IP']","['ITGB3BP', 'PRDM8', 'FZD6', 'SERPINB9', 'DAB2IP', 'STXBP4', 'MYH9', 'LDLRAD3', 'MMP17', 'ENC1']",0.04265807386402886,fold_4
4.1,cluster_id,Exc L2-3 LINC00507 DSG3,1088,0.12237128353879623,0.12195121951219512,0.12408088235294118,74473,972,953,135,5,"['ITGA7', 'CNTN2', 'SERPINB9', 'NDEL1', 'FAM131A']","['ITGA7', 'CNTN2', 'ACAD8', 'SERPINB9', 'NDEL1', 'FAM131A', 'MYH9', 'LDLRAD3', 'FLYWCH1', 'TOLLIP']",0.04304149308892521,fold_4
4.1,cluster_id,Exc L3 LAMP5 CARM1P1,4044,0.3069709837225761,0.38236914600550964,0.17161226508407518,71368,1121,3350,694,4,"['KLF13', 'ITGA7', 'CNTN2', 'ACAD8']","['KLF13', 'ITGA7', 'CNTN2', 'NBPF12', 'COA6', 'ACAD8', 'SERPINB9', 'DAB2IP', 'MYH9', 'LDLRAD3']",0.08257840756516377,fold_4
4.1,cluster_id,Oligo L2-6 OPALIN MAP6D1,101,0.03619007657610406,0.029262086513994912,0.6831683168316832,74143,2289,32,69,2,"['UGT8', 'CLDN11']","['FAM124A', 'ITGA2', 'UGT8', 'CLDN11', 'CLIC4', 'CNTN2', 'TMEM144', 'MYH9', 'TTL', 'ENC1']",0.13412001674804996,fold_4
4.1,cluster_id,Exc L2-3 RORB CCDC68,3331,0.4478018981127959,0.5627141877998629,0.24647253077154008,72564,638,2510,821,3,"['PRPS2', 'RASSF3', 'PRDM8']","['PRPS2', 'RASSF3', 'PRDM8', 'LIPA', 'RILPL1', 'DAB2IP', 'MYH9', 'IL1RAPL2', 'MMP17', 'GABRD']",0.16579640693736886,fold_4
4.1,cluster_id,Exc L2-3 RORB PTPN3,1628,0.06060380725758477,0.05516074450084602,0.10012285012285012,72113,2792,1465,163,3,"['PRDM8', 'LIPA', 'RILPL1']","['PRDM8', 'LIPA', 'RILPL1', 'MYH9', 'LDLRAD3', 'KCNIP3', 'MMP17', 'GABRD', 'TOX', 'WSCD2']",0.033813114788196624,fold_4
4.1,cluster_id,Exc L3 THEMIS ENPEP,785,0.04010584635739684,0.03431199151043509,0.12356687898089172,73018,2730,688,97,5,"['COA6', 'SERPINB9', 'DAB2IP', 'LIPA', 'MYH9']","['COA6', 'IQCH', 'SERPINB9', 'DAB2IP', 'LIPA', 'MYH9', 'LDLRAD3', 'HRH1', 'KCNIP3', 'RINT1']",0.03284415780309332,fold_4
4.1,cluster_id,Exc L3-5 RORB TNNT2,535,0.05763688760806916,0.052313883299798795,0.09719626168224299,75056,942,483,52,6,"['ITGB3BP', 'PRDM8', 'FAM163B', 'LIPA', 'RILPL1', 'IL1RAPL2']","['ITGB3BP', 'PRDM8', 'FAM163B', 'LIPA', 'RILPL1', 'IL1RAPL2', 'MYH9', 'LDLRAD3', 'HRH1', 'MMP17']",0.03955607812410777,fold_4
4.1,cluster_id,Exc L3-5 RORB LAMA4,250,0.07219251336898395,0.06666666666666667,0.108,75905,378,223,27,4,"['PRDM8', 'IQCH', 'SERPINB9', 'IL1RAPL2']","['PRDM8', 'IQCH', 'FZD6', 'SERPINB9', 'DAB2IP', 'IL1RAPL2', 'MYH9', 'MMP17', 'PARVA', 'LDLRAD3']",0.05153417987599239,fold_4
4.1,cluster_id,Exc L5 THEMIS VILL,216,0.03020446096654275,0.026859504132231406,0.06018518518518518,75846,471,203,13,5,"['KLF13', 'CNTN2', 'ACAD8', 'PRDM8', 'UCHL3']","['KLF13', 'CNTN2', 'ACAD8', 'PRDM8', 'SERPINB9', 'UCHL3', 'IL1RAPL2', 'STXBP4', 'LDLRAD3', 'MMP17']",0.07021734603696062,fold_4
4.1,cluster_id,Exc L3 RORB OTOGL,2134,0.30666404560644783,0.31044776119402984,0.2924086223055295,73013,1386,1510,624,4,"['FAM163B', 'LIPA', 'IL1RAPL2', 'LDLRAD3']","['PRDM8', 'FAM163B', 'LIPA', 'IL1RAPL2', 'LDLRAD3', 'TOLLIP', 'MYH9', 'RPL18', 'MMP17', 'KCNIP3']",0.047768442093906384,fold_4
4.1,cluster_id,Exc L3-5 RORB LINC01202,640,0.18365817091454273,0.1932938856015779,0.153125,75484,409,542,98,4,"['IL1RAPL2', 'TOLLIP', 'MYH9', 'MMP17']","['FAM163B', 'IL1RAPL2', 'TOLLIP', 'MYH9', 'LIPA', 'MMP17', 'TOX', 'KCNIP3', 'LDLRAD3', 'HRH1']",0.03796234799665943,fold_4
4.1,cluster_id,Exc L5 THEMIS SLC22A18,1824,0.39029535864978904,0.4111111111111111,0.32456140350877194,73861,848,1232,592,6,"['COA6', 'PRDM8', 'LIPA', 'FAM163B', 'LDLRAD3', 'PARVA']","['COA6', 'PRDM8', 'LIPA', 'FAM163B', 'LDLRAD3', 'PARVA', 'IL1RAPL2', 'HRH1', 'ANKRD18A', 'TOX']",0.049616655223161985,fold_4
4.1,cluster_id,Exc L5-6 THEMIS TNFAIP6,1132,0.10267857142857142,0.09878310665712241,0.12190812720848057,74142,1259,994,138,5,"['COA6', 'FAM163B', 'LIPA', 'LDLRAD3', 'HRH1']","['COA6', 'FAM163B', 'LIPA', 'LDLRAD3', 'IL1RAPL2', 'HRH1', 'MYH9', 'PARVA', 'PPP1R10', 'KCNIP3']",0.03510688416526289,fold_4
4.1,cluster_id,Exc L3-5 RORB LNX2,4631,0.6330538517809915,0.684931506849315,0.48585618656877566,70867,1035,2381,2250,3,"['LIPA', 'ARHGAP29', 'IL1RAPL2']","['PRDM8', 'PTCHD1', 'FAM163B', 'LIPA', 'ARHGAP29', 'IL1RAPL2', 'PARVA', 'LDLRAD3', 'TOLLIP', 'KCNIP3']",0.03531653005121634,fold_4
4.1,cluster_id,Exc L3-5 RORB RPRM,1231,0.29957668511885377,0.4,0.14947197400487408,75026,276,1047,184,2,"['FAM163B', 'TOLLIP']","['RNF187', 'FAM163B', 'FZD6', 'TOLLIP', 'ARHGAP29', 'LDLRAD3', 'IL1RAPL2', 'MMP17', 'KCNA2', 'TOX']",0.05905715576920958,fold_4
4.1,cluster_id,Exc L5 RORB MED8,309,0.11947863866763216,0.12313432835820895,0.10679611650485436,75989,235,276,33,5,"['CXXC5', 'FAM163B', 'IL1RAPL2', 'RILPL1', 'LDLRAD3']","['CXXC5', 'FAM163B', 'PRDM8', 'IL1RAPL2', 'RILPL1', 'LDLRAD3', 'MYH9', 'TOLLIP', 'RPL18', 'TOX']",0.04539129824775314,fold_4
4.1,cluster_id,Exc L5 THEMIS FGF10,147,0.03858520900321544,0.03409090909090909,0.08163265306122448,76046,340,135,12,6,"['CHMP5', 'FAM163B', 'UCHL3', 'IL1RAPL2', 'RILPL1', 'STXBP4']","['CHMP5', 'FAM163B', 'UCHL3', 'IL1RAPL2', 'RILPL1', 'STXBP4', 'TOX', 'HRH1', 'LDLRAD3', 'MYH9']",0.036581477399350436,fold_4
4.1,cluster_id,Exc L6 THEMIS LINC00343,905,0.0651863923405989,0.06393606393606394,0.0707182320441989,74691,937,841,64,5,"['JPH4', 'COA6', 'FAM118B', 'NDEL1', 'LIPA']","['JPH4', 'COA6', 'FAM118B', 'NDEL1', 'LIPA', 'MYH9', 'IL1RAPL2', 'HRH1', 'HDAC2', 'KCNIP3']",0.09078259522011141,fold_4
4.1,cluster_id,Exc L6 THEMIS SLN,436,0.037677304964539006,0.03736263736263736,0.0389908256880734,75659,438,419,17,6,"['CEP89', 'JPH4', 'COA6', 'IQCH', 'RILPL1', 'ARFGAP3']","['CEP89', 'JPH4', 'COA6', 'IQCH', 'RILPL1', 'ARFGAP3', 'MYH9', 'GAK', 'HRH1', 'KCNIP3']",0.07490630214770991,fold_4
4.1,cluster_id,Exc L6 THEMIS SNTG2,488,0.07183908045977011,0.0680786686838124,0.09221311475409837,75429,616,443,45,6,"['COA6', 'JPH4', 'FAM118B', 'PRDM8', 'PTCHD1', 'MYH9']","['COA6', 'JPH4', 'FAM118B', 'PRDM8', 'PTCHD1', 'MYH9', 'STXBP4', 'IL1RAPL2', 'LIPA', 'LDLRAD3']",0.07230330845578586,fold_4
4.1,cluster_id,Exc L5-6 THEMIS SMYD1,327,0.11152416356877323,0.15,0.05504587155963303,76104,102,309,18,6,"['NUP85', 'CEP89', 'FAM118B', 'JPH4', 'ITGA7', 'MMP17']","['NUP85', 'CEP89', 'FAM118B', 'JPH4', 'ITGA7', 'MMP17', 'RILPL1', 'ARFGAP3', 'INPP5A', 'GAK']",0.11570726275021953,fold_4
4.1,cluster_id,Exc L5-6 FEZF2 OR1L8,263,0.35135135135135137,0.5342465753424658,0.1482889733840304,76236,34,224,39,5,"['PXN', 'TMEM144', 'PTCHD1', 'FZD6', 'ARHGAP6']","['PXN', 'CD55', 'TMEM144', 'PTCHD1', 'FZD6', 'ARHGAP6', 'FAM163B', 'INPP5A', 'TLE4', 'ANKRD18A']",0.05084830478381567,fold_4
4.1,cluster_id,Exc L5 THEMIS LINC01116,151,0.205607476635514,0.22916666666666666,0.1456953642384106,76308,74,129,22,5,"['ITGA7', 'FZD6', 'IQCH', 'TMEM144', 'ANKRD18A']","['ITGA7', 'FZD6', 'IQCH', 'TMEM144', 'SERPINB9', 'ANKRD18A', 'TLE4', 'PARVA', 'PRMT9', 'LDLRAD3']",0.06707063972531693,fold_4
4.1,cluster_id,Exc L5 THEMIS RGPD6,241,0.07617504051863858,0.06610407876230662,0.1950207468879668,75628,664,194,47,5,"['ITGA7', 'FZD6', 'IQCH', 'ANKRD18A', 'DAB2IP']","['ITGA7', 'FZD6', 'IQCH', 'ANKRD18A', 'SERPINB9', 'DAB2IP', 'TLE4', 'PARVA', 'MMP17', 'TOX']",0.054435027839079116,fold_4
4.1,cluster_id,Exc L5-6 FEZF2 C9orf135-AS1,2602,0.5589326189985576,0.6109234234234234,0.4169869331283628,73240,691,1517,1085,3,"['ANKRD18A', 'TLE4', 'MMP17']","['FZD6', 'PTCHD1', 'ANKRD18A', 'TLE4', 'MMP17', 'FAM131A', 'PARVA', 'KCNIP3', 'TOX', 'HRH1']",0.03645372237301239,fold_4
4.1,cluster_id,Exc L5-6 FEZF2 FILIP1L,318,0.10842779694430754,0.09411764705882353,0.27672955974842767,75368,847,230,88,5,"['FZD6', 'PTCHD1', 'TLE4', 'MMP17', 'PARVA']","['FZD6', 'PTCHD1', 'TLE4', 'ANKRD18A', 'MMP17', 'PARVA', 'KCNIP3', 'LDLRAD3', 'HRH1', 'TOX']",0.037330181653237746,fold_4
4.1,cluster_id,Exc L5-6 FEZF2 SH2D1B,159,0.15795868772782504,0.1566265060240964,0.16352201257861634,76234,140,133,26,5,"['FZD6', 'PTCHD1', 'UCHL3', 'TLE4', 'KCNIP3']","['FZD6', 'PTCHD1', 'UCHL3', 'ANKRD18A', 'TLE4', 'KCNIP3', 'PARVA', 'MMP17', 'HRH1', 'TOX']",0.04645821736240362,fold_4
4.1,cluster_id,Exc L6 FEZF2 PDYN,22,0.47619047619047616,0.8,0.18181818181818182,76510,1,18,4,3,"['EXOSC9', 'SLC15A5', 'ITGA7']","['EXOSC9', 'SLC15A5', 'PXN', 'CD55', 'ITGA7', 'FZD6', 'ARHGAP6', 'INPP5A', 'HRH1', 'TLE4']",0.3294437500801425,fold_4
4.1,cluster_id,Exc L6 FEZF2 FFAR4,106,0.4012345679012346,0.9285714285714286,0.12264150943396226,76426,1,93,13,2,"['SLC15A5', 'CDH24']","['SLC15A5', 'CDH24', 'PTCHD1', 'ERH', 'FAM163B', 'ARHGAP6', 'HRH1', 'ADAMTSL3', 'TLE4', 'KCNIP3']",0.2801133713099772,fold_4
4.1,cluster_id,Exc L6 FEZF2 PROKR2,72,0.6111111111111112,0.8148148148148148,0.3055555555555556,76456,5,50,22,3,"['SLC15A5', 'CD55', 'VCAN']","['COLEC10', 'SLC15A5', 'CDH24', 'CD55', 'VCAN', 'FAM163B', 'FZD6', 'ARHGAP6', 'TLE4', 'TOLLIP']",0.25827371836843277,fold_4
4.1,cluster_id,Exc L5-6 FEZF2 CFTR,108,0.10294117647058823,0.1206896551724138,0.06481481481481481,76374,51,101,7,5,"['TMEM144', 'FAM131A', 'ERH', 'FAM163B', 'TLE4']","['TMEM144', 'FAM131A', 'ERH', 'FAM163B', 'ARHGAP29', 'TLE4', 'TOLLIP', 'ARHGAP22', 'KCNIP3', 'INPP5A']",0.04047761942769125,fold_4
4.1,cluster_id,Exc L6 FEZF2 KLK7,1801,0.6497268664128456,0.7405660377358491,0.43586896168795114,74457,275,1016,785,2,"['LRAT', 'TMEM144']","['LRAT', 'CDH24', 'TMEM144', 'KCNIP3', 'ARHGAP29', 'FAM131A', 'TLE4', 'PARVA', 'ARHGAP22', 'HRH1']",0.23654581291544186,fold_4
4.1,cluster_id,Exc L6 FEZF2 POGK,127,0.14677103718199608,0.15625,0.11811023622047244,76325,81,112,15,4,"['LRAT', 'BCL7A', 'CDH24', 'ARPC5']","['LRAT', 'BCL7A', 'CDH24', 'ARPC5', 'FAM163B', 'KCNIP3', 'TLE4', 'MYH9', 'RPL18', 'TOLLIP']",0.3435262641856811,fold_4
4.1,cluster_id,Exc L5 FEZF2 CSN1S1,150,0.13925729442970822,0.1390728476821192,0.14,76253,130,129,21,5,"['SH2D3C', 'C16orf46', 'ASAP3', 'ITGA7', 'PTCHD1']","['SH2D3C', 'C16orf46', 'ASAP3', 'ITGA7', 'PTCHD1', 'FZD6', 'CACNA2D2', 'TOX', 'ADAMTSL3', 'LDLRAD3']",0.3317366668518245,fold_4
4.1,cluster_id,Exc L3-5 FEZF2 ASGR2,620,0.606694560669456,0.718266253869969,0.3741935483870968,75822,91,388,232,4,"['ITGA7', 'PTCHD1', 'IQCH', 'ADAMTSL3']","['ASAP3', 'ITGA7', 'PTCHD1', 'FZD6', 'IQCH', 'ADAMTSL3', 'ANKRD18A', 'KCNIP3', 'LDLRAD3', 'SLC39A11']",0.0803144267152699,fold_4
4.1,cluster_id,Exc L3-5 FEZF2 LINC01107,88,0.21067415730337077,0.22388059701492538,0.17045454545454544,76393,52,73,15,5,"['ASAP3', 'ITGA7', 'FZD6', 'IQCH', 'PTCHD1']","['PRPS2', 'ASAP3', 'ITGA7', 'FZD6', 'IQCH', 'PTCHD1', 'ADAMTSL3', 'DAB2IP', 'LDLRAD3', 'INTS9']",0.10484508439846174,fold_4
4.1,cluster_id,Exc L5 FEZF2 PKD2L1,280,0.2927215189873418,0.42045454545454547,0.13214285714285715,76202,51,243,37,5,"['FAM124A', 'DAB2IP', 'ARHGAP29', 'LGI2', 'ANKRD18A']","['FAM124A', 'DAB2IP', 'ARHGAP29', 'STXBP4', 'LGI2', 'ANKRD18A', 'TLE4', 'TOX', 'RINT1', 'ADAMTSL3']",0.03869214945629515,fold_4
4.1,cluster_id,Exc L5 FEZF2 NREP-AS1,229,0.13916500994035785,0.13125,0.18340611353711792,76026,278,187,42,5,"['TMEM144', 'ARHGAP29', 'SLC15A4', 'STXBP4', 'DAB2IP']","['TRIM66', 'TMEM144', 'ARHGAP29', 'SLC15A4', 'STXBP4', 'DAB2IP', 'ANKRD18A', 'TLE4', 'TOX', 'ADAMTSL3']",0.03888343644086568,fold_4
4.1,cluster_id,Exc L5 FEZF2 RNF144A-AS1,108,0.1524390243902439,0.15625,0.1388888888888889,76344,81,93,15,5,"['ARHGAP29', 'STXBP4', 'FAM163B', 'SLC15A4', 'TLE4']","['ARHGAP29', 'UCHL3', 'STXBP4', 'FAM163B', 'SLC15A4', 'TLE4', 'ANKRD18A', 'TOX', 'TSHZ3', 'HDHD2']",0.03750730310828286,fold_4
4.1,cluster_id,Exc L5-6 FEZF2 IFNG-AS1,753,0.34970635344367323,0.46785714285714286,0.17397078353253653,75631,149,622,131,4,"['SLC15A4', 'ARHGAP29', 'TLE4', 'ANKRD18A']","['TMEM144', 'SLC15A4', 'ARHGAP29', 'STXBP4', 'TLE4', 'ANKRD18A', 'TOX', 'TSHZ3', 'ADAMTSL3', 'FAM162A']",0.033476071606107494,fold_4
4.1,cluster_id,Exc L5-6 FEZF2 LPO,117,0.35555555555555557,0.5925925925925926,0.13675213675213677,76405,11,101,16,6,"['SOX7', 'TMEM144', 'ARHGAP6', 'FAM163B', 'ARHGAP29', 'DAB2IP']","['SOX7', 'TMEM144', 'ARHGAP6', 'FAM163B', 'ARHGAP29', 'DAB2IP', 'TLE4', 'FAM162A', 'WSCD2', 'ANKFN1']",0.035283545507603556,fold_4
4.1,cluster_id,OPC L1-6 PDGFRA COL20A1,283,0.8228571428571428,0.972972972972973,0.508833922261484,76246,4,139,144,2,"['OLIG2', 'VCAN']","['AFAP1L2', 'OLIG2', 'PON2', 'VCAN', 'LDLRAD3', 'ARHGAP22', 'TLE4', 'TOX', 'NFIA']",0.38820352061320024,fold_4
4.1,cluster_id,Oligo L3-6 OPALIN ENPP6,535,0.3515151515151515,0.35876288659793815,0.3252336448598131,75687,311,361,174,4,"['FAM124A', 'ITGA2', 'UGT8', 'CPOX']","['FAM124A', 'ITGA2', 'UGT8', 'CLDN11', 'CPOX', 'CLIC4', 'CNTN2', 'TMEM144', 'ANKRD18A', 'LDLRAD3']",0.29890907998342,fold_4
4.1,cluster_id,Oligo L2-6 OPALIN FTH1P3,2300,0.7897986322188449,0.808458920758386,0.7230434782608696,73839,394,637,1663,2,"['CLDN11', 'UGT8']","['FAM124A', 'CLDN11', 'ITGA2', 'UGT8', 'CLIC4', 'CNTN2', 'TMEM144', 'PLCL1', 'TLE4', 'SLC39A11']",0.29033081872034916,fold_4
4.1,cluster_id,Oligo L5-6 OPALIN LDLRAP1,6,0.5,1.0,0.16666666666666666,76527,0,5,1,3,"['PARP4', 'ZFP82', 'SLC35B3']","['PARP4', 'ZFP82', 'OLIG2', 'SLC35B3', 'UGT8', 'TMEM144', 'PON2', 'RILPL1', 'LIPA', 'LRIG2']",0.631243159340469,fold_4
4.1,cluster_id,Astro L1-6 FGFR3 AQP1,119,0.5970149253731343,0.7407407407407407,0.33613445378151263,76400,14,79,40,2,"['HSPA1A', 'VCAN']","['HSPA1A', 'PON2', 'VCAN', 'ZMAT1', 'ADAMTSL3', 'ANKFN1', 'TRPS1', 'NFIA', 'SLC39A11']",0.1994435653076782,fold_4
4.1,cluster_id,Astro L1 FGFR3 SERPINI2,72,0.3515625,0.6428571428571429,0.125,76456,5,63,9,4,"['HSPA1A', 'PON2', 'VCAN', 'TRPS1']","['HSPA1A', 'PON2', 'VCAN', 'ZMAT1', 'TRPS1', 'ANKFN1', 'NFIA', 'TOX', 'SLC39A11']",0.1353877513019359,fold_4
4.1,cluster_id,Astro L1-6 FGFR3 PLCG1,377,0.49765258215962443,0.6162790697674418,0.28116710875331563,76090,66,271,106,2,"['PON2', 'TRPS1']","['PON2', 'HSPA1A', 'ZMAT1', 'BBS2', 'TRPS1', 'SLC39A11', 'NFIA', 'TOX']",0.12675696656182503,fold_4
4.1,cluster_id,Endo L2-5 NOSTRIN SRGN,64,0.6730769230769231,0.9130434782608695,0.328125,76467,2,43,21,1,['SLC2A1'],"['SLC2A1', 'HEG1', 'HSPA1A', 'CLIC4', 'ARHGAP29', 'LDLRAD3', 'TBC1D4']",1.0,fold_4
4.1,cluster_id,VLMC L1-5 PDGFRA COLEC12,40,0.625,0.625,0.625,76478,15,15,25,1,['ARHGAP29'],"['ARHGAP29', 'LDLRAD3', 'TPM1', 'AMOTL1', 'CENPP', 'NFIA', 'TRPS1']",0.18995151754356565,fold_4
4.1,cluster_id,Micro L1-6 TYROBP CD74,108,0.4722222222222222,0.4722222222222222,0.4722222222222222,76368,57,57,51,1,['ARHGAP22'],['ARHGAP22'],0.07471139597303679,fold_4
4.1,cluster_id,Inh L1 LAMP5 PVRL2,94,0.2597402597402597,0.5333333333333333,0.0851063829787234,76432,7,86,8,4,"['NDNF', 'TNFAIP8L3', 'HECA', 'RGMB']","['NDNF', 'TNFAIP8L3', 'HECA', 'RGMB', 'CDC37L1', 'LAPTM4B', 'COL21A1', 'PPP1R3E', 'BTBD8', 'FDFT1']",0.0930955993607363,fold_5
4.1,cluster_id,Inh L1 LAMP5 RAB11FIP1,246,0.19607843137254902,0.23931623931623933,0.11382113821138211,76198,89,218,28,3,"['TNFAIP8L3', 'HECA', 'NLGN4Y']","['TNFAIP8L3', 'CA2', 'HECA', 'RGMB', 'CDC37L1', 'NLGN4Y', 'SSH1', 'BTBD8', 'NINL', 'LRRC39']",0.07894556420864078,fold_5
4.1,cluster_id,Inh L1-6 LAMP5 AARD,1539,0.47963206307490147,0.47014051522248246,0.5217673814165043,74089,905,736,803,2,"['CA2', 'TNFAIP8L3']","['CA2', 'TNFAIP8L3', 'HECA', 'RGMB', 'CDC37L1', 'RFC1', 'BTBD8', 'SSH1', 'NINL', 'PPP1R3E']",0.13878137661851886,fold_5
4.1,cluster_id,Inh L1-6 LAMP5 NES,419,0.1643886220908755,0.1555944055944056,0.21241050119331742,75631,483,330,89,2,"['CA2', 'RGMB']","['CA2', 'RGMB', 'BTBD8', 'GRIP2']",0.07497285325897639,fold_5
4.1,cluster_id,Inh L1-6 LAMP5 CA1,465,0.24752475247524752,0.24271844660194175,0.26881720430107525,75678,390,340,125,2,"['TNFAIP8L3', 'CDHR3']","['TNFAIP8L3', 'RFC1', 'BTBD8', 'CDHR3', 'LAPTM4B', 'NINL', 'SSH1', 'GABRA3', 'BACE1']",0.057502186329049354,fold_5
4.1,cluster_id,Inh L5-6 LAMP5 CRABP1,923,0.36497363308354147,0.3925373134328358,0.28494041170097506,75203,407,660,263,3,"['CA2', 'TNFAIP8L3', 'SQLE']","['CA2', 'TNFAIP8L3', 'SQLE', 'HECA', 'RGMB', 'RFC1', 'BTBD8', 'LAPTM4B', 'NINL', 'SSH1']",0.12269612870027555,fold_5
4.1,cluster_id,Inh L3-6 PAX6 LINC01497,84,0.10869565217391304,0.16,0.047619047619047616,76428,21,80,4,4,"['C1orf122', 'ARHGAP28', 'SMPD3', 'RFC1']","['SNRNP27', 'C1orf122', 'ARHGAP28', 'CDC37L1', 'SMPD3', 'RFC1', 'NLGN4Y', 'ILDR2', 'CDHR3', 'NINL']",0.04080721676034546,fold_5
4.1,cluster_id,Inh L1 PAX6 MIR101-1,139,0.19569471624266144,0.21505376344086022,0.14388489208633093,76321,73,119,20,4,"['NDNF', 'RGMB', 'LAPTM4B', 'ARHGAP28']","['NDNF', 'RGMB', 'LAPTM4B', 'ARHGAP28', 'NLGN4Y', 'NINL', 'PPP1R3E', 'TMEM196', 'CDHR3', 'PGGT1B']",0.04056731202718091,fold_5
4.1,cluster_id,Inh L1 PAX6 CHRFAM7A,185,0.09219858156028368,0.1,0.07027027027027027,76231,117,172,13,2,"['LRRC39', 'CDHR3']","['RGMB', 'NLGN4Y', 'LRRC39', 'CDHR3']",0.022235181516749053,fold_5
4.1,cluster_id,Inh L1-6 VIP SLC7A6OS,61,0.10610079575596817,0.10126582278481013,0.13114754098360656,76401,71,53,8,4,"['CLHC1', 'TNFAIP8L3', 'CDC37L1', 'ARHGAP28']","['CLHC1', 'TNFAIP8L3', 'RGMB', 'CDC37L1', 'ARHGAP28', 'LAPTM4B', 'LRRC39', 'NLGN4Y', 'BTBD8', 'IFNAR1']",0.057311895599116196,fold_5
4.1,cluster_id,Inh L2 PAX6 FREM2,108,0.44014084507042256,0.5681818181818182,0.23148148148148148,76406,19,83,25,2,"['ACADL', 'LRRC39']","['ACADL', 'MINPP1', 'L3MBTL1', 'CLHC1', 'SQLE', 'LRRC39', 'CDC37L1', 'LAPTM4B', 'RXFP1', 'FDFT1']",0.13876526039424897,fold_5
4.1,cluster_id,Inh L1-2 VIP HTR3A,42,0.40540540540540543,0.75,0.14285714285714285,76489,2,36,6,2,"['RXFP1', 'ARHGAP28']","['TNFAIP8L3', 'ZFHX3', 'RGMB', 'RXFP1', 'LAPTM4B', 'ARHGAP28', 'TMEM196', 'LRRC39', 'BTBD8', 'COL21A1']",0.03585038936789404,fold_5
4.1,cluster_id,Inh L1-2 VIP WNT4,52,0.39473684210526316,1.0,0.11538461538461539,76481,0,46,6,3,"['SCML2', 'TNFAIP8L3', 'STK32B']","['SCML2', 'TNFAIP8L3', 'STK32B', 'TMED5', 'CCDC90B', 'SQLE', 'RGMB', 'LRRC39', 'NLGN4Y', 'ERICH1']",0.1985573842962058,fold_5
4.1,cluster_id,Inh L1 LAMP5 BMP2,352,0.45774647887323944,0.4868913857677903,0.3693181818181818,76044,137,222,130,2,"['NDNF', 'RGMB']","['NDNF', 'RGMB', 'COL21A1', 'LAPTM4B', 'NINL', 'BTBD8', 'NLGN4Y', 'TMEM196', 'LRRC39']",0.16589708446761944,fold_5
4.1,cluster_id,Inh L1 LAMP5 NMBR,193,0.39823008849557523,0.4838709677419355,0.23316062176165803,76292,48,148,45,3,"['NDNF', 'COL21A1', 'NLGN4Y']","['NDNF', 'COL21A1', 'RGMB', 'NLGN4Y', 'LAPTM4B', 'NINL', 'TMEM196', 'LRRC39']",0.060955233725644965,fold_5
4.1,cluster_id,Inh L1 PVALB SST ASIC4,186,0.256563245823389,0.26380368098159507,0.23118279569892472,76227,120,143,43,2,"['NDNF', 'CELSR2']","['NDNF', 'RGMB', 'COL21A1', 'NLGN4Y', 'CELSR2', 'TMEM196', 'LRRC39', 'CDHR3']",0.09221544785446582,fold_5
4.1,cluster_id,Inh L1 SST P4HA3,38,0.20618556701030927,0.20512820512820512,0.21052631578947367,76464,31,30,8,4,"['NDNF', 'RGMB', 'COL21A1', 'ARHGAP28']","['NDNF', 'RGMB', 'CCDC90B', 'COL21A1', 'ARHGAP28', 'NINL', 'NLGN4Y', 'CA10', 'BTBD8', 'ZFX']",0.06606090465672845,fold_5
4.1,cluster_id,Inh L1 SST DEFB108B,223,0.24838012958963282,0.38333333333333336,0.1031390134529148,76273,37,200,23,2,"['COL21A1', 'NLGN4Y']","['COL21A1', 'NLGN4Y', 'TMEM196', 'LRRC39']",0.039979772840497266,fold_5
4.1,cluster_id,Inh L1-3 VIP CBLN1,464,0.42621293800539084,0.40415335463258784,0.5452586206896551,75696,373,211,253,2,"['TAC3', 'COL21A1']","['TAC3', 'COL21A1', 'ARHGAP28', 'CELSR2', 'LRRC39']",0.07305161159795624,fold_5
4.1,cluster_id,Inh L1-2 VIP EXPH5,509,0.2255180820804551,0.22745901639344263,0.2180746561886051,75647,377,398,111,3,"['TAC3', 'COL21A1', 'LRRC39']","['TAC3', 'COL21A1', 'NINL', 'ARHGAP28', 'NLGN4Y', 'LRRC39', 'TMEM196', 'GABRA3']",0.034885145228677424,fold_5
4.1,cluster_id,Inh L1-3 VIP HSPB6,396,0.2557915057915058,0.33125,0.13383838383838384,76030,107,343,53,3,"['TAC3', 'COL21A1', 'TMEM196']","['TAC3', 'COL21A1', 'TMEM196', 'LRRC39']",0.03640532628658718,fold_5
4.1,cluster_id,Inh L1-2 VIP PTGER3,84,0.07075471698113207,0.09375,0.03571428571428571,76420,29,81,3,5,"['DEK', 'L3MBTL1', 'PSMA4', 'CCDC90B', 'ZFHX3']","['DEK', 'L3MBTL1', 'PSMA4', 'CCDC90B', 'RPLP1', 'ZFHX3', 'RGMB', 'TMEM196', 'ARHGAP28', 'NLGN4Y']",0.13003313653955748,fold_5
4.1,cluster_id,Inh L1-2 VIP SCML4,128,0.25,0.3684210526315789,0.109375,76381,24,114,14,5,"['ZFHX3', 'ARHGAP28', 'CDC37L1', 'COL21A1', 'TMEM196']","['L3MBTL1', 'ZFHX3', 'ARHGAP28', 'CDC37L1', 'COL21A1', 'TMEM196', 'NLGN4Y', 'NINL', 'LRRC39', 'CELSR2']",0.03748710270489331,fold_5
4.1,cluster_id,Inh L1-3 VIP FNDC1,111,0.17921146953405018,0.23809523809523808,0.09009009009009009,76390,32,101,10,4,"['CMYA5', 'ARHGAP28', 'COL21A1', 'TMEM196']","['CMYA5', 'ARHGAP28', 'COL21A1', 'NINL', 'TMEM196', 'PPP1R3E', 'LRRC39', 'CELSR2', 'BACE1', 'ZFX']",0.043239569653048975,fold_5
4.1,cluster_id,Inh L1-3 VIP CHRNA2,310,0.15867418899858957,0.1624548736462094,0.14516129032258066,75991,232,265,45,3,"['TAC3', 'LAPTM4B', 'LRRC39']","['TAC3', 'LAPTM4B', 'ARHGAP28', 'LRRC39', 'NSRP1']",0.0321076569919999,fold_5
4.1,cluster_id,Inh L2 VIP SLC6A16,288,0.4114583333333333,0.47023809523809523,0.2743055555555556,76156,89,209,79,3,"['LRRC63', 'COL21A1', 'LRRC39']","['LRRC63', 'ARHGAP28', 'COL21A1', 'RGMB', 'LAPTM4B', 'LRRC39', 'BTBD8', 'TMEM196', 'FDFT1', 'FDPS']",0.04592223094674285,fold_5
4.1,cluster_id,Inh L1 VIP KLHDC8B,95,0.16129032258064516,0.3333333333333333,0.05263157894736842,76428,10,90,5,3,"['TAC3', 'NLGN4Y', 'SMPD3']","['TAC3', 'GKAP1', 'ARHGAP28', 'NLGN4Y', 'SMPD3', 'CDK5R1']",0.03873258002049823,fold_5
4.1,cluster_id,Inh L3-5 VIP IGDCC3,390,0.1678376268540203,0.15837937384898712,0.2205128205128205,75686,457,304,86,3,"['TAC3', 'ARHGAP28', 'CELSR2']","['TAC3', 'ARHGAP28', 'CELSR2', 'CDK5R1']",0.028255288837480387,fold_5
4.1,cluster_id,Inh L1-5 VIP SMOC1,638,0.23344191096634093,0.2857142857142857,0.13479623824451412,75680,215,552,86,2,"['TAC3', 'CDK5R1']","['TAC3', 'CDK5R1', 'LRRC39']",0.05980156964867991,fold_5
4.1,cluster_id,Inh L3-5 VIP HS3ST3A1,225,0.23570712136409228,0.24352331606217617,0.2088888888888889,76162,146,178,47,3,"['PDE9A', 'TAC3', 'CDK5R1']","['PDE9A', 'TAC3', 'CELSR2', 'COL21A1', 'CDK5R1', 'LRRC39', 'TMEM196']",0.08583140913923511,fold_5
4.1,cluster_id,Inh L5-6 VIP COL4A3,89,0.18315018315018314,0.21739130434782608,0.11235955056179775,76408,36,79,10,3,"['STK32B', 'RPLP1', 'RGMB']","['STK32B', 'RPLP1', 'RGMB', 'GKAP1', 'LAPTM4B', 'FAM219A', 'IFNAR1', 'CELSR2', 'CDK5R1', 'TMEM196']",0.0878411997531962,fold_5
4.1,cluster_id,Inh L1-5 VIP CD27-AS1,67,0.0796812749003984,0.08695652173913043,0.05970149253731343,76424,42,63,4,3,"['COL21A1', 'NINL', 'CA10']","['TAC3', 'COL21A1', 'NINL', 'CDK5R1', 'CA10', 'CELSR2', 'FDFT1']",0.032755406560465154,fold_5
4.1,cluster_id,Inh L2-5 VIP BSPRY,85,0.3416149068322981,0.5789473684210527,0.12941176470588237,76440,8,74,11,3,"['CA10', 'TMEM196', 'LRRC39']","['CA10', 'COL21A1', 'CELSR2', 'TMEM196', 'CDK5R1', 'LRRC39', 'LCORL']",0.029464445232549333,fold_5
4.1,cluster_id,Inh L2-5 VIP SOX11,116,0.2777777777777778,0.48,0.10344827586206896,76404,13,104,12,3,"['ABCC4', 'STK32B', 'RGMB']","['ABCC4', 'L3MBTL1', 'STK32B', 'RGMB', 'ARHGAP28', 'NINL', 'TMEM196', 'BRD8', 'CDC37L1', 'ATF6B']",0.061515342547430255,fold_5
4.1,cluster_id,Inh L3-6 VIP ZIM2-AS1,146,0.38461538461538464,0.4918032786885246,0.2054794520547945,76356,31,116,30,2,"['ABCC4', 'DKK2']","['ABCC4', 'CCDC90B', 'DKK2', 'RPLP1', 'TAC3', 'ARHGAP28', 'NINL', 'CA10', 'PPP1R3E', 'TMEM196']",0.11415429332528026,fold_5
4.1,cluster_id,Inh L1-5 VIP PHLDB3,92,0.20669291338582677,0.20192307692307693,0.22826086956521738,76358,83,71,21,4,"['TAC3', 'ARHGAP28', 'COL21A1', 'TMEM196']","['TAC3', 'ARHGAP28', 'COL21A1', 'TMEM196']",0.04869152301563536,fold_5
4.1,cluster_id,Inh L1-5 VIP LINC01013,127,0.18796992481203006,0.22058823529411764,0.11811023622047244,76353,53,112,15,4,"['DKK2', 'ARHGAP28', 'NINL', 'BTBD8']","['DKK2', 'ARHGAP28', 'NINL', 'COL21A1', 'BTBD8', 'NSRP1']",0.04500228756800748,fold_5
4.1,cluster_id,Inh L3-6 VIP UG0898H09,131,0.12285012285012285,0.14492753623188406,0.07633587786259542,76343,59,121,10,5,"['TAC3', 'ARHGAP28', 'GKAP1', 'NINL', 'FDFT1']","['TAC3', 'ARHGAP28', 'GKAP1', 'NINL', 'FDFT1']",0.04043923678875461,fold_5
4.1,cluster_id,Inh L3-5 VIP TAC3,367,0.16091687890715442,0.14068825910931174,0.3787465940054496,75317,849,228,139,2,"['TAC3', 'ARHGAP28']","['TAC3', 'ARHGAP28', 'COL21A1']",0.062209492032194225,fold_5
4.1,cluster_id,Inh L1-6 SST NPY,67,0.1794871794871795,0.21875,0.1044776119402985,76441,25,60,7,3,"['SQLE', 'DKK2', 'ARHGAP28']","['TMEM170A', 'MYL6', 'SQLE', 'DKK2', 'RPLP1', 'ARHGAP28', 'PMM2', 'NINL', 'FDFT1', 'CA10']",0.07176579779816827,fold_5
4.1,cluster_id,Inh L3-5 SST CDH3,81,0.28368794326241137,0.5333333333333333,0.09876543209876543,76445,7,73,8,4,"['TAC3', 'FLT3', 'ARHGAP28', 'ILDR2']","['DKK2', 'TAC3', 'FLT3', 'ARHGAP28', 'ILDR2', 'CDK5R1']",0.03924655844443929,fold_5
4.1,cluster_id,Inh L5 SST RPL35AP11,764,0.3441295546558704,0.34127979924717694,0.35602094240837695,75244,525,492,272,2,"['FLT3', 'COL21A1']","['DKK2', 'FLT3', 'COL21A1', 'ARHGAP28']",0.040715938299228815,fold_5
4.1,cluster_id,Inh L5-6 SST ISX,394,0.297029702970297,0.38961038961038963,0.15228426395939088,76045,94,334,60,4,"['DKK2', 'TAC3', 'FLT3', 'ARHGAP28']","['DKK2', 'TAC3', 'FLT3', 'ARHGAP28', 'COL21A1', 'PLA2R1']",0.036826591936193004,fold_5
4.1,cluster_id,Inh L5-6 PVALB SST CRHR2,218,0.25665399239543724,0.35064935064935066,0.12385321100917432,76265,50,191,27,4,"['VAMP1', 'LRRK1', 'FLT3', 'ARHGAP28']","['HERC6', 'VAMP1', 'LRRK1', 'FLT3', 'ARHGAP28', 'LAPTM4B', 'COL21A1', 'SCN1B', 'PPP1R3E', 'SDHB']",0.03919201220432757,fold_5
4.1,cluster_id,Inh L3-5 SST OR5AH1P,242,0.09238830667402095,0.07919621749408984,0.2768595041322314,75512,779,175,67,2,"['FLT3', 'COL21A1']","['FLT3', 'COL21A1']",0.03434398908752388,fold_5
4.1,cluster_id,Inh L3-5 SST GGTLC3,1154,0.23514458214172226,0.23035019455252917,0.2564991334488735,74390,989,858,296,2,"['FLT3', 'COL21A1']","['FLT3', 'COL21A1']",0.025265251452730637,fold_5
4.1,cluster_id,Inh L2-3 SST NMU,419,0.07424775302852676,0.07102803738317758,0.09069212410501193,75617,497,381,38,3,"['FLT3', 'BTBD8', 'CKMT1B']","['FLT3', 'SCN1B', 'BTBD8', 'CKMT1B']",0.018275858831860038,fold_5
4.1,cluster_id,Inh L5-6 SST PAWR,194,0.07682458386683738,0.07017543859649122,0.12371134020618557,76021,318,170,24,3,"['DKK2', 'FLT3', 'COL21A1']","['DKK2', 'FLT3', 'COL21A1']",0.048487943811520565,fold_5
4.1,cluster_id,Inh L5-6 SST PIK3CD,129,0.12875536480686695,0.11583011583011583,0.23255813953488372,76175,229,99,30,2,"['STK32B', 'FLT3']","['STK32B', 'FLT3']",0.0775466606701233,fold_5
4.1,cluster_id,Inh L1-2 SST CCNJL,320,0.14534883720930233,0.1465798045602606,0.140625,75951,262,275,45,2,"['DKK2', 'ILDR2']","['DKK2', 'FLT3', 'ILDR2']",0.069305969483548,fold_5
4.1,cluster_id,Inh L1-3 SST FAM20A,1069,0.3812213201553124,0.4897959183673469,0.20205799812909261,75239,225,853,216,2,"['DKK2', 'DGKG']","['DKK2', 'FLT3', 'ILDR2', 'DGKG']",0.05481562436606004,fold_5
4.1,cluster_id,Inh L1-2 SST PRRT4,376,0.40425531914893614,0.5390070921985816,0.20212765957446807,76092,65,300,76,3,"['STK32B', 'DKK2', 'ILDR2']","['STK32B', 'DKK2', 'ILDR2', 'SMPD3', 'NLGN4Y', 'FLT3', 'CKMT1B', 'DGKG']",0.09647492612166877,fold_5
4.1,cluster_id,Inh L5-6 SST BEAN1,76,0.12931034482758622,0.3,0.039473684210526314,76450,7,73,3,5,"['ARL2BP', 'CMYA5', 'FLT3', 'PLA2R1', 'PPP1R3E']","['ARL2BP', 'CMYA5', 'FLT3', 'ERICH1', 'PLA2R1', 'PPP1R3E', 'BTBD8', 'ILDR2', 'LRRC39', 'SCN1B']",0.03020972655053396,fold_5
4.1,cluster_id,Inh L5-6 SST DNAJC14,35,0.18181818181818182,0.4,0.05714285714285714,76495,3,33,2,3,"['SNRNP27', 'MINPP1', 'CCDC90B']","['CYP20A1', 'HHATL', 'SNRNP27', 'MINPP1', 'PRDX1', 'CCDC90B', 'SQLE', 'HERC6', 'EIF2B1', 'GKAP1']",0.16402997626790655,fold_5
4.1,cluster_id,Inh L5-6 SST C4orf26,93,0.24324324324324326,0.391304347826087,0.0967741935483871,76426,14,84,9,5,"['PRDX1', 'STK32B', 'MYL6', 'CCDC90B', 'SQLE']","['PRDX1', 'STK32B', 'MYL6', 'CCDC90B', 'ARL2BP', 'SQLE', 'DKK2', 'TAC3', 'FLT3', 'PLA2R1']",0.11514497861263014,fold_5
4.1,cluster_id,Inh L5-6 SST FBN2,100,0.1618705035971223,0.15789473684210525,0.18,76337,96,82,18,3,"['FLT3', 'HOPX', 'COL21A1']","['FLT3', 'HOPX', 'COL21A1', 'ILDR2', 'PLA2R1']",0.03329923095444761,fold_5
4.1,cluster_id,Inh L5-6 SST KLHL1,188,0.18867924528301888,0.2711864406779661,0.0851063829787234,76302,43,172,16,5,"['CCDC90B', 'FLT3', 'ARHGAP28', 'RFC1', 'COL21A1']","['CCDC90B', 'DKK2', 'FLT3', 'ARHGAP28', 'RFC1', 'COL21A1', 'BTBD8', 'ILDR2', 'PLA2R1']",0.03340912657500018,fold_5
4.1,cluster_id,Inh L6 SST TH,84,0.0625,0.06779661016949153,0.047619047619047616,76394,55,80,4,5,"['PRDX1', 'MYL6', 'CCDC90B', 'RPLP1', 'SLC19A2']","['XRCC4', 'PRDX1', 'MYL6', 'CCDC90B', 'RPLP1', 'SLC19A2', 'RFC1', 'BRD8', 'FLT3', 'NINL']",0.08530159359158948,fold_5
4.1,cluster_id,Inh L5-6 PVALB KCNIP2,108,0.06740196078431372,0.062146892655367235,0.10185185185185185,76259,166,97,11,5,"['ACADL', 'GYS1', 'SLC25A42', 'C1orf122', 'HERC6']","['ACADL', 'GYS1', 'SLC19A2', 'SLC25A42', 'C1orf122', 'HERC6', 'ERICH1', 'FLT3', 'NINL', 'SCN1B']",0.07343234473023963,fold_5
4.1,cluster_id,Inh L5-6 PVALB ZFPM2-AS1,563,0.15827711468604047,0.17888563049853373,0.108348134991119,75690,280,502,61,4,"['HHATL', 'ACADL', 'C5orf22', 'SLC25A42']","['HHATL', 'ACADL', 'C5orf22', 'ZFAND6', 'SLC25A42', 'ERCC4', 'COG2', 'VAMP1', 'FLT3', 'ERICH1']",0.10996655759224233,fold_5
4.1,cluster_id,Inh L3-5 PVALB ISG20,254,0.323943661971831,0.40350877192982454,0.18110236220472442,76211,68,208,46,5,"['LAP3', 'CLUH', 'MRPL55', 'LRRC38', 'ZDHHC3']","['LAP3', 'CLUH', 'MRPL55', 'LRRC38', 'ZDHHC3', 'SLC19A2', 'PDE9A', 'VAMP1', 'SCN1B', 'CKMT1B']",0.36990506011880364,fold_5
4.1,cluster_id,Inh L5 PVALB LRIG3,631,0.2207001522070015,0.25970149253731345,0.13787638668779714,75654,248,544,87,4,"['PDE9A', 'VAMP1', 'ERICH1', 'SCN1B']","['VEGFA', 'ZFAND6', 'PDE9A', 'VAMP1', 'ERICH1', 'SCN1B', 'FLT3', 'LAPTM4B', 'PLA2R1', 'FAM219A']",0.04174177453852104,fold_5
4.1,cluster_id,Inh L2-5 PVALB HHIPL1,456,0.06016042780748663,0.06923076923076923,0.039473684210526314,75835,242,438,18,6,"['ZFAND6', 'MYL6', 'SLC19A2', 'HERC6', 'VAMP1', 'ERICH1']","['ZFAND6', 'MYL6', 'SLC19A2', 'HERC6', 'VAMP1', 'ERICH1', 'LAPTM4B', 'FLT3', 'NINL', 'SCN1B']",0.06732907332247186,fold_5
4.1,cluster_id,Inh L2-5 PVALB RPH3AL,3253,0.4664047151277014,0.5012668918918919,0.36489394405164466,72099,1181,2066,1187,2,"['LRRC38', 'FLT3']","['LRRC38', 'ZFAND6', 'SLC25A42', 'HERC6', 'VAMP1', 'FLT3', 'LAPTM4B', 'SDHB', 'PPP1R3E', 'FAM219A']",0.1609683886056521,fold_5
4.1,cluster_id,Inh L3 PVALB SAMD13,1326,0.24882104740630429,0.23826500297088532,0.3024132730015083,73925,1282,925,401,2,"['LRRC38', 'SLC25A42']","['LRRC38', 'ZFAND6', 'SLC25A42', 'VAMP1', 'SCN1B', 'PMM2', 'PPP1R3E', 'FAM219A', 'SDHB', 'SSH1']",0.2223954361896203,fold_5
4.1,cluster_id,Inh L1-2 PVALB CDK20,123,0.04970178926441352,0.05263157894736842,0.04065040650406504,76320,90,118,5,4,"['DKK2', 'HERC6', 'RFC1', 'NLGN4Y']","['DKK2', 'HERC6', 'RFC1', 'NLGN4Y', 'LAPTM4B', 'NINL', 'FLT3', 'PPP1R3E', 'GRIP2', 'CKMT1B']",0.037242098987511685,fold_5
4.1,cluster_id,Inh L2 PVALB FRZB,107,0.041075429424943986,0.03571428571428571,0.102803738317757,76129,297,96,11,3,"['ACADL', 'LAPTM4B', 'GKAP1']","['ACADL', 'SLC25A42', 'LAPTM4B', 'GKAP1', 'RFC1', 'NLGN4Y', 'SDHB', 'NDUFAF7', 'GRIP2']",0.039315635941375736,fold_5
4.1,cluster_id,Inh L1-2 SST CLIC6,194,0.11504424778761062,0.1111111111111111,0.13402061855670103,76131,208,168,26,4,"['DKK2', 'FLT3', 'NLGN4Y', 'GRIP2']","['DKK2', 'HERC6', 'FLT3', 'NLGN4Y', 'GRIP2']",0.03173177423006367,fold_5
4.1,cluster_id,Inh L5-6 PVALB GAPDHP60,138,0.11049723756906077,0.14285714285714285,0.057971014492753624,76347,48,130,8,5,"['NINL', 'LAPTM4B', 'FLT3', 'PPP1R3E', 'LRRC39']","['NINL', 'LAPTM4B', 'FLT3', 'PPP1R3E', 'LRRC39', 'SDHB']",0.028856793153872278,fold_5
4.1,cluster_id,Inh L5-6 PVALB FAM150B,111,0.102880658436214,0.15151515151515152,0.04504504504504504,76394,28,106,5,4,"['SLC25A42', 'HERC6', 'GKAP1', 'NINL']","['SLC25A42', 'HERC6', 'GKAP1', 'LAPTM4B', 'NINL', 'FAM219A', 'FLT3', 'SDHB', 'NDUFAF7', 'SCN1B']",0.06016194530709319,fold_5
4.1,cluster_id,Inh L5-6 PVALB MEPE,230,0.11838440111420613,0.13934426229508196,0.07391304347826087,76198,105,213,17,5,"['SLC25A42', 'GKAP1', 'LAPTM4B', 'NINL', 'FLT3']","['SLC25A42', 'HERC6', 'GKAP1', 'LAPTM4B', 'NINL', 'FLT3', 'SDHB', 'SCN1B', 'STX1B', 'ZFX']",0.03659724954967378,fold_5
4.1,cluster_id,Inh L1-6 PVALB COL15A1,288,0.25485436893203883,0.6774193548387096,0.07291666666666667,76235,10,267,21,3,"['PDE9A', 'COL21A1', 'SMPD3']","['PDE9A', 'COL21A1', 'LAPTM4B', 'SMPD3', 'NLGN4Y', 'SCN1B', 'TMEM196']",0.04143231868945949,fold_5
4.1,cluster_id,Exc L2 LAMP5 KCNG3,261,0.15011547344110854,0.3023255813953488,0.04980842911877394,76242,30,248,13,4,"['RPL37A', 'RPS12', 'NLGN4Y', 'CA10']","['RPL37A', 'RPS12', 'RPLP1', 'HOPX', 'NLGN4Y', 'CA10', 'SMPD3', 'TMEM196', 'GABRA3', 'CDK5R1']",0.1325396325333721,fold_5
4.1,cluster_id,Exc L2 LINC00507 ATP7B,183,0.0676773145641581,0.06009615384615385,0.1366120218579235,75959,391,158,25,3,"['SH3RF2', 'CEP78', 'TMEM196']","['SH3RF2', 'HOPX', 'CDC37L1', 'CA10', 'CEP78', 'TMEM196', 'SSH1', 'CDC37', 'GABRA3', 'SCN1B']",0.03341188737818901,fold_5
4.1,cluster_id,Exc L2 LINC00507 GLRA3,12485,0.5196068823587059,0.5037323561346363,0.5945534641569884,56735,7313,5062,7423,2,"['HOPX', 'CA10']","['HOPX', 'LRRK1', 'RGMB', 'NLGN4Y', 'CA10', 'GABRA3', 'SMPD3', 'DNAH7', 'RAD54B', 'E2F3']",0.04684546532176787,fold_5
4.1,cluster_id,Exc L2-3 RORB RTKN2,1211,0.15444993037093302,0.145933014354067,0.2014863748967795,73894,1428,967,244,5,"['LRRK1', 'CMYA5', 'HOPX', 'CA10', 'NLGN4Y']","['OTOGL', 'LRRK1', 'CMYA5', 'HOPX', 'CA10', 'NLGN4Y', 'ERICH1', 'RAD54B', 'SMPD3', 'DNAH7']",0.04248284408858111,fold_5
4.1,cluster_id,Exc L2-3 LINC00507 DSG3,1088,0.18341708542713567,0.20193637621023514,0.13419117647058823,74868,577,942,146,5,"['SH3RF2', 'GIPC2', 'VAMP1', 'RGMB', 'CA10']","['SH3RF2', 'GIPC2', 'SLC19A2', 'VAMP1', 'RGMB', 'CA10', 'HOPX', 'RAD54B', 'DNAH7', 'SCN1B']",0.04322532857240658,fold_5
4.1,cluster_id,Exc L3 LAMP5 CARM1P1,4044,0.48456442063715816,0.542192429022082,0.34000989119683483,71328,1161,2669,1375,5,"['VAMP1', 'CA10', 'RAD54B', 'SCN1B', 'GABRA3']","['VAMP1', 'HOPX', 'CA10', 'RAD54B', 'SCN1B', 'GABRA3', 'CKMT1B', 'SMPD3', 'PMM2', 'PGGT1B']",0.03960061094095492,fold_5
4.1,cluster_id,Oligo L2-6 OPALIN MAP6D1,101,0.13850415512465375,0.15384615384615385,0.09900990099009901,76377,55,91,10,4,"['RPL37A', 'FAM124A', 'TMEM63A', 'RPLP1']","['RPL37A', 'FAM124A', 'TMEM63A', 'LRRC63', 'CA2', 'RPLP1', 'HOPX', 'RFC1', 'CA10', 'NLGN4Y']",0.11482064781403845,fold_5
4.1,cluster_id,Exc L2-3 RORB CCDC68,3331,0.4384093852365354,0.4699877501020825,0.3455418793155209,71904,1298,2180,1151,3,"['NBPF19', 'DCBLD1', 'LRRK1']","['NBPF19', 'DCBLD1', 'OTOGL', 'SLC25A42', 'LRRK1', 'CMYA5', 'CA10', 'HOPX', 'RXFP1', 'DNAH7']",0.11114478857950698,fold_5
4.1,cluster_id,Exc L2-3 RORB PTPN3,1628,0.17336175942549373,0.1696869851729819,0.1898034398034398,73393,1512,1319,309,4,"['OTOGL', 'CA10', 'HOPX', 'RXFP1']","['OTOGL', 'LRRK1', 'CMYA5', 'CA10', 'HOPX', 'RXFP1', 'RAD54B', 'DNAH7', 'TMEM196', 'ILDR2']",0.0370535384269514,fold_5
4.1,cluster_id,Exc L3 THEMIS ENPEP,785,0.11785400175901495,0.10938775510204081,0.17070063694267515,74657,1091,651,134,6,"['CMYA5', 'VAMP1', 'HOPX', 'LRRK1', 'RAD54B', 'CA10']","['CMYA5', 'VAMP1', 'HOPX', 'LRRK1', 'RAD54B', 'CA10', 'SCN1B', 'RXFP1', 'PMM2', 'DNAH7']",0.042740562479080035,fold_5
4.1,cluster_id,Exc L3-5 RORB TNNT2,535,0.04967994649851915,0.041884816753926704,0.19439252336448598,73619,2379,431,104,5,"['OTOGL', 'CMYA5', 'VAMP1', 'HOPX', 'CA10']","['OTOGL', 'CMYA5', 'VAMP1', 'HOPX', 'LRRK1', 'CA10', 'RXFP1', 'RAD54B', 'TMEM196', 'SCN1B']",0.04281042241556652,fold_5
4.1,cluster_id,Exc L3-5 RORB LAMA4,250,0.22304832713754646,0.3333333333333333,0.096,76235,48,226,24,4,"['CMYA5', 'VAMP1', 'CA10', 'TMEM196']","['CMYA5', 'HERC6', 'VAMP1', 'LRRK1', 'CA10', 'TMEM196', 'HOPX', 'SCN1B', 'RAD54B', 'RXFP1']",0.04553526920563687,fold_5
4.1,cluster_id,Exc L5 THEMIS VILL,216,0.30405405405405406,0.47368421052631576,0.125,76287,30,189,27,3,"['USH2A', 'VAMP1', 'CA10']","['USH2A', 'CMYA5', 'VAMP1', 'HOPX', 'CA10', 'SCN1B', 'RAD54B', 'RXFP1', 'FLT3', 'NEFL']",0.04901516076635846,fold_5
4.1,cluster_id,Exc L3 RORB OTOGL,2134,0.4348157173317088,0.5153429602888087,0.267572633552015,73862,537,1563,571,2,"['OTOGL', 'RXFP1']","['OTOGL', 'CMYA5', 'LRRK1', 'RXFP1', 'HOPX', 'RAD54B', 'CA10', 'CDC37', 'FDFT1', 'TMEM196']",0.0999107244839837,fold_5
4.1,cluster_id,Exc L3-5 RORB LINC01202,640,0.1694915254237288,0.22134387351778656,0.0875,75696,197,584,56,5,"['LRRK1', 'RAD54B', 'HOPX', 'RXFP1', 'SCN1B']","['CMYA5', 'LRRK1', 'RAD54B', 'HOPX', 'RXFP1', 'SCN1B', 'CDC37', 'STX1B', 'MAPK1IP1L']",0.03593560530050499,fold_5
4.1,cluster_id,Exc L5 THEMIS SLC22A18,1824,0.34959941733430444,0.4187568157033806,0.21052631578947367,74176,533,1440,384,5,"['CLHC1', 'OTOGL', 'LRRK1', 'SQLE', 'VAMP1']","['DCBLD1', 'CLHC1', 'OTOGL', 'LRRK1', 'SQLE', 'VAMP1', 'ERICH1', 'COL21A1', 'RXFP1', 'CA10']",0.07085844588888372,fold_5
4.1,cluster_id,Exc L5-6 THEMIS TNFAIP6,1132,0.09670658682634731,0.0829907502569373,0.28533568904593637,71832,3569,809,323,5,"['LRRK1', 'RXFP1', 'HOPX', 'CA10', 'ERICH1']","['OTOGL', 'LRRK1', 'RXFP1', 'HOPX', 'CA10', 'ERICH1', 'PMM2', 'GABRA3', 'FAM219A', 'CDC37']",0.02671375884047862,fold_5
4.1,cluster_id,Exc L3-5 RORB LNX2,4631,0.5128807621651643,0.5115040477204943,0.5184625350896135,69609,2293,2230,2401,3,"['LRRK1', 'RXFP1', 'CA10']","['LRRK1', 'OTOGL', 'HECA', 'RXFP1', 'CA10', 'RAD54B', 'CDC37', 'BTBD8', 'NEFL', 'SCN1B']",0.029675287056666628,fold_5
4.1,cluster_id,Exc L3-5 RORB RPRM,1231,0.26260869565217393,0.36739659367396593,0.12266450040617384,75042,260,1080,151,4,"['PRDX1', 'LRRK1', 'HECA', 'VAMP1']","['RNF41', 'ANP32A', 'PRDX1', 'LRRK1', 'HECA', 'VAMP1', 'SCN1B', 'RXFP1', 'STX1B', 'NEFL']",0.06312771878454408,fold_5
4.1,cluster_id,Exc L5 RORB MED8,309,0.17286366601435094,0.17320261437908496,0.1715210355987055,75971,253,256,53,4,"['OTOGL', 'LRRK1', 'RXFP1', 'HOPX']","['OTOGL', 'RPLP1', 'LRRK1', 'RXFP1', 'HOPX', 'CA10', 'CDC37', 'SCN1B', 'GABRA3', 'BACE1']",0.0429905713401198,fold_5
4.1,cluster_id,Exc L5 THEMIS FGF10,147,0.10995052226498075,0.09569377990430622,0.272108843537415,76008,378,107,40,5,"['HECA', 'COG2', 'LRRK1', 'RXFP1', 'CA10']","['OTOGL', 'HECA', 'COG2', 'LRRK1', 'RXFP1', 'CA10', 'HOPX', 'SCN1B', 'DNAH7', 'CDC37']",0.041065929849922675,fold_5
4.1,cluster_id,Exc L6 THEMIS LINC00343,905,0.24748436225183573,0.26262626262626265,0.2011049723756906,75117,511,723,182,4,"['OTOGL', 'DKK2', 'RGMB', 'HOPX']","['OTOGL', 'DKK2', 'COG2', 'LRRK1', 'RGMB', 'HOPX', 'CA10', 'RXFP1', 'GABRA3', 'DNAH7']",0.03675436896025118,fold_5
4.1,cluster_id,Exc L6 THEMIS SLN,436,0.22727272727272727,0.2536231884057971,0.16055045871559634,75891,206,366,70,3,"['TTC6', 'DCBLD1', 'OTOGL']","['TTC6', 'DCBLD1', 'OTOGL', 'RGMB', 'HOPX', 'CA10', 'RXFP1', 'RFC1', 'GABRA3', 'TMEM196']",0.09435588959435616,fold_5
4.1,cluster_id,Exc L6 THEMIS SNTG2,488,0.062316715542521994,0.05660377358490566,0.10450819672131148,75195,850,437,51,5,"['CLHC1', 'ZNF577', 'SQLE', 'HOPX', 'NLGN4Y']","['CLHC1', 'ZNF577', 'SQLE', 'HOPX', 'LRRK1', 'NLGN4Y', 'CA10', 'GABRA3', 'RXFP1', 'FDFT1']",0.050628835140862465,fold_5
4.1,cluster_id,Exc L5-6 THEMIS SMYD1,327,0.4693140794223827,0.6190476190476191,0.23853211009174313,76158,48,249,78,3,"['STK32B', 'OTOGL', 'SQLE']","['SNRNP27', 'STK32B', 'GYS1', 'OTOGL', 'SQLE', 'TSC2', 'CA10', 'HOPX', 'RXFP1', 'KLF7']",0.05344321993077301,fold_5
4.1,cluster_id,Exc L5-6 FEZF2 OR1L8,263,0.27325023969319273,0.2923076923076923,0.21673003802281368,76132,138,206,57,5,"['SEMA4A', 'PTK7', 'ZFHX3', 'SQLE', 'RXFP1']","['SEMA4A', 'TMEM158', 'PTK7', 'ZFHX3', 'SQLE', 'RXFP1', 'GKAP1', 'ERICH1', 'ILDR2', 'NPIPA1']",0.0454644283805591,fold_5
4.1,cluster_id,Exc L5 THEMIS LINC01116,151,0.25054466230936817,0.2987012987012987,0.152317880794702,76328,54,128,23,5,"['ARID3B', 'MRPL55', 'SHB', 'USH2A', 'ZFHX3']","['ARID3B', 'MRPL55', 'SHB', 'USH2A', 'PTK7', 'ZFHX3', 'VAMP1', 'RAD54B', 'CKMT1B', 'SCN1B']",0.25733039337041125,fold_5
4.1,cluster_id,Exc L5 THEMIS RGPD6,241,0.06598845202089634,0.05653710247349823,0.1991701244813278,75491,801,193,48,4,"['SHB', 'RPS12', 'PTK7', 'ILDR2']","['SHB', 'RPS12', 'PTK7', 'ZFHX3', 'RXFP1', 'ILDR2', 'PMM2', 'RAD54B', 'CA10', 'GABRA3']",0.11107206243160217,fold_5
4.1,cluster_id,Exc L5-6 FEZF2 C9orf135-AS1,2602,0.4038407229596159,0.5107142857142857,0.21983089930822444,73383,548,2030,572,4,"['ZFHX3', 'HOPX', 'RXFP1', 'ILDR2']","['RPS12', 'ZFHX3', 'HOPX', 'RXFP1', 'ILDR2', 'CEP78', 'SMPD3', 'CA10', 'GABRA3', 'RAD54B']",0.02759658885681003,fold_5
4.1,cluster_id,Exc L5-6 FEZF2 FILIP1L,318,0.09767687434002112,0.09390862944162437,0.11635220125786164,75858,357,281,37,5,"['SHB', 'PTK7', 'COG2', 'RXFP1', 'ERICH1']","['SHB', 'PTK7', 'DESI2', 'COG2', 'RXFP1', 'ERICH1', 'HOPX', 'NINL', 'ILDR2', 'CA10']",0.047882260443570905,fold_5
4.1,cluster_id,Exc L5-6 FEZF2 SH2D1B,159,0.1207464324917673,0.11702127659574468,0.13836477987421383,76208,166,137,22,4,"['PTK7', 'DESI2', 'NLGN4Y', 'ILDR2']","['DDX3Y', 'RPS12', 'PTK7', 'DESI2', 'NLGN4Y', 'ILDR2', 'RXFP1', 'HOPX', 'ERICH1', 'NINL']",0.06733173840447594,fold_5
4.1,cluster_id,Exc L6 FEZF2 PDYN,22,0.16666666666666666,0.5,0.045454545454545456,76510,1,21,1,4,"['IL1RL2', 'NOL8', 'TMEM158', 'PRDX1']","['IL1RL2', 'NOL8', 'TMEM158', 'VEGFA', 'PRDX1', 'CRK', 'ZFHX3', 'RXFP1', 'NEFL', 'SMPD3']",0.38315766918651184,fold_5
4.1,cluster_id,Exc L6 FEZF2 FFAR4,106,0.2710843373493976,0.6,0.08490566037735849,76421,6,97,9,4,"['TMEM158', 'DCBLD1', 'TIMM17A', 'ZFHX3']","['SEMA4A', 'TMEM158', 'DCBLD1', 'TIMM17A', 'ZFHX3', 'PTK7', 'CEP78', 'ILDR2', 'RXFP1', 'SUPV3L1']",0.17831526866974595,fold_5
4.1,cluster_id,Exc L6 FEZF2 PROKR2,72,0.38461538461538464,0.5714285714285714,0.16666666666666666,76452,9,60,12,4,"['TMEM158', 'ANP32A', 'PRDX1', 'ZFHX3']","['SEMA4A', 'TMEM158', 'ANP32A', 'PTK7', 'PRDX1', 'ZFHX3', 'ATAD2', 'HECA', 'RXFP1', 'RAP2A']",0.14031298473147524,fold_5
4.1,cluster_id,Exc L5-6 FEZF2 CFTR,108,0.22727272727272727,0.3076923076923077,0.1111111111111111,76398,27,96,12,6,"['PARP2', 'SHB', 'DCBLD1', 'PPM1G', 'PDE9A', 'ZFHX3']","['PARP2', 'SHB', 'DCBLD1', 'PPM1G', 'PDE9A', 'ZFHX3', 'ARL2BP', 'HECA', 'COG2', 'RXFP1']",0.1355086665472609,fold_5
4.1,cluster_id,Exc L6 FEZF2 KLK7,1801,0.7527733755942948,0.8132295719844358,0.5802332037756802,74492,240,756,1045,2,"['SHB', 'ZFHX3']","['SHB', 'DCBLD1', 'SOHLH1', 'PTK7', 'ZFHX3', 'PDE9A', 'RXFP1', 'ILDR2', 'COL21A1', 'SMPD3']",0.14589507435895324,fold_5
4.1,cluster_id,Exc L6 FEZF2 POGK,127,0.21818181818181817,0.32432432432432434,0.09448818897637795,76381,25,115,12,3,"['SEMA4A', 'TMEM158', 'PTK7']","['SEMA4A', 'TMEM158', 'DCBLD1', 'ANP32A', 'PTK7', 'ARPC5', 'ZFHX3', 'CRK', 'RXFP1', 'ILDR2']",0.1975043119594011,fold_5
4.1,cluster_id,Exc L5 FEZF2 CSN1S1,150,0.07648953301127215,0.0695970695970696,0.12666666666666668,76129,254,131,19,6,"['CLUH', 'VEGFA', 'L3MBTL1', 'ARPC5', 'LRRK1', 'VAMP1']","['CLUH', 'VEGFA', 'L3MBTL1', 'ARPC5', 'LRRK1', 'VAMP1', 'ERICH1', 'NLGN4Y', 'FLT3', 'NINL']",0.10554991414333131,fold_5
4.1,cluster_id,Exc L3-5 FEZF2 ASGR2,620,0.47002724795640327,0.6509433962264151,0.22258064516129034,75839,74,482,138,4,"['USH2A', 'VEGFA', 'PDE9A', 'LRRK1']","['USH2A', 'VEGFA', 'SOHLH1', 'PDE9A', 'LRRK1', 'SQLE', 'ERICH1', 'FLT3', 'GABRA3', 'CKMT1B']",0.10597943863024115,fold_5
4.1,cluster_id,Exc L3-5 FEZF2 LINC01107,88,0.4166666666666667,0.7,0.1590909090909091,76439,6,74,14,5,"['MSR1', 'USH2A', 'ZDHHC3', 'VEGFA', 'CMYA5']","['MSR1', 'USH2A', 'ZDHHC3', 'VEGFA', 'LRRK1', 'CMYA5', 'VAMP1', 'RAD54B', 'CKMT1B', 'FLT3']",0.1671584379688047,fold_5
4.1,cluster_id,Exc L5 FEZF2 PKD2L1,280,0.38922155688622756,0.5360824742268041,0.18571428571428572,76208,45,228,52,4,"['FAM124A', 'PDE9A', 'CMYA5', 'SMPD3']","['FAM124A', 'PDE9A', 'C1orf122', 'CMYA5', 'GABRA3', 'SMPD3', 'FLT3', 'PLA2R1', 'RAD54B', 'SUPV3L1']",0.05877412128949326,fold_5
4.1,cluster_id,Exc L5 FEZF2 NREP-AS1,229,0.2713178294573643,0.33653846153846156,0.15283842794759825,76235,69,194,35,3,"['ABCC4', 'PDE9A', 'GABRA3']","['ABCC4', 'PDE9A', 'DESI2', 'GKAP1', 'GABRA3', 'SMPD3', 'LAPTM4B', 'RAD54B', 'ILDR2', 'NLGN4Y']",0.09665096945695642,fold_5
4.1,cluster_id,Exc L5 FEZF2 RNF144A-AS1,108,0.1893939393939394,0.20833333333333334,0.1388888888888889,76368,57,93,15,4,"['PDE9A', 'SMPD3', 'GABRA3', 'PGGT1B']","['PDE9A', 'DESI2', 'C1orf122', 'SMPD3', 'GABRA3', 'PGGT1B', 'BACE1', 'FAM219A', 'IFNAR1', 'ILDR2']",0.03617398447986719,fold_5
4.1,cluster_id,Exc L5-6 FEZF2 IFNG-AS1,753,0.42127659574468085,0.42857142857142855,0.3944223107569721,75384,396,456,297,2,"['PDE9A', 'SMPD3']","['PDE9A', 'DESI2', 'C1orf122', 'GKAP1', 'SMPD3', 'BACE1', 'RAD54B', 'GABRA3', 'CA10', 'ILDR2']",0.09999716809266837,fold_5
4.1,cluster_id,Exc L5-6 FEZF2 LPO,117,0.040160642570281124,0.03546099290780142,0.08547008547008547,76144,272,107,10,5,"['RBKS', 'ARID3B', 'ZDHHC3', 'DESI2', 'SLC25A42']","['RBKS', 'ARID3B', 'ZDHHC3', 'TRMT1L', 'DESI2', 'SLC25A42', 'C1orf122', 'GKAP1', 'PMM2', 'ERICH1']",0.14605046310279157,fold_5
4.1,cluster_id,OPC L1-6 PDGFRA COL20A1,283,0.7665198237885462,0.8169014084507042,0.6148409893992933,76211,39,109,174,1,['CA10'],"['STK32B', 'CMYA5', 'CA10', 'DGKG']",0.06140989872649044,fold_5
4.1,cluster_id,Oligo L3-6 OPALIN ENPP6,535,0.42209072978303747,0.428,0.4,75712,286,321,214,4,"['HHATL', 'LRRC63', 'FAM124A', 'TMEM63A']","['HHATL', 'PPP1R14A', 'LRRC63', 'FAM124A', 'TMEM63A', 'CA2', 'C1orf122', 'BACE1', 'KLF7', 'BBS2']",0.41166025331212885,fold_5
4.1,cluster_id,Oligo L2-6 OPALIN FTH1P3,2300,0.7112068965517241,0.7132774591971769,0.7030434782608695,73583,650,683,1617,1,['TMEM63A'],"['FAM124A', 'LRRC63', 'TMEM63A', 'CA2', 'RDX']",0.2969672854327448,fold_5
4.1,cluster_id,Oligo L5-6 OPALIN LDLRAP1,6,0.16666666666666666,0.16666666666666666,0.16666666666666666,76522,5,5,1,5,"['HID1', 'PPP1R14A', 'TMEM63A', 'RPS12', 'SQLE']","['HID1', 'PPP1R14A', 'TMEM63A', 'RPS12', 'SQLE', 'LRRC63', 'C5orf22', 'EIF2B1', 'BCL2L1', 'ZFHX3']",0.2861107698759709,fold_5
4.1,cluster_id,Astro L1-6 FGFR3 AQP1,119,0.3142857142857143,0.7857142857142857,0.09243697478991597,76411,3,108,11,2,"['NDRG2', 'COL21A1']","['HSPA1B', 'NDRG2', 'COL21A1']",0.18545605350671496,fold_5
4.1,cluster_id,Astro L1 FGFR3 SERPINI2,72,0.15350877192982457,0.14583333333333334,0.19444444444444445,76379,82,58,14,2,"['HSPA1B', 'CDHR3']","['HSPA1B', 'NDRG2', 'DNAH7', 'CDHR3']",0.2401007062772752,fold_5
4.1,cluster_id,Astro L1-6 FGFR3 PLCG1,377,0.5814512253724171,0.568075117370892,0.6419098143236074,75972,184,135,242,1,['NDRG2'],"['NDRG2', 'DNAH7', 'BBS2', 'DGKG', 'CDHR3']",0.4165316993477529,fold_5
4.1,cluster_id,VLMC L1-5 PDGFRA COLEC12,40,0.25,0.3,0.15,76479,14,34,6,1,['ZFHX3'],['ZFHX3'],0.10024686038426883,fold_5
4.1,cluster_id,Micro L1-6 TYROBP CD74,108,0.7125,0.7808219178082192,0.5277777777777778,76409,16,51,57,1,['ABCC4'],"['ABCC4', 'ZFHX3', 'LRRK1', 'EPB41L2']",0.6032230491253785,fold_5
4.1,cluster_id,Inh L1 LAMP5 PVRL2,94,0.27522935779816515,0.3870967741935484,0.1276595744680851,76420,19,82,12,3,"['MYH11', 'SCRG1', 'ADAMTSL3']","['MYH11', 'SCRG1', 'CDC5L', 'FGF13', 'ADAMTSL3', 'USP3', 'TGS1', 'ADRA1A']",0.09841817294168828,fold_6
4.1,cluster_id,Inh L1 LAMP5 RAB11FIP1,246,0.24184476940382452,0.2245430809399478,0.34959349593495936,75990,297,160,86,3,"['MYH11', 'PIK3C2B', 'FGF13']","['MYH11', 'PIK3C2B', 'LRIG1', 'SCRG1', 'CDC5L', 'FGF13', 'ADAMTSL3', 'TCERG1L', 'USP3', 'UFL1']",0.12574372128856529,fold_6
4.1,cluster_id,Inh L1-6 LAMP5 AARD,1539,0.5820067182707755,0.60060286360211,0.5178687459389214,74464,530,742,797,2,"['DUSP4', 'FGF13']","['DUSP4', 'LRIG1', 'CDC5L', 'FGF13', 'ADAMTSL3', 'USP3', 'UFL1', 'MMP24']",0.30421279044067595,fold_6
4.1,cluster_id,Inh L1-6 LAMP5 NES,419,0.1732776617954071,0.1680161943319838,0.19809069212410502,75703,411,336,83,3,"['FGF13', 'ADAMTSL3', 'USP3']","['FGF13', 'ADAMTSL3', 'USP3']",0.03721253531836826,fold_6
4.1,cluster_id,Inh L1-6 LAMP5 CA1,465,0.32368621477532367,0.4009433962264151,0.1827956989247312,75941,127,380,85,3,"['CDKL1', 'FGF13', 'STAM']","['CDKL1', 'FGF13', 'USP3', 'ADAMTSL3', 'MMP24', 'STAM', 'ARL3']",0.039004782099504295,fold_6
4.1,cluster_id,Inh L5-6 LAMP5 CRABP1,923,0.3776139611854972,0.35080363382250174,0.5438786565547129,74681,929,421,502,2,"['FGF13', 'CDKL1']","['LRIG1', 'CDC5L', 'FGF13', 'COX6B1', 'SCN2B', 'CDKL1', 'ADAMTSL3', 'USP3', 'UFL1', 'MMP24']",0.04050061979052591,fold_6
4.1,cluster_id,Inh L3-6 PAX6 LINC01497,84,0.30303030303030304,0.6666666666666666,0.09523809523809523,76445,4,76,8,3,"['PLSCR1', 'TNS3', 'BAIAP3']","['PLSCR1', 'TNS3', 'COCH', 'SPATA13', 'BAIAP3', 'COX6B1', 'SCN2B', 'ILDR2', 'USP3', 'TCERG1L']",0.18311699262349604,fold_6
4.1,cluster_id,Inh L1 PAX6 MIR101-1,139,0.1791044776119403,0.24489795918367346,0.08633093525179857,76357,37,127,12,3,"['TNS3', 'SPATA13', 'RAB37']","['TNS3', 'SPATA13', 'CDC5L', 'RAB37', 'UFL1', 'USP3', 'NFE2L1', 'EIF2A', 'LMF1', 'FGF13']",0.06068575266925079,fold_6
4.1,cluster_id,Inh L1 PAX6 CHRFAM7A,185,0.1678832116788321,0.184,0.12432432432432433,76246,102,162,23,3,"['USP3', 'ADRA1A', 'MCC']","['USP3', 'ADRA1A', 'LMF1', 'MCC']",0.026332730841896468,fold_6
4.1,cluster_id,Inh L1-6 VIP SLC7A6OS,61,0.13812154696132597,0.16666666666666666,0.08196721311475409,76447,25,56,5,4,"['HIF3A', 'THTPA', 'NFE2L1', 'GPRIN3']","['HIF3A', 'THTPA', 'COPB2', 'NFE2L1', 'GPRIN3', 'M6PR', 'ADRA1A', 'LMF1', 'ARHGEF28', 'UFL1']",0.07596074321780363,fold_6
4.1,cluster_id,Inh L2 PAX6 FREM2,108,0.05876068376068376,0.05314009661835749,0.10185185185185185,76229,196,97,11,5,"['RPS3A', 'THTPA', 'OPRK1', 'COCH', 'EXD3']","['RPS3A', 'RNF6', 'THTPA', 'OPRK1', 'COCH', 'EXD3', 'USP3', 'CDC5L', 'GOT2', 'GPRIN3']",0.07269206983973756,fold_6
4.1,cluster_id,Inh L1-2 VIP HTR3A,42,0.22727272727272727,0.5,0.07142857142857142,76488,3,39,3,3,"['OPRK1', 'NFATC2IP', 'ADRA1A']","['OPRK1', 'BAIAP3', 'NFATC2IP', 'UFL1', 'ADRA1A', 'INTU', 'PTBP3']",0.027716272636833995,fold_6
4.1,cluster_id,Inh L1-2 VIP WNT4,52,0.07225433526011561,0.0625,0.19230769230769232,76331,150,42,10,5,"['THTPA', 'OPRK1', 'BAIAP3', 'ZMIZ1', 'GOT2']","['THTPA', 'OPRK1', 'BAIAP3', 'ZMIZ1', 'JOSD1', 'GOT2', 'GPRIN3', 'USP3', 'ADRA1A', 'MMP24']",0.06829413288164786,fold_6
4.1,cluster_id,Inh L1 LAMP5 BMP2,352,0.4587765957446808,0.69,0.19602272727272727,76150,31,283,69,3,"['SCRG1', 'FGF13', 'ADRA1A']","['SCRG1', 'CDC5L', 'FGF13', 'USP3', 'ADRA1A', 'ADAMTSL3']",0.03312975418084396,fold_6
4.1,cluster_id,Inh L1 LAMP5 NMBR,193,0.2459016393442623,0.26,0.20207253886010362,76229,111,154,39,4,"['SCRG1', 'ADRA1A', 'FGF13', 'RNF165']","['SCRG1', 'CDC5L', 'ADRA1A', 'FGF13', 'RNF165']",0.024493432922722633,fold_6
4.1,cluster_id,Inh L1 PVALB SST ASIC4,186,0.16898608349900596,0.16585365853658537,0.1827956989247312,76176,171,152,34,2,"['USP3', 'ADRA1A']","['USP3', 'ADRA1A', 'MCC']",0.0331198488820252,fold_6
4.1,cluster_id,Inh L1 SST P4HA3,38,0.0984251968503937,0.09259259259259259,0.13157894736842105,76446,49,33,5,4,"['COCH', 'CDC5L', 'ADRA1A', 'ARL3']","['COCH', 'CDC5L', 'ADRA1A', 'ADAMTSL3', 'ARL3']",0.03463000210534059,fold_6
4.1,cluster_id,Inh L1 SST DEFB108B,223,0.09329098848749504,0.08188153310104529,0.21076233183856502,75783,527,176,47,2,"['INTU', 'ADRA1A']","['INTU', 'ADRA1A']",0.02509831723988444,fold_6
4.1,cluster_id,Inh L1-3 VIP CBLN1,464,0.12920673076923078,0.12011173184357542,0.1853448275862069,75439,630,378,86,3,"['KAT2B', 'KCNK2', 'MCC']","['KAT2B', 'KCNK2', 'MCC']",0.021768549191887726,fold_6
4.1,cluster_id,Inh L1-2 VIP EXPH5,509,0.3054662379421222,0.5377358490566038,0.11198428290766209,75975,49,452,57,3,"['TMEM163', 'MCC', 'ADRA1A']","['USP3', 'KAT2B', 'TMEM163', 'MCC', 'ADRA1A']",0.022000250442819457,fold_6
4.1,cluster_id,Inh L1-3 VIP HSPB6,396,0.04898758981058132,0.04005340453938585,0.45454545454545453,71823,4314,216,180,1,['MCC'],['MCC'],0.02208422435354566,fold_6
4.1,cluster_id,Inh L1-2 VIP PTGER3,84,0.1953125,0.23255813953488372,0.11904761904761904,76416,33,74,10,4,"['THTPA', 'OPRK1', 'COCH', 'BAIAP3']","['ENTPD6', 'THTPA', 'OPRK1', 'COCH', 'PIANP', 'BAIAP3', 'CABLES1', 'NFE2L1', 'KCNK2', 'KAT2B']",0.10945568925183817,fold_6
4.1,cluster_id,Inh L1-2 VIP SCML4,128,0.21978021978021978,0.2711864406779661,0.125,76362,43,112,16,4,"['TNS3', 'OPRK1', 'CABLES1', 'SCN2B']","['TNS3', 'THTPA', 'OPRK1', 'CABLES1', 'SCN2B', 'NFE2L1', 'KAT2B', 'USP3', 'TMEM163', 'GPRIN3']",0.07006005023498163,fold_6
4.1,cluster_id,Inh L1-3 VIP FNDC1,111,0.3023255813953488,0.5,0.11711711711711711,76409,13,98,13,5,"['THTPA', 'KAT2B', 'USP3', 'TMEM163', 'OTUD3']","['THTPA', 'CMYA5', 'KAT2B', 'USP3', 'TMEM163', 'OTUD3', 'MMP24', 'EIF2A', 'GPRIN3', 'KCNK2']",0.034704565745369634,fold_6
4.1,cluster_id,Inh L1-3 VIP CHRNA2,310,0.36885245901639346,0.6,0.14516129032258066,76193,30,265,45,3,"['OPRK1', 'GPRIN3', 'MCC']","['OPRK1', 'USP3', 'GPRIN3', 'LMF1', 'KCNK2', 'MCC']",0.029046606096767843,fold_6
4.1,cluster_id,Inh L2 VIP SLC6A16,288,0.3902714932126697,0.46308724832214765,0.23958333333333334,76165,80,219,69,3,"['TNS3', 'GPRIN3', 'ADRA1A']","['TNS3', 'GPRIN3', 'USP3', 'LMF1', 'KCNK2', 'ADRA1A', 'MCC', 'ALCAM']",0.03198774739882061,fold_6
4.1,cluster_id,Inh L1 VIP KLHDC8B,95,0.11811023622047244,0.375,0.031578947368421054,76433,5,92,3,2,"['RAB37', 'FGF13']","['RAB37', 'SCN2B', 'ARHGEF28', 'FGF13', 'FOXG1', 'ADAMTSL3']",0.03307804660150209,fold_6
4.1,cluster_id,Inh L3-5 VIP IGDCC3,390,0.11655011655011654,0.17094017094017094,0.05128205128205128,76046,97,370,20,3,"['ADAMTSL3', 'KCNK2', 'FOXG1']","['ADAMTSL3', 'KCNK2', 'FOXG1']",0.021403659806985442,fold_6
4.1,cluster_id,Inh L1-5 VIP SMOC1,638,0.23157894736842105,0.5641025641025641,0.06896551724137931,75861,34,594,44,2,"['ARHGEF28', 'FOXG1']","['ARHGEF28', 'KCNK2', 'GPRIN3', 'FOXG1']",0.030211431458960367,fold_6
4.1,cluster_id,Inh L3-5 VIP HS3ST3A1,225,0.3374233128834356,0.5,0.14666666666666667,76275,33,192,33,3,"['ARHGEF28', 'USP3', 'ADAMTSL3']","['ARHGEF28', 'RAB37', 'USP3', 'KCNK2', 'ADAMTSL3', 'GPRIN3']",0.03546067833209342,fold_6
4.1,cluster_id,Inh L5-6 VIP COL4A3,89,0.23545706371191136,0.25,0.19101123595505617,76393,51,72,17,3,"['OPRK1', 'ARHGEF28', 'KCNK2']","['RNF6', 'OPRK1', 'SPATA13', 'RAB37', 'ARHGEF28', 'KCNK2', 'GPRIN3', 'USP3', 'KAT2B', 'MMP24']",0.03487450866911517,fold_6
4.1,cluster_id,Inh L1-5 VIP CD27-AS1,67,0.24154589371980675,0.2857142857142857,0.14925373134328357,76441,25,57,10,3,"['RAB37', 'ADAMTSL3', 'FOXG1']","['RAB37', 'ARHGEF28', 'MMP24', 'ADAMTSL3', 'FOXG1', 'KIAA1671', 'INTU', 'RGS11', 'RNF165']",0.025879183723834846,fold_6
4.1,cluster_id,Inh L2-5 VIP BSPRY,85,0.053763440860215055,0.5,0.011764705882352941,76447,1,84,1,2,"['KAT2B', 'ARHGEF28']","['USP3', 'KAT2B', 'KCNK2', 'ARHGEF28']",0.02198193815788705,fold_6
4.1,cluster_id,Inh L2-5 VIP SOX11,116,0.125,0.17073170731707318,0.0603448275862069,76383,34,109,7,4,"['OPRK1', 'ENTPD6', 'COCH', 'BAIAP3']","['OPRK1', 'ENTPD6', 'COCH', 'BAIAP3', 'SCN2B', 'PHF6', 'RAB37', 'GPRIN3', 'USP3', 'ADRA1A']",0.1048710774513527,fold_6
4.1,cluster_id,Inh L3-6 VIP ZIM2-AS1,146,0.12162162162162163,0.16071428571428573,0.06164383561643835,76340,47,137,9,4,"['OPRK1', 'NFE2L1', 'ATF7', 'KCNK2']","['OPRK1', 'COCH', 'NFE2L1', 'SCN2B', 'ATF7', 'KCNK2', 'UST', 'OTUD3', 'UFL1', 'MMP24']",0.033303235350384985,fold_6
4.1,cluster_id,Inh L1-5 VIP PHLDB3,92,0.03333333333333333,0.02888086642599278,0.08695652173913043,76172,269,84,8,2,"['ADAMTSL3', 'INTU']","['ADAMTSL3', 'INTU']",0.02472715473222848,fold_6
4.1,cluster_id,Inh L1-5 VIP LINC01013,127,0.047594545922305116,0.039361702127659576,0.29133858267716534,75503,903,90,37,3,"['NPRL3', 'TMEM163', 'ADRA1A']","['NPRL3', 'TMEM163', 'ADRA1A']",0.02289685098004305,fold_6
4.1,cluster_id,Inh L3-6 VIP UG0898H09,131,0.109717868338558,0.14893617021276595,0.05343511450381679,76362,40,124,7,4,"['ADAMTSL3', 'MMP24', 'ADRA1A', 'RNF168']","['ADAMTSL3', 'MMP24', 'GPRIN3', 'ADRA1A', 'RNF168']",0.024421950951148304,fold_6
4.1,cluster_id,Inh L3-5 VIP TAC3,367,0.04694113120430935,0.03864428254672157,0.33242506811989103,73131,3035,245,122,1,['KCNK2'],['KCNK2'],0.024075125982713427,fold_6
4.1,cluster_id,Inh L1-6 SST NPY,67,0.4330708661417323,0.7333333333333333,0.16417910447761194,76462,4,56,11,3,"['CHODL', 'ZMIZ1', 'ARHGEF28']","['CHODL', 'COCH', 'SPATA13', 'ZMIZ1', 'DYNLT3', 'ARHGEF28', 'PIANP', 'TGS1', 'GPRIN3', 'MMP24']",0.0519075182151895,fold_6
4.1,cluster_id,Inh L3-5 SST CDH3,81,0.14184397163120568,0.26666666666666666,0.04938271604938271,76441,11,77,4,4,"['URB1', 'ADAMTSL3', 'KCNK2', 'ILDR2']","['NMU', 'BAIAP3', 'URB1', 'ADAMTSL3', 'KCNK2', 'ILDR2', 'UST', 'TMEM163', 'GPRIN3', 'RNF168']",0.032022841324818765,fold_6
4.1,cluster_id,Inh L5 SST RPL35AP11,764,0.2776639344262295,0.2633624878522838,0.35471204188481675,75011,758,493,271,2,"['NMU', 'ADAMTSL3']","['NMU', 'ADAMTSL3', 'UST', 'KCNK2', 'GPRIN3']",0.08068664642173617,fold_6
4.1,cluster_id,Inh L5-6 SST ISX,394,0.11950286806883365,0.15337423312883436,0.06345177664974619,76001,138,369,25,5,"['SCN2B', 'RAB37', 'ADAMTSL3', 'GPRIN3', 'KCNK2']","['SCN2B', 'RAB37', 'ADAMTSL3', 'GPRIN3', 'KCNK2']",0.025643655587888246,fold_6
4.1,cluster_id,Inh L5-6 PVALB SST CRHR2,218,0.0447427293064877,0.047337278106508875,0.03669724770642202,76154,161,210,8,4,"['ATP2B3', 'COX6B1', 'CDC5L', 'SCN2B']","['DYNLT3', 'ATP2B3', 'CABLES1', 'COX6B1', 'CDC5L', 'SCN2B', 'RAB37', 'UST', 'ADAMTSL3', 'KCNK2']",0.04329165422707362,fold_6
4.1,cluster_id,Inh L3-5 SST OR5AH1P,242,0.12727272727272726,0.18181818181818182,0.05785123966942149,76228,63,228,14,4,"['NMU', 'CABLES1', 'UST', 'URB1']","['NMU', 'CABLES1', 'UST', 'ADAMTSL3', 'URB1', 'KCNK2', 'GPRIN3']",0.03510615313205037,fold_6
4.1,cluster_id,Inh L3-5 SST GGTLC3,1154,0.35378366823428814,0.3757094211123723,0.28682842287694976,74829,550,823,331,2,"['NMU', 'ADAMTSL3']","['NMU', 'UST', 'ADAMTSL3', 'GPRIN3', 'ARHGEF28', 'KCNK2']",0.07208614701842844,fold_6
4.1,cluster_id,Inh L2-3 SST NMU,419,0.15712682379349047,0.23728813559322035,0.06682577565632458,76024,90,391,28,4,"['NMU', 'UST', 'KAT2B', 'STAM']","['NMU', 'UST', 'KAT2B', 'STAM', 'KCNK2']",0.02886984672823109,fold_6
4.1,cluster_id,Inh L5-6 SST PAWR,194,0.11772853185595568,0.12878787878787878,0.08762886597938144,76224,115,177,17,5,"['NMU', 'CABLES1', 'ADAMTSL3', 'UST', 'KCNK2']","['NMU', 'EXD3', 'CABLES1', 'ADAMTSL3', 'UST', 'KCNK2', 'GPRIN3']",0.03410922659999548,fold_6
4.1,cluster_id,Inh L5-6 SST PIK3CD,129,0.14799154334038056,0.16279069767441862,0.10852713178294573,76332,72,115,14,3,"['UST', 'GPRIN3', 'KCNK2']","['NMU', 'CABLES1', 'UST', 'GPRIN3', 'KCNK2', 'ADAMTSL3', 'ARHGEF28', 'OR2AG2']",0.034507347305582005,fold_6
4.1,cluster_id,Inh L1-2 SST CCNJL,320,0.022193389784211964,0.01815135437028763,0.203125,72697,3516,255,65,1,['ILDR2'],['ILDR2'],0.026021357800970757,fold_6
4.1,cluster_id,Inh L1-3 SST FAM20A,1069,0.16908212560386474,0.1857541899441341,0.1244153414405987,74881,583,936,133,1,['ILDR2'],"['UST', 'ILDR2', 'KCNK2']",0.023134889954052853,fold_6
4.1,cluster_id,Inh L1-2 SST PRRT4,376,0.08528784648187633,0.08533333333333333,0.0851063829787234,75814,343,344,32,2,"['ILDR2', 'STAM']","['ILDR2', 'UST', 'STAM']",0.03237756937995237,fold_6
4.1,cluster_id,Inh L5-6 SST BEAN1,76,0.21551724137931033,0.5,0.06578947368421052,76452,5,71,5,4,"['SCRG1', 'CDC5L', 'KCNK2', 'ILDR2']","['EXD3', 'SCRG1', 'CDC5L', 'CMYA5', 'KCNK2', 'ILDR2', 'MAP1LC3B', 'RNF168', 'NPRL3']",0.03620769986823116,fold_6
4.1,cluster_id,Inh L5-6 SST DNAJC14,35,0.027932960893854747,0.027777777777777776,0.02857142857142857,76463,35,34,1,5,"['VRK3', 'THTPA', 'ECM1', 'EXD3', 'COX6B1']","['VRK3', 'THTPA', 'ECM1', 'SCRG1', 'EXD3', 'COX6B1', 'MTIF3', 'HHAT', 'SCN2B', 'SEC24A']",0.08816707705949312,fold_6
4.1,cluster_id,Inh L5-6 SST C4orf26,93,0.2491103202846975,0.2978723404255319,0.15053763440860216,76407,33,79,14,4,"['RAB27A', 'CISD2', 'SPATA13', 'EXD3']","['RAB27A', 'CISD2', 'ATMIN', 'CDC7', 'SPATA13', 'EXD3', 'BAIAP3', 'DYNLT3', 'CLTB', 'COPB2']",0.17754692035953026,fold_6
4.1,cluster_id,Inh L5-6 SST FBN2,100,0.16447368421052633,0.38461538461538464,0.05,76425,8,95,5,3,"['RAB27A', 'KCNK2', 'ILDR2']","['RAB27A', 'EXD3', 'SPATA13', 'CDC5L', 'KCNK2', 'ILDR2', 'ADAMTSL3', 'TXLNG']",0.029670995311598003,fold_6
4.1,cluster_id,Inh L5-6 SST KLHL1,188,0.35447761194029853,0.4367816091954023,0.20212765957446807,76296,49,150,38,3,"['RAB27A', 'SPATA13', 'BAIAP3']","['RAB27A', 'SPATA13', 'EXD3', 'BAIAP3', 'CABLES1', 'CDC5L', 'UST', 'ILDR2', 'KCNK2', 'ADAMTSL3']",0.08946194483617463,fold_6
4.1,cluster_id,Inh L6 SST TH,84,0.0684931506849315,0.07692307692307693,0.047619047619047616,76401,48,80,4,4,"['BAIAP3', 'DYNLT3', 'ZMIZ1', 'COX6B1']","['COCH', 'BAIAP3', 'DYNLT3', 'ZMIZ1', 'JOSD1', 'COX6B1', 'CLTB', 'CX3CL1', 'TGS1', 'KCNK2']",0.060064543352420896,fold_6
4.1,cluster_id,Inh L5-6 PVALB KCNIP2,108,0.029585798816568046,0.025,0.1111111111111111,75957,468,96,12,5,"['ECM1', 'SLC29A1', 'SCRG1', 'SERPINB9', 'NFATC2IP']","['ECM1', 'SLC29A1', 'SCRG1', 'MTIF3', 'SERPINB9', 'NFATC2IP', 'COX6B1', 'PHLDB2', 'GOT2', 'DHDDS']",0.05799490883842199,fold_6
4.1,cluster_id,Inh L5-6 PVALB ZFPM2-AS1,563,0.22150624244865083,0.22916666666666666,0.19538188277087035,75600,370,453,110,2,"['AGBL1', 'ECM1']","['AGBL1', 'ECM1', 'SLC29A1', 'SERPINB9', 'MTIF3', 'ATP2B3', 'COX6B1', 'DHDDS', 'KAT2B', 'RAB37']",0.4221795577661959,fold_6
4.1,cluster_id,Inh L3-5 PVALB ISG20,254,0.23035230352303523,0.2809917355371901,0.13385826771653545,76192,87,220,34,5,"['VSIG10', 'PAICS', 'PDCD6', 'NPL', 'OSBPL2']","['VSIG10', 'PAICS', 'PDCD6', 'KY', 'NPL', 'OSBPL2', 'SLC29A1', 'SERPINB9', 'DHDDS', 'RAB37']",1.0,fold_6
4.1,cluster_id,Inh L5 PVALB LRIG3,631,0.10299166257969593,0.11931818181818182,0.06656101426307448,75592,310,589,42,5,"['SLC29A1', 'ECM1', 'SERPINB9', 'MTIF3', 'HHAT']","['SLC29A1', 'ECM1', 'SERPINB9', 'NFATC2IP', 'MTIF3', 'HHAT', 'GOT2', 'DHDDS', 'NEFM', 'RAB37']",0.05564294906813237,fold_6
4.1,cluster_id,Inh L2-5 PVALB HHIPL1,456,0.039566236811254395,0.036535859269282815,0.05921052631578947,75365,712,429,27,5,"['SLC29A1', 'PIK3C2B', 'SERPINB9', 'NFATC2IP', 'ATP2B3']","['SLC29A1', 'PIK3C2B', 'SERPINB9', 'NFATC2IP', 'MTIF3', 'ATP2B3', 'COX6B1', 'HHAT', 'KAT2B', 'DHDDS']",0.050475571539533325,fold_6
4.1,cluster_id,Inh L2-5 PVALB RPH3AL,3253,0.1338787653402752,0.141287284144427,0.11066707654472795,71092,2188,2893,360,3,"['SLC29A1', 'SERPINB9', 'DHDDS']","['SLC29A1', 'SERPINB9', 'NFATC2IP', 'ATP2B3', 'GOT2', 'DHDDS', 'SDHB', 'KAT2B', 'M6PR', 'MMP24']",0.03380074642776448,fold_6
4.1,cluster_id,Inh L3 PVALB SAMD13,1326,0.17267267267267267,0.22954091816367264,0.08672699849170437,74821,386,1211,115,4,"['OSBPL2', 'SLC29A1', 'PHLDB2', 'KAT2B']","['OSBPL2', 'SLC29A1', 'SERPINB9', 'PHLDB2', 'DHDDS', 'KAT2B', 'SDHB', 'FGF13', 'MMP24']",0.06414763862727924,fold_6
4.1,cluster_id,Inh L1-2 PVALB CDK20,123,0.013131976362442548,0.011428571428571429,0.032520325203252036,76064,346,119,4,5,"['DYNLT3', 'SCN2B', 'GOT2', 'CX3CL1', 'DHDDS']","['DYNLT3', 'ATP2B3', 'SCN2B', 'GOT2', 'CX3CL1', 'DHDDS', 'URB1', 'UFL1', 'MMP24', 'NPHP4']",0.033361180888579506,fold_6
4.1,cluster_id,Inh L2 PVALB FRZB,107,0.06524317912218268,0.059782608695652176,0.102803738317757,76253,173,96,11,4,"['NMU', 'ATP2B3', 'CX3CL1', 'SDHB']","['NMU', 'ATP2B3', 'CX3CL1', 'M6PR', 'SDHB', 'TGS1', 'NPHP4', 'GDI2', 'STAM', 'FGF13']",0.04219301358680211,fold_6
4.1,cluster_id,Inh L1-2 SST CLIC6,194,0.08766014834794336,0.07503607503607504,0.26804123711340205,75698,641,142,52,2,"['UST', 'KCNK2']","['UST', 'KCNK2']",0.03115970905425572,fold_6
4.1,cluster_id,Inh L5-6 PVALB GAPDHP60,138,0.07510729613733906,0.08536585365853659,0.050724637681159424,76320,75,131,7,5,"['SCRG1', 'COX6B1', 'HHAT', 'CLTB', 'MMP24']","['SCRG1', 'COX6B1', 'HHAT', 'CLTB', 'USP3', 'MMP24', 'TGS1', 'SDHB']",0.04212867239478957,fold_6
4.1,cluster_id,Inh L5-6 PVALB FAM150B,111,0.14545454545454545,0.1951219512195122,0.07207207207207207,76389,33,103,8,6,"['SERPINB9', 'HHAT', 'PHLDB2', 'COX6B1', 'CDC5L', 'SDHB']","['SERPINB9', 'HHAT', 'PHLDB2', 'COX6B1', 'CDC5L', 'SDHB', 'NEFM', 'UFL1', 'GPRIN3', 'RNF168']",0.054380197511983336,fold_6
4.1,cluster_id,Inh L5-6 PVALB MEPE,230,0.11627906976744186,0.2,0.043478260869565216,76263,40,220,10,5,"['PHLDB2', 'HHAT', 'COX6B1', 'SDHB', 'ABCB7']","['PHLDB2', 'HHAT', 'COX6B1', 'KAT2B', 'SDHB', 'ABCB7', 'GPRIN3']",0.04795064674738313,fold_6
4.1,cluster_id,Inh L1-6 PVALB COL15A1,288,0.2706185567010309,0.3442622950819672,0.14583333333333334,76165,80,246,42,3,"['CDC5L', 'PHLDB2', 'FGF13']","['CDC5L', 'PHLDB2', 'FGF13']",0.025698894770078876,fold_6
4.1,cluster_id,Exc L2 LAMP5 KCNG3,261,0.09134088417975886,0.08077544426494346,0.19157088122605365,75703,569,211,50,3,"['CRYM', 'LMF1', 'CX3CL1']","['ITPKA', 'CDKL1', 'CRYM', 'LMF1', 'CX3CL1', 'TCERG1L', 'ARHGEF28', 'CDK5RAP1', 'RAPGEFL1', 'NPHP4']",0.03920249441656677,fold_6
4.1,cluster_id,Exc L2 LINC00507 ATP7B,183,0.21568627450980393,0.6111111111111112,0.060109289617486336,76343,7,172,11,3,"['SH3RF2', 'HHAT', 'CRYM']","['SH3RF2', 'HHAT', 'ZMIZ1', 'CDKL1', 'CRYM', 'ARHGEF28', 'NPHP4', 'ETS2', 'SEC24A', 'LMF1']",0.08811285534484817,fold_6
4.1,cluster_id,Exc L2 LINC00507 GLRA3,12485,0.5784925588094095,0.625903342366757,0.44397276732078494,60735,3313,6942,5543,2,"['ITPKA', 'LMF1']","['ITPKA', 'CDKL1', 'HHAT', 'LMF1', 'TCERG1L', 'CX3CL1', 'ETS2', 'DNAH7', 'NPHP4', 'ARHGEF28']",0.07479053786074776,fold_6
4.1,cluster_id,Exc L2-3 RORB RTKN2,1211,0.1286015460295151,0.12398373983739837,0.15111478117258464,74029,1293,1028,183,4,"['NME9', 'SCRG1', 'BAIAP3', 'CMYA5']","['NME9', 'SCRG1', 'BAIAP3', 'CMYA5', 'CDKL1', 'CRYM', 'HHAT', 'TCERG1L', 'LMF1', 'NEFM']",0.04893311553625957,fold_6
4.1,cluster_id,Exc L2-3 LINC00507 DSG3,1088,0.2709288990825688,0.315,0.17371323529411764,75034,411,899,189,3,"['SH3RF2', 'ECM1', 'HHAT']","['SH3RF2', 'CFAP54', 'ITPKA', 'ECM1', 'HHAT', 'SERPINB9', 'JOSD1', 'LMF1', 'CX3CL1', 'CDKL1']",0.08953089839695036,fold_6
4.1,cluster_id,Exc L3 LAMP5 CARM1P1,4044,0.41119321291735084,0.4547862277714718,0.2972304648862512,71048,1441,2842,1202,3,"['DOCK2', 'ITPKA', 'SERPINB9']","['DOCK2', 'CFAP54', 'ITPKA', 'HHAT', 'SERPINB9', 'TESC', 'ATP2B3', 'RAB37', 'NEFM', 'LMF1']",0.08881393992767618,fold_6
4.1,cluster_id,Oligo L2-6 OPALIN MAP6D1,101,0.43352601156069365,0.8333333333333334,0.1485148514851485,76429,3,86,15,4,"['PRR5L', 'CERCAM', 'ITPKA', 'HHAT']","['PRR5L', 'CERCAM', 'RHOU', 'ITPKA', 'SPATA13', 'HHAT', 'TF', 'CDKL1', 'LMF1', 'ATF7']",0.10296177912085977,fold_6
4.1,cluster_id,Exc L2-3 RORB CCDC68,3331,0.5991440798858774,0.7015590200445434,0.37826478534974484,72666,536,2071,1260,2,"['SCRG1', 'PHLDB2']","['HES6', 'SCRG1', 'PHLDB2', 'CMYA5', 'DYNLT3', 'TCERG1L', 'CRYM', 'UST', 'ETS2', 'DNAH7']",0.08886408062757334,fold_6
4.1,cluster_id,Exc L2-3 RORB PTPN3,1628,0.16459074733096085,0.20641562064156208,0.09090909090909091,74336,569,1480,148,3,"['TCERG1L', 'PHLDB2', 'CDKL1']","['SCRG1', 'TCERG1L', 'CMYA5', 'PHLDB2', 'CRYM', 'CDKL1', 'HHAT', 'ETS2', 'NEFM', 'DNAH7']",0.034035276362404304,fold_6
4.1,cluster_id,Exc L3 THEMIS ENPEP,785,0.1089298539621738,0.10731132075471699,0.1159235668789809,74991,757,694,91,6,"['ECM1', 'TESC', 'CMYA5', 'HHAT', 'SERPINB9', 'NEFM']","['ECM1', 'TESC', 'CMYA5', 'HHAT', 'SERPINB9', 'NEFM', 'ETS2', 'TCERG1L', 'RAB37', 'ARHGEF28']",0.04476361588987053,fold_6
4.1,cluster_id,Exc L3-5 RORB TNNT2,535,0.07017797713789611,0.06085319949811794,0.18130841121495328,74501,1497,438,97,5,"['NME9', 'CMYA5', 'TESC', 'TCERG1L', 'PHLDB2']","['NEUROD6', 'NME9', 'CMYA5', 'TESC', 'TCERG1L', 'PHLDB2', 'HHAT', 'ETS2', 'ARHGEF28', 'UST']",0.05088032312682691,fold_6
4.1,cluster_id,Exc L3-5 RORB LAMA4,250,0.14360313315926893,0.17054263565891473,0.088,76176,107,228,22,4,"['CMYA5', 'NME9', 'HHAT', 'NEFM']","['CMYA5', 'NME9', 'TESC', 'PHLDB2', 'HHAT', 'NEFM', 'KAT2B', 'RAB37', 'UST', 'USP3']",0.05830362651580477,fold_6
4.1,cluster_id,Exc L5 THEMIS VILL,216,0.20270270270270271,0.22900763358778625,0.1388888888888889,76216,101,186,30,4,"['LYSMD4', 'DOCK2', 'CMYA5', 'NEFM']","['LYSMD4', 'DOCK2', 'NME9', 'CMYA5', 'TESC', 'NEFM', 'SERPINB9', 'NFE2L1', 'KAT2B', 'USP3']",0.09310720589434648,fold_6
4.1,cluster_id,Exc L3 RORB OTOGL,2134,0.2596026490066225,0.2895125553914328,0.1836925960637301,73437,962,1742,392,2,"['PHLDB2', 'TCERG1L']","['NEUROD6', 'PHLDB2', 'CMYA5', 'TCERG1L', 'CDKL1', 'ETS2', 'ARHGEF28', 'KIAA1671', 'DNAH7']",0.05293553896781933,fold_6
4.1,cluster_id,Exc L3-5 RORB LINC01202,640,0.19104803493449782,0.19924098671726756,0.1640625,75471,422,535,105,3,"['NEUROD6', 'PHLDB2', 'UST']","['NEUROD6', 'CMYA5', 'PHLDB2', 'CDKL1', 'ETS2', 'UST', 'TCERG1L', 'KIAA1671', 'ABCB7']",0.0419635036254757,fold_6
4.1,cluster_id,Exc L5 THEMIS SLC22A18,1824,0.5132612966601179,0.7437722419928826,0.22916666666666666,74565,144,1406,418,4,"['AGBL1', 'AHNAK2', 'SEC16B', 'TCERG1L']","['AGBL1', 'AHNAK2', 'RHOU', 'SEC16B', 'NEUROD6', 'TCERG1L', 'TESC', 'PHLDB2', 'CRYM', 'ARHGEF28']",0.19405882811396802,fold_6
4.1,cluster_id,Exc L5-6 THEMIS TNFAIP6,1132,0.09215219976218787,0.08863473909935668,0.10954063604240283,74126,1275,1008,124,5,"['NEUROD6', 'TESC', 'DYNLT3', 'ZMIZ1', 'PHLDB2']","['NEUROD6', 'TESC', 'DYNLT3', 'ZMIZ1', 'PHLDB2', 'CRYM', 'HHAT', 'ARHGEF28', 'COX6B1', 'TCERG1L']",0.03086423410733715,fold_6
4.1,cluster_id,Exc L3-5 RORB LNX2,4631,0.2761571373006612,0.2762048843743246,0.2759663139710646,68553,3349,3353,1278,4,"['PHLDB2', 'CRYM', 'TCERG1L', 'CLTB']","['NEUROD6', 'DYNLT3', 'PHLDB2', 'CRYM', 'TCERG1L', 'CLTB', 'NEFM', 'ETS2', 'UST', 'ARHGEF28']",0.031569579266429657,fold_6
4.1,cluster_id,Exc L3-5 RORB RPRM,1231,0.3193076693524321,0.4037735849056604,0.17384240454914704,74986,316,1017,214,3,"['NEUROD6', 'LHFPL2', 'CRYM']","['ATMIN', 'AP2S1', 'NEUROD6', 'LHFPL2', 'TESC', 'CRYM', 'PHLDB2', 'COX6B1', 'NEFM', 'SCN2B']",0.04855961275180305,fold_6
4.1,cluster_id,Exc L5 RORB MED8,309,0.059127864005912786,0.06130268199233716,0.05177993527508091,75979,245,293,16,6,"['NEUROD6', 'NME9', 'YTHDF2', 'TESC', 'PHLDB2', 'TCERG1L']","['NEUROD6', 'NME9', 'YTHDF2', 'TESC', 'PHLDB2', 'TCERG1L', 'NFE2L1', 'ARHGEF28', 'ETS2', 'UST']",0.06306167936610674,fold_6
4.1,cluster_id,Exc L5 THEMIS FGF10,147,0.1292517006802721,0.1292517006802721,0.1292517006802721,76258,128,128,19,5,"['LSM11', 'DOCK2', 'AP2S1', 'NEUROD6', 'TESC']","['LSM11', 'DOCK2', 'AP2S1', 'SEC16B', 'NEUROD6', 'TESC', 'PHLDB2', 'DYNLT3', 'MTIF3', 'NEFM']",0.09648852254490514,fold_6
4.1,cluster_id,Exc L6 THEMIS LINC00343,905,0.1597051597051597,0.1601343784994401,0.1580110497237569,74878,750,762,143,4,"['ITPKA', 'BAIAP3', 'ZMIZ1', 'ARHGEF28']","['ITPKA', 'NME9', 'BAIAP3', 'ZMIZ1', 'ARHGEF28', 'CDKL1', 'ETS2', 'LMF1', 'NEFM', 'NPHP4']",0.043506632972328485,fold_6
4.1,cluster_id,Exc L6 THEMIS SLN,436,0.20801815431164902,0.19927536231884058,0.25229357798165136,75655,442,326,110,5,"['BAIAP3', 'ZMIZ1', 'CDKL1', 'ARHGEF28', 'LMF1']","['ITPKA', 'BAIAP3', 'ZMIZ1', 'CDKL1', 'ARHGEF28', 'LMF1', 'ETS2', 'TCERG1L', 'NPHP4', 'DNAH7']",0.04391961404650205,fold_6
4.1,cluster_id,Exc L6 THEMIS SNTG2,488,0.24810964083175804,0.257985257985258,0.2151639344262295,75743,302,383,105,3,"['OPRK1', 'TESC', 'ARHGEF28']","['OPRK1', 'ITPKA', 'TESC', 'ZMIZ1', 'ARHGEF28', 'CDKL1', 'NEFM', 'TCERG1L', 'URB1', 'ADAMTSL3']",0.05059301275275775,fold_6
4.1,cluster_id,Exc L5-6 THEMIS SMYD1,327,0.24179620034542315,0.4444444444444444,0.0856269113149847,76171,35,299,28,3,"['CFAP54', 'THTPA', 'OPRK1']","['CFAP54', 'ASPHD2', 'THTPA', 'OPRK1', 'ITPKA', 'TESC', 'CABLES1', 'ZMIZ1', 'TMEM163', 'NPHP4']",0.13198981426598594,fold_6
4.1,cluster_id,Exc L5-6 FEZF2 OR1L8,263,0.32554257095158595,0.4642857142857143,0.1482889733840304,76225,45,224,39,3,"['ABO', 'SEC16B', 'LHFPL2']","['ABO', 'MYADM', 'ARHGAP23', 'RHOU', 'SEC16B', 'LHFPL2', 'CRYM', 'CABLES1', 'ZMIZ1', 'KCNK2']",0.07005307349559625,fold_6
4.1,cluster_id,Exc L5 THEMIS LINC01116,151,0.24299065420560748,0.2708333333333333,0.17218543046357615,76312,70,125,26,6,"['CFAP58', 'SEC16B', 'LRIG1', 'LHFPL2', 'TESC', 'CRYM']","['CFAP58', 'SEC16B', 'LRIG1', 'LHFPL2', 'TESC', 'CRYM', 'SERPINB9', 'NEFM', 'RAB37', 'TMEM163']",0.053755442421323345,fold_6
4.1,cluster_id,Exc L5 THEMIS RGPD6,241,0.04468025691147724,0.03832335329341317,0.13278008298755187,75489,803,209,32,6,"['SOHLH1', 'SEC16B', 'TESC', 'CRYM', 'NEFM', 'L3HYPDH']","['SOHLH1', 'SEC16B', 'TESC', 'CRYM', 'NEFM', 'L3HYPDH', 'CX3CL1', 'ILDR2', 'KAT2B', 'KIAA1671']",0.04160663887979908,fold_6
4.1,cluster_id,Exc L5-6 FEZF2 C9orf135-AS1,2602,0.2195583596214511,0.21014492753623187,0.2674865488086088,71315,2616,1906,696,3,"['CRYM', 'CX3CL1', 'ILDR2']","['PIANP', 'CRYM', 'CDKL1', 'CX3CL1', 'ILDR2', 'TCERG1L', 'NEFM', 'DHDDS', 'KIAA1671', 'TMEM163']",0.031426688062529205,fold_6
4.1,cluster_id,Exc L5-6 FEZF2 FILIP1L,318,0.1898047722342733,0.23178807947019867,0.11006289308176101,76099,116,283,35,5,"['SEC16B', 'ECM1', 'LHFPL2', 'CRYM', 'CABLES1']","['SEC16B', 'ECM1', 'LHFPL2', 'CRYM', 'CABLES1', 'NEFM', 'CX3CL1', 'KIAA1671', 'TMEM163', 'ILDR2']",0.03794639376841987,fold_6
4.1,cluster_id,Exc L5-6 FEZF2 SH2D1B,159,0.04633529907329402,0.042801556420233464,0.06918238993710692,76128,246,148,11,6,"['IL10RB', 'SEC16B', 'SOHLH1', 'CABLES1', 'CRYM', 'L3HYPDH']","['IL10RB', 'SEC16B', 'SOHLH1', 'CABLES1', 'CRYM', 'L3HYPDH', 'ILDR2', 'KIAA1671', 'NEFM', 'RAB37']",0.07380773492383162,fold_6
4.1,cluster_id,Exc L6 FEZF2 PDYN,22,0.39473684210526316,0.75,0.13636363636363635,76510,1,19,3,3,"['CFAP58', 'AHNAK2', 'RHOU']","['CFAP58', 'DUSP4', 'AHNAK2', 'ARHGAP23', 'RHOU', 'AP2S1', 'ATMIN', 'LHFPL2', 'ECM1', 'ZMIZ1']",0.40111594722759975,fold_6
4.1,cluster_id,Exc L6 FEZF2 FFAR4,106,0.0660377358490566,0.0660377358490566,0.0660377358490566,76328,99,99,7,5,"['AP2S1', 'ASPHD2', 'SOHLH1', 'COCH', 'BAIAP3']","['AP2S1', 'ASPHD2', 'CFAP54', 'SOHLH1', 'COCH', 'BAIAP3', 'SPATA13', 'KCNK2', 'ADAMTSL3', 'UST']",0.08175357816801264,fold_6
4.1,cluster_id,Exc L6 FEZF2 PROKR2,72,0.0857843137254902,0.08333333333333333,0.09722222222222222,76384,77,65,7,6,"['TTC9', 'ASPHD2', 'SOHLH1', 'SPATA13', 'BAIAP3', 'ZMIZ1']","['TTC9', 'ASPHD2', 'SOHLH1', 'SPATA13', 'BAIAP3', 'ZMIZ1', 'CRYM', 'KCNK2', 'ETS2', 'CX3CL1']",0.08488811409680283,fold_6
4.1,cluster_id,Exc L5-6 FEZF2 CFTR,108,0.3601694915254237,0.53125,0.1574074074074074,76410,15,91,17,4,"['CLDN1', 'LRIG1', 'YTHDF2', 'ETS2']","['CLDN1', 'PARP2', 'ASPHD2', 'LRIG1', 'YTHDF2', 'ETS2', 'CX3CL1', 'L3HYPDH', 'KIAA1671', 'RAB37']",0.06400989949635263,fold_6
4.1,cluster_id,Exc L6 FEZF2 KLK7,1801,0.54671214705325,0.663981588032221,0.3203775680177679,74440,292,1224,577,4,"['SOHLH1', 'BAIAP3', 'UST', 'CX3CL1']","['ASPHD2', 'SOHLH1', 'LRIG1', 'BAIAP3', 'UST', 'CX3CL1', 'ETS2', 'ILDR2', 'KIAA1671', 'RAB37']",0.04177797438988762,fold_6
4.1,cluster_id,Exc L6 FEZF2 POGK,127,0.23297491039426524,0.34210526315789475,0.10236220472440945,76381,25,114,13,4,"['ASPHD2', 'SPATA13', 'BAIAP3', 'UST']","['ASPHD2', 'SOHLH1', 'COCH', 'SPATA13', 'BAIAP3', 'UST', 'ILDR2', 'CX3CL1', 'KCNK2', 'ETS2']",0.05263844420352114,fold_6
4.1,cluster_id,Exc L5 FEZF2 CSN1S1,150,0.43795620437956206,0.7741935483870968,0.16,76376,7,126,24,4,"['ITPKA', 'ECM1', 'TCERG1L', 'CRYM']","['SEC16B', 'ITPKA', 'ECM1', 'TCERG1L', 'CRYM', 'TESC', 'RAB37', 'NEFM', 'HHAT', 'LMF1']",0.07291229557649981,fold_6
4.1,cluster_id,Exc L3-5 FEZF2 ASGR2,620,0.5195783132530121,0.6034985422740525,0.3338709677419355,75777,136,413,207,3,"['SEC16B', 'CRYM', 'TCERG1L']","['FGF5', 'CFAP54', 'SEC16B', 'CRYM', 'TCERG1L', 'RAB37', 'ADAMTSL3', 'NEFM', 'LMF1', 'TMEM163']",0.06360460567956787,fold_6
4.1,cluster_id,Exc L3-5 FEZF2 LINC01107,88,0.2604166666666667,0.3,0.17045454545454544,76410,35,73,15,6,"['CERKL', 'CASP3', 'FGF5', 'SCRG1', 'CRYM', 'CMYA5']","['CERKL', 'CASP3', 'FGF5', 'SCRG1', 'CRYM', 'CMYA5', 'RAB37', 'NEFM', 'ADAMTSL3', 'TCERG1L']",0.22769267752211367,fold_6
4.1,cluster_id,Exc L5 FEZF2 PKD2L1,280,0.3543307086614173,0.391304347826087,0.2571428571428571,76141,112,208,72,4,"['LHFPL2', 'NEUROD6', 'CRYM', 'NEFM']","['LHFPL2', 'NEUROD6', 'CRYM', 'PHLDB2', 'CMYA5', 'NEFM', 'KIAA1671', 'GPRIN3', 'UST', 'DHDDS']",0.0832754785125818,fold_6
4.1,cluster_id,Exc L5 FEZF2 NREP-AS1,229,0.3213751868460389,0.39090909090909093,0.18777292576419213,76237,67,186,43,3,"['CARD11', 'LHFPL2', 'PHLDB2']","['CARD11', 'LHFPL2', 'PHLDB2', 'CRYM', 'CABLES1', 'GPRIN3', 'UST', 'KIAA1671', 'USP3', 'ILDR2']",0.09471956587002228,fold_6
4.1,cluster_id,Exc L5 FEZF2 RNF144A-AS1,108,0.17473118279569894,0.19696969696969696,0.12037037037037036,76372,53,95,13,4,"['CDC7', 'LHFPL2', 'CRYM', 'PHLDB2']","['CDC7', 'LHFPL2', 'CRYM', 'PHLDB2', 'UST', 'HHAT', 'GPRIN3', 'USP3', 'KIAA1671', 'URB1']",0.0868076754486709,fold_6
4.1,cluster_id,Exc L5-6 FEZF2 IFNG-AS1,753,0.6322267810518464,0.7033195020746889,0.450199203187251,75637,143,414,339,2,"['CRYM', 'UST']","['LHFPL2', 'CRYM', 'PHLDB2', 'CABLES1', 'UST', 'GPRIN3', 'SCN2B', 'USP3', 'KIAA1671', 'CX3CL1']",0.06620534117858595,fold_6
4.1,cluster_id,Exc L5-6 FEZF2 LPO,117,0.32967032967032966,0.46153846153846156,0.15384615384615385,76395,21,99,18,5,"['TSEN54', 'LHFPL2', 'VRK3', 'ECM1', 'CRYM']","['TSEN54', 'LHFPL2', 'VRK3', 'ECM1', 'CRYM', 'PHLDB2', 'CABLES1', 'TMEM163', 'UST', 'DHDDS']",0.11278309903484947,fold_6
4.1,cluster_id,OPC L1-6 PDGFRA COL20A1,283,0.48717948717948717,0.5491329479768786,0.33568904593639576,76172,78,188,95,2,"['TNS3', 'KAT2B']","['TNS3', 'CMYA5', 'CABLES1', 'KAT2B', 'UST', 'TMEM163', 'LMF1']",0.1742254449215489,fold_6
4.1,cluster_id,Oligo L3-6 OPALIN ENPP6,535,0.36800927267458705,0.3484224965706447,0.4747663551401869,75523,475,281,254,3,"['ARHGAP23', 'PRR5L', 'TF']","['ARHGAP23', 'PRR5L', 'CERCAM', 'SPATA13', 'TF', 'ATF7', 'KAT2B', 'UFL1', 'JAKMIP3', 'LMF1']",0.5105179012232048,fold_6
4.1,cluster_id,Oligo L2-6 OPALIN FTH1P3,2300,0.8104482323232324,0.7921326648669494,0.8930434782608696,73694,539,246,2054,1,['CERCAM'],"['PRR5L', 'CERCAM', 'SPATA13', 'TF', 'KAT2B', 'PTP4A2', 'YWHAQ', 'STRN', 'ACER3']",0.32232994269325704,fold_6
4.1,cluster_id,Oligo L5-6 OPALIN LDLRAP1,6,0.5,1.0,0.16666666666666666,76527,0,5,1,5,"['CDH1', 'TMEM235', 'NDST1', 'CERCAM', 'SPATA13']","['CDH1', 'TMEM235', 'NDST1', 'CERCAM', 'SPATA13', 'TF', 'GDI2', 'JAKMIP3', 'PTP4A2', 'ATF7']",0.53877140664275,fold_6
4.1,cluster_id,Astro L1-6 FGFR3 AQP1,119,0.3811659192825112,0.6538461538461539,0.14285714285714285,76405,9,102,17,1,['ADAMTSL3'],"['HSPA1A', 'LRIG1', 'ADAMTSL3']",0.050209925010157745,fold_6
4.1,cluster_id,Astro L1 FGFR3 SERPINI2,72,0.390625,0.4032258064516129,0.3472222222222222,76424,37,47,25,2,"['WDR49', 'LRIG1']","['WDR49', 'FOS', 'HIF3A', 'NPL', 'HSPA1A', 'LRIG1', 'TNS3', 'KAT2B', 'ATF7', 'DNAH7']",0.6169403317671904,fold_6
4.1,cluster_id,Astro L1-6 FGFR3 PLCG1,377,0.6553998351195384,0.7607655502392344,0.4217506631299735,76106,50,218,159,2,"['HIF3A', 'LRIG1']","['HIF3A', 'NPL', 'LRIG1', 'HSPA1A', 'CABLES1', 'KAT2B', 'DNAH7', 'MCC']",0.3707038575232683,fold_6
4.1,cluster_id,Endo L2-5 NOSTRIN SRGN,64,0.8035714285714286,0.9,0.5625,76465,4,28,36,1,['SLC39A10'],"['LMO2', 'HSPA1A', 'ETS2', 'SLC39A10']",0.03078418610639167,fold_6
4.1,cluster_id,VLMC L1-5 PDGFRA COLEC12,40,0.875,0.9333333333333333,0.7,76491,2,12,28,1,['ABCA9'],"['ABCA9', 'UST', 'SLC20A2', 'FGF13']",0.06667387131546339,fold_6
4.1,cluster_id,Micro L1-6 TYROBP CD74,108,0.7291666666666666,0.9333333333333333,0.3888888888888889,76422,3,66,42,1,['LHFPL2'],"['DOCK2', 'NPL', 'LHFPL2', 'SRGAP2C']",0.23099463703502332,fold_6
4.1,cluster_id,Inh L1 LAMP5 PVRL2,94,0.08126195028680688,0.07142857142857142,0.18085106382978725,76218,221,77,17,5,"['PDGFD', 'SLC7A5', 'TOX2', 'ADAMTSL3', 'AP1S2']","['PDGFD', 'SLC7A5', 'TOX2', 'ADAMTSL3', 'AP1S2', 'CCDC136', 'SLC30A5', 'UCK2']",0.036518002816011565,fold_7
4.1,cluster_id,Inh L1 LAMP5 RAB11FIP1,246,0.11627906976744186,0.10185185185185185,0.2682926829268293,75705,582,180,66,4,"['PDGFD', 'TOX2', 'ADAMTSL3', 'AP1S2']","['PDGFD', 'TOX2', 'ADAMTSL3', 'AP1S2', 'PTPRB', 'LMF1', 'GTF2IRD1']",0.04059124905685107,fold_7
4.1,cluster_id,Inh L1-6 LAMP5 AARD,1539,0.5530474040632054,0.7205882352941176,0.28654970760233917,74823,171,1098,441,3,"['PDGFD', 'ADAMTSL3', 'LIFR']","['PDGFD', 'TOX2', 'ADAMTSL3', 'MCF2', 'AP1S2', 'LIFR', 'PTPRB', 'SLC16A10', 'GTF2IRD1', 'IQCK']",0.03733211243635335,fold_7
4.1,cluster_id,Inh L1-6 LAMP5 NES,419,0.18251464623704372,0.18,0.19331742243436753,75745,369,338,81,3,"['ADAMTSL3', 'AP1S2', 'PTPRB']","['PDGFD', 'TOX2', 'ADAMTSL3', 'AP1S2', 'PTPRB']",0.03136148283619774,fold_7
4.1,cluster_id,Inh L1-6 LAMP5 CA1,465,0.46543778801843316,0.6516129032258065,0.2172043010752688,76014,54,364,101,3,"['CHRDL1', 'PDGFD', 'EPS8']","['CHRDL1', 'PDGFD', 'EPS8', 'TOX2', 'MCF2', 'PTPRB', 'ADAMTSL3', 'IQCK', 'AP1S2', 'GTF2IRD1']",0.15457332793541392,fold_7
4.1,cluster_id,Inh L5-6 LAMP5 CRABP1,923,0.5807065792257246,0.5772870662460567,0.5947995666305526,75208,402,374,549,2,"['PDGFD', 'ADAMTSL3']","['CHRDL1', 'PDGFD', 'ALG12', 'TOX2', 'ADAMTSL3', 'MCF2', 'PTPRB', 'AP1S2', 'IQCK', 'SLC16A10']",0.10854917241500052,fold_7
4.1,cluster_id,Inh L3-6 PAX6 LINC01497,84,0.16666666666666666,0.20512820512820512,0.09523809523809523,76418,31,76,8,4,"['SLC17A8', 'ANKZF1', 'EPS8', 'BIRC2']","['SLC17A8', 'ANKZF1', 'EPS8', 'SARM1', 'BIRC2', 'MCF2', 'CARS2', 'FAM20B', 'AP1S2', 'TOX2']",0.05931092246405262,fold_7
4.1,cluster_id,Inh L1 PAX6 MIR101-1,139,0.05637773079633545,0.05,0.11510791366906475,76090,304,123,16,4,"['AP1S2', 'CARS2', 'UCK2', 'SLC16A10']","['AP1S2', 'CARS2', 'TOX2', 'GTF2IRD1', 'UCK2', 'SLC16A10', 'LMF1', 'CPEB2']",0.027627631050321143,fold_7
4.1,cluster_id,Inh L1 PAX6 CHRFAM7A,185,0.06463079657456779,0.05329780146568954,0.43243243243243246,74927,1421,105,80,2,"['EPS8', 'AP1S2']","['EPS8', 'AP1S2', 'LMF1']",0.03992526133389279,fold_7
4.1,cluster_id,Inh L1-6 VIP SLC7A6OS,61,0.10638297872340426,0.15,0.04918032786885246,76455,17,58,3,5,"['EPS8', 'IRS1', 'EEF2', 'BIRC2', 'AP1S2']","['AMPD2', 'EPS8', 'IRS1', 'EEF2', 'BIRC2', 'AP1S2', 'MCF2', 'GPRIN3', 'IQCK', 'SLC16A10']",0.03657538530559106,fold_7
4.1,cluster_id,Inh L2 PAX6 FREM2,108,0.6493506493506493,0.8,0.37037037037037035,76415,10,68,40,2,"['SLC17A8', 'EPS8']","['SLC17A8', 'GPR12', 'EPS8', 'APH1B', 'IRS1', 'IQCK', 'AP1S2', 'PSMC2', 'CARS2', 'LIFR']",0.2194732429506439,fold_7
4.1,cluster_id,Inh L1-2 VIP HTR3A,42,0.2,1.0,0.047619047619047616,76491,0,40,2,3,"['ABI3BP', 'EPS8', 'PLXNC1']","['ABI3BP', 'EPS8', 'GTF2IRD1', 'PLXNC1', 'AP1S2', 'IQCK']",0.05530293452337106,fold_7
4.1,cluster_id,Inh L1-2 VIP WNT4,52,0.2777777777777778,0.3125,0.19230769230769232,76459,22,42,10,3,"['FASN', 'ABI3BP', 'EPS8']","['FASN', 'CFAP43', 'STRIP1', 'ABI3BP', 'EPS8', 'CPNE5', 'IRS1', 'ZNF487', 'SARM1', 'GPRIN3']",0.08464206383614069,fold_7
4.1,cluster_id,Inh L1 LAMP5 BMP2,352,0.08694356120826709,0.07207578253706755,0.4971590909090909,73928,2253,177,175,2,"['PDGFD', 'AP1S2']","['PDGFD', 'TOX2', 'AP1S2', 'ADAMTSL3']",0.06268031434657698,fold_7
4.1,cluster_id,Inh L1 LAMP5 NMBR,193,0.022267532328164405,0.018000433745391457,0.43005181347150256,71812,4528,110,83,2,"['TOX2', 'AP1S2']","['TOX2', 'AP1S2']",0.02186667325076722,fold_7
4.1,cluster_id,Inh L1 PVALB SST ASIC4,186,0.16605166051660517,0.20224719101123595,0.0967741935483871,76276,71,168,18,4,"['EPS8', 'GTF2IRD1', 'AP1S2', 'PLXNC1']","['EPS8', 'GTF2IRD1', 'AP1S2', 'PLXNC1']",0.02459342017839815,fold_7
4.1,cluster_id,Inh L1 SST P4HA3,38,0.03731343283582089,0.041666666666666664,0.02631578947368421,76472,23,37,1,4,"['AP1S2', 'ADAMTSL3', 'CNPY2', 'FAM20B']","['EPS8', 'AP1S2', 'ADAMTSL3', 'CNPY2', 'PDGFC', 'FAM20B']",0.019839955503488958,fold_7
4.1,cluster_id,Inh L1 SST DEFB108B,223,0.15648286140089418,0.1875,0.09417040358744394,76219,91,202,21,3,"['PEG10', 'EPS8', 'AP1S2']","['PEG10', 'EPS8', 'AP1S2', 'PLXNC1']",0.036850145972662174,fold_7
4.1,cluster_id,Inh L1-3 VIP CBLN1,464,0.3125,0.4513888888888889,0.1400862068965517,75990,79,399,65,3,"['PROS1', 'EPS8', 'AP1S2']","['PROS1', 'EPS8', 'IRS1', 'GTF2IRD1', 'AP1S2']",0.06240163812700601,fold_7
4.1,cluster_id,Inh L1-2 VIP EXPH5,509,0.2096069868995633,0.3018867924528302,0.09430255402750491,75913,111,461,48,3,"['PROS1', 'IRS1', 'EPS8']","['PROS1', 'IRS1', 'EPS8', 'GTF2IRD1', 'AP1S2']",0.05378305348501994,fold_7
4.1,cluster_id,Inh L1-3 VIP HSPB6,396,0.16193181818181818,0.16715542521994134,0.14393939393939395,75853,284,339,57,2,"['PROS1', 'AP1S2']","['PROS1', 'IRS1', 'AP1S2']",0.044697755493396996,fold_7
4.1,cluster_id,Inh L1-2 VIP PTGER3,84,0.11363636363636363,0.17391304347826086,0.047619047619047616,76430,19,80,4,5,"['CBX1', 'PEG10', 'APH1B', 'RORB', 'IRS1']","['CBX1', 'ANKZF1', 'PEG10', 'APH1B', 'RORB', 'IRS1', 'EEF2', 'TMEM167A', 'ANGEL2', 'XIAP']",0.06266172778308038,fold_7
4.1,cluster_id,Inh L1-2 VIP SCML4,128,0.24509803921568626,0.2857142857142857,0.15625,76355,50,108,20,4,"['AMPD2', 'ABI3BP', 'EPS8', 'GPRIN3']","['AMPD2', 'ABI3BP', 'PROS1', 'IRS1', 'EPS8', 'GPRIN3', 'GCLM', 'CCDC136', 'SLC16A10', 'UCK2']",0.0789028526886137,fold_7
4.1,cluster_id,Inh L1-3 VIP FNDC1,111,0.06692160611854685,0.06796116504854369,0.06306306306306306,76326,96,104,7,4,"['IRS1', 'EPS8', 'EEF2', 'GTF2IRD1']","['PROS1', 'IRS1', 'EPS8', 'EEF2', 'GTF2IRD1', 'SLC16A10', 'GPRIN3', 'XIAP', 'AP1S2']",0.036622796159282225,fold_7
4.1,cluster_id,Inh L1-3 VIP CHRNA2,310,0.2283464566929134,0.24166666666666667,0.1870967741935484,76041,182,252,58,4,"['EEF2', 'GPRIN3', 'LMF1', 'AP1S2']","['IRS1', 'EEF2', 'GPRIN3', 'SLC16A10', 'LMF1', 'AP1S2', 'GTF2IRD1']",0.02666557277256726,fold_7
4.1,cluster_id,Inh L2 VIP SLC6A16,288,0.22896039603960397,0.2846153846153846,0.1284722222222222,76152,93,251,37,3,"['ABI3BP', 'EPS8', 'GPRIN3']","['AMPD2', 'ABI3BP', 'EPS8', 'IRS1', 'GPRIN3', 'SLC16A10', 'LMF1', 'GTF2IRD1', 'IQCK', 'LIFR']",0.034895524864909745,fold_7
4.1,cluster_id,Inh L1 VIP KLHDC8B,95,0.03436426116838488,0.028526148969889066,0.18947368421052632,75825,613,77,18,3,"['EPS8', 'AP1S2', 'CNOT1']","['EPS8', 'AP1S2', 'CNOT1', 'ADAMTSL3']",0.029575152676609515,fold_7
4.1,cluster_id,Inh L3-5 VIP IGDCC3,390,0.05004145445931541,0.040979631425800196,0.43333333333333335,72188,3955,221,169,2,"['ADAMTSL3', 'AP1S2']","['ADAMTSL3', 'AP1S2']",0.023513677447150296,fold_7
4.1,cluster_id,Inh L1-5 VIP SMOC1,638,0.4797979797979798,0.5428571428571428,0.3275862068965517,75719,176,429,209,2,"['ABI3BP', 'AP1S2']","['ABI3BP', 'PROS1', 'AP1S2', 'GPRIN3']",0.08972514347610275,fold_7
4.1,cluster_id,Inh L3-5 VIP HS3ST3A1,225,0.5103448275862069,0.592,0.3288888888888889,76257,51,151,74,2,"['ABI3BP', 'PROS1']","['ABI3BP', 'PROS1', 'IRS1', 'ADAMTSL3', 'AP1S2', 'GPRIN3']",0.15964920897544446,fold_7
4.1,cluster_id,Inh L5-6 VIP COL4A3,89,0.26627218934911245,0.45,0.10112359550561797,76433,11,80,9,5,"['ABI3BP', 'GPR12', 'AMPD2', 'PEG10', 'GNG3']","['ABI3BP', 'GPR12', 'AMPD2', 'PEG10', 'GNG3', 'PROS1', 'IRS1', 'EEF2', 'TMEM167A', 'GPRIN3']",0.17651399005145949,fold_7
4.1,cluster_id,Inh L1-5 VIP CD27-AS1,67,0.16759776536312848,0.21428571428571427,0.08955223880597014,76444,22,61,6,3,"['ABI3BP', 'PEG10', 'PROS1']","['ABI3BP', 'PEG10', 'PROS1', 'IRS1', 'FAM20B', 'AP1S2', 'ADAMTSL3']",0.07407663496715723,fold_7
4.1,cluster_id,Inh L2-5 VIP BSPRY,85,0.12,0.3,0.03529411764705882,76441,7,82,3,5,"['PROS1', 'IRS1', 'TMEM167A', 'AP1S2', 'ATP6V1G1']","['PROS1', 'IRS1', 'TMEM167A', 'AP1S2', 'GTF2IRD1', 'ATP6V1G1']",0.038388450365998805,fold_7
4.1,cluster_id,Inh L2-5 VIP SOX11,116,0.21341463414634146,0.5833333333333334,0.0603448275862069,76412,5,109,7,3,"['PDGFD', 'PDGFC', 'GPRIN3']","['PEG10', 'PDGFD', 'EEF2', 'TMEM167A', 'PDGFC', 'GPRIN3', 'CCDC136', 'FAM20B', 'AP1S2', 'XIAP']",0.02668452823556487,fold_7
4.1,cluster_id,Inh L3-6 VIP ZIM2-AS1,146,0.07739938080495357,0.08,0.0684931506849315,76272,115,136,10,5,"['MLLT6', 'ANKZF1', 'IRS1', 'TMEM167A', 'TOX2']","['MLLT6', 'ANKZF1', 'IRS1', 'CARS2', 'TMEM167A', 'TOX2', 'PDGFC', 'CNPY2', 'SLC30A5', 'AP1S2']",0.030206475027468677,fold_7
4.1,cluster_id,Inh L1-5 VIP PHLDB3,92,0.13257575757575757,0.16279069767441862,0.07608695652173914,76405,36,85,7,3,"['IRS1', 'EPS8', 'ADAMTSL3']","['IRS1', 'EPS8', 'SLC16A10', 'ADAMTSL3', 'AP1S2']",0.03401257903992237,fold_7
4.1,cluster_id,Inh L1-5 VIP LINC01013,127,0.04712041884816754,0.043478260869565216,0.07086614173228346,76208,198,118,9,3,"['PEG10', 'EPS8', 'AP1S2']","['PEG10', 'EPS8', 'AP1S2', 'GTF2IRD1']",0.026824174133918556,fold_7
4.1,cluster_id,Inh L3-6 VIP UG0898H09,131,0.24169184290030213,0.32,0.12213740458015267,76368,34,115,16,4,"['APH1B', 'RORB', 'ADAMTSL3', 'GPRIN3']","['APH1B', 'RORB', 'ADAMTSL3', 'SLC16A10', 'FAM20B', 'GPRIN3', 'GTF2IRD1', 'AP1S2']",0.024477856429425827,fold_7
4.1,cluster_id,Inh L3-5 VIP TAC3,367,0.05351077195104928,0.043552357508047715,0.6267029972752044,71115,5051,137,230,1,['EPS8'],['EPS8'],0.0465088754657786,fold_7
4.1,cluster_id,Inh L1-6 SST NPY,67,0.5042016806722689,0.9230769230769231,0.1791044776119403,76465,1,55,12,3,"['NPY2R', 'CPNE5', 'EPS8']","['NPY2R', 'SARM1', 'APH1B', 'CPNE5', 'EPS8', 'BIRC2', 'EEF2', 'EPB41L4A', 'SLC16A10', 'C9orf85']",0.046525119202449346,fold_7
4.1,cluster_id,Inh L3-5 SST CDH3,81,0.12195121951219512,0.16129032258064516,0.06172839506172839,76426,26,76,5,4,"['EPB41L4A', 'ADAMTSL3', 'GPRIN3', 'PTPRB']","['EPB41L4A', 'ADAMTSL3', 'CCDC136', 'TOX2', 'GPRIN3', 'PTPRB']",0.02699287224738822,fold_7
4.1,cluster_id,Inh L5 SST RPL35AP11,764,0.20183741648106904,0.2050919377652051,0.18979057591623036,75207,562,619,145,2,"['ADAMTSL3', 'CCDC136']","['ADAMTSL3', 'CCDC136', 'GPRIN3']",0.03484872680426836,fold_7
4.1,cluster_id,Inh L5-6 SST ISX,394,0.2549194991055456,0.3149171270718232,0.1446700507614213,76015,124,337,57,3,"['EPB41L4A', 'ADAMTSL3', 'GPRIN3']","['PEG10', 'EPB41L4A', 'CCDC136', 'ADAMTSL3', 'GPRIN3']",0.025643655587888246,fold_7
4.1,cluster_id,Inh L5-6 PVALB SST CRHR2,218,0.12032085561497326,0.11946902654867257,0.12385321100917432,76116,199,191,27,4,"['RSPO3', 'TOX2', 'CCDC136', 'ADAMTSL3']","['RSPO3', 'ALG12', 'ATP2B3', 'TOX2', 'CCDC136', 'ADAMTSL3', 'GPRIN3', 'SLC16A10', 'UCK2', 'MEIKIN']",0.03398847050345115,fold_7
4.1,cluster_id,Inh L3-5 SST OR5AH1P,242,0.10440835266821345,0.11612903225806452,0.0743801652892562,76154,137,224,18,4,"['TOX2', 'CCDC136', 'ADAMTSL3', 'GPRIN3']","['RSPO3', 'TOX2', 'CCDC136', 'ADAMTSL3', 'GPRIN3']",0.030267779676182573,fold_7
4.1,cluster_id,Inh L3-5 SST GGTLC3,1154,0.2788649706457926,0.3577405857740586,0.14818024263431542,75072,307,983,171,3,"['ADAMTSL3', 'TOX2', 'GPRIN3']","['ADAMTSL3', 'TOX2', 'GPRIN3']",0.024391156669845163,fold_7
4.1,cluster_id,Inh L2-3 SST NMU,419,0.07791017415215398,0.10119047619047619,0.0405727923627685,75963,151,402,17,4,"['TOX2', 'CCDC136', 'SLC16A10', 'EPHX4']","['TOX2', 'CCDC136', 'SLC16A10', 'MEIKIN', 'IQCK', 'EPHX4']",0.022573610147556315,fold_7
4.1,cluster_id,Inh L5-6 SST PAWR,194,0.2459016393442623,0.28846153846153844,0.15463917525773196,76265,74,164,30,3,"['EPB41L4A', 'CCDC136', 'ADAMTSL3']","['EPB41L4A', 'CCDC136', 'ADAMTSL3', 'PLEKHM2', 'GPRIN3']",0.036532037025977994,fold_7
4.1,cluster_id,Inh L5-6 SST PIK3CD,129,0.20080321285140562,0.3333333333333333,0.07751937984496124,76384,20,119,10,3,"['RSPO3', 'EPB41L4A', 'GPRIN3']","['RSPO3', 'EPB41L4A', 'GPRIN3', 'CCDC136', 'ADAMTSL3']",0.04755591821056561,fold_7
4.1,cluster_id,Inh L1-2 SST CCNJL,320,0.043954958514421175,0.03631170950632395,0.278125,73851,2362,231,89,2,"['TOX2', 'CCDC136']","['TOX2', 'CCDC136']",0.03210939777439485,fold_7
4.1,cluster_id,Inh L1-3 SST FAM20A,1069,0.23207378756322522,0.27225130890052357,0.14593077642656688,75047,417,913,156,2,"['RSPO3', 'TOX2']","['RSPO3', 'TOX2']",0.10599528429919745,fold_7
4.1,cluster_id,Inh L1-2 SST PRRT4,376,0.029768467475192944,0.024318847106507543,0.2872340425531915,71824,4333,268,108,2,"['TOX2', 'CCDC136']","['TOX2', 'CCDC136']",0.027383138299991935,fold_7
4.1,cluster_id,Inh L5-6 SST BEAN1,76,0.17857142857142858,0.4444444444444444,0.05263157894736842,76452,5,72,4,4,"['DAP', 'SLC17A8', 'CCDC136', 'EPHX4']","['DAP', 'SLC17A8', 'EPB41L4A', 'RAB22A', 'CCDC136', 'EPHX4']",0.0898758252790346,fold_7
4.1,cluster_id,Inh L5-6 SST DNAJC14,35,0.09090909090909091,0.2,0.02857142857142857,76494,4,34,1,6,"['MDH2', 'GANC', 'EPB41L4A', 'APH1B', 'GNG3', 'SCCPDH']","['MDH2', 'GANC', 'EPB41L4A', 'APH1B', 'GNG3', 'SCCPDH', 'BIRC2', 'RAB22A', 'SEC24A', 'PLXNC1']",0.054800453867932156,fold_7
4.1,cluster_id,Inh L5-6 SST C4orf26,93,0.18134715025906736,0.28,0.07526881720430108,76422,18,86,7,4,"['FASN', 'MAGED2', 'GNG3', 'APH1B']","['FASN', 'MAGED2', 'PEG10', 'GNG3', 'APH1B', 'SCCPDH', 'EPB41L4A', 'SARM1', 'CCDC136', 'ATP6V1G1']",0.1768628365982413,fold_7
4.1,cluster_id,Inh L5-6 SST FBN2,100,0.2727272727272727,0.4,0.12,76415,18,88,12,4,"['SLC17A8', 'GNG3', 'EPS8', 'ATP6V1G1']","['SLC17A8', 'GNG3', 'EPS8', 'CCDC136', 'ADAMTSL3', 'ATP6V1G1', 'CBL']",0.03348633030307405,fold_7
4.1,cluster_id,Inh L5-6 SST KLHL1,188,0.45353982300884954,0.6212121212121212,0.21808510638297873,76320,25,147,41,3,"['SLC17A8', 'EPS8', 'EPB41L4A']","['SLC17A8', 'PEG10', 'GNG3', 'EPS8', 'EPB41L4A', 'CCDC136', 'ADAMTSL3']",0.03362238866609808,fold_7
4.1,cluster_id,Inh L6 SST TH,84,0.5113636363636364,0.782608695652174,0.21428571428571427,76444,5,66,18,2,"['PEG10', 'EPB41L4A']","['CCDC170', 'AGPAT1', 'PEG10', 'EPB41L4A', 'APH1B', 'NPHP1', 'GNG3', 'ZNF487', 'EEF2', 'BIRC2']",0.13028752370869323,fold_7
4.1,cluster_id,Inh L5-6 PVALB KCNIP2,108,0.042735042735042736,0.044444444444444446,0.037037037037037035,76339,86,104,4,5,"['CKMT2', 'MAGED2', 'STK33', 'ANKZF1', 'GANC']","['CKMT2', 'MAGED2', 'STK33', 'HAPLN4', 'ANKZF1', 'GANC', 'CS', 'ZNF487', 'ATP2B3', 'TMEM167A']",0.0827282287950588,fold_7
4.1,cluster_id,Inh L5-6 PVALB ZFPM2-AS1,563,0.04163927240850318,0.038,0.0674955595026643,75008,962,525,38,6,"['GANC', 'CS', 'ZNF487', 'ATP2B3', 'MCF2', 'TMEM167A']","['GANC', 'CS', 'ZNF487', 'ATP2B3', 'MCF2', 'TMEM167A', 'NEFM', 'MEIKIN', 'TOX2', 'CCDC136']",0.04079031426109199,fold_7
4.1,cluster_id,Inh L3-5 PVALB ISG20,254,0.40892193308550184,0.6197183098591549,0.1732283464566929,76252,27,210,44,5,"['INHA', 'ZNF738', 'CKMT2', 'STK33', 'PDGFD']","['INHA', 'ZNF738', 'REPIN1', 'CKMT2', 'STK33', 'PDGFD', 'GANC', 'MCF2', 'ZNF487', 'MEIKIN']",0.30423720941581783,fold_7
4.1,cluster_id,Inh L5 PVALB LRIG3,631,0.17928286852589642,0.19901719901719903,0.12836767036450078,75576,326,550,81,4,"['CKMT2', 'MAGED2', 'STK33', 'ZNF487']","['CKMT2', 'MAGED2', 'MRPS11', 'STK33', 'GANC', 'ZNF487', 'MCF2', 'MEIKIN', 'PDGFC', 'NEFM']",0.12795359151135377,fold_7
4.1,cluster_id,Inh L2-5 PVALB HHIPL1,456,0.07736156351791532,0.09844559585492228,0.041666666666666664,75903,174,437,19,6,"['HAPLN4', 'GANC', 'CS', 'ZNF487', 'MCF2', 'PDGFC']","['HAPLN4', 'GANC', 'CS', 'ZNF487', 'MCF2', 'PDGFC', 'TOX2', 'TMEM167A', 'MEIKIN', 'CCDC136']",0.059280314704596965,fold_7
4.1,cluster_id,Inh L2-5 PVALB RPH3AL,3253,0.19122654208567583,0.2060580204778157,0.14847832769751,71419,1861,2770,483,3,"['GANC', 'ZNF487', 'TOX2']","['GANC', 'CS', 'ZNF487', 'ATP2B3', 'MCF2', 'TOX2', 'MEIKIN', 'CCDC136', 'PDGFC', 'SLC16A10']",0.04598760433331259,fold_7
4.1,cluster_id,Inh L3 PVALB SAMD13,1326,0.18901711102268207,0.20540540540540542,0.14328808446455504,74472,735,1136,190,3,"['GANC', 'MEIKIN', 'TOX2']","['GANC', 'ZNF487', 'MCF2', 'MEIKIN', 'TOX2', 'GCLM', 'CCDC136', 'SLC16A10', 'SAFB', 'GTF2IRD1']",0.029050586929670833,fold_7
4.1,cluster_id,Inh L1-2 PVALB CDK20,123,0.12727272727272726,0.18421052631578946,0.056910569105691054,76379,31,116,7,5,"['CKMT2', 'ATP2B3', 'PDGFC', 'TOX2', 'CCDC136']","['CKMT2', 'ATP2B3', 'PDGFC', 'TOX2', 'RAB22A', 'CCDC136', 'FAM20B', 'GCLM', 'ARL6', 'PLXNC1']",0.035710743455632125,fold_7
4.1,cluster_id,Inh L2 PVALB FRZB,107,0.07836990595611286,0.09433962264150944,0.04672897196261682,76378,48,102,5,4,"['TOX2', 'CCDC136', 'PDGFC', 'SCAF4']","['ATP2B3', 'TOX2', 'CCDC136', 'PDGFC', 'SCAF4', 'IQCK', 'CNPY2', 'EPHX4']",0.02518985902634944,fold_7
4.1,cluster_id,Inh L1-2 SST CLIC6,194,0.06544502617801047,0.10638297872340426,0.02577319587628866,76297,42,189,5,3,"['TOX2', 'TAF4B', 'SLC16A10']","['TOX2', 'CCDC136', 'TAF4B', 'SLC16A10', 'EPHX4']",0.024698240317367445,fold_7
4.1,cluster_id,Inh L5-6 PVALB GAPDHP60,138,0.15217391304347827,0.30434782608695654,0.050724637681159424,76379,16,131,7,3,"['PDGFC', 'SLC30A5', 'GPR22']","['EPB41L4A', 'PDGFC', 'SLC30A5', 'EEF2', 'GPR22', 'MEIKIN']",0.03110141044039927,fold_7
4.1,cluster_id,Inh L5-6 PVALB FAM150B,111,0.17110266159695817,0.23684210526315788,0.08108108108108109,76393,29,102,9,4,"['STK33', 'GANC', 'NEFM', 'GPRIN3']","['STK33', 'GANC', 'NEFM', 'GPRIN3', 'PDGFC', 'GPR22', 'SLC16A10', 'NEFL', 'GTF2IRD1', 'MEIKIN']",0.05204791751948808,fold_7
4.1,cluster_id,Inh L5-6 PVALB MEPE,230,0.13368983957219252,0.2777777777777778,0.043478260869565216,76277,26,220,10,4,"['STK33', 'PDGFC', 'CCDC136', 'SLC16A10']","['STK33', 'PDGFC', 'MEIKIN', 'CCDC136', 'SLC16A10', 'SCAF4', 'GTF2IRD1', 'GPRIN3', 'GPR22', 'NEFL']",0.029072054496462926,fold_7
4.1,cluster_id,Inh L1-6 PVALB COL15A1,288,0.14285714285714285,0.23529411764705882,0.05555555555555555,76193,52,272,16,3,"['BEGAIN', 'TOX2', 'GTF2IRD1']","['BEGAIN', 'CCDC136', 'TOX2', 'GTF2IRD1', 'PDGFC']",0.028368945806681086,fold_7
4.1,cluster_id,Exc L2 LAMP5 KCNG3,261,0.1355206847360913,0.17272727272727273,0.07279693486590039,76181,91,242,19,4,"['PSRC1', 'RNF2', 'PDGFD', 'VPS37B']","['PSRC1', 'RNF2', 'MLLT6', 'PDGFD', 'NPHP1', 'VPS37B', 'LMF1', 'CPNE5', 'ANGEL2', 'SLC16A10']",0.08865001806569939,fold_7
4.1,cluster_id,Exc L2 LINC00507 ATP7B,183,0.04223369310183012,0.03696098562628337,0.09836065573770492,75881,469,165,18,4,"['MLLT6', 'CPNE5', 'B4GALNT3', 'MCHR2']","['MLLT6', 'NPHP1', 'CPNE5', 'SARM1', 'B4GALNT3', 'MCHR2', 'P2RY14', 'CARS2', 'SEC24A', 'LMF1']",0.043454332563782144,fold_7
4.1,cluster_id,Exc L2 LINC00507 GLRA3,12485,0.495276266819353,0.5464706597011298,0.3602723267921506,60315,3733,7987,4498,2,"['PSRC1', 'MCHR2']","['BEGAIN', 'PSRC1', 'MLLT6', 'ZBTB7C', 'NPHP1', 'MCHR2', 'NDEL1', 'P2RY14', 'CPNE5', 'LMF1']",0.08005375227501438,fold_7
4.1,cluster_id,Exc L2-3 RORB RTKN2,1211,0.2727272727272727,0.26146788990825687,0.32947976878612717,74195,1127,812,399,4,"['ZBTB7C', 'RORB', 'PROS1', 'MCHR2']","['ZBTB7C', 'RORB', 'NPHP1', 'PROS1', 'MCHR2', 'P2RY14', 'B4GALNT3', 'LMF1', 'NEFM', 'EPHX4']",0.05477064556882952,fold_7
4.1,cluster_id,Exc L2-3 LINC00507 DSG3,1088,0.12158956109134045,0.11598302687411598,0.15073529411764705,74195,1250,924,164,4,"['EDC4', 'PEG10', 'PROS1', 'MCHR2']","['EDC4', 'C3orf80', 'PEG10', 'PROS1', 'MCHR2', 'VPS37B', 'P2RY14', 'EPB41L4A', 'LMF1', 'EPHX4']",0.0494067269238889,fold_7
4.1,cluster_id,Exc L3 LAMP5 CARM1P1,4044,0.5525066745772768,0.6313559322033898,0.3684470820969337,71619,870,2554,1490,4,"['ZBTB7C', 'PROS1', 'EPB41L4A', 'NEFM']","['HAPLN4', 'ZBTB7C', 'PROS1', 'EPB41L4A', 'MCHR2', 'NEFM', 'LMF1', 'MCF2', 'TAF4B', 'TOX2']",0.03740887367052363,fold_7
4.1,cluster_id,Oligo L2-6 OPALIN MAP6D1,101,0.44776119402985076,0.72,0.1782178217821782,76425,7,83,18,4,"['PMP22', 'APOD', 'PDGFD', 'ZBTB7C']","['FAXDC2', 'PMP22', 'APOD', 'PSRC1', 'PDGFD', 'ZBTB7C', 'C9orf85', 'MCHR2', 'PIP4K2A', 'LMF1']",0.05241289317145768,fold_7
4.1,cluster_id,Exc L2-3 RORB CCDC68,3331,0.5398143624816805,0.6402085747392816,0.33173221254878416,72581,621,2226,1105,3,"['RORB', 'CPNE9', 'PROS1']","['LNX2', 'RORB', 'CPNE9', 'ZBTB7C', 'PROS1', 'P2RY14', 'NEFM', 'CCDC136', 'SATB2', 'SLC16A10']",0.07651620606048157,fold_7
4.1,cluster_id,Exc L2-3 RORB PTPN3,1628,0.16186140617096612,0.16305732484076432,0.15724815724815724,73591,1314,1372,256,4,"['RORB', 'P2RY14', 'MCHR2', 'SATB2']","['RORB', 'CPNE9', 'P2RY14', 'MCHR2', 'NEFM', 'SATB2', 'LMF1', 'PDGFC', 'CCM2']",0.03679673505728115,fold_7
4.1,cluster_id,Exc L3 THEMIS ENPEP,785,0.24340075419952006,0.26641651031894936,0.18089171974522292,75357,391,643,142,5,"['ZBTB7C', 'RORB', 'MCHR2', 'P2RY14', 'EPB41L4A']","['ZBTB7C', 'RORB', 'MCHR2', 'ZNF487', 'P2RY14', 'EPB41L4A', 'NEFM', 'MCF2', 'LMF1', 'TOX2']",0.04195777405847864,fold_7
4.1,cluster_id,Exc L3-5 RORB TNNT2,535,0.10515368615669055,0.09599156118143459,0.17009345794392525,75141,857,444,91,5,"['RORB', 'ZBTB7C', 'CPNE9', 'B4GALNT3', 'MCHR2']","['RORB', 'ZBTB7C', 'CPNE9', 'GNG3', 'B4GALNT3', 'MCHR2', 'CPNE5', 'EPB41L4A', 'NEFM', 'PDGFC']",0.03877859921992405,fold_7
4.1,cluster_id,Exc L3-5 RORB LAMA4,250,0.19326683291770574,0.2246376811594203,0.124,76176,107,219,31,5,"['ZBTB7C', 'RORB', 'ZNF487', 'NEFM', 'MCF2']","['ZBTB7C', 'RORB', 'ZNF487', 'NEFM', 'EEF2', 'MCF2', 'TAF4B', 'CCM2', 'SLC16A10', 'SATB2']",0.047093732270109476,fold_7
4.1,cluster_id,Exc L5 THEMIS VILL,216,0.18640350877192982,0.19540229885057472,0.1574074074074074,76177,140,182,34,5,"['FAXDC2', 'RORB', 'ZBTB7C', 'NEFM', 'ZNF487']","['FAXDC2', 'RORB', 'ZBTB7C', 'NEFM', 'ZNF487', 'MCHR2', 'B4GALNT3', 'EPB41L4A', 'MED6', 'NEFL']",0.043956773770519486,fold_7
4.1,cluster_id,Exc L3 RORB OTOGL,2134,0.3725573491928632,0.3640514736405147,0.41096532333645736,72867,1532,1257,877,3,"['RORB', 'CPNE5', 'SATB2']","['RORB', 'CPNE5', 'B4GALNT3', 'CARS2', 'PDGFC', 'SATB2']",0.04331301053541253,fold_7
4.1,cluster_id,Exc L3-5 RORB LINC01202,640,0.16296296296296298,0.170873786407767,0.1375,75466,427,552,88,4,"['RORB', 'MCHR2', 'CPNE5', 'GSTCD']","['RORB', 'CPNE9', 'MCHR2', 'CPNE5', 'GSTCD', 'TAF4B', 'SATB2', 'PDGFC']",0.04011423483645292,fold_7
4.1,cluster_id,Exc L5 THEMIS SLC22A18,1824,0.29895104895104896,0.3037300177619893,0.28125,73533,1176,1311,513,4,"['LGALS1', 'CPNE9', 'ZNF487', 'B4GALNT3']","['LGALS1', 'CPNE9', 'RORB', 'ZNF487', 'B4GALNT3', 'MCHR2', 'NEFM', 'PDGFC', 'LMF1', 'TOX2']",0.0477916491674973,fold_7
4.1,cluster_id,Exc L5-6 THEMIS TNFAIP6,1132,0.09928571428571428,0.09475119291070211,0.12279151943462897,74073,1328,993,139,5,"['LNX2', 'CPNE9', 'NHLH1', 'GNG3', 'B4GALNT3']","['LNX2', 'CPNE9', 'RORB', 'NHLH1', 'GNG3', 'B4GALNT3', 'CPNE5', 'NEFM', 'PDGFC', 'PLEKHM2']",0.0427311830063037,fold_7
4.1,cluster_id,Exc L3-5 RORB LNX2,4631,0.3894520723726421,0.3885214422871773,0.3932196069963291,69036,2866,2810,1821,3,"['LNX2', 'ANKRD24', 'RORB']","['LNX2', 'ANKRD24', 'RORB', 'CPNE9', 'CPNE5', 'P2RY14', 'NEFM', 'PDGFC', 'TOX2', 'NEFL']",0.08440775349979233,fold_7
4.1,cluster_id,Exc L3-5 RORB RPRM,1231,0.34759358288770054,0.5633333333333334,0.1372867587327376,75171,131,1062,169,3,"['RORB', 'EEF2', 'NEFM']","['NPY2R', 'LNX2', 'GNG3', 'RORB', 'EEF2', 'NEFM', 'MCHR2', 'CPNE5', 'RAB22A', 'NEFL']",0.04806636249169645,fold_7
4.1,cluster_id,Exc L5 RORB MED8,309,0.09179467965530161,0.08305084745762711,0.15857605177993528,75683,541,260,49,5,"['RORB', 'CPNE9', 'MCHR2', 'B4GALNT3', 'CPNE5']","['ANKZF1', 'RORB', 'CPNE9', 'MCHR2', 'B4GALNT3', 'CPNE5', 'EEF2', 'PLEKHM2', 'PSMC2', 'SEC24A']",0.0484909727669849,fold_7
4.1,cluster_id,Exc L5 THEMIS FGF10,147,0.04689942678478374,0.040632054176072234,0.12244897959183673,75961,425,129,18,6,"['RTN4R', 'RBBP8', 'LNX2', 'RORB', 'CPNE9', 'VPS37B']","['RTN4R', 'RBBP8', 'LNX2', 'RORB', 'CPNE9', 'VPS37B', 'MCHR2', 'B4GALNT3', 'EPB41L4A', 'NEFM']",0.07662981288123356,fold_7
4.1,cluster_id,Exc L6 THEMIS LINC00343,905,0.1298318087931543,0.14170692431561996,0.09723756906077348,75095,533,817,88,6,"['ANKRD24', 'C3orf80', 'CPNE9', 'VPS37B', 'MCHR2', 'B4GALNT3']","['ANKRD24', 'C3orf80', 'CPNE9', 'VPS37B', 'MCHR2', 'B4GALNT3', 'EPB41L4A', 'CPNE5', 'PDGFC', 'LMF1']",0.05657575728955774,fold_7
4.1,cluster_id,Exc L6 THEMIS SLN,436,0.21014492753623187,0.2457627118644068,0.13302752293577982,75919,178,378,58,4,"['PPEF1', 'RSPO3', 'PEG10', 'NPHP1']","['PPEF1', 'RSPO3', 'PSRC1', 'ANKRD24', 'PEG10', 'NPHP1', 'VPS37B', 'B4GALNT3', 'CPNE5', 'EPB41L4A']",0.08921448013324858,fold_7
4.1,cluster_id,Exc L6 THEMIS SNTG2,488,0.19471153846153846,0.20351758793969849,0.16598360655737704,75728,317,407,81,5,"['PSRC1', 'PEG10', 'CPNE9', 'B4GALNT3', 'EPB41L4A']","['PSRC1', 'PEG10', 'CPNE9', 'B4GALNT3', 'EPB41L4A', 'MCHR2', 'CPNE5', 'PDGFC', 'NEFM', 'SYNPO2']",0.05321406396870023,fold_7
4.1,cluster_id,Exc L5-6 THEMIS SMYD1,327,0.3019145802650957,0.4659090909090909,0.12538226299694188,76159,47,286,41,2,"['DERA', 'CPNE5']","['DERA', 'RTN4R', 'MLLT6', 'CPNE5', 'ANKZF1', 'MCHR2', 'B4GALNT3', 'APH1B', 'EPB41L4A', 'BIRC2']",0.5410073571771744,fold_7
4.1,cluster_id,Exc L5-6 FEZF2 OR1L8,263,0.47226386806596704,0.6237623762376238,0.23954372623574144,76232,38,200,63,3,"['CABP7', 'CPNE9', 'B4GALNT3']","['CABP7', 'SLC7A5', 'GPR12', 'CPNE9', 'B4GALNT3', 'CPNE5', 'SYNPO2', 'GCLM', 'PDGFC', 'GPRIN3']",0.07146141233041453,fold_7
4.1,cluster_id,Exc L5 THEMIS LINC01116,151,0.10954616588419405,0.11475409836065574,0.09271523178807947,76274,108,137,14,5,"['TRMT6', 'CLEC11A', 'RSPO3', 'RBBP8', 'ZNF487']","['TRMT6', 'CLEC11A', 'RSPO3', 'RBBP8', 'ZNF487', 'B4GALNT3', 'NEFM', 'MCF2', 'SLC16A10', 'GCLM']",0.09836388125600096,fold_7
4.1,cluster_id,Exc L5 THEMIS RGPD6,241,0.03014696646149981,0.024870466321243522,0.1991701244813278,74410,1882,193,48,5,"['RBBP8', 'ALG12', 'B4GALNT3', 'VPS37B', 'NEFM']","['RBBP8', 'ALG12', 'B4GALNT3', 'VPS37B', 'NEFM', 'C9orf85', 'MED6', 'MCF2', 'SYNPO2', 'MEIKIN']",0.04999698817053368,fold_7
4.1,cluster_id,Exc L5-6 FEZF2 C9orf135-AS1,2602,0.2678215850258861,0.2589858793324775,0.3101460415065334,71622,2309,1795,807,2,"['B4GALNT3', 'CPNE5']","['B4GALNT3', 'VPS37B', 'CPNE5', 'P2RY14', 'C9orf85', 'PSMC2', 'SYNPO2', 'NEFM', 'GSTCD', 'ANGEL2']",0.04892342940604728,fold_7
4.1,cluster_id,Exc L5-6 FEZF2 FILIP1L,318,0.12195121951219512,0.11547344110854503,0.15723270440251572,75832,383,268,50,5,"['SLC7A5', 'RBBP8', 'B4GALNT3', 'CPNE9', 'NEFM']","['SLC7A5', 'RBBP8', 'B4GALNT3', 'CPNE9', 'CPNE5', 'NEFM', 'MED6', 'SYNPO2', 'GPRIN3', 'ANGEL2']",0.059732591825617215,fold_7
4.1,cluster_id,Exc L5-6 FEZF2 SH2D1B,159,0.02211874272409779,0.0183752417794971,0.11949685534591195,75359,1015,140,19,5,"['FAHD2A', 'IFT52', 'RNF2', 'B4GALNT3', 'VPS37B']","['FAHD2A', 'RBBP8', 'IFT52', 'RNF2', 'B4GALNT3', 'VPS37B', 'CPNE5', 'C9orf85', 'MED6', 'NEFM']",0.07305623528592807,fold_7
4.1,cluster_id,Exc L6 FEZF2 PDYN,22,0.2631578947368421,0.5,0.09090909090909091,76509,2,20,2,2,"['CABP7', 'STK33']","['ZNF738', 'CABP7', 'NPY2R', 'GPR12', 'SLC7A5', 'STK33', 'ABI3BP', 'EPB41L4A', 'B4GALNT3', 'NEFL']",0.2720949679184848,fold_7
4.1,cluster_id,Exc L6 FEZF2 FFAR4,106,0.05263157894736842,0.05172413793103448,0.05660377358490566,76317,110,100,6,3,"['CFAP43', 'GPR12', 'MCHR2']","['CFAP43', 'GPR12', 'ANKRD24', 'ZBTB7C', 'C3orf80', 'MCHR2', 'ADAMTSL3', 'BIRC2', 'EPB41L4A', 'GSTCD']",0.11840299918192748,fold_7
4.1,cluster_id,Exc L6 FEZF2 PROKR2,72,0.19117647058823528,0.19402985074626866,0.18055555555555555,76407,54,59,13,5,"['TTC9', 'AGPAT1', 'GPR12', 'ZBTB7C', 'EPB41L4A']","['TTC9', 'AGPAT1', 'GPR12', 'ZBTB7C', 'IRS1', 'EPB41L4A', 'BIRC2', 'TMEM167A', 'SYNPO2', 'PDGFC']",0.11254074385972625,fold_7
4.1,cluster_id,Exc L5-6 FEZF2 CFTR,108,0.06578947368421052,0.1,0.027777777777777776,76398,27,105,3,4,"['NPY2R', 'COMT', 'C3orf80', 'VPS37B']","['NPY2R', 'COMT', 'SLC7A5', 'ANKRD24', 'C3orf80', 'VPS37B', 'EPB41L4A', 'C9orf85', 'FAM20B', 'SATB2']",0.1120040738324278,fold_7
4.1,cluster_id,Exc L6 FEZF2 KLK7,1801,0.45603232634212043,0.558303886925795,0.2631871182676291,74357,375,1327,474,3,"['OR3A1', 'ANKRD24', 'ZBTB7C']","['OR3A1', 'FAHD2A', 'COMT', 'ANKRD24', 'ZBTB7C', 'VPS37B', 'C9orf85', 'SYNPO2', 'ANGEL2', 'TOX2']",0.10708020331734941,fold_7
4.1,cluster_id,Exc L6 FEZF2 POGK,127,0.18602029312288612,0.1736842105263158,0.25984251968503935,76249,157,94,33,3,"['NPY2R', 'ZBTB7C', 'ANKRD24']","['NPY2R', 'COMT', 'ZBTB7C', 'ANKRD24', 'FAM216A', 'SARM1', 'CPNE5', 'SYNPO2', 'C9orf85', 'RAB22A']",0.11845405229550252,fold_7
4.1,cluster_id,Exc L5 FEZF2 CSN1S1,150,0.23923444976076555,0.29850746268656714,0.13333333333333333,76336,47,130,20,5,"['OR3A1', 'TEC', 'SLC7A5', 'PROS1', 'NEFM']","['OR3A1', 'LGALS1', 'TEC', 'SLC7A5', 'PROS1', 'NEFM', 'EPB41L4A', 'LMF1', 'ADAMTSL3', 'MEIKIN']",0.0679032685266225,fold_7
4.1,cluster_id,Exc L3-5 FEZF2 ASGR2,620,0.4720052083333333,0.6331877729257642,0.23387096774193547,75829,84,475,145,3,"['PPEF1', 'TEC', 'PROS1']","['PPEF1', 'TEC', 'PROS1', 'C3orf80', 'ZBTB7C', 'MCHR2', 'ADAMTSL3', 'NEFM', 'LMF1', 'MEIKIN']",0.3636762328361041,fold_7
4.1,cluster_id,Exc L3-5 FEZF2 LINC01107,88,0.3472222222222222,0.46875,0.17045454545454544,76428,17,73,15,3,"['DNAH1', 'STK33', 'PROS1']","['DNAH1', 'TEC', 'MRPS11', 'STK33', 'PROS1', 'LNX2', 'NEFM', 'ADAMTSL3', 'MEIKIN', 'TOX2']",0.09531747119737664,fold_7
4.1,cluster_id,Exc L5 FEZF2 PKD2L1,280,0.09191176470588236,0.09900990099009901,0.07142857142857142,76071,182,260,20,6,"['GPR12', 'HAPLN4', 'DFFB', 'ZBTB7C', 'NEFM', 'GSTCD']","['GPR12', 'HAPLN4', 'DFFB', 'ZBTB7C', 'NEFM', 'GSTCD', 'GPRIN3', 'MCF2', 'ANGEL2', 'ADAMTSL3']",0.07377673675901045,fold_7
4.1,cluster_id,Exc L5 FEZF2 NREP-AS1,229,0.3179650238473768,0.4,0.17467248908296942,76244,60,189,40,4,"['CCDC80', 'DFFB', 'LNX2', 'GANC']","['CCDC80', 'DFFB', 'LNX2', 'GANC', 'APH1B', 'GPRIN3', 'C9orf85', 'LMF1', 'NEFM', 'MCF2']",0.1159949730567886,fold_7
4.1,cluster_id,Exc L5 FEZF2 RNF144A-AS1,108,0.18867924528301888,0.3076923076923077,0.07407407407407407,76407,18,100,8,4,"['DFFB', 'POMGNT1', 'GPRIN3', 'PDGFC']","['DFFB', 'POMGNT1', 'GPRIN3', 'PLEKHM2', 'PDGFC', 'MCF2', 'GSTCD', 'NEFM', 'ANGEL2', 'GCLM']",0.0895830033519193,fold_7
4.1,cluster_id,Exc L5-6 FEZF2 IFNG-AS1,753,0.5196304849884527,0.6373937677053825,0.29880478087649404,75652,128,528,225,2,"['CCDC80', 'GPRIN3']","['CCDC80', 'LNX2', 'APH1B', 'GPRIN3', 'GSTCD', 'ANGEL2', 'MCF2', 'PLEKHM2', 'LMF1', 'FAM20B']",0.2555004737725932,fold_7
4.1,cluster_id,Exc L5-6 FEZF2 LPO,117,0.33195020746887965,0.5161290322580645,0.13675213675213677,76401,15,101,16,3,"['CABP7', 'STRIP1', 'GPR12']","['SUGP1', 'CABP7', 'NSUN4', 'STRIP1', 'GPR12', 'RBBP8', 'ZNF487', 'B4GALNT3', 'MEIKIN', 'GPRIN3']",0.22776722990019146,fold_7
4.1,cluster_id,OPC L1-6 PDGFRA COL20A1,283,0.9247311827956989,0.9280575539568345,0.911660777385159,76230,20,25,258,1,['TNR'],"['APOD', 'EPB41L4A', 'PDGFC', 'LMF1', 'TNR', 'PIP4K2A']",0.028541575578204584,fold_7
4.1,cluster_id,Oligo L3-6 OPALIN ENPP6,535,0.26810176125244617,0.2712871287128713,0.2560747663551402,75630,368,398,137,2,"['TP53TG5', 'PSRC1']","['TP53TG5', 'FAXDC2', 'PSRC1', 'PMP22', 'APOD', 'C9orf85', 'PIP4K2A', 'LMF1', 'LIFR', 'CPEB2']",0.6320846715990855,fold_7
4.1,cluster_id,Oligo L2-6 OPALIN FTH1P3,2300,0.8007694628847315,0.7751004016064257,0.9230434782608695,73617,616,177,2123,1,['PIP4K2A'],"['FAXDC2', 'PMP22', 'APOD', 'PIP4K2A', 'LIFR', 'CPEB2', 'LANCL1']",0.059601327911990444,fold_7
4.1,cluster_id,Oligo L5-6 OPALIN LDLRAP1,6,0.35714285714285715,0.5,0.16666666666666666,76526,1,5,1,3,"['FAM227B', 'MTFR1', 'PMP22']","['AMOTL2', 'ZNF444', 'FAM227B', 'FAXDC2', 'MTFR1', 'PMP22', 'APOD', 'PIP4K2A', 'LIFR', 'AP1S2']",0.2978863662785668,fold_7
4.1,cluster_id,Astro L1-6 FGFR3 AQP1,119,0.4708798017348203,0.4418604651162791,0.6386554621848739,76318,96,43,76,1,['AQP4'],"['AQP4', 'ADAMTSL3', 'LIFR', 'UBC']",0.3947037431461385,fold_7
4.1,cluster_id,Astro L1 FGFR3 SERPINI2,72,0.3869047619047619,0.5416666666666666,0.18055555555555555,76450,11,59,13,2,"['ID3', 'AQP4']","['EZR', 'ID3', 'AQP4', 'STK33', 'RORB', 'IQCK', 'MEIKIN', 'LIFR', 'PIP4K2A']",0.27474931084578147,fold_7
4.1,cluster_id,Astro L1-6 FGFR3 PLCG1,377,0.6096654275092936,0.6776859504132231,0.4350132625994695,76078,78,213,164,2,"['AQP4', 'RORB']","['AQP4', 'STK33', 'RORB', 'LIFR', 'MEIKIN']",0.1614830723254632,fold_7
4.1,cluster_id,Endo L2-5 NOSTRIN SRGN,64,0.7291666666666666,0.75,0.65625,76455,14,22,42,1,['LEF1'],"['LEF1', 'NXN', 'ID3', 'SLC7A5', 'PTPRB', 'UBC']",1.0,fold_7
4.1,cluster_id,VLMC L1-5 PDGFRA COLEC12,40,0.6,0.8,0.3,76490,3,28,12,1,['APOD'],"['APOD', 'PMP22', 'EPS8', 'PLXNC1', 'SYNPO2', 'TPM1']",0.32585811358090727,fold_7
4.1,cluster_id,Micro L1-6 TYROBP CD74,108,0.4838709677419355,0.6857142857142857,0.2222222222222222,76414,11,84,24,1,['SKAP2'],"['SKAP2', 'PIP4K2A', 'NRIP1']",0.036236873463352186,fold_7
4.1,cluster_id,Inh L1 LAMP5 PVRL2,94,0.04633920296570899,0.03875968992248062,0.2127659574468085,75943,496,74,20,3,"['DNAJC3', 'DPYSL5', 'DNER']","['DNAJC3', 'DPYSL5', 'DNER']",0.020549920815771294,fold_8
4.1,cluster_id,Inh L1 LAMP5 RAB11FIP1,246,0.17123287671232876,0.16853932584269662,0.18292682926829268,76065,222,201,45,3,"['DPYSL5', 'DNER', 'DNAJC3']","['CDC42EP3', 'HACD2', 'DPYSL5', 'DNER', 'DNAJC3']",0.020632868555248592,fold_8
4.1,cluster_id,Inh L1-6 LAMP5 AARD,1539,0.42953742123866606,0.4500805152979066,0.3632228719948018,74311,683,980,559,2,"['CDC42EP3', 'DNER']","['CDC42EP3', 'RFC1', 'TSPAN9', 'DNER']",0.04544011619126069,fold_8
4.1,cluster_id,Inh L1-6 LAMP5 CA1,465,0.15299877600979192,0.2840909090909091,0.053763440860215055,76005,63,440,25,4,"['DRAM2', 'CDKL1', 'RFC1', 'TSPAN9']","['DRAM2', 'CDKL1', 'RFC1', 'TSPAN9', 'HACD2', 'DPYSL5', 'KSR1', 'BZW2']",0.050071559879896074,fold_8
4.1,cluster_id,Inh L5-6 LAMP5 CRABP1,923,0.12874043145441894,0.13105076741440377,0.12026002166847237,74874,736,812,111,4,"['DRAM2', 'CDKL1', 'TSPAN9', 'DPYSL5']","['DRAM2', 'RFC1', 'CDKL1', 'TSPAN9', 'DPYSL5', 'HACD2', 'GPR89B', 'BZW2']",0.03387274923525356,fold_8
4.1,cluster_id,Inh L3-6 PAX6 LINC01497,84,0.7107843137254902,0.9666666666666667,0.34523809523809523,76448,1,55,29,2,"['PALMD', 'EYA1']","['PALMD', 'EYA1', 'KCNK9', 'TRDMT1', 'TRMT10B', 'CD59', 'CHRM2', 'DPYSL5', 'WDR36', 'ADAM9']",0.27890159203290216,fold_8
4.1,cluster_id,Inh L1 PAX6 MIR101-1,139,0.23809523809523808,0.3409090909090909,0.1079136690647482,76365,29,124,15,4,"['MLEC', 'PDLIM5', 'TRDMT1', 'CNR1']","['MLEC', 'PDLIM5', 'TRDMT1', 'CNR1', 'CD59', 'RAB21', 'ANKRD50', 'CHRM2', 'HACD2', 'DPYSL5']",0.054829123986150745,fold_8
4.1,cluster_id,Inh L1 PAX6 CHRFAM7A,185,0.2549019607843137,0.2689655172413793,0.21081081081081082,76242,106,146,39,2,"['CNR1', 'ANKRD50']","['CNR1', 'ANKRD50']",0.03942590687253443,fold_8
4.1,cluster_id,Inh L1-6 VIP SLC7A6OS,61,0.6535947712418301,0.8695652173913043,0.32786885245901637,76469,3,41,20,3,"['PDLIM5', 'SULF2', 'CNR1']","['PDLIM5', 'SULF2', 'NAA60', 'TRDMT1', 'CNR1', 'DRAM2', 'CRIPT', 'ANKRD50', 'CD59', 'UBE2J1']",0.06893651487490955,fold_8
4.1,cluster_id,Inh L2 PAX6 FREM2,108,0.7048872180451128,0.7075471698113207,0.6944444444444444,76394,31,33,75,2,"['PDLIM5', 'CNR1']","['LIX1', 'KCNK9', 'PDLIM5', 'OPRK1', 'ZNF618', 'CNR1', 'ANKRD50', 'CRIPT', 'TSPAN9', 'TRPC4']",0.08538143125893516,fold_8
4.1,cluster_id,Inh L1-2 VIP HTR3A,42,0.3723404255319149,0.5384615384615384,0.16666666666666666,76485,6,35,7,4,"['MCTP2', 'SULF2', 'ZNF618', 'CNR1']","['OPRK1', 'MCTP2', 'SULF2', 'ZNF618', 'CNR1', 'ANKRD50', 'UBE2J1', 'DPYSL5', 'HTR1F', 'WWC1']",0.05768072958208105,fold_8
4.1,cluster_id,Inh L1-2 VIP WNT4,52,0.3,0.5,0.11538461538461539,76475,6,46,6,5,"['EYA1', 'WBP11', 'OPRK1', 'PDLIM5', 'GTF2B']","['EYA1', 'WBP11', 'KCNK9', 'OPRK1', 'PDLIM5', 'GTF2B', 'ZNF618', 'MCTP2', 'CNR1', 'ANKRD50']",0.06829413288164786,fold_8
4.1,cluster_id,Inh L1 LAMP5 BMP2,352,0.11426592797783934,0.12087912087912088,0.09375,75941,240,319,33,3,"['ANKRD50', 'WWC1', 'CNR1']","['ANKRD50', 'WWC1', 'CNR1', 'DNAJC3', 'HACD2']",0.020151792348165522,fold_8
4.1,cluster_id,Inh L1 LAMP5 NMBR,193,0.23319615912208505,0.2537313432835821,0.17616580310880828,76240,100,159,34,3,"['PCDH20', 'CNR1', 'DNER']","['PCDH20', 'CNR1', 'ANKRD50', 'WWC1', 'DNER']",0.022199501421961473,fold_8
4.1,cluster_id,Inh L1 PVALB SST ASIC4,186,0.46798029556650245,0.6909090909090909,0.20430107526881722,76330,17,148,38,3,"['CNR1', 'WWC1', 'CHRM2']","['PPP1R1C', 'CNR1', 'ANKRD50', 'WWC1', 'CHRM2']",0.02961031969594968,fold_8
4.1,cluster_id,Inh L1 SST P4HA3,38,0.40540540540540543,0.6666666666666666,0.15789473684210525,76492,3,32,6,5,"['CST3', 'FAM149B1', 'ZNF618', 'CNR1', 'HTR1F']","['CST3', 'FAM149B1', 'ZNF618', 'CNR1', 'ANKRD50', 'HTR1F', 'DPYSL5', 'WWC1']",0.03454872547314629,fold_8
4.1,cluster_id,Inh L1 SST DEFB108B,223,0.07379440535438477,0.06138472519628837,0.38565022421524664,74995,1315,137,86,2,"['CNR1', 'ANKRD50']","['CNR1', 'ANKRD50']",0.02499698039629209,fold_8
4.1,cluster_id,Inh L1-3 VIP CBLN1,464,0.21769662921348315,0.22248803827751196,0.20043103448275862,75744,325,371,93,3,"['MCTP2', 'ITGAV', 'CHRM2']","['PROS1', 'MCTP2', 'ITGAV', 'CHRM2', 'CNTRL', 'MKNK1']",0.028104633698399942,fold_8
4.1,cluster_id,Inh L1-2 VIP EXPH5,509,0.37735849056603776,0.5562913907284768,0.1650294695481336,75957,67,425,84,3,"['CCDC184', 'ITGAV', 'CHRM2']","['CCDC184', 'PROS1', 'ITGAV', 'CHRM2', 'CNTRL']",0.03271378698741222,fold_8
4.1,cluster_id,Inh L1-3 VIP HSPB6,396,0.14527845036319612,0.15286624203821655,0.12121212121212122,75871,266,348,48,2,"['PROS1', 'ITGAV']","['PROS1', 'ITGAV', 'CHRM2', 'CNR1']",0.04589297158874843,fold_8
4.1,cluster_id,Inh L1-2 VIP PTGER3,84,0.09090909090909091,0.11764705882352941,0.047619047619047616,76419,30,80,4,4,"['OPRK1', 'PPP1R1C', 'CDC42EP3', 'GTF2A2']","['OPRK1', 'MLEC', 'PPP1R1C', 'CDC42EP3', 'ZNF618', 'GTF2A2', 'PNCK', 'SUPT16H', 'DPYSL5', 'ANKRD50']",0.060472140732033795,fold_8
4.1,cluster_id,Inh L1-2 VIP SCML4,128,0.11904761904761904,0.12173913043478261,0.109375,76304,101,114,14,4,"['CERK', 'OPRK1', 'PPP1R1C', 'TRDMT1']","['CERK', 'OPRK1', 'PPP1R1C', 'CDC42EP3', 'ZNF618', 'TRDMT1', 'CRIPT', 'RAB21', 'UBE2J1', 'PTDSS1']",0.06784258095706758,fold_8
4.1,cluster_id,Inh L1-3 VIP FNDC1,111,0.04597701149425287,0.04938271604938271,0.036036036036036036,76345,77,107,4,5,"['CDC42EP3', 'PROS1', 'CRIPT', 'TSPAN9', 'SUPT16H']","['CDC42EP3', 'PROS1', 'CRIPT', 'TSPAN9', 'SUPT16H', 'HACD2', 'CD59', 'GPR89B', 'DPYSL5', 'ITGAV']",0.03979922356448511,fold_8
4.1,cluster_id,Inh L1-3 VIP CHRNA2,310,0.3516624040920716,0.4661016949152542,0.1774193548387097,76160,63,255,55,4,"['PPP1R1C', 'TSPAN9', 'CNR1', 'PTDSS1']","['PPP1R1C', 'OPRK1', 'TRDMT1', 'TSPAN9', 'CNR1', 'PTDSS1', 'ITGAV', 'CHRM2', 'TRPC4', 'HTR1F']",0.03282036563117653,fold_8
4.1,cluster_id,Inh L2 VIP SLC6A16,288,0.13034188034188035,0.1111111111111111,0.4236111111111111,75269,976,166,122,3,"['PPP1R1C', 'CNR1', 'HTR1F']","['PPP1R1C', 'ZNF618', 'CNR1', 'ANKRD50', 'HTR1F', 'DNAH7']",0.027648059785727163,fold_8
4.1,cluster_id,Inh L1 VIP KLHDC8B,95,0.3463203463203463,0.47058823529411764,0.16842105263157894,76420,18,79,16,3,"['PCDH20', 'TRDMT1', 'CNR1']","['PCDH20', 'PNCK', 'TRDMT1', 'CNR1', 'ANKRD50', 'HTR1F', 'DNAJC3', 'ZNF608']",0.0515372817750405,fold_8
4.1,cluster_id,Inh L3-5 VIP IGDCC3,390,0.3860759493670886,0.61,0.1564102564102564,76104,39,329,61,2,"['PPP1R1C', 'HTR1F']","['PPP1R1C', 'CNR1', 'HTR1F', 'MKNK1']",0.06482258044348393,fold_8
4.1,cluster_id,Inh L1-5 VIP SMOC1,638,0.4878048780487805,0.56657223796034,0.31347962382445144,75742,153,438,200,3,"['PPP1R1C', 'MCTP2', 'CNR1']","['PPP1R1C', 'MCTP2', 'PROS1', 'CNR1', 'ITGAV', 'HTR1F', 'TRPC4']",0.05392498438691068,fold_8
4.1,cluster_id,Inh L3-5 VIP HS3ST3A1,225,0.4048582995951417,0.46511627906976744,0.26666666666666666,76239,69,165,60,3,"['PROS1', 'MCTP2', 'PPP1R1C']","['PROS1', 'MCTP2', 'PPP1R1C', 'PDLIM5', 'ZNF618', 'ITGAV', 'CNR1', 'HTR1F']",0.0893100494830765,fold_8
4.1,cluster_id,Inh L5-6 VIP COL4A3,89,0.17786561264822134,0.21951219512195122,0.10112359550561797,76412,32,80,9,5,"['OPRK1', 'PPP1R1C', 'PROS1', 'ZNF618', 'RAB21']","['OPRK1', 'PPP1R1C', 'CDC42EP3', 'PROS1', 'ZNF618', 'RAB21', 'CNR1', 'PTDSS1', 'ANKRD50', 'HTR1F']",0.06173337027130174,fold_8
4.1,cluster_id,Inh L1-5 VIP CD27-AS1,67,0.09940357852882704,0.09174311926605505,0.14925373134328357,76367,99,57,10,4,"['PPP1R1C', 'MCTP2', 'DPYSL5', 'SEMA4D']","['PPP1R1C', 'MCTP2', 'PROS1', 'ANKRD50', 'DPYSL5', 'SEMA4D', 'CNR1', 'HTR1F']",0.03422398817058859,fold_8
4.1,cluster_id,Inh L2-5 VIP BSPRY,85,0.08902077151335312,0.09523809523809523,0.07058823529411765,76391,57,79,6,3,"['PPP1R1C', 'PROS1', 'SUPT16H']","['PPP1R1C', 'PROS1', 'MCTP2', 'SUPT16H', 'ANKRD50', 'WWC1', 'DPYSL5', 'ITGAV']",0.06648729867735628,fold_8
4.1,cluster_id,Inh L2-5 VIP SOX11,116,0.2727272727272727,0.46153846153846156,0.10344827586206896,76403,14,104,12,4,"['SPSB4', 'CST3', 'OPRK1', 'MLEC']","['SPSB4', 'CST3', 'OPRK1', 'MLEC', 'ZNF618', 'PNCK', 'CRIPT', 'ANKRD50', 'DPYSL5', 'UBE2J1']",0.1023958410565865,fold_8
4.1,cluster_id,Inh L3-6 VIP ZIM2-AS1,146,0.12422360248447205,0.18181818181818182,0.0547945205479452,76351,36,138,8,4,"['SGCB', 'OPRK1', 'PNCK', 'ANKRD50']","['SGCB', 'OPRK1', 'ZNF618', 'CDC42EP3', 'PNCK', 'ANKRD50', 'UBE2J1', 'DPYSL5', 'PTDSS1', 'CNR1']",0.07815293740059315,fold_8
4.1,cluster_id,Inh L1-5 VIP PHLDB3,92,0.03875968992248062,0.03773584905660377,0.043478260869565216,76339,102,88,4,3,"['DPYSL5', 'CHRM2', 'MKNK1']","['DPYSL5', 'CHRM2', 'MKNK1']",0.021726672297936372,fold_8
4.1,cluster_id,Inh L1-5 VIP LINC01013,127,0.136986301369863,0.2608695652173913,0.047244094488188976,76389,17,121,6,5,"['PNCK', 'HACD2', 'CNTRL', 'ANKRD50', 'DPYSL5']","['PNCK', 'HACD2', 'CNTRL', 'ANKRD50', 'DPYSL5', 'SLC39A9', 'HTR1F']",0.0291915198239251,fold_8
4.1,cluster_id,Inh L3-6 VIP UG0898H09,131,0.11525795828759605,0.1076923076923077,0.16030534351145037,76228,174,110,21,5,"['DPYSL5', 'DNAJC3', 'CHRM2', 'BRCC3', 'HTR1F']","['PNCK', 'DPYSL5', 'DNAJC3', 'CHRM2', 'BRCC3', 'HTR1F', 'CNTRL']",0.023631394365002407,fold_8
4.1,cluster_id,Inh L3-5 VIP TAC3,367,0.26439482961222094,0.371900826446281,0.1226158038147139,76090,76,322,45,3,"['PPP1R1C', 'CHRM2', 'CNTRL']","['PPP1R1C', 'CHRM2', 'CNTRL', 'ITGAV', 'MKNK1']",0.02444639099944719,fold_8
4.1,cluster_id,Inh L1-6 SST NPY,67,0.4065040650406504,0.7142857142857143,0.14925373134328357,76462,4,57,10,1,['NNAT'],"['SLC16A14', 'MAD1L1', 'SULF2', 'NNAT', 'ZNF618', 'CRIPT', 'CHRM2', 'CD59', 'TRMT10B', 'RAB21']",0.06373124644248064,fold_8
4.1,cluster_id,Inh L3-5 SST CDH3,81,0.01601708489054992,0.013392857142857142,0.07407407407407407,76010,442,75,6,3,"['ANKRD50', 'PLOD2', 'KSR1']","['ANKRD50', 'PLOD2', 'OTUD4', 'KSR1']",0.023895829532170905,fold_8
4.1,cluster_id,Inh L5 SST RPL35AP11,764,0.11261933174224344,0.10168350168350168,0.19764397905759162,74435,1334,613,151,2,"['PLOD2', 'CHRM2']","['PLOD2', 'CHRM2']",0.021987681649744156,fold_8
4.1,cluster_id,Inh L5-6 SST ISX,394,0.045430775264740486,0.03730542136339238,0.35279187817258884,72552,3587,255,139,2,"['CHRM2', 'AK9']","['CHRM2', 'AK9']",0.02571487690581991,fold_8
4.1,cluster_id,Inh L5-6 PVALB SST CRHR2,218,0.07987220447284345,0.09803921568627451,0.045871559633027525,76223,92,208,10,5,"['CDC42EP3', 'TSPAN9', 'RAB21', 'CD59', 'DPYSL5']","['CDC42EP3', 'TSPAN9', 'RAB21', 'CD59', 'AK9', 'DPYSL5', 'PTDSS1', 'CHRM2', 'PLOD2', 'SLC39A9']",0.031827795895840914,fold_8
4.1,cluster_id,Inh L3-5 SST OR5AH1P,242,0.05506030414263241,0.04703247480403135,0.17355371900826447,75440,851,200,42,3,"['PLOD2', 'CHRM2', 'KSR1']","['PLOD2', 'CHRM2', 'KSR1']",0.020109458398658523,fold_8
4.1,cluster_id,Inh L3-5 SST GGTLC3,1154,0.08174005106807,0.06782945736434108,0.45493934142114384,68164,7215,629,525,1,['TRPC4'],['TRPC4'],0.02058615694519925,fold_8
4.1,cluster_id,Inh L2-3 SST NMU,419,0.08375710439724798,0.07660738714090287,0.13365155131264916,75439,675,363,56,3,"['TRPC4', 'ANKRD50', 'CHRM2']","['TRPC4', 'ANKRD50', 'CHRM2', 'PLOD2']",0.018545315317618903,fold_8
4.1,cluster_id,Inh L5-6 SST PAWR,194,0.05223880597014925,0.046255506607929514,0.10824742268041238,75906,433,173,21,3,"['ZNF618', 'ANKRD50', 'PLOD2']","['ZNF618', 'ANKRD50', 'PLOD2']",0.025886510761462943,fold_8
4.1,cluster_id,Inh L5-6 SST PIK3CD,129,0.05910800644814616,0.050808314087759814,0.17054263565891473,75993,411,107,22,3,"['ZNF618', 'DPYSL5', 'PLOD2']","['ZNF618', 'DPYSL5', 'PLOD2']",0.021648211037688915,fold_8
4.1,cluster_id,Inh L1-2 SST CCNJL,320,0.15873015873015872,0.22018348623853212,0.075,76128,85,296,24,4,"['PDLIM5', 'ZNF618', 'ANKRD50', 'TRPC4']","['PDLIM5', 'ZNF618', 'ANKRD50', 'TRPC4']",0.038350194803848096,fold_8
4.1,cluster_id,Inh L1-2 SST PRRT4,376,0.2222222222222222,0.25339366515837103,0.14893617021276595,75992,165,320,56,3,"['PDLIM5', 'ITGAV', 'TRPC4']","['PDLIM5', 'ITGAV', 'DPYSL5', 'TRPC4', 'CAAP1']",0.03592993255659131,fold_8
4.1,cluster_id,Inh L5-6 SST BEAN1,76,0.06465517241379311,0.07692307692307693,0.039473684210526314,76421,36,73,3,5,"['ARL2BP', 'SUPT16H', 'CHRM2', 'TRPC4', 'CADM3']","['ARL2BP', 'SUPT16H', 'ANKRD50', 'CHRM2', 'TRPC4', 'CADM3', 'BZW2', 'DNAJC3']",0.02074685878522729,fold_8
4.1,cluster_id,Inh L5-6 SST DNAJC14,35,0.10989010989010989,0.14285714285714285,0.05714285714285714,76486,12,33,2,5,"['PAMR1', 'DUSP3', 'NAA60', 'ZNF618', 'SCCPDH']","['ATP7A', 'PAMR1', 'DUSP3', 'NAA60', 'ZNF618', 'SCCPDH', 'GTF2A2', 'CCDC28A', 'RAB21', 'TRPC4']",0.06326695163628551,fold_8
4.1,cluster_id,Inh L5-6 SST C4orf26,93,0.04051863857374392,0.03816793893129771,0.053763440860215055,76314,126,88,5,5,"['SMC2', 'CISD2', 'CERK', 'DUSP3', 'ARL2BP']","['SMC2', 'CISD2', 'BLOC1S2', 'CERK', 'DUSP3', 'ARL2BP', 'SCCPDH', 'EIF4H', 'ZNF618', 'ANKRD50']",0.13361252219361058,fold_8
4.1,cluster_id,Inh L5-6 SST FBN2,100,0.007120333638490489,0.0057107893126657145,0.56,66683,9750,44,56,1,['ANKRD50'],['ANKRD50'],0.027250388573295974,fold_8
4.1,cluster_id,Inh L5-6 SST KLHL1,188,0.05454545454545454,0.05263157894736842,0.06382978723404255,76129,216,176,12,3,"['SMC2', 'ANKRD50', 'UBE2J1']","['SMC2', 'ZNF618', 'EIF4H', 'RFC1', 'ANKRD50', 'UBE2J1', 'PLOD2', 'CD59', 'SLC39A9', 'CHRM2']",0.02473999048413921,fold_8
4.1,cluster_id,Inh L6 SST TH,84,0.06756756756756757,0.07547169811320754,0.047619047619047616,76400,49,80,4,5,"['DUSP3', 'SGCB', 'CERK', 'ANXA5', 'ARL2BP']","['DUSP3', 'SGCB', 'CERK', 'SULF2', 'ANXA5', 'ARL2BP', 'RFC1', 'NNAT', 'ANKRD50', 'SUPT16H']",0.0987601911267729,fold_8
4.1,cluster_id,Inh L5-6 PVALB KCNIP2,108,0.07911392405063292,0.07633587786259542,0.09259259259259259,76304,121,98,10,6,"['KLKB1', 'RYR1', 'PAMR1', 'DRAM2', 'SPPL2B', 'TSPAN9']","['KLKB1', 'RYR1', 'PAMR1', 'DRAM2', 'SPPL2B', 'TSPAN9', 'CHRM2', 'RFC1', 'CRIPT', 'GPR89B']",0.04803479007061832,fold_8
4.1,cluster_id,Inh L5-6 PVALB ZFPM2-AS1,563,0.08082292432035268,0.075,0.1172291296625222,75156,814,497,66,5,"['DNAI1', 'TBCE', 'TSPAN9', 'SPPL2B', 'RAB21']","['DNAI1', 'TBCE', 'DRAM2', 'TSPAN9', 'SPPL2B', 'RAB21', 'EPB41', 'ANKRD50', 'PLOD2', 'CHRM2']",0.037021982954495505,fold_8
4.1,cluster_id,Inh L3-5 PVALB ISG20,254,0.22792022792022792,0.2857142857142857,0.12598425196850394,76199,80,222,32,5,"['LMNA', 'LONP1', 'RYR1', 'DNAI1', 'PAMR1']","['LMNA', 'LONP1', 'RYR1', 'DNAI1', 'PAMR1', 'ANXA5', 'TSPAN9', 'SPPL2B', 'EPB41', 'PLOD2']",0.15930874544670298,fold_8
4.1,cluster_id,Inh L5 PVALB LRIG3,631,0.149286023366508,0.16428571428571428,0.10935023771790808,75551,351,562,69,5,"['RYR1', 'CERK', 'DRAM2', 'TSPAN9', 'SPPL2B']","['RYR1', 'CERK', 'DNAI1', 'DRAM2', 'TSPAN9', 'SPPL2B', 'CHRM2', 'PLOD2', 'EPB41', 'TRPC4']",0.04825374821419861,fold_8
4.1,cluster_id,Inh L2-5 PVALB HHIPL1,456,0.2511037527593819,0.26843657817109146,0.19956140350877194,75829,248,365,91,3,"['MEPE', 'CDC42EP3', 'TSPAN9']","['MEPE', 'ESRRA', 'DNAI1', 'CDC42EP3', 'TSPAN9', 'SPPL2B', 'RFC1', 'EPB41', 'PLOD2', 'TRPC4']",0.05740915643954234,fold_8
4.1,cluster_id,Inh L2-5 PVALB RPH3AL,3253,0.32940624816833713,0.32560834298957125,0.3455272056563172,70952,2328,2129,1124,2,"['DNAI1', 'TSPAN9']","['DNAI1', 'CDC42EP3', 'TSPAN9', 'DRAM2', 'SPPL2B', 'RFC1', 'PLOD2', 'EPB41', 'ANKRD50', 'TRPC4']",0.06180783026250528,fold_8
4.1,cluster_id,Inh L3 PVALB SAMD13,1326,0.2629855958096901,0.29606879606879605,0.1817496229260935,74634,573,1085,241,3,"['DNAI1', 'CDC42EP3', 'TSPAN9']","['CERK', 'DNAI1', 'CDC42EP3', 'TSPAN9', 'SPPL2B', 'EPB41', 'TRPC4', 'PLOD2', 'GPR89B', 'AK9']",0.06373659409379671,fold_8
4.1,cluster_id,Inh L1-2 PVALB CDK20,123,0.07936507936507936,0.08108108108108109,0.07317073170731707,76308,102,114,9,6,"['CDC42EP3', 'TSPAN9', 'RFC1', 'PLOD2', 'ANKRD50', 'ITGAV']","['CDC42EP3', 'TSPAN9', 'RFC1', 'PLOD2', 'ANKRD50', 'ITGAV', 'SLC39A9', 'PTDSS1', 'EPB41', 'TRPC4']",0.03242243588191858,fold_8
4.1,cluster_id,Inh L2 PVALB FRZB,107,0.03480278422273782,0.037037037037037035,0.028037383177570093,76348,78,104,3,6,"['CDC42EP3', 'DRAM2', 'SPPL2B', 'RFC1', 'TSPAN9', 'ANKRD50']","['CDC42EP3', 'DRAM2', 'SPPL2B', 'RFC1', 'TSPAN9', 'ANKRD50', 'TRPC4', 'ITGAV', 'PLOD2', 'KSR1']",0.03676452539131653,fold_8
4.1,cluster_id,Inh L1-2 SST CLIC6,194,0.019409282700421943,0.015785861358956762,0.23711340206185566,73471,2868,148,46,3,"['TSPAN9', 'PLOD2', 'TRPC4']","['TSPAN9', 'PLOD2', 'TRPC4']",0.020503924599123594,fold_8
4.1,cluster_id,Inh L5-6 PVALB GAPDHP60,138,0.3389830508474576,0.4444444444444444,0.17391304347826086,76365,30,114,24,3,"['PALMD', 'SULF2', 'SUPT16H']","['PALMD', 'SULF2', 'TSPAN9', 'CHRM2', 'SUPT16H', 'AK9', 'TRPC4', 'ANKRD50', 'CD59', 'DNAH7']",0.05805039312369297,fold_8
4.1,cluster_id,Inh L5-6 PVALB FAM150B,111,0.46808510638297873,0.7096774193548387,0.1981981981981982,76413,9,89,22,3,"['PALMD', 'PAMR1', 'CHRM2']","['PALMD', 'PAMR1', 'SULF2', 'RAB21', 'TSPAN9', 'CHRM2', 'AK9', 'CAAP1', 'TRPC4', 'BZW2']",0.0972403274177648,fold_8
4.1,cluster_id,Inh L5-6 PVALB MEPE,230,0.3663003663003663,0.5063291139240507,0.17391304347826086,76264,39,190,40,3,"['MEPE', 'PAMR1', 'DRAM2']","['KLKB1', 'MEPE', 'PAMR1', 'DRAM2', 'TSPAN9', 'SPPL2B', 'CHRM2', 'AK9', 'TRPC4', 'CAAP1']",0.057980097744932374,fold_8
4.1,cluster_id,Inh L1-6 PVALB COL15A1,288,0.4865771812080537,0.7532467532467533,0.2013888888888889,76226,19,230,58,2,"['RYR1', 'HTR1F']","['RYR1', 'DRAM2', 'TSPAN9', 'ITGAV', 'HTR1F', 'DPYSL5', 'PLOD2', 'CD59', 'EPB41']",0.25808163083127783,fold_8
4.1,cluster_id,Exc L2 LAMP5 KCNG3,261,0.08264462809917356,0.11627906976744186,0.038314176245210725,76196,76,251,10,4,"['PNCK', 'CAMKK1', 'CDKL1', 'SEMA4D']","['PNCK', 'CAMKK1', 'CDKL1', 'SEMA4D', 'ITGAV', 'PTDSS1', 'WWC1', 'IPCEF1', 'BZW2', 'DNAH7']",0.04776245104740762,fold_8
4.1,cluster_id,Exc L2 LINC00507 ATP7B,183,0.21613832853025935,0.36585365853658536,0.08196721311475409,76324,26,168,15,4,"['PAMR1', 'ANXA5', 'PNCK', 'NNAT']","['PAMR1', 'ANXA5', 'RASA3', 'PNCK', 'NNAT', 'CDKL1', 'CAMKK1', 'CCDC28A', 'SEMA4D', 'WWC1']",0.06893641014438032,fold_8
4.1,cluster_id,Exc L2 LINC00507 GLRA3,12485,0.42219376086359894,0.545400827260193,0.22178614337204647,61740,2308,9716,2769,2,"['PNCK', 'CAMKK1']","['PRRT2', 'PNCK', 'CDKL1', 'ING5', 'CAMKK1', 'SPPL2B', 'ETS2', 'DNAH7', 'BZW2', 'SEMA4D']",0.04214960304975844,fold_8
4.1,cluster_id,Exc L2-3 RORB RTKN2,1211,0.0744973976936422,0.0680018630647415,0.12056151940545004,73321,2001,1065,146,6,"['PRRT2', 'PROS1', 'PNCK', 'CDKL1', 'ETS2', 'DNAH7']","['PRRT2', 'PROS1', 'PNCK', 'CDKL1', 'ETS2', 'DNAH7', 'CAMKK1', 'IPCEF1', 'WDR36', 'HACD2']",0.036136773492004365,fold_8
4.1,cluster_id,Exc L2-3 LINC00507 DSG3,1088,0.24606299212598426,0.30612244897959184,0.13786764705882354,75105,340,938,150,4,"['DNAI1', 'PAMR1', 'ANXA5', 'PROS1']","['DNAI1', 'PAMR1', 'ANXA5', 'PROS1', 'NNAT', 'DNAH7', 'ETS2', 'BZW2', 'ADAM9', 'IPCEF1']",0.05185206307057237,fold_8
4.1,cluster_id,Exc L3 LAMP5 CARM1P1,4044,0.38297679477882524,0.48368631940469375,0.2089515331355094,71587,902,3199,845,4,"['DOCK2', 'ANXA5', 'PROS1', 'CAMKK1']","['DOCK2', 'NBPF12', 'ANXA5', 'PROS1', 'PNCK', 'CAMKK1', 'IPCEF1', 'DNAH7', 'GPR89B', 'EPB41']",0.044294477924319633,fold_8
4.1,cluster_id,Oligo L2-6 OPALIN MAP6D1,101,0.13574660633484162,0.2,0.0594059405940594,76408,24,95,6,3,"['ATP10B', 'RASA3', 'PNCK']","['NDRG1', 'TTYH2', 'MYRF', 'ATP10B', 'RASA3', 'PNCK', 'CDKL1', 'PIP4K2A', 'SEMA4D', 'CAMKK1']",0.06751364575217936,fold_8
4.1,cluster_id,Exc L2-3 RORB CCDC68,3331,0.32995693576757446,0.33079963514746125,0.3266286400480336,71001,2201,2243,1088,3,"['PROS1', 'TSPAN9', 'ETS2']","['NBPF12', 'PROS1', 'TSPAN9', 'ENPP5', 'CDKL1', 'ETS2', 'DNAH7', 'IPCEF1', 'SEMA4D', 'CHRM2']",0.032471163327225605,fold_8
4.1,cluster_id,Exc L2-3 RORB PTPN3,1628,0.11331106870229007,0.1482059282371295,0.05835380835380835,74359,546,1533,95,4,"['CDKL1', 'TSPAN9', 'DNAH7', 'IPCEF1']","['CDKL1', 'TSPAN9', 'ETS2', 'DNAH7', 'CAMKK1', 'IPCEF1', 'SEMA4D', 'HACD2', 'HTR1F', 'ITGAV']",0.023886984389741607,fold_8
4.1,cluster_id,Exc L3 THEMIS ENPEP,785,0.07799596256193797,0.07289879931389365,0.10828025477707007,74667,1081,700,85,6,"['ANXA5', 'RASA3', 'TRDMT1', 'ETS2', 'CDKL1', 'DNAH7']","['ANXA5', 'RASA3', 'TRDMT1', 'ETS2', 'CDKL1', 'DNAH7', 'HACD2', 'AK9', 'IPCEF1', 'EPB41']",0.030447618457481354,fold_8
4.1,cluster_id,Exc L3-5 RORB TNNT2,535,0.0675581557319961,0.058398555087296806,0.18130841121495328,74434,1564,438,97,4,"['SIAE', 'ANXA5', 'CDKL1', 'ETS2']","['SIAE', 'ANXA5', 'RASA3', 'ENPP5', 'CDKL1', 'ETS2', 'TSPAN9', 'CAMKK1', 'IPCEF1', 'DNAH7']",0.05283819454966652,fold_8
4.1,cluster_id,Exc L3-5 RORB LAMA4,250,0.027502750275027504,0.025510204081632654,0.04,75901,382,240,10,5,"['RASA3', 'GTF2B', 'EIF4H', 'TSPAN9', 'CCDC28A']","['RASA3', 'GTF2B', 'EIF4H', 'TSPAN9', 'CCDC28A', 'CRIPT', 'CAMKK1', 'IPCEF1', 'DNAH7', 'AK9']",0.03391557479311576,fold_8
4.1,cluster_id,Exc L5 THEMIS VILL,216,0.13849431818181818,0.13087248322147652,0.18055555555555555,76058,259,177,39,5,"['DOCK2', 'PRRT2', 'ANXA5', 'INSIG2', 'PLOD2']","['DOCK2', 'PRRT2', 'ANXA5', 'RASA3', 'INSIG2', 'PLOD2', 'EPB41', 'AK9', 'IPCEF1', 'DNAH7']",0.05301918703628162,fold_8
4.1,cluster_id,Exc L3 RORB OTOGL,2134,0.17181553615401834,0.18058823529411766,0.14386129334582942,73006,1393,1827,307,4,"['CDKL1', 'TSPAN9', 'IPCEF1', 'SEMA4D']","['CDKL1', 'TSPAN9', 'ETS2', 'IPCEF1', 'CAMKK1', 'SEMA4D', 'HTR1F', 'DNAH7', 'BZW2', 'CHRM2']",0.02507242961284558,fold_8
4.1,cluster_id,Exc L3-5 RORB LINC01202,640,0.23477157360406092,0.2356687898089172,0.23125,75413,480,492,148,3,"['TSPAN9', 'IPCEF1', 'HTR1F']","['CDKL1', 'TSPAN9', 'ETS2', 'IPCEF1', 'CAMKK1', 'HTR1F', 'BZW2', 'SEMA4D', 'BTF3L4', 'EPB41']",0.029059201473716125,fold_8
4.1,cluster_id,Exc L5 THEMIS SLC22A18,1824,0.33340130505709625,0.42467532467532465,0.17927631578947367,74266,443,1497,327,4,"['MICALL2', 'RNF182', 'IL7', 'HMOX2']","['MICALL2', 'ZNF69', 'RNF182', 'IL7', 'KCTD17', 'HMOX2', 'TRDMT1', 'IPCEF1', 'HACD2', 'ARHGAP22']",0.12014154405676536,fold_8
4.1,cluster_id,Exc L5-6 THEMIS TNFAIP6,1132,0.16691672918229558,0.16952380952380952,0.15724381625441697,74529,872,954,178,4,"['RNF182', 'ANXA5', 'RASA3', 'ETS2']","['RNF182', 'ANXA5', 'RASA3', 'NNAT', 'CDKL1', 'ETS2', 'IPCEF1', 'CAMKK1', 'SEMA4D', 'HTR1F']",0.048622940789606,fold_8
4.1,cluster_id,Exc L3-5 RORB LNX2,4631,0.48945829964550036,0.5499650593990216,0.3398833945152235,70614,1288,3057,1574,2,"['RNF182', 'IPCEF1']","['RNF182', 'EIF4H', 'IPCEF1', 'ETS2', 'CAMKK1', 'SEMA4D', 'HTR1F', 'DPYSL5', 'AK9', 'ARHGAP22']",0.09456590154253537,fold_8
4.1,cluster_id,Exc L3-5 RORB RPRM,1231,0.3289665211062591,0.4101633393829401,0.18359057676685622,74977,325,1005,226,2,"['EIF4H', 'IPCEF1']","['RNF182', 'DUSP3', 'SULF2', 'EIF4H', 'IPCEF1', 'ETS2', 'CAMKK1', 'SUPT16H', 'CD59', 'PLOD2']",0.05026069453873188,fold_8
4.1,cluster_id,Exc L5 RORB MED8,309,0.15990159901599016,0.20634920634920634,0.08414239482200647,76124,100,283,26,4,"['ANXA5', 'SULF2', 'IPCEF1', 'TSPAN9']","['ANXA5', 'SULF2', 'NNAT', 'IPCEF1', 'TSPAN9', 'ETS2', 'PLOD2', 'CAMKK1', 'SUPT16H', 'SEMA4D']",0.045139050154807216,fold_8
4.1,cluster_id,Exc L5 THEMIS FGF10,147,0.1694915254237288,0.2702702702702703,0.06802721088435375,76359,27,137,10,5,"['DOCK2', 'RNF182', 'DUSP3', 'ANXA5', 'IPCEF1']","['DOCK2', 'RNF182', 'DUSP3', 'ANXA5', 'SULF2', 'IPCEF1', 'ETS2', 'PLOD2', 'DNAH7', 'WDR36']",0.09648852254490514,fold_8
4.1,cluster_id,Exc L6 THEMIS LINC00343,905,0.07319304666056725,0.07017543859649122,0.08839779005524862,74568,1060,825,80,5,"['KCTD17', 'PRRT2', 'ANXA5', 'NNAT', 'ETS2']","['KCTD17', 'PRRT2', 'ANXA5', 'NNAT', 'CDKL1', 'ETS2', 'CAMKK1', 'SEMA4D', 'BZW2', 'WWC1']",0.0564813258812473,fold_8
4.1,cluster_id,Exc L6 THEMIS SLN,436,0.04614093959731544,0.040627885503231764,0.10091743119266056,75058,1039,392,44,5,"['KCTD17', 'ANXA5', 'RASA3', 'CDKL1', 'NNAT']","['KCTD17', 'ANXA5', 'RASA3', 'SCCPDH', 'CDKL1', 'NNAT', 'CAMKK1', 'SEMA4D', 'ETS2', 'BZW2']",0.055710982114870515,fold_8
4.1,cluster_id,Exc L6 THEMIS SNTG2,488,0.07038288288288289,0.06527415143603134,0.10245901639344263,75329,716,438,50,5,"['SLC16A14', 'KCTD17', 'OPRK1', 'ING5', 'CAMKK1']","['SLC16A14', 'KCTD17', 'OPRK1', 'ING5', 'CAMKK1', 'CCDC28A', 'SEMA4D', 'BZW2', 'WDR36', 'IPCEF1']",0.057768752055617545,fold_8
4.1,cluster_id,Exc L5-6 THEMIS SMYD1,327,0.4307334109429569,0.556390977443609,0.22629969418960244,76147,59,253,74,3,"['OPRK1', 'PDLIM5', 'ANXA5']","['USP38', 'KCTD17', 'OPRK1', 'PDLIM5', 'ANXA5', 'RASA3', 'MAPKAPK5', 'SEMA4D', 'CAMKK1', 'ARAP2']",0.05607872378145439,fold_8
4.1,cluster_id,Exc L5-6 FEZF2 OR1L8,263,0.3379416282642089,0.4536082474226804,0.16730038022813687,76217,53,219,44,4,"['TSPAN18', 'OR1L8', 'BLOC1S2', 'MCTP2']","['TSPAN18', 'OR1L8', 'BLOC1S2', 'MCTP2', 'SULF2', 'NNAT', 'SEMA4D', 'CAMKK1', 'PLOD2', 'ARHGAP22']",0.5583201657855706,fold_8
4.1,cluster_id,Exc L5 THEMIS LINC01116,151,0.2835820895522388,0.41304347826086957,0.12582781456953643,76355,27,132,19,6,"['ZNF69', 'FANK1', 'KCNK9', 'MCTP2', 'INSIG2', 'EPB41']","['ZNF69', 'FANK1', 'KCNK9', 'MCTP2', 'INSIG2', 'EPB41', 'ARHGAP22', 'IPCEF1', 'TRPC4', 'DNAH7']",0.07524015809696899,fold_8
4.1,cluster_id,Exc L5 THEMIS RGPD6,241,0.05077262693156733,0.045454545454545456,0.0954356846473029,75809,483,218,23,5,"['KCNK9', 'MCTP2', 'TBCE', 'SPPL2B', 'IPCEF1']","['KCNK9', 'GAA', 'MCTP2', 'TBCE', 'SPPL2B', 'IPCEF1', 'SEMA4D', 'ARHGAP22', 'HTR1F', 'DNAH7']",0.02744386831982251,fold_8
4.1,cluster_id,Exc L5-6 FEZF2 C9orf135-AS1,2602,0.10724224529966742,0.09410363311494938,0.24289008455034589,67847,6084,1970,632,4,"['NNAT', 'CRIPT', 'IPCEF1', 'SEMA4D']","['NNAT', 'CDKL1', 'CCDC28A', 'CRIPT', 'IPCEF1', 'SEMA4D', 'CAMKK1', 'WDR36', 'UBE2J1', 'HTR1F']",0.02515165570562581,fold_8
4.1,cluster_id,Exc L5-6 FEZF2 FILIP1L,318,0.08920985556499575,0.0825147347740668,0.1320754716981132,75748,467,276,42,5,"['MCTP2', 'ENPP5', 'TBCE', 'NNAT', 'CDKL1']","['MCTP2', 'SCCPDH', 'ENPP5', 'TBCE', 'NNAT', 'CDKL1', 'SPPL2B', 'IPCEF1', 'ARHGAP22', 'CAMKK1']",0.0381894470351493,fold_8
4.1,cluster_id,Exc L5-6 FEZF2 SH2D1B,159,0.012617572837806837,0.010476190476190476,0.06918238993710692,75335,1039,148,11,5,"['KCNK9', 'GAA', 'KANTR', 'NNAT', 'CCDC28A']","['KCNK9', 'GAA', 'KANTR', 'TBCE', 'NNAT', 'CCDC28A', 'IPCEF1', 'CAMKK1', 'WDR36', 'ARHGAP22']",0.0707292465474106,fold_8
4.1,cluster_id,Exc L6 FEZF2 PDYN,22,0.6,0.8571428571428571,0.2727272727272727,76510,1,16,6,4,"['UAP1L1', 'VPS4A', 'RNF182', 'MCTP2']","['UAP1L1', 'VPS4A', 'CLN8', 'RNF182', 'MCTP2', 'PAMR1', 'NNAT', 'ANXA5', 'SULF2', 'SEMA4D']",0.5810781445883262,fold_8
4.1,cluster_id,Exc L6 FEZF2 FFAR4,106,0.26548672566371684,0.4,0.11320754716981132,76409,18,94,12,4,"['CDC14A', 'KCNK9', 'CAP1', 'ANXA5']","['DAGLB', 'CDC14A', 'KCNK9', 'CAP1', 'ANXA5', 'NNAT', 'CRIPT', 'ETS2', 'SEMA4D', 'IPCEF1']",0.11094825894841355,fold_8
4.1,cluster_id,Exc L6 FEZF2 PROKR2,72,0.11494252873563218,0.11594202898550725,0.1111111111111111,76400,61,64,8,5,"['HRAS', 'KCTD17', 'CAP1', 'NNAT', 'SULF2']","['HRAS', 'DUSP3', 'KCTD17', 'CAP1', 'NNAT', 'SULF2', 'MCTP2', 'FAM219B', 'ETS2', 'CRIPT']",0.0761155047133952,fold_8
4.1,cluster_id,Exc L5-6 FEZF2 CFTR,108,0.23148148148148148,0.2777777777777778,0.1388888888888889,76386,39,93,15,4,"['MCTP2', 'ARL2BP', 'NNAT', 'ETS2']","['IFNGR2', 'MCTP2', 'YTHDF2', 'ARL2BP', 'NNAT', 'ETS2', 'EIF4H', 'ARHGAP22', 'SEMA4D', 'CAMKK1']",0.06723828178017392,fold_8
4.1,cluster_id,Exc L6 FEZF2 KLK7,1801,0.7995735607675906,0.9078212290502793,0.5413659078289839,74633,99,826,975,2,"['CDC14A', 'MCTP2']","['CDC14A', 'IFNGR2', 'MCTP2', 'KCTD17', 'NNAT', 'ETS2', 'ARHGAP22', 'SEMA4D', 'IPCEF1', 'CAMKK1']",0.14178547192934077,fold_8
4.1,cluster_id,Exc L6 FEZF2 POGK,127,0.14399205561072492,0.1318181818181818,0.2283464566929134,76215,191,98,29,3,"['CDC14A', 'FAM149B1', 'NNAT']","['CDC14A', 'KCTD17', 'FAM149B1', 'CAP1', 'MCTP2', 'NNAT', 'RFC1', 'SEMA4D', 'CRIPT', 'ETS2']",0.10158564810816581,fold_8
4.1,cluster_id,Exc L5 FEZF2 CSN1S1,150,0.2765957446808511,0.325,0.17333333333333334,76329,54,124,26,5,"['SOCS4', 'ZNF69', 'SULF2', 'NBPF12', 'PROS1']","['SOCS4', 'ZNF69', 'SULF2', 'DNAI1', 'NBPF12', 'PROS1', 'MCTP2', 'TRDMT1', 'HMOX2', 'ARAP2']",0.10614545831639256,fold_8
4.1,cluster_id,Exc L3-5 FEZF2 ASGR2,620,0.4901315789473684,0.6622222222222223,0.2403225806451613,75837,76,471,149,3,"['SIAE', 'DNAI1', 'PROS1']","['SIAE', 'IDH1', 'DNAI1', 'ATP10B', 'PROS1', 'TRDMT1', 'SULF2', 'ARAP2', 'EPB41', 'PIP4K2A']",0.14308421229640375,fold_8
4.1,cluster_id,Exc L3-5 FEZF2 LINC01107,88,0.30092592592592593,0.40625,0.14772727272727273,76426,19,75,13,3,"['ESAM', 'SPSB4', 'DNAI1']","['ESAM', 'SPSB4', 'FANK1', 'DNAI1', 'ATP10B', 'KCNK9', 'PROS1', 'TRDMT1', 'SULF2', 'EPB41']",0.37205590532882754,fold_8
4.1,cluster_id,Exc L5 FEZF2 PKD2L1,280,0.07444168734491315,0.07207207207207207,0.08571428571428572,75944,309,256,24,5,"['RNF182', 'TRDMT1', 'HMOX2', 'ENPP5', 'SPPL2B']","['RNF182', 'NAA60', 'TRDMT1', 'HMOX2', 'ENPP5', 'SPPL2B', 'CHRM2', 'EPB41', 'WDR36', 'IPCEF1']",0.04216739476414755,fold_8
4.1,cluster_id,Exc L5 FEZF2 NREP-AS1,229,0.027835768963117607,0.026490066225165563,0.034934497816593885,76010,294,221,8,6,"['TRAPPC3', 'CAP1', 'TRDMT1', 'ENPP5', 'HMOX2', 'TBCE']","['TRAPPC3', 'CAP1', 'TRDMT1', 'ENPP5', 'HMOX2', 'TBCE', 'EIF4H', 'SPPL2B', 'INSIG2', 'IPCEF1']",0.04848689637079359,fold_8
4.1,cluster_id,Exc L5 FEZF2 RNF144A-AS1,108,0.08426966292134831,0.0967741935483871,0.05555555555555555,76369,56,102,6,4,"['FAM149B1', 'TRDMT1', 'CRIPT', 'CHRM2']","['FAM149B1', 'NAA60', 'TRDMT1', 'INSIG2', 'CRIPT', 'CHRM2', 'EPB41', 'WDR36', 'IPCEF1', 'CD59']",0.04381891772441298,fold_8
4.1,cluster_id,Exc L5-6 FEZF2 IFNG-AS1,753,0.3359683794466403,0.4015748031496063,0.20318725099601595,75552,228,600,153,4,"['TRDMT1', 'CHRM2', 'IPCEF1', 'EPB41']","['ENPP5', 'TRDMT1', 'CHRM2', 'IPCEF1', 'WDR36', 'EPB41', 'CD59', 'OTUD4', 'BTF3L4']",0.02799857411548552,fold_8
4.1,cluster_id,Exc L5-6 FEZF2 LPO,117,0.06938020351526364,0.06224066390041494,0.1282051282051282,76190,226,102,15,4,"['CLN8', 'TSEN54', 'TRDMT1', 'RASA3']","['CLN8', 'TSEN54', 'KANTR', 'ANXA5', 'TRDMT1', 'RASA3', 'ENPP5', 'HMOX2', 'CDKL1', 'EPB41']",0.20034022155690565,fold_8
4.1,cluster_id,OPC L1-6 PDGFRA COL20A1,283,0.7053941908713693,0.9272727272727272,0.36042402826855124,76242,8,181,102,2,"['ATP10B', 'SULF2']","['CST3', 'ATP10B', 'SULF2', 'PDLIM5', 'ITGAV', 'ARHGAP22', 'PIP4K2A']",0.17630987950664867,fold_8
4.1,cluster_id,Oligo L3-6 OPALIN ENPP6,535,0.3931987247608927,0.3881118881118881,0.41495327102803736,75648,350,313,222,3,"['PPP1R14A', 'ATP10B', 'DPYSL5']","['PPP1R14A', 'EFHD1', 'MYRF', 'TTYH2', 'ATP10B', 'DPYSL5', 'SEMA4D', 'PIP4K2A', 'ARHGAP22', 'ARAP2']",0.24406668446790375,fold_8
4.1,cluster_id,Oligo L2-6 OPALIN FTH1P3,2300,0.7789046653144016,0.8126984126984127,0.6678260869565218,73879,354,764,1536,1,['MYRF'],"['EFHD1', 'MYRF', 'TTYH2', 'ATP10B', 'SEMA4D', 'DPYSL5', 'PIP4K2A', 'ARAP2', 'YWHAQ', 'STRN']",0.29792133985786123,fold_8
4.1,cluster_id,Oligo L5-6 OPALIN LDLRAP1,6,0.5,1.0,0.16666666666666666,76527,0,5,1,3,"['MAP3K11', 'BCAR1', 'MYRF']","['MAP3K11', 'BCAR1', 'PPP1R14A', 'NDRG1', 'MYRF', 'ATP10B', 'MPPE1', 'PDLIM5', 'NAA60', 'PIP4K2A']",1.0,fold_8
4.1,cluster_id,Astro L1-6 FGFR3 AQP1,119,0.3493975903614458,0.3918918918918919,0.24369747899159663,76369,45,90,29,1,['WWC1'],"['CST3', 'PAMR1', 'WWC1', 'ARAP2']",0.06132363407021504,fold_8
4.1,cluster_id,Astro L1 FGFR3 SERPINI2,72,0.4336734693877551,0.5483870967741935,0.2361111111111111,76447,14,55,17,2,"['SERPINI2', 'CDC14A']","['SERPINI2', 'YAP1', 'CDC14A', 'EYA1', 'CST3', 'PAMR1', 'PDLIM5', 'ITGAV', 'PLOD2', 'DNAH7']",0.7288104784503419,fold_8
4.1,cluster_id,Astro L1-6 FGFR3 PLCG1,377,0.6590683845391476,0.8417721518987342,0.35278514588859416,76131,25,244,133,2,"['EYA1', 'PAMR1']","['GRIN2C', 'EYA1', 'CST3', 'PAMR1', 'PDLIM5', 'DNAH7', 'ARAP2']",0.26115432294811713,fold_8
4.1,cluster_id,Endo L2-5 NOSTRIN SRGN,64,0.703125,0.75,0.5625,76457,12,28,36,1,['PALMD'],"['PALMD', 'PDLIM5', 'ETS2', 'CD59']",0.4661221358638831,fold_8
4.1,cluster_id,VLMC L1-5 PDGFRA COLEC12,40,0.5654761904761905,0.59375,0.475,76480,13,21,19,1,['F13A1'],['F13A1'],1.0,fold_8
4.1,cluster_id,Micro L1-6 TYROBP CD74,108,0.7193396226415094,0.7721518987341772,0.5648148148148148,76407,18,47,61,1,['DOCK2'],"['DOCK2', 'ARHGAP22', 'IPCEF1', 'MKNK1', 'PIP4K2A', 'NRIP1']",0.6861608235228469,fold_8
4.1,cluster_id,Inh L1 LAMP5 PVRL2,94,0.22727272727272727,0.2708333333333333,0.13829787234042554,76404,35,81,13,4,"['FAT1', 'JAM2', 'GRM8', 'PHACTR2']","['FAT1', 'JAM2', 'GRM8', 'COLQ', 'FDFT1', 'PHACTR2']",0.05493414948114976,fold_9
4.1,cluster_id,Inh L1 LAMP5 RAB11FIP1,246,0.2959830866807611,0.32,0.22764227642276422,76168,119,190,56,3,"['JAM2', 'COLQ', 'GRM8']","['ZFAND4', 'JAM2', 'FAT1', 'SLC10A4', 'COLQ', 'GRM8', 'TIAM2', 'IQGAP1', 'BICC1', 'PHACTR2']",0.03232640377759028,fold_9
4.1,cluster_id,Inh L1-6 LAMP5 AARD,1539,0.49104385423100677,0.48505186089078706,0.5165692007797271,74150,844,744,795,2,"['JAM2', 'FAT1']","['ZFAND4', 'JAM2', 'FAT1', 'TIAM2', 'COLQ', 'HIGD1A']",0.07720838265359578,fold_9
4.1,cluster_id,Inh L1-6 LAMP5 NES,419,0.15407190022010273,0.17796610169491525,0.10023866348448687,75920,194,377,42,2,"['JAM2', 'COLQ']","['JAM2', 'FAT1', 'COLQ', 'TIAM2']",0.06025258956888389,fold_9
4.1,cluster_id,Inh L1-6 LAMP5 CA1,465,0.5330700888450148,0.7883211678832117,0.23225806451612904,76039,29,357,108,4,"['SULF1', 'ROR1', 'FAT1', 'PARD3B']","['ETS1', 'SULF1', 'ROR1', 'JAM2', 'FAT1', 'PARD3B']",0.04481539151988734,fold_9
4.1,cluster_id,Inh L5-6 LAMP5 CRABP1,923,0.3269461077844311,0.33579335793357934,0.29577464788732394,75070,540,650,273,3,"['JAM2', 'PARD3B', 'FDFT1']","['JAM2', 'FAT1', 'PARD3B', 'FDFT1', 'RHBDD2', 'TIAM2', 'IQGAP1']",0.028822273052582878,fold_9
4.1,cluster_id,Inh L3-6 PAX6 LINC01497,84,0.07530120481927711,0.08064516129032258,0.05952380952380952,76392,57,79,5,5,"['ROR1', 'ZNF605', 'BICC1', 'CDC123', 'RHBDD2']","['ROR1', 'ZNF605', 'BICC1', 'CDC123', 'IFRD1', 'RHBDD2', 'CCT8']",0.02462843501932418,fold_9
4.1,cluster_id,Inh L1 PAX6 MIR101-1,139,0.2349869451697128,0.29508196721311475,0.12949640287769784,76351,43,121,18,5,"['ROR1', 'FAT1', 'JAM2', 'SMIM13', 'N4BP2']","['WWP2', 'ROR1', 'FAT1', 'JAM2', 'SMIM13', 'N4BP2']",0.03569975776933851,fold_9
4.1,cluster_id,Inh L1 PAX6 CHRFAM7A,185,0.042348955392433656,0.035101404056162244,0.24324324324324326,75111,1237,140,45,2,"['ROR1', 'N4BP2']","['ROR1', 'N4BP2']",0.02790814980691169,fold_9
4.1,cluster_id,Inh L1-6 VIP SLC7A6OS,61,0.1592356687898089,0.20833333333333334,0.08196721311475409,76453,19,56,5,4,"['PBX4', 'PARD3B', 'FDFT1', 'N4BP2']","['PBX4', 'ZNF521', 'PARD3B', 'FDFT1', 'N4BP2', 'SMIM13', 'AP3M2', 'BICC1', 'RHBDD2']",0.03471894583563262,fold_9
4.1,cluster_id,Inh L2 PAX6 FREM2,108,0.20270270270270271,0.6,0.05555555555555555,76421,4,102,6,5,"['PBX4', 'DCAF17', 'WWP2', 'SERTAD2', 'ROR1']","['PBX4', 'DCAF17', 'CCT5', 'WWP2', 'SERTAD2', 'ROR1', 'AREL1', 'FDFT1', 'SMIM13', 'NCOA5']",0.062204495402451446,fold_9
4.1,cluster_id,Inh L1-2 VIP HTR3A,42,0.1984126984126984,0.23809523809523808,0.11904761904761904,76475,16,37,5,4,"['SLC10A4', 'PARD3B', 'GRM8', 'CCT8']","['SLC10A4', 'PARD3B', 'FAT1', 'GRM8', 'AP3M2', 'CCT8', 'N4BP2', 'B3GAT1']",0.041327871049168144,fold_9
4.1,cluster_id,Inh L1-2 VIP WNT4,52,0.38461538461538464,0.6153846153846154,0.15384615384615385,76476,5,44,8,5,"['SCML2', 'ZMIZ2', 'CYYR1', 'PBX4', 'STRIP1']","['SCML2', 'ZMIZ2', 'CYYR1', 'PBX4', 'STRIP1', 'FBXO2', 'SERTAD2', 'USP43', 'GKAP1', 'FDFT1']",0.3038788065778189,fold_9
4.1,cluster_id,Inh L1 LAMP5 BMP2,352,0.4641350210970464,0.5906040268456376,0.25,76120,61,264,88,2,"['FAT1', 'PCDH17']","['FAT1', 'JAM2', 'SLC10A4', 'GRM8', 'PCDH17', 'COLQ']",0.06176558288235577,fold_9
4.1,cluster_id,Inh L1 LAMP5 NMBR,193,0.3805309734513274,0.46236559139784944,0.22279792746113988,76290,50,150,43,3,"['JAM2', 'GRM8', 'COLQ']","['FAT1', 'JAM2', 'GRM8', 'COLQ', 'N4BP2', 'PCDH17']",0.03739842207088471,fold_9
4.1,cluster_id,Inh L1 PVALB SST ASIC4,186,0.45566502463054187,0.6727272727272727,0.1989247311827957,76329,18,149,37,4,"['JAM2', 'SLC10A4', 'ROR1', 'THSD7A']","['JAM2', 'SLC10A4', 'ROR1', 'SEZ6', 'PLCH1', 'THSD7A', 'B3GAT1']",0.041010083923536084,fold_9
4.1,cluster_id,Inh L1 SST P4HA3,38,0.16393442622950818,0.19047619047619047,0.10526315789473684,76478,17,34,4,4,"['JAM2', 'BICC1', 'GRM8', 'SNX30']","['JAM2', 'BICC1', 'ATG12', 'SEZ6', 'GRM8', 'SNX30', 'FLVCR1', 'THSD7A', 'SMIM13']",0.03246822774649853,fold_9
4.1,cluster_id,Inh L1 SST DEFB108B,223,0.48031496062992124,0.5922330097087378,0.273542600896861,76268,42,162,61,3,"['GRM8', 'THSD7A', 'PLCH1']","['SLC10A4', 'JAM2', 'GRM8', 'N4BP2', 'THSD7A', 'PLCH1', 'COLQ', 'B3GAT1']",0.025045743866155653,fold_9
4.1,cluster_id,Inh L1-3 VIP CBLN1,464,0.375,0.3883248730964467,0.3297413793103448,75828,241,311,153,2,"['THSD7A', 'MAPK4']","['SLC10A4', 'SEZ6', 'N4BP2', 'THSD7A', 'ADAMTS17', 'MAPK4', 'PLCH1', 'B3GAT1']",0.02829098405890214,fold_9
4.1,cluster_id,Inh L1-2 VIP EXPH5,509,0.4268774703557312,0.5714285714285714,0.21218074656188604,75943,81,401,108,3,"['SEZ6', 'PARD3B', 'THSD7A']","['SEZ6', 'PARD3B', 'THSD7A', 'ADAMTS17', 'N4BP2', 'B3GAT1', 'MAPK4']",0.02909207572190117,fold_9
4.1,cluster_id,Inh L1-3 VIP HSPB6,396,0.20693979933110368,0.19839679358717435,0.25,75737,400,297,99,2,"['SEZ6', 'THSD7A']","['SEZ6', 'THSD7A', 'N4BP2', 'B3GAT1', 'MAPK4']",0.04424004356219553,fold_9
4.1,cluster_id,Inh L1-2 VIP PTGER3,84,0.3804347826086957,0.56,0.16666666666666666,76438,11,70,14,4,"['SLC10A4', 'PARD3B', 'USP43', 'SEZ6']","['DEK', 'WWP2', 'SLC10A4', 'PARD3B', 'USP43', 'SEZ6', 'SMIM13', 'BRK1', 'THSD7A', 'GLRX3']",0.057704904418520706,fold_9
4.1,cluster_id,Inh L1-2 VIP SCML4,128,0.2006172839506173,0.2653061224489796,0.1015625,76369,36,115,13,5,"['WWP2', 'SLC10A4', 'SEZ6', 'ADAMTS17', 'SMIM13']","['WWP2', 'SLC10A4', 'PARD3B', 'SEZ6', 'ADAMTS17', 'SMIM13', 'ARHGAP10', 'THSD7A', 'CCT8', 'TIAM2']",0.03107293771416213,fold_9
4.1,cluster_id,Inh L1-3 VIP FNDC1,111,0.3025936599423631,0.3559322033898305,0.1891891891891892,76384,38,90,21,4,"['SLC10A4', 'SEZ6', 'ADAMTS17', 'ARHGAP10']","['WWP2', 'SLC10A4', 'SEZ6', 'ADAMTS17', 'ARHGAP10', 'AP3M2', 'THSD7A', 'MAPK4', 'N4BP2', 'FLVCR1']",0.04437755608291137,fold_9
4.1,cluster_id,Inh L1-3 VIP CHRNA2,310,0.23021001615508885,0.24568965517241378,0.18387096774193548,76048,175,253,57,4,"['ZNF521', 'ADAMTS17', 'N4BP2', 'BICC1']","['ZNF521', 'ADAMTS17', 'N4BP2', 'BICC1', 'B3GAT1']",0.024814436018504825,fold_9
4.1,cluster_id,Inh L2 VIP SLC6A16,288,0.25,0.3972602739726027,0.10069444444444445,76201,44,259,29,3,"['SLC10A4', 'ADAMTS17', 'TIAM2']","['WWP2', 'SLC10A4', 'ADAMTS17', 'N4BP2', 'TIAM2', 'PLCH1', 'FDFT1', 'THSD7A']",0.02449134521129616,fold_9
4.1,cluster_id,Inh L1 VIP KLHDC8B,95,0.06666666666666667,0.06206896551724138,0.09473684210526316,76302,136,86,9,4,"['GKAP1', 'PARD3B', 'N4BP2', 'B3GAT1']","['GKAP1', 'PARD3B', 'N4BP2', 'B3GAT1', 'MAPK4']",0.02675570359181908,fold_9
4.1,cluster_id,Inh L3-5 VIP IGDCC3,390,0.14705882352941177,0.3617021276595745,0.04358974358974359,76113,30,373,17,3,"['SLC10A4', 'B3GAT1', 'BICC1']","['FAM133A', 'SLC10A4', 'N4BP2', 'B3GAT1', 'BICC1']",0.024887639295451618,fold_9
4.1,cluster_id,Inh L1-5 VIP SMOC1,638,0.12556053811659193,0.1407035175879397,0.0877742946708464,75553,342,582,56,2,"['BICC1', 'THSD7A']","['SEZ6', 'N4BP2', 'BICC1', 'THSD7A']",0.01860307760169078,fold_9
4.1,cluster_id,Inh L3-5 VIP HS3ST3A1,225,0.5034324942791762,0.8301886792452831,0.19555555555555557,76299,9,181,44,3,"['BICC1', 'GRM8', 'ADAMTS17']","['SLC10A4', 'SEZ6', 'BICC1', 'GRM8', 'N4BP2', 'ADAMTS17', 'THSD7A', 'B3GAT1']",0.02717198051032317,fold_9
4.1,cluster_id,Inh L5-6 VIP COL4A3,89,0.19337016574585636,0.30434782608695654,0.07865168539325842,76428,16,82,7,4,"['FAM133A', 'ZNF521', 'PARD3B', 'JAM2']","['FAM133A', 'ZNF521', 'PARD3B', 'JAM2', 'GKAP1', 'BICC1', 'SMIM13', 'N4BP2', 'GRM8', 'ADAMTS17']",0.06494715224422558,fold_9
4.1,cluster_id,Inh L1-5 VIP CD27-AS1,67,0.2702702702702703,0.5454545454545454,0.08955223880597014,76461,5,61,6,4,"['PARD3B', 'SLC10A4', 'N4BP2', 'FDFT1']","['PARD3B', 'SLC10A4', 'SEZ6', 'N4BP2', 'RHBDD2', 'FDFT1', 'THSD7A', 'BICC1', 'MEST', 'PCDH17']",0.04454675893399307,fold_9
4.1,cluster_id,Inh L2-5 VIP BSPRY,85,0.4972375690607735,0.75,0.21176470588235294,76442,6,67,18,4,"['SLC10A4', 'ROR1', 'SEMA3E', 'THSD7A']","['SLC10A4', 'ROR1', 'SEZ6', 'SEMA3E', 'THSD7A', 'RHBDD2', 'N4BP2', 'ADAMTS17', 'GRM8', 'BICC1']",0.029898084715618174,fold_9
4.1,cluster_id,Inh L2-5 VIP SOX11,116,0.5122950819672131,0.78125,0.21551724137931033,76410,7,91,25,5,"['FAM133A', 'PARD3B', 'SLC10A4', 'FAT1', 'ADAMTS17']","['FAM133A', 'PARD3B', 'SLC10A4', 'FAT1', 'ADAMTS17', 'GRM8', 'N4BP2', 'SLC27A4', 'NCOA5', 'B3GAT1']",0.054927331928502215,fold_9
4.1,cluster_id,Inh L3-6 VIP ZIM2-AS1,146,0.7017543859649122,0.7547169811320755,0.547945205479452,76361,26,66,80,2,"['GRM8', 'ADAMTS17']","['FAM133A', 'FAT1', 'JAM2', 'GRM8', 'ADAMTS17', 'N4BP2', 'RHBDD2']",0.04178570945136509,fold_9
4.1,cluster_id,Inh L1-5 VIP PHLDB3,92,0.16544117647058823,0.2,0.09782608695652174,76405,36,83,9,4,"['FAM133A', 'SLC10A4', 'THSD7A', 'ADAMTS17']","['FAM133A', 'SLC10A4', 'N4BP2', 'THSD7A', 'ADAMTS17']",0.041370737276476055,fold_9
4.1,cluster_id,Inh L1-5 VIP LINC01013,127,0.29411764705882354,0.3877551020408163,0.14960629921259844,76376,30,108,19,5,"['FAM133A', 'SLC10A4', 'JAM2', 'ADAMTS17', 'THSD7A']","['FAM133A', 'SLC10A4', 'JAM2', 'N4BP2', 'ADAMTS17', 'THSD7A', 'MEST', 'CREM', 'BICC1', 'MAPK4']",0.03979793126322651,fold_9
4.1,cluster_id,Inh L3-6 VIP UG0898H09,131,0.2808988764044944,0.4411764705882353,0.11450381679389313,76383,19,116,15,4,"['IGDCC3', 'FAM133A', 'JAM2', 'PARD3B']","['IGDCC3', 'FAM133A', 'JAM2', 'PARD3B', 'GKAP1', 'N4BP2', 'ADAMTS17', 'FDFT1', 'MEST', 'THSD7A']",0.08930897684459546,fold_9
4.1,cluster_id,Inh L3-5 VIP TAC3,367,0.2422907488986784,0.2864583333333333,0.14986376021798364,76029,137,312,55,3,"['PARD3B', 'THSD7A', 'MAPK4']","['PARD3B', 'N4BP2', 'THSD7A', 'ADAMTS17', 'MAPK4', 'B3GAT1']",0.026162789961609492,fold_9
4.1,cluster_id,Inh L1-6 SST NPY,67,0.6586826347305389,0.88,0.3283582089552239,76463,3,45,22,1,['MPPED2'],"['ZFAND4', 'MYL6', 'LEPR', 'PTCHD1', 'FAT1', 'MPPED2', 'GKAP1', 'FDFT1', 'TEFM', 'GRM8']",0.04836669973818375,fold_9
4.1,cluster_id,Inh L3-5 SST CDH3,81,0.024849865396562434,0.020219039595619208,0.2962962962962963,75289,1163,57,24,2,"['ENOX2', 'PLCH1']","['ENOX2', 'PLCH1']",0.05005310090193395,fold_9
4.1,cluster_id,Inh L5 SST RPL35AP11,764,0.297029702970297,0.3469879518072289,0.18848167539267016,75498,271,620,144,3,"['ENOX2', 'PLCH1', 'N4BP2']","['ENOX2', 'PLCH1', 'N4BP2', 'PHACTR2', 'RSPO2']",0.03304962313930616,fold_9
4.1,cluster_id,Inh L5-6 SST ISX,394,0.12439807383627609,0.14553990610328638,0.07868020304568528,75957,182,363,31,4,"['ENOX2', 'DNAJC21', 'PLCH1', 'N4BP2']","['ENOX2', 'DNAJC21', 'PLCH1', 'ADAMTS17', 'RHBDD2', 'N4BP2', 'BICC1']",0.026260974304749378,fold_9
4.1,cluster_id,Inh L5-6 PVALB SST CRHR2,218,0.10368663594470046,0.09221311475409837,0.20642201834862386,75872,443,173,45,4,"['ADAMTS17', 'ARHGAP10', 'DNAJC21', 'PLCH1']","['NDUFA12', 'ADAMTS17', 'ARHGAP10', 'DNAJC21', 'PLCH1', 'SOD2', 'RSPO2', 'N4BP2', 'NCR3LG1']",0.023563231071064554,fold_9
4.1,cluster_id,Inh L3-5 SST OR5AH1P,242,0.1392757660167131,0.16806722689075632,0.08264462809917356,76192,99,222,20,3,"['ARHGAP10', 'PLCH1', 'RSPO2']","['ARHGAP10', 'PLCH1', 'RSPO2', 'DNAJC21']",0.029497483021150205,fold_9
4.1,cluster_id,Inh L3-5 SST GGTLC3,1154,0.30115974560419007,0.30725190839694655,0.27902946273830154,74653,726,832,322,2,"['PLCH1', 'PHACTR2']","['PLCH1', 'RSPO2', 'PHACTR2']",0.028273796801190243,fold_9
4.1,cluster_id,Inh L2-3 SST NMU,419,0.28518859245630174,0.3712574850299401,0.14797136038186157,76009,105,357,62,4,"['ETS1', 'PARD3B', 'ADAMTS17', 'PLCH1']","['ETS1', 'ROR1', 'PARD3B', 'ADAMTS17', 'PLCH1', 'DNAJC21', 'RSPO2', 'THSD7A']",0.025504521496509697,fold_9
4.1,cluster_id,Inh L5-6 SST PAWR,194,0.3799392097264438,0.43103448275862066,0.25773195876288657,76273,66,144,50,3,"['ENOX2', 'PLCH1', 'MPPED2']","['ENOX2', 'PLCH1', 'BICC1', 'MPPED2', 'PHACTR2', 'RSPO2']",0.035259996652382344,fold_9
4.1,cluster_id,Inh L5-6 SST PIK3CD,129,0.3114754098360656,0.4318181818181818,0.14728682170542637,76379,25,110,19,2,"['BICC1', 'SEMA3E']","['ENOX2', 'ARHGAP10', 'BICC1', 'SEMA3E', 'PLCH1', 'MPPED2', 'RSPO2', 'IQGAP1', 'GRM8', 'N4BP2']",0.03525579376133495,fold_9
4.1,cluster_id,Inh L1-2 SST CCNJL,320,0.1451535508637236,0.1257796257796258,0.378125,75372,841,199,121,2,"['ETS1', 'THSD7A']","['ETS1', 'ADAMTS17', 'PLCH1', 'THSD7A']",0.07100292455240345,fold_9
4.1,cluster_id,Inh L1-3 SST FAM20A,1069,0.295267892061009,0.40591397849462363,0.1412535079513564,75243,221,918,151,2,"['THSD7A', 'RSPO2']","['PLCH1', 'THSD7A', 'RSPO2']",0.02133260210818193,fold_9
4.1,cluster_id,Inh L1-2 SST PRRT4,376,0.4623287671232877,0.648,0.2154255319148936,76113,44,295,81,3,"['FAT1', 'ARHGAP10', 'THSD7A']","['CAMK1G', 'FAT1', 'ARHGAP10', 'ADAMTS17', 'THSD7A', 'RSPO2']",0.043185006596622735,fold_9
4.1,cluster_id,Inh L5-6 SST BEAN1,76,0.17045454545454544,0.19148936170212766,0.11842105263157894,76419,38,67,9,5,"['GLIPR1', 'GLRX3', 'PLCH1', 'PHACTR2', 'N4BP2']","['GLIPR1', 'GLRX3', 'PLCH1', 'PHACTR2', 'N4BP2', 'RSPO2', 'IQGAP1', 'CREM']",0.032465677761548295,fold_9
4.1,cluster_id,Inh L5-6 SST DNAJC14,35,0.29850746268656714,0.5,0.11428571428571428,76494,4,31,4,6,"['MMADHC', 'FBXO2', 'AADAT', 'CCT5', 'GLIPR1', 'FAM133A']","['MMADHC', 'FBXO2', 'AADAT', 'CCT5', 'GLIPR1', 'FAM133A', 'LEPR', 'ENOX2', 'PLCH1', 'RSPO2']",0.1525911799012885,fold_9
4.1,cluster_id,Inh L5-6 SST C4orf26,93,0.21897810218978103,0.5454545454545454,0.06451612903225806,76435,5,87,6,5,"['CCT5', 'MYL6', 'RLIM', 'FAT1', 'PLCH1']","['CCT5', 'MYL6', 'RLIM', 'ENOX2', 'FAT1', 'PLCH1', 'RSPO2', 'CCT8', 'FDFT1', 'RHBDD2']",0.09250437494410826,fold_9
4.1,cluster_id,Inh L5-6 SST FBN2,100,0.2240566037735849,0.2345679012345679,0.19,76371,62,81,19,3,"['FAT1', 'PLCH1', 'PHACTR2']","['FAT1', 'PLCH1', 'RSPO2', 'PHACTR2', 'CBL']",0.03526490095326775,fold_9
4.1,cluster_id,Inh L5-6 SST KLHL1,188,0.41118421052631576,0.47619047619047616,0.26595744680851063,76290,55,138,50,3,"['FAT1', 'PHACTR2', 'PLCH1']","['GLIPR1', 'ENOX2', 'FAT1', 'PHACTR2', 'PLCH1', 'ATG12', 'RHBDD2', 'RSPO2', 'AP3M2', 'MEST']",0.03166823268628975,fold_9
4.1,cluster_id,Inh L6 SST TH,84,0.20161290322580644,0.5,0.05952380952380952,76444,5,79,5,4,"['C1orf216', 'FBXO2', 'CAMK1G', 'ENOX2']","['C1orf216', 'FBXO2', 'CAMK1G', 'RLIM', 'ENOX2', 'ZNF521', 'BICC1', 'PLCH1', 'RHBDD2', 'SMIM13']",0.1739050046774046,fold_9
4.1,cluster_id,Inh L5-6 PVALB KCNIP2,108,0.038461538461538464,0.038834951456310676,0.037037037037037035,76326,99,104,4,6,"['KLKB1', 'PLCH2', 'AKTIP', 'ZNF521', 'ZNF224', 'AREL1']","['KLKB1', 'PLCH2', 'AKTIP', 'ZNF521', 'ZNF224', 'AREL1', 'ADAMTS17', 'SLC27A4', 'PLCH1', 'SMIM13']",0.06594329981950339,fold_9
4.1,cluster_id,Inh L5-6 PVALB ZFPM2-AS1,563,0.15503875968992248,0.14435389988358557,0.2202486678507993,75235,735,439,124,4,"['PLCH2', 'SULF1', 'NDUFA12', 'AREL1']","['PLCH2', 'SULF1', 'ROR1', 'NDUFA12', 'ADAMTS17', 'AREL1', 'ZNF605', 'DNAJC21', 'RSPO2', 'KCNA1']",0.06034507632984212,fold_9
4.1,cluster_id,Inh L3-5 PVALB ISG20,254,0.23638968481375358,0.2972972972972973,0.12992125984251968,76201,78,221,33,5,"['PDCD6', 'ZNF571', 'TBCC', 'ETS1', 'SULF1']","['PDCD6', 'ZNF571', 'TBCC', 'ETS1', 'SULF1', 'ZNF521', 'ADAMTS17', 'KCNA1', 'PARD3B', 'DNAJC21']",1.0,fold_9
4.1,cluster_id,Inh L5 PVALB LRIG3,631,0.268630849220104,0.2546948356807512,0.3438985736925515,75267,635,414,217,3,"['SULF1', 'ADAMTS17', 'PARD3B']","['ETS1', 'STRIP2', 'SULF1', 'ROR1', 'ADAMTS17', 'PARD3B', 'DNAJC21', 'CEMIP', 'KCNA1', 'SLC27A4']",0.046461957897871574,fold_9
4.1,cluster_id,Inh L2-5 PVALB HHIPL1,456,0.0929054054054054,0.08052708638360176,0.2412280701754386,74821,1256,346,110,3,"['MYL6', 'ETS1', 'SULF1']","['PLCH2', 'MYL6', 'ETS1', 'STRIP2', 'SULF1', 'NDUFA12', 'ADAMTS17', 'CEMIP', 'DNAJC21', 'SLC27A4']",0.06536011716964457,fold_9
4.1,cluster_id,Inh L2-5 PVALB RPH3AL,3253,0.5058076328889397,0.49718785151856015,0.5434983092529972,71492,1788,1485,1768,2,"['SULF1', 'ROR1']","['PLCH2', 'ETS1', 'STRIP2', 'SULF1', 'ROR1', 'NDUFA12', 'CEMIP', 'ADAMTS17', 'DNAJC21', 'SLC27A4']",0.06534321859182646,fold_9
4.1,cluster_id,Inh L3 PVALB SAMD13,1326,0.4571728849185497,0.5612903225806452,0.26244343891402716,74935,272,978,348,2,"['SULF1', 'DNAJC21']","['SULF1', 'ROR1', 'NDUFA12', 'DNAJC21', 'ADAMTS17', 'CEMIP', 'PHACTR2', 'SLC27A4', 'PLCL1', 'ADARB1']",0.07812292284360638,fold_9
4.1,cluster_id,Inh L1-2 PVALB CDK20,123,0.08520526723470179,0.07534246575342465,0.17886178861788618,76140,270,101,22,6,"['PLCH2', 'ETS1', 'STRIP2', 'ROR1', 'CEMIP', 'ADAMTS17']","['PLCH2', 'ETS1', 'STRIP2', 'ROR1', 'CEMIP', 'ADAMTS17', 'DNAJC21', 'SMIM13', 'PLCH1', 'GRM8']",0.0798161059606999,fold_9
4.1,cluster_id,Inh L2 PVALB FRZB,107,0.102880658436214,0.14705882352941177,0.04672897196261682,76397,29,102,5,4,"['PLCH2', 'GLIPR1', 'ETS1', 'STRIP2']","['PLCH2', 'GLIPR1', 'ETS1', 'STRIP2', 'SULF1', 'CEMIP', 'ARHGAP10', 'DNAJC21', 'ADAMTS17', 'GRM8']",0.10496888030604168,fold_9
4.1,cluster_id,Inh L1-2 SST CLIC6,194,0.16159695817490494,0.20481927710843373,0.08762886597938144,76273,66,177,17,4,"['ETS1', 'GLIPR1', 'PLCH1', 'SOD2']","['ETS1', 'GLIPR1', 'PLCH1', 'ADAMTS17', 'DNAJC21', 'SOD2', 'THSD7A']",0.0708734366976475,fold_9
4.1,cluster_id,Inh L5-6 PVALB GAPDHP60,138,0.2923076923076923,0.296875,0.2753623188405797,76305,90,100,38,4,"['GLIPR1', 'ENOX2', 'PARD3B', 'PLCH1']","['GLIPR1', 'ZNF521', 'ENOX2', 'PARD3B', 'NDUFA12', 'PLCH1', 'SOD2', 'ADAMTS17', 'CCT8', 'PHACTR2']",0.04821477526818596,fold_9
4.1,cluster_id,Inh L5-6 PVALB FAM150B,111,0.1718213058419244,0.2222222222222222,0.09009009009009009,76387,35,101,10,4,"['GKAP1', 'ADAMTS17', 'SOD2', 'NCR3LG1']","['NDUFA12', 'GKAP1', 'ADAMTS17', 'DNAJC21', 'SOD2', 'NCR3LG1', 'HIGD1A', 'PLCH1', 'ADARB1', 'NEFL']",0.033256399490336416,fold_9
4.1,cluster_id,Inh L5-6 PVALB MEPE,230,0.14260249554367202,0.14349775784753363,0.1391304347826087,76112,191,198,32,5,"['KLKB1', 'ROR1', 'GKAP1', 'ADAMTS17', 'RSPO2']","['KLKB1', 'ROR1', 'GKAP1', 'ADAMTS17', 'DNAJC21', 'RSPO2', 'SOD2', 'HIGD1A', 'PLCH1', 'N4BP2']",0.046217922514722454,fold_9
4.1,cluster_id,Inh L1-6 PVALB COL15A1,288,0.33088235294117646,0.4090909090909091,0.1875,76167,78,234,54,4,"['SERTAD2', 'ADAMTS17', 'THSD7A', 'NCR3LG1']","['SERTAD2', 'SEZ6', 'ADAMTS17', 'THSD7A', 'SMIM13', 'NCR3LG1']",0.029501782873597827,fold_9
4.1,cluster_id,Exc L2 LAMP5 KCNG3,261,0.14925373134328357,0.18487394957983194,0.0842911877394636,76175,97,239,22,4,"['RCN1', 'CEMIP', 'ARHGAP10', 'SYNGAP1']","['RCN1', 'CEMIP', 'ARHGAP10', 'SYNGAP1', 'IFRD1', 'TIAM2', 'CREM', 'BICC1', 'RHBDD2', 'MEST']",0.0431528609190164,fold_9
4.1,cluster_id,Exc L2 LINC00507 ATP7B,183,0.07936507936507936,0.15151515151515152,0.0273224043715847,76322,28,178,5,2,"['B4GALNT3', 'SYNGAP1']","['PTCHD1', 'VIPR1', 'USP43', 'B4GALNT3', 'CEMIP', 'SYNGAP1', 'IFRD1', 'KCNA1', 'CDC123', 'CREM']",0.03590179869371342,fold_9
4.1,cluster_id,Exc L2 LINC00507 GLRA3,12485,0.38097163653168503,0.4012370715879132,0.3169403283940729,58143,5905,8528,3957,2,"['LGI4', 'ARHGAP10']","['LGI4', 'USP43', 'MRAS', 'CEMIP', 'SYNGAP1', 'ARHGAP10', 'BICC1', 'IFRD1', 'KCNA1', 'RAD54B']",0.08889495871806749,fold_9
4.1,cluster_id,Exc L2-3 RORB RTKN2,1211,0.1725790987535954,0.1798201798201798,0.1486374896779521,74501,821,1031,180,5,"['TRIM54', 'STRIP2', 'USP43', 'CEMIP', 'MRAS']","['TRIM54', 'STRIP2', 'USP43', 'CEMIP', 'MRAS', 'TCF7L2', 'B4GALNT3', 'ARHGAP10', 'PLCH1', 'SYNGAP1']",0.06031398360513544,fold_9
4.1,cluster_id,Exc L2-3 LINC00507 DSG3,1088,0.14872173058013766,0.16241610738255033,0.11121323529411764,74821,624,967,121,4,"['CAMK1G', 'KCNA1', 'ARHGAP10', 'CREM']","['CAMK1G', 'NELFCD', 'TCF7L2', 'KCNA1', 'ARHGAP10', 'CREM', 'RAD54B', 'SYNGAP1', 'BICC1', 'ATP8B1']",0.03634677388876992,fold_9
4.1,cluster_id,Exc L3 LAMP5 CARM1P1,4044,0.369136460554371,0.40423203210507114,0.27398615232443124,70856,1633,2936,1108,4,"['ANKRD20A1', 'KCNA1', 'RAD54B', 'ARHGAP10']","['ANKRD20A1', 'KCNA1', 'TCF7L2', 'RAD54B', 'ARHGAP10', 'ATP8B1', 'TIAM2', 'BICC1', 'CREM', 'SLC27A4']",0.041284219677845985,fold_9
4.1,cluster_id,Oligo L2-6 OPALIN MAP6D1,101,0.3672316384180791,0.6842105263157895,0.12871287128712872,76426,6,88,13,5,"['CLIC4', 'MEGF10', 'ABCA2', 'CEMIP', 'ARHGAP10']","['RHOU', 'CLIC4', 'MEGF10', 'ABCA2', 'CEMIP', 'ARHGAP10', 'IQGAP1', 'BICC1', 'ATG12', 'FDFT1']",0.07484753788293881,fold_9
4.1,cluster_id,Exc L2-3 RORB CCDC68,3331,0.5185948385830634,0.6163265306122448,0.3173221254878415,72544,658,2274,1057,2,"['CEMIP', 'ARHGAP10']","['TRIM54', 'AADAT', 'ZNF521', 'SERTAD2', 'CEMIP', 'ARHGAP10', 'USP43', 'PLCH1', 'RAD54B', 'ATP8B1']",0.05483646512763526,fold_9
4.1,cluster_id,Exc L2-3 RORB PTPN3,1628,0.13411078717201166,0.11650485436893204,0.33906633906633904,70719,4186,1076,552,3,"['USP43', 'ARHGAP10', 'PLCH1']","['USP43', 'ARHGAP10', 'CEMIP', 'PLCH1', 'ATP8B1', 'RAD54B', 'TIAM2', 'IFRD1', 'SNX30', 'CCM2']",0.02913067822019024,fold_9
4.1,cluster_id,Exc L3 THEMIS ENPEP,785,0.12232415902140673,0.1251778093883357,0.11210191082802548,75133,615,697,88,5,"['JAM2', 'USP43', 'PRKAB2', 'RAD54B', 'B4GALNT3']","['JAM2', 'USP43', 'PRKAB2', 'RAD54B', 'TCF7L2', 'B4GALNT3', 'ARHGAP10', 'KCNA1', 'ATP8B1', 'TIAM2']",0.04106770900148786,fold_9
4.1,cluster_id,Exc L3-5 RORB TNNT2,535,0.06822986738420142,0.060839760068551844,0.13271028037383178,74902,1096,464,71,6,"['CAMK1G', 'USP43', 'B4GALNT3', 'TCF7L2', 'CEMIP', 'RAD54B']","['CAMK1G', 'USP43', 'B4GALNT3', 'TCF7L2', 'CEMIP', 'RAD54B', 'ATP8B1', 'PLCH1', 'BRK1', 'TIAM2']",0.03675337238505576,fold_9
4.1,cluster_id,Exc L3-5 RORB LAMA4,250,0.17333333333333334,0.208,0.104,76184,99,224,26,4,"['AADAT', 'TCF7L2', 'CEMIP', 'JAM2']","['TRIM54', 'AADAT', 'STRIP2', 'TCF7L2', 'CEMIP', 'JAM2', 'USP43', 'ARHGAP10', 'PLCH1', 'ATP8B1']",0.05353601676869656,fold_9
4.1,cluster_id,Exc L5 THEMIS VILL,216,0.051943699731903485,0.044797687861271675,0.14351851851851852,75656,661,185,31,6,"['AADAT', 'USP43', 'JAM2', 'B4GALNT3', 'TCF7L2', 'RAD54B']","['AADAT', 'USP43', 'JAM2', 'B4GALNT3', 'TCF7L2', 'RAD54B', 'ATP8B1', 'ARHGAP10', 'KCNA1', 'ADAMTS17']",0.03746982975291486,fold_9
4.1,cluster_id,Exc L3 RORB OTOGL,2134,0.4721955896452541,0.5732298739088264,0.2769447047797563,73959,440,1543,591,2,"['PLCH1', 'B4GALNT3']","['USP43', 'CEMIP', 'PLCH1', 'B4GALNT3', 'ATP8B1', 'RAD54B', 'BRK1', 'FDFT1', 'SNX30', 'TIAM2']",0.035211023797970656,fold_9
4.1,cluster_id,Exc L3-5 RORB LINC01202,640,0.1935279187817259,0.1942675159235669,0.190625,75387,506,518,122,3,"['SEMA3E', 'CEMIP', 'RAD54B']","['TCF7L2', 'SEMA3E', 'CEMIP', 'RAD54B', 'ATP8B1', 'KCNA1', 'BRK1', 'SMIM13', 'SNX30', 'RSPO2']",0.03521182054582198,fold_9
4.1,cluster_id,Exc L5 THEMIS SLC22A18,1824,0.29870940882597835,0.38523489932885907,0.15734649122807018,74251,458,1537,287,5,"['RHOU', 'FBXO2', 'GLIPR1', 'PTCHD1', 'USP43']","['INF2', 'RHOU', 'FBXO2', 'GLIPR1', 'PTCHD1', 'USP43', 'PRKAB2', 'B4GALNT3', 'MGMT', 'CEMIP']",0.055652724242934146,fold_9
4.1,cluster_id,Exc L5-6 THEMIS TNFAIP6,1132,0.09494574528840663,0.09059945504087194,0.11749116607773852,74066,1335,999,133,6,"['USP43', 'PRKAB2', 'B4GALNT3', 'CEMIP', 'ATP8B1', 'KCNA1']","['USP43', 'PRKAB2', 'B4GALNT3', 'CEMIP', 'ATP8B1', 'KCNA1', 'BRK1', 'GRM8', 'TIAM2', 'SLC27A4']",0.03143432553673815,fold_9
4.1,cluster_id,Exc L3-5 RORB LNX2,4631,0.3519117367319764,0.3985637342908438,0.23968905204059598,70227,1675,3521,1110,4,"['GLIPR1', 'PTCHD1', 'CEMIP', 'ATP8B1']","['GLIPR1', 'PTCHD1', 'AP1AR', 'CEMIP', 'SEZ6', 'ATP8B1', 'RAD54B', 'BRK1', 'KCNA1', 'SNX30']",0.040464725761602344,fold_9
4.1,cluster_id,Exc L3-5 RORB RPRM,1231,0.39001026342798495,0.5390070921985816,0.1852152721364744,75107,195,1003,228,4,"['STRIP2', 'CEMIP', 'SEMA3E', 'KCNA1']","['GLIPR1', 'STRIP2', 'TCF7L2', 'CEMIP', 'SEMA3E', 'KCNA1', 'BRK1', 'SEZ6', 'NEFL', 'ATP8B1']",0.040055460423636446,fold_9
4.1,cluster_id,Exc L5 RORB MED8,309,0.06224066390041494,0.05806451612903226,0.08737864077669903,75786,438,282,27,5,"['TRAM2', 'CAMK1G', 'NELFCD', 'MRAS', 'CEMIP']","['TRAM2', 'CAMK1G', 'NELFCD', 'USP43', 'MRAS', 'CEMIP', 'B4GALNT3', 'TCF7L2', 'ATP8B1', 'ATG12']",0.07061968230098817,fold_9
4.1,cluster_id,Exc L5 THEMIS FGF10,147,0.04895104895104895,0.04929577464788732,0.047619047619047616,76251,135,140,7,6,"['TRAM2', 'AADAT', 'NMD3', 'RBBP8', 'GLIPR1', 'TCF7L2']","['TRAM2', 'AADAT', 'NMD3', 'RBBP8', 'GLIPR1', 'TCF7L2', 'JAM2', 'B4GALNT3', 'CEMIP', 'ATP8B1']",0.14233135323838544,fold_9
4.1,cluster_id,Exc L6 THEMIS LINC00343,905,0.0838272650296359,0.0792,0.10939226519337017,74477,1151,806,99,6,"['SERTAD2', 'USP43', 'B4GALNT3', 'MRAS', 'ATP8B1', 'SYNGAP1']","['SERTAD2', 'USP43', 'B4GALNT3', 'MRAS', 'ATP8B1', 'SYNGAP1', 'TIAM2', 'TEFM', 'BRK1', 'IQGAP1']",0.039189659218696014,fold_9
4.1,cluster_id,Exc L6 THEMIS SLN,436,0.11217948717948718,0.12455516014234876,0.08027522935779817,75851,246,401,35,6,"['PLCH2', 'SERTAD2', 'WWP2', 'USP43', 'B4GALNT3', 'MGMT']","['PLCH2', 'SERTAD2', 'WWP2', 'USP43', 'B4GALNT3', 'MGMT', 'SYNGAP1', 'TIAM2', 'IQGAP1', 'ATP8B1']",0.04803600821233003,fold_9
4.1,cluster_id,Exc L6 THEMIS SNTG2,488,0.09393063583815028,0.0982367758186398,0.07991803278688525,75687,358,449,39,6,"['LGI4', 'CENPW', 'SERTAD2', 'PTCHD1', 'B4GALNT3', 'USP43']","['LGI4', 'CENPW', 'SERTAD2', 'PTCHD1', 'B4GALNT3', 'USP43', 'MRAS', 'TIAM2', 'ATP8B1', 'BICC1']",0.05643859490137869,fold_9
4.1,cluster_id,Exc L5-6 THEMIS SMYD1,327,0.15276145710928318,0.1984732824427481,0.07951070336391437,76101,105,301,26,4,"['DDI2', 'MFSD1', 'TRAM2', 'USP43']","['DDI2', 'MFSD1', 'TRAM2', 'DCAF17', 'USP43', 'SERTAD2', 'B4GALNT3', 'KCNA1', 'ATP8B1', 'FDFT1']",0.2907811988021346,fold_9
4.1,cluster_id,Exc L5-6 FEZF2 OR1L8,263,0.39918809201623817,0.4957983193277311,0.22433460076045628,76210,60,204,59,4,"['KRT17', 'RHOU', 'LEPR', 'SULF1']","['KRT17', 'RHOU', 'LEPR', 'SULF1', 'B4GALNT3', 'PTCHD1', 'SEMA3E', 'SEZ6', 'ATP8B1', 'KCNA1']",0.12765283683769219,fold_9
4.1,cluster_id,Exc L5 THEMIS LINC01116,151,0.4817987152034261,0.569620253164557,0.2980132450331126,76348,34,106,45,5,"['ACOT13', 'ANKRD20A1', 'RBBP8', 'ARHGAP10', 'SEMA3E']","['ACOT13', 'ANKRD20A1', 'CENPW', 'RBBP8', 'ARHGAP10', 'SEMA3E', 'PRKAB2', 'KCNA1', 'B4GALNT3', 'ATP8B1']",0.09836388125600096,fold_9
4.1,cluster_id,Exc L5 THEMIS RGPD6,241,0.10065645514223195,0.09001956947162426,0.1908713692946058,75827,465,195,46,6,"['ANKRD20A1', 'RBBP8', 'CENPW', 'SEMA3E', 'B4GALNT3', 'VIPR1']","['ANKRD20A1', 'RBBP8', 'CENPW', 'SEMA3E', 'B4GALNT3', 'VIPR1', 'ARHGAP10', 'KCNA1', 'ATP8B1', 'RAD54B']",0.07278830496280085,fold_9
4.1,cluster_id,Exc L5-6 FEZF2 C9orf135-AS1,2602,0.658718078809403,0.6756287944492628,0.5987701767870869,73183,748,1044,1558,2,"['SULF1', 'SEMA3E']","['CENPW', 'SULF1', 'B4GALNT3', 'SEMA3E', 'PTCHD1', 'SERTAD2', 'VIPR1', 'ATP8B1', 'KCNA1', 'CREM']",0.05242165359305183,fold_9
4.1,cluster_id,Exc L5-6 FEZF2 FILIP1L,318,0.1542111506524318,0.15204678362573099,0.16352201257861634,75925,290,266,52,6,"['CENPW', 'SULF1', 'SEMA3E', 'PTCHD1', 'B4GALNT3', 'VIPR1']","['CENPW', 'SULF1', 'SEMA3E', 'PTCHD1', 'B4GALNT3', 'VIPR1', 'KCNA1', 'ATP8B1', 'ARHGAP10', 'CREM']",0.05792806007996858,fold_9
4.1,cluster_id,Exc L5-6 FEZF2 SH2D1B,159,0.1092436974789916,0.11926605504587157,0.08176100628930817,76278,96,146,13,6,"['ANKRD20A1', 'CENPW', 'SEMA3E', 'SULF1', 'PTCHD1', 'VIPR1']","['ANKRD20A1', 'CENPW', 'SEMA3E', 'SULF1', 'PTCHD1', 'VIPR1', 'ENOX2', 'B4GALNT3', 'ARHGAP10', 'KCNA1']",0.06109612738242179,fold_9
4.1,cluster_id,Exc L6 FEZF2 PDYN,22,0.7432432432432432,0.8461538461538461,0.5,76509,2,11,11,4,"['GBP2', 'VPS4A', 'RHOU', 'SULF1']","['GBP2', 'VPS4A', 'RHOU', 'SULF1', 'SERTAD2', 'RLIM', 'SEMA3E', 'VIPR1', 'B4GALNT3', 'SEZ6']",0.6111166583329831,fold_9
4.1,cluster_id,Exc L6 FEZF2 FFAR4,106,0.2795031055900621,0.3333333333333333,0.16981132075471697,76391,36,88,18,4,"['KRT17', 'RLIM', 'AKTIP', 'SULF1']","['KRT17', 'RLIM', 'AKTIP', 'PTCHD1', 'SULF1', 'VIPR1', 'MRAS', 'SEMA3E', 'SEZ6', 'BRK1']",0.09171584361704152,fold_9
4.1,cluster_id,Exc L6 FEZF2 PROKR2,72,0.2717391304347826,0.29411764705882354,0.20833333333333334,76425,36,57,15,5,"['RLIM', 'SULF1', 'SEMA3E', 'PRKAB2', 'SEZ6']","['CCT5', 'RLIM', 'SULF1', 'SEMA3E', 'PRKAB2', 'SEZ6', 'B4GALNT3', 'BRK1', 'FDFT1', 'RHBDD2']",0.050174766245335886,fold_9
4.1,cluster_id,Exc L5-6 FEZF2 CFTR,108,0.21464646464646464,0.2361111111111111,0.1574074074074074,76370,55,91,17,4,"['KRT17', 'VIPR1', 'KCNA1', 'SEZ6']","['KRT17', 'VIPR1', 'SEMA3E', 'KCNA1', 'SEZ6', 'ARHGAP10', 'BRK1', 'BICC1', 'IFRD1', 'SMIM13']",0.051690436427234275,fold_9
4.1,cluster_id,Exc L6 FEZF2 KLK7,1801,0.42560020541789706,0.44288577154308617,0.36812881732370906,73898,834,1138,663,3,"['ZNF521', 'VIPR1', 'SEMA3E']","['CENPW', 'AKTIP', 'ZNF521', 'VIPR1', 'SEMA3E', 'B4GALNT3', 'SEZ6', 'SYNGAP1', 'ARHGAP10', 'KCNA1']",0.05410360101087434,fold_9
4.1,cluster_id,Exc L6 FEZF2 POGK,127,0.205607476635514,0.21568627450980393,0.1732283464566929,76326,80,105,22,4,"['BCL7A', 'KRT17', 'SEMA3E', 'ROR1']","['BCL7A', 'KRT17', 'ZNF521', 'SEMA3E', 'VIPR1', 'ROR1', 'AP1AR', 'SEZ6', 'SYNGAP1', 'BRK1']",0.17265888874443477,fold_9
4.1,cluster_id,Exc L5 FEZF2 CSN1S1,150,0.14834205933682373,0.13654618473895583,0.22666666666666666,76168,215,116,34,6,"['PODXL', 'ARC', 'CAMK1G', 'PTCHD1', 'ARHGAP10', 'KCNA1']","['PODXL', 'ARC', 'CAMK1G', 'PTCHD1', 'ARHGAP10', 'KCNA1', 'ATP8B1', 'SEZ6', 'CREM', 'GRM8']",0.08888002072888157,fold_9
4.1,cluster_id,Exc L3-5 FEZF2 ASGR2,620,0.3107344632768362,0.44221105527638194,0.14193548387096774,75802,111,532,88,6,"['RHOU', 'PTCHD1', 'ENOX2', 'ARHGAP10', 'SEZ6', 'TIAM2']","['RHOU', 'PTCHD1', 'ENOX2', 'ARHGAP10', 'SEZ6', 'TIAM2', 'KCNA1', 'GRM8', 'ATP8B1', 'SYNGAP1']",0.03412504755654296,fold_9
4.1,cluster_id,Exc L3-5 FEZF2 LINC01107,88,0.4947916666666667,0.7307692307692307,0.2159090909090909,76438,7,69,19,5,"['SPAG6', 'ENOX2', 'PRKAB2', 'SEMA3E', 'TIAM2']","['SPAG6', 'PTCHD1', 'ENOX2', 'PRKAB2', 'SEMA3E', 'TIAM2', 'SEZ6', 'ARHGAP10', 'RAD54B', 'KCNA1']",0.04097446344434007,fold_9
4.1,cluster_id,Exc L5 FEZF2 PKD2L1,280,0.30978260869565216,0.35625,0.20357142857142857,76150,103,223,57,5,"['ROBO3', 'FAT1', 'SEMA3E', 'MGMT', 'ZNF224']","['ROBO3', 'ROR1', 'FAT1', 'SEMA3E', 'MGMT', 'ZNF224', 'SEZ6', 'GRM8', 'ARHGAP10', 'ATP8B1']",0.04259984517123511,fold_9
4.1,cluster_id,Exc L5 FEZF2 NREP-AS1,229,0.3401015228426396,0.3544973544973545,0.2925764192139738,76182,122,162,67,4,"['ROBO3', 'ROR1', 'PRKAB2', 'FAT1']","['ROBO3', 'ROR1', 'PTCHD1', 'PRKAB2', 'TCF7L2', 'FAT1', 'VIPR1', 'SEMA3E', 'ZNF224', 'GKAP1']",0.06645810518045243,fold_9
4.1,cluster_id,Exc L5 FEZF2 RNF144A-AS1,108,0.18914473684210525,0.184,0.21296296296296297,76323,102,85,23,5,"['ROR1', 'FAT1', 'SEMA3E', 'SEZ6', 'AP1AR']","['ROBO3', 'ROR1', 'FAT1', 'SEMA3E', 'SEZ6', 'AP1AR', 'GRM8', 'ARHGAP10', 'SMIM13', 'NCOA5']",0.03320738251342418,fold_9
4.1,cluster_id,Exc L5-6 FEZF2 IFNG-AS1,753,0.5565529622980251,0.610236220472441,0.4116865869853918,75582,198,443,310,3,"['ROR1', 'SEMA3E', 'TCF7L2']","['ROBO3', 'ROR1', 'SEMA3E', 'VIPR1', 'TCF7L2', 'GKAP1', 'SEZ6', 'GRM8', 'RAD54B', 'NCOA5']",0.04988224557036884,fold_9
4.1,cluster_id,Exc L5-6 FEZF2 LPO,117,0.45126353790613716,0.625,0.21367521367521367,76401,15,92,25,4,"['SULF1', 'SEMA3E', 'VIPR1', 'ROR1']","['STRIP1', 'RBBP8', 'SULF1', 'SEMA3E', 'VIPR1', 'ROR1', 'AREL1', 'B4GALNT3', 'ZNF605', 'ATP8B1']",0.058946695694222256,fold_9
4.1,cluster_id,OPC L1-6 PDGFRA COL20A1,283,0.6729475100942126,0.8695652173913043,0.35335689045936397,76235,15,183,100,3,"['ZNF521', 'SEMA3E', 'ADAMTS17']","['ZNF521', 'TCF7L2', 'SEMA3E', 'ARHGAP10', 'ADAMTS17', 'MPPED2']",0.03761025036537904,fold_9
4.1,cluster_id,Oligo L3-6 OPALIN ENPP6,535,0.33073929961089493,0.37658227848101267,0.22242990654205608,75801,197,416,119,3,"['CMTM5', 'MEGF10', 'ZNF521']","['CMTM5', 'HSPA2', 'CLIC4', 'MEGF10', 'ABCA2', 'ZNF521', 'IQGAP1', 'PARD3B', 'PLCL1', 'WDFY2']",0.20245598559443387,fold_9
4.1,cluster_id,Oligo L2-6 OPALIN FTH1P3,2300,0.7431987713909609,0.79518779342723,0.5891304347826087,73884,349,945,1355,2,"['ABCA2', 'PLCL1']","['HSPA2', 'CLIC4', 'ABCA2', 'MEGF10', 'IQGAP1', 'PLCL1', 'WDFY2', 'IFT80', 'CDK6']",0.12210753251901077,fold_9
4.1,cluster_id,Oligo L5-6 OPALIN LDLRAP1,6,0.2777777777777778,0.3333333333333333,0.16666666666666666,76525,2,5,1,4,"['CMTM5', 'MFSD1', 'INF2', 'CLIC4']","['CMTM5', 'MFSD1', 'INF2', 'PRDX3', 'HSPA2', 'CLIC4', 'MEGF10', 'ETS1', 'ENOX2', 'IQGAP1']",0.4628730722413027,fold_9
4.1,cluster_id,Astro L1-6 FGFR3 AQP1,119,0.6822107081174439,0.6869565217391305,0.6638655462184874,76378,36,40,79,1,['AQP1'],"['AQP1', 'ITPKB', 'PARD3B', 'DDAH1']",1.0,fold_9
4.1,cluster_id,Astro L1 FGFR3 SERPINI2,72,0.15625,0.1511627906976744,0.18055555555555555,76388,73,59,13,2,"['ITPKB', 'BICC1']","['ITPKB', 'MEGF10', 'TCF7L2', 'ZNF521', 'PARD3B', 'BICC1', 'DDAH1', 'MPPED2', 'WDFY2', 'PPFIA1']",0.1616226116992709,fold_9
4.1,cluster_id,Astro L1-6 FGFR3 PLCG1,377,0.6085842408712364,0.6418918918918919,0.5039787798408488,76050,106,187,190,1,['PAPLN'],"['PAPLN', 'ITPKB', 'MEGF10', 'ZNF521', 'TCF7L2', 'PARD3B', 'DDAH1', 'SH3RF1', 'MAPK4']",1.0,fold_9
4.1,cluster_id,Endo L2-5 NOSTRIN SRGN,64,0.9239130434782609,0.9622641509433962,0.796875,76467,2,13,51,1,['CLDN5'],"['CLDN5', 'ADGRF5', 'PODXL', 'CYYR1', 'LEPR', 'CLIC4', 'PARD3B', 'JAM2', 'IQGAP1', 'CDK6']",1.0,fold_9
4.1,cluster_id,VLMC L1-5 PDGFRA COLEC12,40,0.7196969696969697,0.8260869565217391,0.475,76489,4,21,19,1,['BICC1'],"['LEPR', 'CEMIP', 'BICC1', 'PARD3B', 'TPM1', 'PHACTR2']",0.08497344329404517,fold_9
4.1,cluster_id,Micro L1-6 TYROBP CD74,108,0.7941176470588235,0.9310344827586207,0.5,76421,4,54,54,1,['CYFIP1'],"['RUNX1', 'INPP5D', 'PALD1', 'CYFIP1', 'WDFY2', 'ARHGAP12']",0.07726085841711403,fold_9
4.1,cluster_id,Inh L1 LAMP5 PVRL2,94,0.2054794520547945,0.46153846153846156,0.06382978723404255,76432,7,88,6,3,"['NMBR', 'HOMER2', 'CDC37L1']","['NMBR', 'TMBIM4', 'SLC7A5', 'HOMER2', 'CDC37L1', 'NECAB2', 'CAMKV', 'HDAC5', 'UTRN', 'ILF3']",0.05649764606177161,fold_10
4.1,cluster_id,Inh L1 LAMP5 RAB11FIP1,246,0.1595744680851064,0.20388349514563106,0.08536585365853659,76205,82,225,21,4,"['NECAB2', 'CDC37L1', 'CRY2', 'DGKD']","['NECAB2', 'HOMER2', 'CDC37L1', 'HDAC5', 'CRY2', 'DGKD', 'CAMKV', 'ILF3', 'UTRN']",0.03914742601955479,fold_10
4.1,cluster_id,Inh L1-6 LAMP5 AARD,1539,0.5126768454965681,0.5228571428571429,0.4756335282651072,74326,668,807,732,2,"['NECAB2', 'DGKD']","['KCTD6', 'HOMER2', 'NECAB2', 'CDC37L1', 'ABCD2', 'DGKD', 'CAMKV', 'ILF3', 'SPCS1', 'SUMO2']",0.03589765279744532,fold_10
4.1,cluster_id,Inh L1-6 LAMP5 NES,419,0.19715224534501644,0.18620689655172415,0.2577565632458234,75642,472,311,108,2,"['HOMER2', 'DGKD']","['HOMER2', 'DGKD']",0.044253639477927285,fold_10
4.1,cluster_id,Inh L1-6 LAMP5 CA1,465,0.3258508327299059,0.3930131004366812,0.1935483870967742,75929,139,375,90,2,"['CA13', 'CAMKV']","['CA13', 'HOMER2', 'NECAB2', 'CAMKV', 'GPR176', 'DGKD', 'ARL3']",0.23377712933801115,fold_10
4.1,cluster_id,Inh L5-6 LAMP5 CRABP1,923,0.5074946466809421,0.6713881019830028,0.25677139761646806,75494,116,686,237,2,"['CA13', 'CALB1']","['CA13', 'KCTD6', 'CALB1', 'COL4A4', 'GPD1L', 'HOMER2', 'NECAB2', 'MFAP3L', 'ABCD2', 'CAMKV']",0.2658416557730543,fold_10
4.1,cluster_id,Inh L3-6 PAX6 LINC01497,84,0.4567307692307692,0.6129032258064516,0.2261904761904762,76437,12,65,19,4,"['ARHGAP28', 'ZNF512', 'SORCS2', 'NECAB2']","['COCH', 'ARHGAP28', 'ZNF512', 'HOMER2', 'SORCS2', 'NECAB2', 'CDC37L1', 'APMAP', 'ABCD2', 'SLIT3']",0.041706877636430335,fold_10
4.1,cluster_id,Inh L1 PAX6 MIR101-1,139,0.14412416851441243,0.16666666666666666,0.09352517985611511,76329,65,126,13,5,"['HOMER2', 'NECAB2', 'ARHGAP28', 'HDAC5', 'ABCD2']","['HOMER2', 'NECAB2', 'ARHGAP28', 'HDAC5', 'ABCD2', 'RAB21', 'ILF3', 'ENTPD3', 'SIN3B', 'SPCS1']",0.03489892712890705,fold_10
4.1,cluster_id,Inh L1 PAX6 CHRFAM7A,185,0.14771048744460857,0.16260162601626016,0.10810810810810811,76245,103,165,20,3,"['NECAB2', 'SLIT3', 'ENTPD3']","['NECAB2', 'SLIT3', 'ENTPD3']",0.022737549853290188,fold_10
4.1,cluster_id,Inh L1-6 VIP SLC7A6OS,61,0.0975609756097561,0.1111111111111111,0.06557377049180328,76440,32,57,4,4,"['TMBIM4', 'ZNF883', 'ABCD2', 'ARHGAP28']","['TMBIM4', 'ZNF883', 'ABCD2', 'NECAB2', 'CDC37L1', 'ARHGAP28', 'APMAP', 'GPR176', 'ILF3', 'ANKDD1A']",0.0628741498874055,fold_10
4.1,cluster_id,Inh L2 PAX6 FREM2,108,0.125,0.21739130434782608,0.046296296296296294,76407,18,103,5,4,"['CA13', 'SNW1', 'TADA2A', 'ABCD2']","['CA13', 'SNW1', 'PPTC7', 'COCH', 'TADA2A', 'ABCD2', 'NECAB2', 'ZNF512', 'GNB4', 'GPR176']",0.1177498173176313,fold_10
4.1,cluster_id,Inh L1-2 VIP HTR3A,42,0.2692307692307692,0.3181818181818182,0.16666666666666666,76476,15,35,7,4,"['COL4A4', 'HDAC5', 'GNB4', 'ARHGAP28']","['COL4A4', 'NECAB2', 'HDAC5', 'PELI1', 'GNB4', 'ARHGAP28', 'MSMO1', 'ILF3', 'EDIL3', 'GNA12']",0.038342627769460555,fold_10
4.1,cluster_id,Inh L1-2 VIP WNT4,52,0.32051282051282054,0.38461538461538464,0.19230769230769232,76465,16,42,10,3,"['CYYR1', 'COL4A4', 'ADAM33']","['CYYR1', 'COL4A4', 'ADAM33', 'NECAB2', 'TADA2A', 'GNB4', 'RNASET2', 'APMAP', 'ARHGAP28', 'HDAC5']",0.19360313052389028,fold_10
4.1,cluster_id,Inh L1 LAMP5 BMP2,352,0.3796928327645051,0.43414634146341463,0.2528409090909091,76065,116,263,89,2,"['NMBR', 'UTRN']","['NMBR', 'TMBIM4', 'HOMER2', 'NECAB2', 'CAMKV', 'UTRN']",0.17162243992954013,fold_10
4.1,cluster_id,Inh L1 LAMP5 NMBR,193,0.3079507278835386,0.3142857142857143,0.2849740932642487,76220,120,138,55,2,"['NMBR', 'CAMKV']","['NMBR', 'HOMER2', 'NECAB2', 'CAMKV', 'UTRN']",0.2165647555912422,fold_10
4.1,cluster_id,Inh L1 PVALB SST ASIC4,186,0.4316546762589928,0.4444444444444444,0.3870967741935484,76257,90,114,72,2,"['ADAM33', 'NECAB2']","['ADAM33', 'NECAB2', 'PELI1']",0.1395212107208755,fold_10
4.1,cluster_id,Inh L1 SST P4HA3,38,0.1984126984126984,0.22727272727272727,0.13157894736842105,76478,17,33,5,3,"['ADAM33', 'COCH', 'CRY2']","['ADAM33', 'TMBIM4', 'COCH', 'NECAB2', 'CRY2', 'HDAC5', 'ARHGAP28', 'GNA12', 'ARL3']",0.1219987138231809,fold_10
4.1,cluster_id,Inh L1 SST DEFB108B,223,0.06283280085197018,0.052772808586762074,0.2645739910313901,75251,1059,164,59,2,"['NECAB2', 'CAMKV']","['NECAB2', 'CAMKV']",0.03864796617035874,fold_10
4.1,cluster_id,Inh L1-3 VIP CBLN1,464,0.16158536585365854,0.18027210884353742,0.11422413793103449,75828,241,411,53,4,"['ARHGAP28', 'IL12RB2', 'KCNK2', 'FOXK1']","['ARHGAP28', 'IL12RB2', 'KCNK2', 'FOXK1']",0.029773327701486607,fold_10
4.1,cluster_id,Inh L1-2 VIP EXPH5,509,0.2741170268845546,0.29971181556195964,0.2043222003929273,75781,243,405,104,2,"['IL12RB2', 'ENTPD3']","['ARHGAP28', 'IL12RB2', 'ENTPD3', 'DTNBP1']",0.0325258887138376,fold_10
4.1,cluster_id,Inh L1-3 VIP HSPB6,396,0.1662971175166297,0.17045454545454544,0.15151515151515152,75845,292,336,60,2,"['IL12RB2', 'ENTPD3']","['IL12RB2', 'ENTPD3']",0.02991674877413121,fold_10
4.1,cluster_id,Inh L1-2 VIP PTGER3,84,0.10294117647058823,0.109375,0.08333333333333333,76392,57,77,7,5,"['ALDH2', 'COCH', 'CTSD', 'NECAB2', 'ARHGAP28']","['ALDH2', 'COCH', 'ZNF883', 'CTSD', 'NECAB2', 'ARHGAP28', 'CRY2', 'KCNK2', 'GLRX3', 'FEM1B']",0.05923018762854251,fold_10
4.1,cluster_id,Inh L1-2 VIP SCML4,128,0.2724358974358974,0.3695652173913043,0.1328125,76376,29,111,17,5,"['ADAM33', 'ZNF883', 'COCH', 'ARHGAP28', 'CDC37L1']","['ADAM33', 'ZNF883', 'COCH', 'ARHGAP28', 'ABHD5', 'CDC37L1', 'NECAB2', 'IFT122', 'KCNK2', 'ILF3']",0.0900934914507761,fold_10
4.1,cluster_id,Inh L1-3 VIP FNDC1,111,0.19607843137254902,0.2777777777777778,0.09009009009009009,76396,26,101,10,5,"['ADAM33', 'ARHGAP28', 'CRY2', 'IFT122', 'RUFY1']","['ADAM33', 'CTSD', 'ARHGAP28', 'CRY2', 'IFT122', 'RUFY1', 'CAMKV', 'SPCS1', 'KCNK2', 'ENTPD3']",0.0393613739940798,fold_10
4.1,cluster_id,Inh L1-3 VIP CHRNA2,310,0.18170426065162906,0.23770491803278687,0.0935483870967742,76130,93,281,29,3,"['KCNK2', 'ENTPD3', 'MSMO1']","['ARHGAP28', 'ANKDD1A', 'KCNK2', 'ENTPD3', 'DTNBP1', 'MSMO1', 'SPCS1', 'PIGU']",0.022830425200700364,fold_10
4.1,cluster_id,Inh L2 VIP SLC6A16,288,0.4872881355932203,0.6571428571428571,0.23958333333333334,76209,36,219,69,4,"['LRRC63', 'ADAM33', 'ARHGAP28', 'NECAB2']","['LRRC63', 'ADAM33', 'ARHGAP28', 'NECAB2', 'HDAC5', 'ENTPD3', 'KCNK2', 'FDPS', 'MSMO1', 'EDIL3']",0.07860913597604413,fold_10
4.1,cluster_id,Inh L1 VIP KLHDC8B,95,0.09394572025052192,0.09375,0.09473684210526316,76351,87,86,9,3,"['NECAB2', 'ARHGAP28', 'MAP1LC3B']","['NECAB2', 'ARHGAP28', 'MSMO1', 'MAP1LC3B']",0.036368124515495134,fold_10
4.1,cluster_id,Inh L3-5 VIP IGDCC3,390,0.15745007680491552,0.17982456140350878,0.10512820512820513,75956,187,349,41,3,"['IL12RB2', 'ARHGAP28', 'KCNK2']","['IGSF3', 'RPS23', 'IL12RB2', 'ARHGAP28', 'KCNK2']",0.027783476847236924,fold_10
4.1,cluster_id,Inh L1-5 VIP SMOC1,638,0.14521452145214522,0.14715719063545152,0.13793103448275862,75385,510,550,88,2,"['KCNK2', 'DTNBP1']","['KCNK2', 'DTNBP1']",0.02272696081251961,fold_10
4.1,cluster_id,Inh L3-5 VIP HS3ST3A1,225,0.2066115702479339,0.2631578947368421,0.1111111111111111,76238,70,200,25,3,"['IGSF3', 'ADAM33', 'KCNK2']","['IGSF3', 'ADAM33', 'RPS23', 'IL12RB2', 'KCNK2', 'DTNBP1', 'ARHGDIG', 'GNA12', 'EPB41L4B', 'ENTPD3']",0.10792971674107261,fold_10
4.1,cluster_id,Inh L5-6 VIP COL4A3,89,0.248868778280543,0.3333333333333333,0.12359550561797752,76422,22,78,11,3,"['COL4A4', 'NECAB2', 'KCNK2']","['COL4A4', 'RPS23', 'RAB21', 'NECAB2', 'APMAP', 'KCNK2', 'FEM1B', 'SPCS1', 'ARHGDIG', 'MAP1LC3B']",0.03487450866911517,fold_10
4.1,cluster_id,Inh L1-5 VIP CD27-AS1,67,0.06622516556291391,0.09523809523809523,0.029850746268656716,76447,19,65,2,4,"['RPS23', 'GNA12', 'SUMO2', 'GRM3']","['RPS23', 'MSMO1', 'GNA12', 'SUMO2', 'DTNBP1', 'GRM3', 'EPB41L4B']",0.023152327482171647,fold_10
4.1,cluster_id,Inh L2-5 VIP BSPRY,85,0.1091703056768559,0.1388888888888889,0.058823529411764705,76417,31,80,5,4,"['RPS23', 'IL12RB2', 'KCNK2', 'SPCS1']","['RPS23', 'IL12RB2', 'KCNK2', 'SPCS1', 'GNA12', 'FOXK1', 'EPB41L4B']",0.03346198142020878,fold_10
4.1,cluster_id,Inh L2-5 VIP SOX11,116,0.06,0.0625,0.05172413793103448,76327,90,110,6,5,"['COCH', 'ARL8A', 'CTSD', 'RPS23', 'NECAB2']","['COCH', 'ARL8A', 'NCAN', 'CTSD', 'RPS23', 'NECAB2', 'ARHGAP28', 'APMAP', 'FAN1', 'HDAC5']",0.04924043928301075,fold_10
4.1,cluster_id,Inh L3-6 VIP ZIM2-AS1,146,0.3418803418803419,0.7272727272727273,0.1095890410958904,76381,6,130,16,4,"['IL12RB2', 'GNB4', 'RPS23', 'ARHGAP28']","['ZNF883', 'IL12RB2', 'ZNF512', 'GNB4', 'RPS23', 'ARHGAP28', 'NECAB2', 'HDAC5', 'APMAP', 'KCNK2']",0.043806251989273515,fold_10
4.1,cluster_id,Inh L1-5 VIP PHLDB3,92,0.1715686274509804,0.25,0.07608695652173914,76420,21,85,7,4,"['IGSF3', 'ARHGAP28', 'IL12RB2', 'CAMKV']","['IGSF3', 'ARHGAP28', 'IL12RB2', 'CAMKV', 'MSMO1']",0.05255238009059135,fold_10
4.1,cluster_id,Inh L1-5 VIP LINC01013,127,0.14084507042253522,0.17543859649122806,0.07874015748031496,76359,47,117,10,5,"['IGSF3', 'NCAN', 'ARHGAP28', 'APMAP', 'IL12RB2']","['IGSF3', 'NCAN', 'ARHGAP28', 'RPS23', 'APMAP', 'IL12RB2', 'CAMKV', 'RCHY1', 'SUMO2']",0.05110088698189334,fold_10
4.1,cluster_id,Inh L3-6 VIP UG0898H09,131,0.26854219948849106,0.3230769230769231,0.16030534351145037,76358,44,110,21,4,"['IL12RB2', 'ARHGAP28', 'CAMKV', 'MSMO1']","['IGSF3', 'IL12RB2', 'ARHGAP28', 'APMAP', 'CAMKV', 'MSMO1']",0.04104263900485617,fold_10
4.1,cluster_id,Inh L3-5 VIP TAC3,367,0.18242740134028296,0.20081967213114754,0.1335149863760218,75971,195,318,49,2,"['ARHGAP28', 'IL12RB2']","['ARHGAP28', 'IL12RB2', 'KCNK2']",0.044408865664999714,fold_10
4.1,cluster_id,Inh L1-6 SST NPY,67,0.1724137931034483,0.6,0.04477611940298507,76464,2,64,3,5,"['PRKX', 'TMBIM4', 'ARHGAP28', 'STARD3NL', 'ZNF512']","['PRKX', 'TMBIM4', 'COCH', 'ARHGAP28', 'STARD3NL', 'ZNF512', 'MPPED2', 'SORCS2', 'RNASET2', 'LRP8']",0.05837764384350959,fold_10
4.1,cluster_id,Inh L3-5 SST CDH3,81,0.07507507507507508,0.07936507936507936,0.06172839506172839,76394,58,76,5,3,"['ARHGAP28', 'RNASET2', 'GPR176']","['ARHGAP28', 'RNASET2', 'KCNK2', 'GPR176']",0.03575091704693531,fold_10
4.1,cluster_id,Inh L5 SST RPL35AP11,764,0.20375457875457875,0.2507042253521127,0.11649214659685864,75503,266,675,89,3,"['ARHGAP28', 'KCNK2', 'UTRN']","['RNASET2', 'ARHGAP28', 'KCNK2', 'UTRN']",0.018398473419346098,fold_10
4.1,cluster_id,Inh L5-6 SST ISX,394,0.22075055187637968,0.3125,0.10152284263959391,76051,88,354,40,3,"['ARHGAP28', 'UTRN', 'SPCS1']","['RNASET2', 'RPS23', 'ARHGAP28', 'UTRN', 'KCNK2', 'SPCS1', 'ARHGDIG', 'ADCY8', 'SUMO2']",0.02434222641894909,fold_10
4.1,cluster_id,Inh L5-6 PVALB SST CRHR2,218,0.1936026936026936,0.24468085106382978,0.10550458715596331,76244,71,195,23,5,"['PRKX', 'RNASET2', 'ARHGAP28', 'MFAP3L', 'RAB21']","['PRKX', 'GSR', 'RNASET2', 'ARHGAP28', 'MFAP3L', 'RAB21', 'GPR176', 'KCNK2', 'SOD2']",0.03237671368300348,fold_10
4.1,cluster_id,Inh L3-5 SST OR5AH1P,242,0.06790564689063616,0.0594679186228482,0.15702479338842976,75690,601,204,38,3,"['PRDM1', 'KCNK2', 'LRP8']","['PRDM1', 'RNASET2', 'KCNK2', 'LRP8']",0.02322869870958505,fold_10
4.1,cluster_id,Inh L3-5 SST GGTLC3,1154,0.17644940583363342,0.1781818181818182,0.16984402079722705,74475,904,958,196,2,"['KCNK2', 'LRP8']","['KCNK2', 'LRP8']",0.017983301289949342,fold_10
4.1,cluster_id,Inh L2-3 SST NMU,419,0.1339046598821639,0.13812154696132597,0.11933174224343675,75802,312,369,50,4,"['PRDM1', 'LRP8', 'KCNK2', 'UTRN']","['PRKX', 'PRDM1', 'RNASET2', 'LRP8', 'KCNK2', 'UTRN']",0.021172105492632987,fold_10
4.1,cluster_id,Inh L5-6 SST PAWR,194,0.30183727034120733,0.323943661971831,0.23711340206185566,76243,96,148,46,2,"['UTRN', 'MPPED2']","['RNASET2', 'UTRN', 'MPPED2', 'KCNK2']",0.029622003319223822,fold_10
4.1,cluster_id,Inh L5-6 SST PIK3CD,129,0.2608695652173913,0.3333333333333333,0.13953488372093023,76368,36,111,18,3,"['PRDM1', 'MPPED2', 'LRP8']","['PRDM1', 'RNASET2', 'KCNK2', 'MPPED2', 'UTRN', 'LRP8']",0.028800470205223992,fold_10
4.1,cluster_id,Inh L1-2 SST CCNJL,320,0.4884453781512605,0.5886075949367089,0.290625,76148,65,227,93,2,"['CALB1', 'UTRN']","['CALB1', 'RNASET2', 'UTRN', 'LRP8', 'NBN']",0.15702779694351476,fold_10
4.1,cluster_id,Inh L1-3 SST FAM20A,1069,0.2363949766067471,0.25668449197860965,0.1796071094480823,74908,556,877,192,2,"['KCNK2', 'LRP8']","['KCNK2', 'LRP8']",0.022177830866459178,fold_10
4.1,cluster_id,Inh L1-2 SST PRRT4,376,0.3977272727272727,0.39945652173913043,0.39095744680851063,75936,221,229,147,2,"['CALB1', 'LRP8']","['CALB1', 'RNASET2', 'LRP8', 'NBN']",0.21623546045124495,fold_10
4.1,cluster_id,Inh L5-6 SST BEAN1,76,0.10869565217391304,0.5,0.02631578947368421,76455,2,74,2,5,"['ABHD5', 'GLRX3', 'SORCS2', 'KCNK2', 'FAM133B']","['RING1', 'ABHD5', 'GLRX3', 'SORCS2', 'KCNK2', 'FAM133B', 'HDAC5', 'MAP1LC3B', 'FDPS']",0.03118802685531585,fold_10
4.1,cluster_id,Inh L5-6 SST DNAJC14,35,0.07853403141361257,0.07692307692307693,0.08571428571428572,76462,36,32,3,5,"['TMEM263', 'ISOC1', 'ZNF512', 'GNB4', 'RNASET2']","['TMEM263', 'ISOC1', 'GSR', 'ZNF512', 'GNB4', 'RNASET2', 'HDAC5', 'GLRX3', 'RAB21', 'FDPS']",0.04767748323683237,fold_10
4.1,cluster_id,Inh L5-6 SST C4orf26,93,0.18134715025906736,0.28,0.07526881720430108,76422,18,86,7,4,"['ISOC1', 'IGSF3', 'GNB4', 'SORCS2']","['ISOC1', 'IGSF3', 'PSMD7', 'CTSD', 'GNB4', 'SORCS2', 'UTRN', 'ARHGDIG', 'FDPS', 'FEM1B']",0.08291157664849735,fold_10
4.1,cluster_id,Inh L5-6 SST FBN2,100,0.08620689655172414,0.12121212121212122,0.04,76404,29,96,4,3,"['PRDM1', 'SORCS2', 'KCNK2']","['PRDM1', 'SORCS2', 'KCNK2', 'ARHGDIG']",0.029670995311598003,fold_10
4.1,cluster_id,Inh L5-6 SST KLHL1,188,0.22282608695652173,0.22404371584699453,0.21808510638297873,76203,142,147,41,3,"['ARHGAP28', 'SORCS2', 'UTRN']","['GNB4', 'RPS23', 'RNASET2', 'ARHGAP28', 'SORCS2', 'UTRN', 'KCNK2', 'SPCS1', 'ARHGDIG', 'SUMO2']",0.02933312291867715,fold_10
4.1,cluster_id,Inh L6 SST TH,84,0.10638297872340426,0.15384615384615385,0.047619047619047616,76427,22,80,4,4,"['PRDM1', 'ZNF512', 'CTSD', 'APMAP']","['PRDM1', 'COCH', 'SEC11A', 'ZNF512', 'CTSD', 'APMAP', 'PSMD4', 'KCNK2', 'FDPS', 'UTRN']",0.04246919019602885,fold_10
4.1,cluster_id,Inh L5-6 PVALB KCNIP2,108,0.026477146042363432,0.021839080459770115,0.17592592592592593,75574,851,89,19,3,"['DHRS7', 'PRDM1', 'SEC11A']","['DHRS7', 'GOLGA2', 'PRDM1', 'PPTC7', 'ZPBP', 'SEC11A', 'IWS1', 'SORCS2', 'HOMER2', 'KCNK2']",0.09563102140245207,fold_10
4.1,cluster_id,Inh L5-6 PVALB ZFPM2-AS1,563,0.11396939107782482,0.11164274322169059,0.12433392539964476,75413,557,493,70,4,"['PRDM1', 'ZPBP', 'HSPA14', 'FAN1']","['PRDM1', 'ZPBP', 'GSR', 'HSPA14', 'GPD1L', 'FAN1', 'RNASET2', 'ABHD5', 'GLRX3', 'RAB21']",0.05460451457595796,fold_10
4.1,cluster_id,Inh L3-5 PVALB ISG20,254,0.21543985637342908,0.22325581395348837,0.1889763779527559,76112,167,206,48,5,"['CCDC126', 'FHDC1', 'HCN2', 'PRKX', 'PRDM1']","['TFEB', 'CCDC126', 'FHDC1', 'HCN2', 'PRKX', 'PRDM1', 'ZPBP', 'AGRN', 'ABCD2', 'MFAP3L']",0.2658027989405692,fold_10
4.1,cluster_id,Inh L5 PVALB LRIG3,631,0.17645062775704107,0.17962003454231434,0.1648177496038035,75427,475,527,104,4,"['FHDC1', 'PRKX', 'ZPBP', 'SEC11A']","['FHDC1', 'PRKX', 'PPTC7', 'ZPBP', 'GSR', 'SEC11A', 'RNASET2', 'MFAP3L', 'ABCD2', 'SLIT3']",0.10990007872569468,fold_10
4.1,cluster_id,Inh L2-5 PVALB HHIPL1,456,0.10110294117647059,0.11224489795918367,0.07236842105263158,75816,261,423,33,5,"['GOLGA2', 'ZPBP', 'GSR', 'ZNF883', 'SEC11A']","['GOLGA2', 'ZPBP', 'GSR', 'ZNF883', 'SEC11A', 'FAN1', 'RNASET2', 'MFAP3L', 'ABCD2', 'PSMD4']",0.08067869909448346,fold_10
4.1,cluster_id,Inh L2-5 PVALB RPH3AL,3253,0.33739906262352476,0.33065855008301054,0.36735321241930524,70861,2419,2058,1195,2,"['ZPBP', 'LRP8']","['ZPBP', 'GSR', 'RNASET2', 'HDAC5', 'GPR176', 'LRP8']",0.05687650327919117,fold_10
4.1,cluster_id,Inh L3 PVALB SAMD13,1326,0.2525925925925926,0.25147492625368734,0.2571644042232277,74192,1015,985,341,3,"['ZPBP', 'UTRN', 'LRP8']","['ZPBP', 'RNASET2', 'UTRN', 'LRP8', 'SOD2']",0.021150996288421275,fold_10
4.1,cluster_id,Inh L1-2 PVALB CDK20,123,0.1109350237717908,0.11023622047244094,0.11382113821138211,76297,113,109,14,4,"['PRKX', 'CNN3', 'RNASET2', 'GPR176']","['PRKX', 'CNN3', 'ZPBP', 'RNASET2', 'HDAC5', 'GPR176', 'LRP8']",0.07709409039932127,fold_10
4.1,cluster_id,Inh L2 PVALB FRZB,107,0.11661807580174927,0.13559322033898305,0.07476635514018691,76375,51,99,8,5,"['PRKX', 'ZPBP', 'GSR', 'HDAC5', 'ILF3']","['PRKX', 'ZPBP', 'GSR', 'RNASET2', 'HDAC5', 'ILF3', 'LRP8', 'GPR176', 'NBN', 'SPCS1']",0.09474278844946227,fold_10
4.1,cluster_id,Inh L1-2 SST CLIC6,194,0.2872340425531915,0.391304347826087,0.13917525773195877,76297,42,167,27,3,"['CALB1', 'PRDM1', 'GPR176']","['CALB1', 'PRDM1', 'RNASET2', 'KCNK2', 'GPR176', 'SOD2', 'NBN', 'LRP8']",0.13064529192989358,fold_10
4.1,cluster_id,Inh L5-6 PVALB GAPDHP60,138,0.06345177664974619,0.078125,0.036231884057971016,76336,59,133,5,5,"['SORCS2', 'ZNF512', 'HDAC5', 'SOD2', 'ANKDD1A']","['SORCS2', 'ZNF512', 'GNB4', 'HDAC5', 'SOD2', 'ANKDD1A', 'UTRN', 'ILF3', 'GPR176', 'PDE6B']",0.03049106163500613,fold_10
4.1,cluster_id,Inh L5-6 PVALB FAM150B,111,0.12195121951219512,0.1590909090909091,0.06306306306306306,76385,37,104,7,4,"['GNB4', 'ZNF512', 'HDAC5', 'SORCS2']","['GNB4', 'ZNF512', 'HDAC5', 'RAB21', 'SORCS2', 'ABCD2', 'SOD2', 'SLIT3', 'UTRN', 'PIGU']",0.04290605619023048,fold_10
4.1,cluster_id,Inh L5-6 PVALB MEPE,230,0.11827956989247312,0.12571428571428572,0.09565217391304348,76150,153,208,22,5,"['GNB4', 'SLIT3', 'SOD2', 'RCHY1', 'UTRN']","['GNB4', 'SLIT3', 'SOD2', 'RCHY1', 'UTRN']",0.027260807629124126,fold_10
4.1,cluster_id,Inh L1-6 PVALB COL15A1,288,0.23743016759776536,0.3177570093457944,0.11805555555555555,76172,73,254,34,2,"['RBM17', 'ADCY8']","['GPR176', 'DTNBP1', 'RBM17', 'ADCY8']",0.023245204472872816,fold_10
4.1,cluster_id,Exc L2 LAMP5 KCNG3,261,0.12154696132596685,0.13664596273291926,0.0842911877394636,76133,139,239,22,4,"['RPS23', 'SLIT3', 'CRY2', 'IFT122']","['PIP4K2C', 'RPS23', 'SLIT3', 'SORCS2', 'CRY2', 'IFT122', 'CAMKV', 'ANKDD1A', 'FAM133B', 'MAST3']",0.03783746501975265,fold_10
4.1,cluster_id,Exc L2 LINC00507 ATP7B,183,0.2292768959435626,0.2708333333333333,0.14207650273224043,76280,70,157,26,2,"['PIP4K2C', 'SLIT3']","['AP1S1', 'NCAN', 'SH3GL1', 'PIP4K2C', 'VIPR1', 'SLIT3', 'MFAP3L', 'IFT122', 'CDC37L1', 'MAST3']",0.058808357937475284,fold_10
4.1,cluster_id,Exc L2 LINC00507 GLRA3,12485,0.3947478885773293,0.3995581237253569,0.37661193432118545,56982,7066,7783,4702,2,"['LAMA2', 'PIP4K2C']","['AGRN', 'LAMA2', 'PIP4K2C', 'BHLHE40', 'RPS23', 'MFAP3L', 'SLIT3', 'SORCS2', 'CRY2', 'IFT122']",0.05331154808956827,fold_10
4.1,cluster_id,Exc L2-3 RORB RTKN2,1211,0.10843246657542899,0.09942084942084942,0.17010734929810073,73456,1866,1005,206,5,"['AGRN', 'LAMA2', 'SH3GL1', 'PIP4K2C', 'BHLHE40']","['AGRN', 'LAMA2', 'SH3GL1', 'PIP4K2C', 'BHLHE40', 'GPD1L', 'ABHD5', 'MFAP3L', 'SORCS2', 'IFT122']",0.0642643988977859,fold_10
4.1,cluster_id,Exc L2-3 LINC00507 DSG3,1088,0.10754229997132206,0.09331259720062209,0.2757352941176471,72530,2915,788,300,3,"['EGR1', 'LAMA2', 'HSPA14']","['EGR1', 'AP1S1', 'LAMA2', 'HSPA14', 'RSPRY1', 'PIP4K2C', 'BHLHE40', 'MFAP3L', 'CDC37L1', 'CRY2']",0.07505911745360809,fold_10
4.1,cluster_id,Exc L3 LAMP5 CARM1P1,4044,0.287689725627554,0.2699880157507276,0.3899604352126607,68225,4264,2467,1577,3,"['LAMA2', 'SH3GL1', 'PIP4K2C']","['ODF2', 'AGRN', 'LAMA2', 'SH3GL1', 'PIP4K2C', 'BHLHE40', 'MFAP3L', 'FAN1', 'ABHD5', 'SLIT3']",0.07015538254934846,fold_10
4.1,cluster_id,Oligo L2-6 OPALIN MAP6D1,101,0.18759018759018758,0.17567567567567569,0.25742574257425743,76310,122,75,26,3,"['MOBP', 'SLC1A3', 'PIP4K2C']","['MOBP', 'LRRC63', 'CRYAB', 'SLC1A3', 'PIP4K2C', 'IWS1', 'MFAP3L', 'RPS23', 'SLIT3', 'IFT122']",0.0596173340259447,fold_10
4.1,cluster_id,Exc L2-3 RORB CCDC68,3331,0.2772941252337654,0.28252299605781866,0.258180726508556,71018,2184,2471,860,4,"['NCAN', 'LAMA2', 'MFAP3L', 'ABCD2']","['NCAN', 'AGRN', 'LAMA2', 'BHLHE40', 'MFAP3L', 'ABCD2', 'IFT122', 'CRY2', 'HDAC5', 'GRM3']",0.05478140995634874,fold_10
4.1,cluster_id,Exc L2-3 RORB PTPN3,1628,0.1249060856498873,0.10343933632907017,0.7352579852579852,64530,10375,431,1197,2,"['LAMA2', 'GRM3']","['LAMA2', 'MFAP3L', 'IFT122', 'GRM3', 'ABCD2', 'MAST3']",0.046757342260350276,fold_10
4.1,cluster_id,Exc L3 THEMIS ENPEP,785,0.11224891689641592,0.10011709601873536,0.2178343949044586,74211,1537,614,171,4,"['LAMA2', 'SH3GL1', 'TADA2A', 'MFAP3L']","['LAMA2', 'SH3GL1', 'PIP4K2C', 'TADA2A', 'BHLHE40', 'MFAP3L', 'STK40', 'GLRX3', 'ABCD2', 'IFT122']",0.05206662783505494,fold_10
4.1,cluster_id,Exc L3-5 RORB TNNT2,535,0.07844602166604409,0.0672358591248666,0.23551401869158878,74250,1748,409,126,3,"['LAMA2', 'PSMD7', 'AHDC1']","['LAMA2', 'TADA2A', 'BHLHE40', 'PSMD7', 'AHDC1', 'MFAP3L', 'IFT122', 'IL12RB2', 'MTX3', 'MAST3']",0.04256287953558588,fold_10
4.1,cluster_id,Exc L3-5 RORB LAMA4,250,0.05170630816959669,0.047505938242280284,0.08,75882,401,230,20,5,"['ODF2', 'LAMA2', 'SH3GL1', 'MFAP3L', 'BHLHE40']","['ODF2', 'LAMA2', 'SH3GL1', 'PIP4K2C', 'MFAP3L', 'BHLHE40', 'ABHD5', 'PSMD7', 'IFT122', 'ABCD2']",0.06117885581571748,fold_10
4.1,cluster_id,Exc L5 THEMIS VILL,216,0.04198966408268734,0.03903903903903904,0.06018518518518518,75997,320,203,13,6,"['ODF2', 'CNN3', 'SH3GL1', 'TADA2A', 'PIP4K2C', 'PELI1']","['ODF2', 'CNN3', 'SH3GL1', 'TADA2A', 'PIP4K2C', 'PELI1', 'BHLHE40', 'MFAP3L', 'ABCD2', 'IFT122']",0.06417390807378827,fold_10
4.1,cluster_id,Exc L3 RORB OTOGL,2134,0.22890270141047095,0.24582798459563543,0.1794751640112465,73224,1175,1751,383,4,"['IFT122', 'IL12RB2', 'CRY2', 'GRM3']","['IFT122', 'IL12RB2', 'CRY2', 'FEM1B', 'MAST3', 'GRM3', 'FDPS', 'MPPED2', 'MSMO1']",0.03399395557332426,fold_10
4.1,cluster_id,Exc L3-5 RORB LINC01202,640,0.10709269662921349,0.09651898734177215,0.190625,74751,1142,518,122,4,"['IFT122', 'CRY2', 'IL12RB2', 'GRM3']","['IFT122', 'CRY2', 'IL12RB2', 'FEM1B', 'MAST3', 'GRM3', 'SOD2', 'SUMO2']",0.03502321582030998,fold_10
4.1,cluster_id,Exc L5 THEMIS SLC22A18,1824,0.2882896305125149,0.31669394435351883,0.21217105263157895,73874,835,1437,387,5,"['SH3BGRL3', 'BHLHE40', 'GNB4', 'CTSD', 'SORCS2']","['SH3BGRL3', 'LAMA2', 'BHLHE40', 'GNB4', 'CTSD', 'SORCS2', 'SLIT3', 'IL12RB2', 'GRM3', 'MAST3']",0.029293288129412908,fold_10
4.1,cluster_id,Exc L5-6 THEMIS TNFAIP6,1132,0.07489669421487603,0.07017543859649122,0.10247349823321555,73864,1537,1016,116,5,"['LAMA2', 'TADA2A', 'GNB4', 'PSMD7', 'STK40']","['LAMA2', 'TADA2A', 'BHLHE40', 'GNB4', 'PSMD7', 'STK40', 'IL12RB2', 'SLIT3', 'GLRX3', 'IFT122']",0.030025440532105072,fold_10
4.1,cluster_id,Exc L3-5 RORB LNX2,4631,0.29372333942717854,0.28943154523618897,0.3122435759015331,68352,3550,3185,1446,3,"['BHLHE40', 'SORCS2', 'IL12RB2']","['BHLHE40', 'LAMA2', 'SORCS2', 'MFAP3L', 'IL12RB2', 'ABCD2', 'SLIT3', 'GRM3', 'MAST3', 'FEM1B']",0.029379183556526627,fold_10
4.1,cluster_id,Exc L3-5 RORB RPRM,1231,0.24552788495264818,0.345679012345679,0.11372867587327376,75037,265,1091,140,4,"['EGR1', 'PSMD7', 'CTSD', 'IL12RB2']","['EGR1', 'ARL8A', 'BHLHE40', 'PSMD7', 'CTSD', 'IL12RB2', 'SORCS2', 'SOD2', 'FEM1B', 'CAMKV']",0.05613737062020989,fold_10
4.1,cluster_id,Exc L5 RORB MED8,309,0.06406833956219968,0.061381074168797956,0.07766990291262135,75857,367,285,24,5,"['BHLHE40', 'CTSD', 'GNB4', 'IL12RB2', 'CRY2']","['BHLHE40', 'CTSD', 'GNB4', 'AHDC1', 'IL12RB2', 'CRY2', 'IFT122', 'PSMD4', 'FEM1B', 'MAST3']",0.033147570605607975,fold_10
4.1,cluster_id,Exc L5 THEMIS FGF10,147,0.03585835948005379,0.030710172744721688,0.10884353741496598,75881,505,131,16,5,"['EGR1', 'AP1S1', 'CNN3', 'PIP4K2C', 'RING1']","['EGR1', 'AP1S1', 'CNN3', 'PIP4K2C', 'RING1', 'BHLHE40', 'LAMA2', 'CTSD', 'IL12RB2', 'CRY2']",0.0801599064710139,fold_10
4.1,cluster_id,Exc L6 THEMIS LINC00343,905,0.10612855007473841,0.11639344262295082,0.07845303867403315,75089,539,834,71,5,"['AP1S1', 'SH3GL1', 'PELI1', 'PIP4K2C', 'GNB4']","['AP1S1', 'SH3GL1', 'PELI1', 'PIP4K2C', 'LAMA2', 'GNB4', 'STK40', 'MFAP3L', 'SLIT3', 'IL12RB2']",0.05768190451047616,fold_10
4.1,cluster_id,Exc L6 THEMIS SLN,436,0.28169014084507044,0.3252032520325203,0.1834862385321101,75931,166,356,80,6,"['AP1S1', 'PELI1', 'LAMA2', 'PIP4K2C', 'GNB4', 'SLIT3']","['AP1S1', 'PELI1', 'LAMA2', 'PIP4K2C', 'GNB4', 'SLIT3', 'AHDC1', 'MFAP3L', 'IL12RB2', 'IFT122']",0.0557609692613672,fold_10
4.1,cluster_id,Exc L6 THEMIS SNTG2,488,0.038875598086124404,0.03354838709677419,0.10655737704918032,74547,1498,436,52,5,"['SH3GL1', 'PELI1', 'PIP4K2C', 'ING5', 'TADA2A']","['SH3GL1', 'PELI1', 'PIP4K2C', 'ING5', 'TADA2A', 'LAMA2', 'AHDC1', 'SLIT3', 'IFT122', 'ABCD2']",0.05387216608251618,fold_10
4.1,cluster_id,Exc L5-6 THEMIS SMYD1,327,0.33423667570009036,0.37948717948717947,0.22629969418960244,76085,121,253,74,3,"['OLFML2B', 'GNB4', 'PIP4K2C']","['OLFML2B', 'CNN3', 'GNB4', 'SH3GL1', 'PELI1', 'PIP4K2C', 'NECAB2', 'RNASET2', 'HOMER2', 'MAST3']",0.0791567302458347,fold_10
4.1,cluster_id,Exc L5-6 FEZF2 OR1L8,263,0.48766157461809634,0.564625850340136,0.3155893536121673,76206,64,180,83,2,"['MYOF', 'SPON2']","['MYOF', 'SH3BGRL3', 'SLC7A5', 'SPON2', 'PPP1R37', 'SH3GL1', 'VIPR1', 'GNB4', 'KCNK2', 'IL12RB2']",0.1867235787519655,fold_10
4.1,cluster_id,Exc L5 THEMIS LINC01116,151,0.1252847380410023,0.1527777777777778,0.0728476821192053,76321,61,140,11,6,"['COL7A1', 'PRRT3', 'EXOC3', 'FHDC1', 'SPON2', 'CAPN1']","['COL7A1', 'PRRT3', 'EXOC3', 'FHDC1', 'SPON2', 'CAPN1', 'CNN3', 'ZNF883', 'VIPR1', 'FAN1']",0.27033688315046955,fold_10
4.1,cluster_id,Exc L5 THEMIS RGPD6,241,0.06669630947087594,0.05976095617529881,0.12448132780082988,75820,472,211,30,5,"['SPON2', 'CAPN1', 'TMBIM4', 'VIPR1', 'BHLHE40']","['SPON2', 'CAPN1', 'TMBIM4', 'MZF1', 'VIPR1', 'BHLHE40', 'FAN1', 'SLIT3', 'IL12RB2', 'HOMER2']",0.05620214792606068,fold_10
4.1,cluster_id,Exc L5-6 FEZF2 C9orf135-AS1,2602,0.1915978203550712,0.19872379216043756,0.16756341275941583,72173,1758,2166,436,4,"['VIPR1', 'RPS23', 'SLIT3', 'IL12RB2']","['VIPR1', 'RPS23', 'AHDC1', 'SLIT3', 'IL12RB2', 'MAST3', 'GLRX3', 'HOMER2', 'GRM3', 'ANKDD1A']",0.02859506282758705,fold_10
4.1,cluster_id,Exc L5-6 FEZF2 FILIP1L,318,0.1456876456876457,0.18518518518518517,0.07861635220125786,76105,110,293,25,4,"['SPON2', 'SLC7A5', 'CAPN1', 'VIPR1']","['SH3BGRL3', 'SPON2', 'SLC7A5', 'CAPN1', 'PPP1R37', 'VIPR1', 'IL12RB2', 'HOMER2', 'SLIT3', 'MAST3']",0.09380937304933788,fold_10
4.1,cluster_id,Exc L5-6 FEZF2 SH2D1B,159,0.039085989176187615,0.034574468085106384,0.08176100628930817,76011,363,146,13,5,"['SPON2', 'CNN3', 'PPP1R37', 'VIPR1', 'RING1']","['SPON2', 'CNN3', 'PPP1R37', 'HSPA14', 'VIPR1', 'RING1', 'FAN1', 'RPS23', 'IL12RB2', 'HOMER2']",0.07617262734669075,fold_10
4.1,cluster_id,Exc L6 FEZF2 PDYN,22,0.3225806451612903,0.4,0.18181818181818182,76505,6,18,4,4,"['ANKRD37', 'MYOF', 'SLC7A5', 'PPP1R37']","['ANKRD37', 'MYOF', 'SH3BGRL3', 'SLC7A5', 'PPP1R37', 'AP1S1', 'ADAM33', 'SH3GL1', 'GNB4', 'IL12RB2']",0.2210898285544819,fold_10
4.1,cluster_id,Exc L6 FEZF2 FFAR4,106,0.23885350318471338,0.28846153846153844,0.14150943396226415,76390,37,91,15,4,"['OLFML2B', 'MYOF', 'CNN3', 'GNB4']","['OLFML2B', 'MYOF', 'CNN3', 'COCH', 'GNB4', 'PELI1', 'SLIT3', 'KCNK2', 'HOMER2', 'CAMKV']",0.09415550301754894,fold_10
4.1,cluster_id,Exc L6 FEZF2 PROKR2,72,0.3515625,0.6428571428571429,0.125,76456,5,63,9,5,"['MYOF', 'PPP1R37', 'GNB4', 'KCNK2', 'IL12RB2']","['MYOF', 'SH3BGRL3', 'PPP1R37', 'GNB4', 'KCNK2', 'IL12RB2', 'SORCS2', 'FEM1B', 'UTRN', 'MAST3']",0.05517542576790557,fold_10
4.1,cluster_id,Exc L5-6 FEZF2 CFTR,108,0.1858108108108108,0.18181818181818182,0.2037037037037037,76326,99,86,22,4,"['OLFML2B', 'SLC7A5', 'PPP1R37', 'VIPR1']","['EGR1', 'OLFML2B', 'SLC7A5', 'PPP1R37', 'VIPR1', 'GNB4', 'CTSD', 'MAST3', 'HOMER2', 'MTX3']",0.08724276937426799,fold_10
4.1,cluster_id,Exc L6 FEZF2 KLK7,1801,0.6747010817992029,0.8200692041522492,0.3947806774014436,74576,156,1090,711,2,"['MGST1', 'OLFML2B']","['MGST1', 'OLFML2B', 'CNN3', 'ZNF883', 'VIPR1', 'PELI1', 'GNB4', 'HOMER2', 'MAST3', 'CDC37L1']",0.17141790920562539,fold_10
4.1,cluster_id,Exc L6 FEZF2 POGK,127,0.3349875930521092,0.391304347826087,0.2125984251968504,76364,42,100,27,4,"['MGST1', 'MYOF', 'CNN3', 'COCH']","['MGST1', 'MYOF', 'OLFML2B', 'CNN3', 'COCH', 'PELI1', 'GNB4', 'VIPR1', 'MAST3', 'KCNK2']",0.14126966684620393,fold_10
4.1,cluster_id,Exc L5 FEZF2 CSN1S1,150,0.10969976905311778,0.10614525139664804,0.12666666666666668,76223,160,131,19,5,"['DPH3', 'IER5L', 'DHRS7', 'SPON2', 'SLC7A5']","['DPH3', 'IER5L', 'DHRS7', 'SH3BGRL3', 'SPON2', 'SLC7A5', 'AP1S1', 'BHLHE40', 'PELI1', 'FAN1']",0.4091452622157529,fold_10
4.1,cluster_id,Exc L3-5 FEZF2 ASGR2,620,0.37270642201834864,0.4626334519572954,0.20967741935483872,75762,151,490,130,4,"['SPON2', 'ZPBP', 'BHLHE40', 'LAMA2']","['DHRS7', 'SPON2', 'ZPBP', 'BHLHE40', 'LAMA2', 'PELI1', 'SORCS2', 'GNB4', 'MFAP3L', 'SLIT3']",0.06855695251029253,fold_10
4.1,cluster_id,Exc L3-5 FEZF2 LINC01107,88,0.3716216216216216,0.4230769230769231,0.25,76415,30,66,22,4,"['URM1', 'MGST1', 'ZPBP', 'LAMA2']","['URM1', 'PI4K2B', 'MGST1', 'SPON2', 'ZPBP', 'LAMA2', 'BHLHE40', 'MZF1', 'SORCS2', 'STARD3NL']",0.1001021844895002,fold_10
4.1,cluster_id,Exc L5 FEZF2 PKD2L1,280,0.2199074074074074,0.2602739726027397,0.1357142857142857,76145,108,242,38,4,"['LSM8', 'DFFB', 'SORCS2', 'CTSD']","['LSM8', 'DFFB', 'ZNF883', 'SORCS2', 'CTSD', 'FAM133B', 'GRM3', 'ABCD2', 'MTX3', 'SLIT3']",0.08602308014883361,fold_10
4.1,cluster_id,Exc L5 FEZF2 NREP-AS1,229,0.3898635477582846,0.5633802816901409,0.17467248908296942,76273,31,189,40,4,"['CD200R1L', 'CCDC80', 'DFFB', 'CNN3']","['CD200R1L', 'ENKUR', 'CCDC80', 'FCHO1', 'DFFB', 'CNN3', 'SORCS2', 'RING1', 'VIPR1', 'GRM3']",0.3320991237678875,fold_10
4.1,cluster_id,Exc L5 FEZF2 RNF144A-AS1,108,0.12404580152671756,0.125,0.12037037037037036,76334,91,95,13,4,"['DFFB', 'SORCS2', 'FAN1', 'FAM133B']","['DFFB', 'SORCS2', 'STARD3NL', 'FAN1', 'STK40', 'FAM133B', 'AHDC1', 'GRM3', 'MTX3', 'SIN3B']",0.062366233447744786,fold_10
4.1,cluster_id,Exc L5-6 FEZF2 IFNG-AS1,753,0.5621552821383115,0.6608478802992519,0.351925630810093,75644,136,488,265,2,"['CCDC80', 'SORCS2']","['CCDC80', 'SORCS2', 'VIPR1', 'RPS23', 'APMAP', 'GRM3', 'ANKDD1A', 'SIN3B', 'CAMKV', 'SLIT3']",0.2714161942157404,fold_10
4.1,cluster_id,Exc L5-6 FEZF2 LPO,117,0.1557632398753894,0.19607843137254902,0.08547008547008547,76375,41,107,10,4,"['ENKUR', 'SNTA1', 'FCHO1', 'PPP1R37']","['ENKUR', 'SNTA1', 'FCHO1', 'SLC7A5', 'NCAN', 'PPP1R37', 'VIPR1', 'SORCS2', 'STARD3NL', 'GLRX3']",0.19282751566084966,fold_10
4.1,cluster_id,OPC L1-6 PDGFRA COL20A1,283,0.9247311827956989,0.9280575539568345,0.911660777385159,76230,20,25,258,1,['TNR'],"['FERMT1', 'SLC1A3', 'MPPED2', 'TNR', 'SLC1A2']",0.028541575578204584,fold_10
4.1,cluster_id,Oligo L3-6 OPALIN ENPP6,535,0.4704225352112676,0.5387096774193548,0.3121495327102804,75855,143,368,167,4,"['RASSF2', 'ENPP6', 'LRRC63', 'MOBP']","['PMP2', 'RASSF2', 'ENPP6', 'LRRC63', 'MOBP', 'CRYAB', 'SLC1A3', 'PSEN1', 'C1GALT1', 'GRM3']",0.5190328538202675,fold_10
4.1,cluster_id,Oligo L2-6 OPALIN FTH1P3,2300,0.7779442877291961,0.7806280406899602,0.7673913043478261,73737,496,535,1765,2,"['MOBP', 'CRYAB']","['LRRC63', 'MOBP', 'CRYAB', 'SLC1A3', 'PSEN1', 'GRM3', 'C1GALT1', 'EDIL3', 'TMEM87A', 'QKI']",0.2672316538993662,fold_10
4.1,cluster_id,Oligo L5-6 OPALIN LDLRAP1,6,0.5,1.0,0.16666666666666666,76527,0,5,1,2,"['GNE', 'MOBP']","['PATL1', 'GNE', 'TFEB', 'ENPP6', 'HCN2', 'MOBP', 'CRYAB', 'MAST3', 'MFAP3L', 'CTSD']",0.635373083690543,fold_10
4.1,cluster_id,Astro L1-6 FGFR3 AQP1,119,0.42016806722689076,0.42016806722689076,0.42016806722689076,76345,69,69,50,2,"['CRYAB', 'SLC1A2']","['ZFP36L1', 'CRYAB', 'SLC1A3', 'SLC1A2', 'UTRN']",0.11589998909787974,fold_10
4.1,cluster_id,Astro L1 FGFR3 SERPINI2,72,0.3611111111111111,0.48148148148148145,0.18055555555555555,76447,14,59,13,4,"['SNTA1', 'ZFP36L1', 'ID1', 'SLC1A3']","['SNTA1', 'ZFP36L1', 'ID1', 'MGST1', 'NCAN', 'SLC1A3', 'SLC1A2', 'SORCS2', 'MPPED2', 'GRM3']",0.3502975198059761,fold_10
4.1,cluster_id,Astro L1-6 FGFR3 PLCG1,377,0.855374226223973,0.8685714285714285,0.8063660477453581,76110,46,73,304,2,"['SLC1A3', 'SLC1A2']","['NCAN', 'SLC1A3', 'ANKDD1A', 'SLC1A2', 'GRM3']",0.12412679670832732,fold_10
4.1,cluster_id,Endo L2-5 NOSTRIN SRGN,64,0.6944444444444444,0.7894736842105263,0.46875,76461,8,34,30,1,['SLC7A5'],"['SP100', 'ID1', 'CYYR1', 'SLC7A5', 'UTRN', 'WWC2']",0.4730312242368454,fold_10
4.1,cluster_id,VLMC L1-5 PDGFRA COLEC12,40,0.9438775510204082,0.9487179487179487,0.925,76491,2,3,37,1,['LAMA2'],"['SLC1A3', 'LAMA2', 'CENPP', 'UTRN']",0.13083307917580125,fold_10
4.1,cluster_id,Micro L1-6 TYROBP CD74,108,0.625,0.7368421052631579,0.3888888888888889,76410,15,66,42,1,['RNASET2'],"['SLC1A3', 'RNASET2']",0.12514642558558378,fold_10
4.1,cluster_id,Inh L1 LAMP5 PVRL2,94,0.0347758887171561,0.03,0.09574468085106383,76148,291,85,9,5,"['RASSF8', 'NMNAT3', 'CCDC136', 'UCK2', 'SEC14L1']","['MYRFL', 'RASSF8', 'NMNAT3', 'CCDC136', 'UCK2', 'SEC14L1']",0.024730820180571277,fold_11
4.1,cluster_id,Inh L1 LAMP5 RAB11FIP1,246,0.10348583877995643,0.1130952380952381,0.07723577235772358,76138,149,227,19,4,"['SLC25A29', 'NMNAT3', 'SAP130', 'RASSF8']","['SLC25A29', 'NMNAT3', 'SAP130', 'MYRFL', 'DPH6', 'RASSF8', 'SEC14L1', 'CTNNBL1', 'NGEF', 'POLA1']",0.03925981797249861,fold_11
4.1,cluster_id,Inh L1-6 LAMP5 AARD,1539,0.42819715081054527,0.45796847635726795,0.3398310591293047,74375,619,1016,523,2,"['MYRFL', 'DPF3']","['LCP2', 'SLC7A2', 'MYRFL', 'SLC25A29', 'DPF3', 'SAP130', 'NMNAT3', 'DPH6', 'SEC14L1', 'SLC16A10']",0.03881299361059528,fold_11
4.1,cluster_id,Inh L1-6 LAMP5 NES,419,0.19518072289156627,0.1956521739130435,0.19331742243436753,75781,333,338,81,2,"['MYRFL', 'DPF3']","['MYRFL', 'DPF3', 'SEC14L1']",0.039364840430653525,fold_11
4.1,cluster_id,Inh L1-6 LAMP5 CA1,465,0.2149740548554485,0.26244343891402716,0.12473118279569892,75905,163,407,58,3,"['MYRFL', 'GULP1', 'NMNAT3']","['MYRFL', 'SAP130', 'GULP1', 'SEC14L1', 'NMNAT3', 'POLA1', 'LIMS1', 'RASSF8']",0.022164780918798796,fold_11
4.1,cluster_id,Inh L5-6 LAMP5 CRABP1,923,0.5750731911334169,0.7493188010899182,0.2979414951245937,75518,92,648,275,2,"['MYRFL', 'GULP1']","['MYRFL', 'SLC25A29', 'SCN2B', 'SAP130', 'GULP1', 'SEC14L1', 'DPH6', 'LSS', 'ELOVL5', 'SLC16A10']",0.048617104258491646,fold_11
4.1,cluster_id,Inh L3-6 PAX6 LINC01497,84,0.21341463414634146,0.35,0.08333333333333333,76436,13,77,7,4,"['CDH23', 'SLC25A29', 'SCN2B', 'SAP130']","['CDH23', 'SNRNP27', 'SLC25A29', 'ADAMTS10', 'SCN2B', 'SAP130', 'ADAM32', 'GULP1', 'STARD4', 'RASSF8']",0.03907786491223139,fold_11
4.1,cluster_id,Inh L1 PAX6 MIR101-1,139,0.52,0.6610169491525424,0.2805755395683453,76374,20,100,39,3,"['CDH23', 'ADAM32', 'RASSF8']","['CDH23', 'SLC7A2', 'LGI2', 'ADAM32', 'RASSF8', 'NFE2L1', 'GULP1', 'UCK2', 'SEC14L1', 'SLC16A10']",0.04300784087390282,fold_11
4.1,cluster_id,Inh L1 PAX6 CHRFAM7A,185,0.05216602404173282,0.043560606060606064,0.24864864864864866,75338,1010,139,46,2,"['SLC7A2', 'RASSF8']","['SLC7A2', 'RASSF8']",0.07235344557767173,fold_11
4.1,cluster_id,Inh L1-6 VIP SLC7A6OS,61,0.15151515151515152,0.19230769230769232,0.08196721311475409,76451,21,56,5,5,"['ELFN2', 'ABCA1', 'DPF3', 'NFE2L1', 'ADGRV1']","['ELFN2', 'ABCA1', 'NLGN2', 'DPF3', 'NFE2L1', 'ADGRV1', 'LSS', 'DPH6', 'GULP1', 'STARD4']",0.05694335944757633,fold_11
4.1,cluster_id,Inh L2 PAX6 FREM2,108,0.4452054794520548,0.5652173913043478,0.24074074074074073,76405,20,82,26,3,"['CDH23', 'ZDHHC22', 'GPRC5B']","['CDH23', 'TMEM182', 'ZDHHC22', 'GPRC5B', 'SLC7A2', 'POLR3G', 'DPF3', 'KLF9', 'LSS', 'GULP1']",0.2240112815633514,fold_11
4.1,cluster_id,Inh L1-2 VIP HTR3A,42,0.08064516129032258,0.2,0.023809523809523808,76487,4,41,1,4,"['ELFN2', 'LSS', 'TRNAU1AP', 'RASSF8']","['ELFN2', 'SRSF12', 'LSS', 'TRNAU1AP', 'WWC1', 'RASSF8', 'SEC14L1', 'ELOVL5']",0.029103310422882125,fold_11
4.1,cluster_id,Inh L1-2 VIP WNT4,52,0.08064516129032258,0.1111111111111111,0.038461538461538464,76465,16,50,2,6,"['TMEM182', 'CFAP43', 'ADH5', 'SRSF12', 'LGI2', 'LSS']","['TMEM182', 'CFAP43', 'ADH5', 'SRSF12', 'LGI2', 'LSS', 'ELOVL5', 'TRNAU1AP', 'STARD4', 'ADGRV1']",0.16646433369857838,fold_11
4.1,cluster_id,Inh L1 LAMP5 BMP2,352,0.2681660899653979,0.30845771144278605,0.17613636363636365,76042,139,290,62,2,"['RASSF8', 'PCDH17']","['RASSF8', 'WWC1', 'PCDH17']",0.025993399190999467,fold_11
4.1,cluster_id,Inh L1 LAMP5 NMBR,193,0.14035087719298245,0.34782608695652173,0.04145077720207254,76325,15,185,8,2,"['WWC1', 'PCDH17']","['WWC1', 'PCDH17', 'RASSF8']",0.024083859373188625,fold_11
4.1,cluster_id,Inh L1 PVALB SST ASIC4,186,0.15508684863523572,0.16129032258064516,0.13440860215053763,76217,130,161,25,2,"['SLC7A2', 'WWC1']","['SLC7A2', 'WWC1', 'RASSF8']",0.07767342584299225,fold_11
4.1,cluster_id,Inh L1 SST P4HA3,38,0.04424778761061947,0.0425531914893617,0.05263157894736842,76450,45,36,2,4,"['SLC7A2', 'NLGN2', 'RASSF8', 'WWC1']","['SLC7A2', 'NLGN2', 'RASSF8', 'WWC1']",0.03823063211245048,fold_11
4.1,cluster_id,Inh L1-3 VIP CBLN1,464,0.3776041666666667,0.7631578947368421,0.125,76051,18,406,58,3,"['PROS1', 'DPF3', 'GULP1']","['PROS1', 'DPF3', 'LGI2', 'GULP1']",0.05153151186157957,fold_11
4.1,cluster_id,Inh L1-2 VIP EXPH5,509,0.2998236331569665,0.3422818791946309,0.20039292730844793,75828,196,407,102,3,"['CCDC184', 'DPF3', 'LGI2']","['CCDC184', 'PROS1', 'DPF3', 'LGI2', 'GULP1', 'EPDR1']",0.06008352181005621,fold_11
4.1,cluster_id,Inh L1-3 VIP HSPB6,396,0.16399416909620992,0.18442622950819673,0.11363636363636363,75938,199,351,45,2,"['PROS1', 'DPF3']","['PROS1', 'DPF3']",0.056752010205130175,fold_11
4.1,cluster_id,Inh L1-2 VIP PTGER3,84,0.08620689655172414,0.08421052631578947,0.09523809523809523,76362,87,76,8,5,"['ZDHHC22', 'DPF3', 'LGI2', 'NFE2L1', 'SCN2B']","['ZDHHC22', 'DPF3', 'LGI2', 'NFE2L1', 'SCN2B', 'LSS', 'DPH6', 'STARD4', 'TRNAU1AP', 'ADGRV1']",0.040697805846492414,fold_11
4.1,cluster_id,Inh L1-2 VIP SCML4,128,0.20089285714285715,0.225,0.140625,76343,62,110,18,4,"['TMEM182', 'DPF3', 'LGI2', 'POLR3G']","['TMEM182', 'EXTL3', 'DPF3', 'LGI2', 'POLR3G', 'SCN2B', 'NFE2L1', 'LSS', 'ELOVL5', 'LCMT1']",0.05609513234365508,fold_11
4.1,cluster_id,Inh L1-3 VIP FNDC1,111,0.16637478108581435,0.16521739130434782,0.17117117117117117,76326,96,92,19,5,"['DPF3', 'LGI2', 'PROS1', 'DPH6', 'GULP1']","['ZDHHC22', 'DPF3', 'LGI2', 'PROS1', 'DPH6', 'GULP1', 'SLC16A10', 'EPDR1', 'RBM27', 'INA']",0.03979922356448511,fold_11
4.1,cluster_id,Inh L1-3 VIP CHRNA2,310,0.3643724696356275,0.782608695652174,0.11612903225806452,76213,10,274,36,3,"['ABCA1', 'SLC7A11', 'GULP1']","['ABCA1', 'SLC7A11', 'DPF3', 'LGI2', 'GULP1', 'DPH6', 'SLC16A10', 'NSRP1', 'SEC14L1', 'RASSF8']",0.06984182609313686,fold_11
4.1,cluster_id,Inh L2 VIP SLC6A16,288,0.3977272727272727,0.5,0.21875,76182,63,225,63,2,"['SLC7A11', 'LGI2']","['SLC7A11', 'DPF3', 'LGI2', 'LSS', 'SLC16A10', 'ELOVL5', 'STARD4', 'GULP1', 'FBXO32', 'CCDC136']",0.07582689817362949,fold_11
4.1,cluster_id,Inh L1 VIP KLHDC8B,95,0.08791208791208792,0.08888888888888889,0.08421052631578947,76356,82,87,8,4,"['DPF3', 'GULP1', 'LIMS1', 'RFTN1']","['ELFN2', 'DPF3', 'SCN2B', 'GULP1', 'LIMS1', 'RFTN1', 'AASDHPPT', 'RASSF8', 'SEC14L1']",0.03140964112564374,fold_11
4.1,cluster_id,Inh L3-5 VIP IGDCC3,390,0.025494057247345103,0.020678836280661722,0.3717948717948718,69276,6867,245,145,2,"['RFTN1', 'SEC14L1']","['RFTN1', 'SEC14L1']",0.025954733099466026,fold_11
4.1,cluster_id,Inh L1-5 VIP SMOC1,638,0.11104441776710684,0.14396887159533073,0.05799373040752351,75675,220,601,37,2,"['PROS1', 'GULP1']","['PROS1', 'GULP1']",0.04379874716234767,fold_11
4.1,cluster_id,Inh L3-5 VIP HS3ST3A1,225,0.2792990142387733,0.29651162790697677,0.22666666666666666,76187,121,174,51,2,"['PROS1', 'RFTN1']","['PROS1', 'DPF3', 'RFTN1']",0.07422782234596291,fold_11
4.1,cluster_id,Inh L5-6 VIP COL4A3,89,0.10067114093959731,0.2,0.033707865168539325,76432,12,86,3,5,"['SLITRK3', 'ABCA1', 'NLGN2', 'PROS1', 'NFE2L1']","['SLITRK3', 'ELFN2', 'ABCA1', 'NLGN2', 'PROS1', 'NFE2L1', 'ADGRV1', 'ELOVL5', 'RFTN1', 'SEC14L1']",0.07826387014271088,fold_11
4.1,cluster_id,Inh L1-5 VIP CD27-AS1,67,0.06622516556291391,0.09523809523809523,0.029850746268656716,76447,19,65,2,3,"['PROS1', 'ADGRV1', 'RBM27']","['PROS1', 'LSS', 'ADGRV1', 'ELOVL5', 'RBM27', 'RFTN1', 'RASSF8', 'AASDHPPT', 'PCDH17', 'RUNDC3A']",0.02993651327434806,fold_11
4.1,cluster_id,Inh L2-5 VIP BSPRY,85,0.12461059190031153,0.13559322033898305,0.09411764705882353,76397,51,77,8,3,"['PROS1', 'RFTN1', 'RASSF8']","['PROS1', 'RFTN1', 'WWC1', 'RASSF8']",0.029658863072374496,fold_11
4.1,cluster_id,Inh L2-5 VIP SOX11,116,0.11029411764705882,0.15384615384615385,0.05172413793103448,76384,33,110,6,5,"['ELFN2', 'ADAMTS10', 'ADAMTSL1', 'SCN2B', 'LSS']","['ELFN2', 'SRSF12', 'ADAMTS10', 'ADAMTSL1', 'SCN2B', 'LSS', 'SAP130', 'NPAT', 'NFE2L1', 'ADAM32']",0.04444445773978606,fold_11
4.1,cluster_id,Inh L3-6 VIP ZIM2-AS1,146,0.06369426751592357,0.06030150753768844,0.0821917808219178,76200,187,134,12,5,"['ADAMTS10', 'NFE2L1', 'SCN2B', 'LSS', 'RFTN1']","['ADAMTS10', 'NFE2L1', 'SCN2B', 'LSS', 'RFTN1', 'GULP1', 'NMNAT3', 'ZNF326']",0.03515883447737109,fold_11
4.1,cluster_id,Inh L1-5 VIP PHLDB3,92,0.014920424403183023,0.012311901504787962,0.09782608695652174,75719,722,83,9,3,"['DPH6', 'SLC16A10', 'RFTN1']","['ADAMTSL1', 'DPH6', 'SLC16A10', 'RFTN1']",0.03335937872924153,fold_11
4.1,cluster_id,Inh L1-5 VIP LINC01013,127,0.09771986970684039,0.13333333333333333,0.047244094488188976,76367,39,121,6,3,"['LGI2', 'ADAMTSL1', 'ZNF326']","['LGI2', 'ADAMTSL1', 'NSRP1', 'ZNF326']",0.02336572456425375,fold_11
4.1,cluster_id,Inh L3-6 VIP UG0898H09,131,0.299625468164794,0.47058823529411764,0.12213740458015267,76384,18,115,16,4,"['TEK', 'ADAMTSL1', 'LSS', 'RFTN1']","['TEK', 'ADAMTSL1', 'LSS', 'RFTN1', 'SLC16A10', 'TBCEL']",0.036166260582220375,fold_11
4.1,cluster_id,Inh L3-5 VIP TAC3,367,0.02105987020243263,0.017117903930131004,0.2670299727520436,70539,5627,269,98,1,['GULP1'],"['GULP1', 'RFTN1']",0.022051622913038253,fold_11
4.1,cluster_id,Inh L1-6 SST NPY,67,0.20408163265306123,0.3,0.08955223880597014,76452,14,61,6,3,"['PPP2R5A', 'LIMS1', 'SLC16A10']","['PPP2R5A', 'TIMMDC1', 'GULP1', 'LIMS1', 'LSS', 'SLC16A10', 'STARD4', 'ELOVL5', 'DPH6', 'NMNAT3']",0.044312726481233675,fold_11
4.1,cluster_id,Inh L3-5 SST CDH3,81,0.025661271219897353,0.021207177814029365,0.16049382716049382,75852,600,68,13,2,"['CCDC136', 'CTNNBL1']","['CCDC136', 'CTNNBL1']",0.030141208833812456,fold_11
4.1,cluster_id,Inh L5 SST RPL35AP11,764,0.0823972805202483,0.06986215538847118,0.2918848167539267,72800,2969,541,223,1,['CCDC136'],['CCDC136'],0.035120708253723765,fold_11
4.1,cluster_id,Inh L5-6 SST ISX,394,0.10504201680672269,0.11006289308176101,0.08883248730964467,75856,283,359,35,3,"['TTYH3', 'MYRFL', 'CCDC136']","['TTYH3', 'SCN2B', 'MYRFL', 'CCDC136', 'INA', 'AASDHPPT']",0.03582395568508452,fold_11
4.1,cluster_id,Inh L5-6 PVALB SST CRHR2,218,0.1720647773279352,0.2463768115942029,0.0779816513761468,76263,52,201,17,4,"['EYS', 'MYRFL', 'LGI2', 'SCN2B']","['EYS', 'MYRFL', 'LGI2', 'SCN2B', 'CCDC136', 'NFE2L1', 'NPAT', 'ADAM32', 'INA', 'NDUFS2']",0.04676429564425084,fold_11
4.1,cluster_id,Inh L3-5 SST OR5AH1P,242,0.07336343115124154,0.08074534161490683,0.05371900826446281,76143,148,229,13,4,"['TTYH3', 'MYRFL', 'CCDC136', 'SEC14L1']","['TTYH3', 'MYRFL', 'CCDC136', 'SEC14L1']",0.02705373761410272,fold_11
4.1,cluster_id,Inh L3-5 SST GGTLC3,1154,0.31195947615517666,0.2910662824207493,0.4376083188908146,74149,1230,649,505,1,['EYS'],['EYS'],0.12053167769637534,fold_11
4.1,cluster_id,Inh L2-3 SST NMU,419,0.25942515864128407,0.24601769911504426,0.3317422434367542,75688,426,280,139,2,"['EYS', 'MYRFL']","['EYS', 'MYRFL', 'CCDC136', 'SLC16A10', 'SEC14L1']",0.09314025361748773,fold_11
4.1,cluster_id,Inh L5-6 SST PAWR,194,0.10526315789473684,0.1276595744680851,0.061855670103092786,76257,82,182,12,3,"['CCDC136', 'GULP1', 'LIMS1']","['CCDC136', 'GULP1', 'STARD4', 'LIMS1', 'RFTN1']",0.024511709168028497,fold_11
4.1,cluster_id,Inh L5-6 SST PIK3CD,129,0.040530582166543844,0.035830618892508145,0.08527131782945736,76108,296,118,11,2,"['EYS', 'CCDC136']","['EYS', 'TTYH3', 'CCDC136', 'LIMS1']",0.03461644565566528,fold_11
4.1,cluster_id,Inh L1-2 SST CCNJL,320,0.057656826568265686,0.049800796812749,0.15625,75259,954,270,50,2,"['EYS', 'CCDC136']","['EYS', 'CCDC136']",0.040885000562445505,fold_11
4.1,cluster_id,Inh L1-3 SST FAM20A,1069,0.21629567408651826,0.31402439024390244,0.09635173058933583,75239,225,966,103,1,['MMP17'],['MMP17'],0.021674562001269417,fold_11
4.1,cluster_id,Inh L1-2 SST PRRT4,376,0.3038990825688073,0.4274193548387097,0.14095744680851063,76086,71,323,53,3,"['GULP1', 'CCDC136', 'PTK2B']","['GULP1', 'CCDC136', 'PTK2B']",0.02317702636179889,fold_11
4.1,cluster_id,Inh L5-6 SST BEAN1,76,0.25862068965517243,0.6,0.07894736842105263,76453,4,70,6,6,"['ADAMTSL1', 'RAB22A', 'LIMS1', 'CCDC136', 'NDUFS2', 'RASSF8']","['ADAMTSL1', 'RAB22A', 'LIMS1', 'CCDC136', 'NDUFS2', 'RASSF8', 'INA']",0.030438020991273677,fold_11
4.1,cluster_id,Inh L5-6 SST DNAJC14,35,0.36363636363636365,0.8,0.11428571428571428,76497,1,31,4,4,"['ADAMTS10', 'GULP1', 'LGI2', 'MYRFL']","['ADAMTS10', 'GULP1', 'LGI2', 'MYRFL', 'HHAT', 'ADAMTSL1', 'RAB9B', 'VPS29', 'LIMS1', 'CCDC136']",0.0401811936636528,fold_11
4.1,cluster_id,Inh L5-6 SST C4orf26,93,0.0375234521575985,0.03636363636363636,0.043010752688172046,76334,106,89,4,5,"['SLITRK3', 'ACTR1A', 'LYRM2', 'TIMMDC1', 'CTSL']","['SLITRK3', 'ACTR1A', 'DEGS1', 'LYRM2', 'TIMMDC1', 'CTSL', 'CLTB', 'LSS', 'VPS29', 'CCDC136']",0.13111723569026693,fold_11
4.1,cluster_id,Inh L5-6 SST FBN2,100,0.005120893244437304,0.004104958145524791,0.51,64060,12373,49,51,1,['CCDC136'],['CCDC136'],0.0315220271682031,fold_11
4.1,cluster_id,Inh L5-6 SST KLHL1,188,0.12228260869565218,0.13138686131386862,0.09574468085106383,76226,119,170,18,4,"['LRTM1', 'CCDC136', 'GULP1', 'RASSF8']","['LRTM1', 'CCDC136', 'GULP1', 'INA', 'CFL1', 'RASSF8']",0.023875495655194007,fold_11
4.1,cluster_id,Inh L6 SST TH,84,0.08333333333333333,0.125,0.03571428571428571,76428,21,81,3,5,"['AGPAT1', 'DDX25', 'ABCA1', 'HS6ST1', 'JOSD1']","['AGPAT1', 'DDX25', 'ABCA1', 'HS6ST1', 'FDX1', 'JOSD1', 'GULP1', 'ADAMTSL1', 'LIMS1', 'LSS']",0.09511252575377369,fold_11
4.1,cluster_id,Inh L5-6 PVALB KCNIP2,108,0.032467532467532464,0.02734375,0.12962962962962962,75927,498,94,14,4,"['PRIMPOL', 'NDUFB1', 'CENPJ', 'ZPBP']","['PRIMPOL', 'NDUFB1', 'CENPJ', 'ZPBP', 'SLC15A2', 'GANC', 'MYRFL', 'LGI2', 'GULP1', 'DHDDS']",0.10812819058768555,fold_11
4.1,cluster_id,Inh L5-6 PVALB ZFPM2-AS1,563,0.13010480664980123,0.1306715063520871,0.12788632326820604,75491,479,491,72,5,"['PRIMPOL', 'TIMMDC1', 'ZPBP', 'GANC', 'MYRFL']","['PRIMPOL', 'TIMMDC1', 'ZPBP', 'SLC15A2', 'GANC', 'MYRFL', 'LGI2', 'DHDDS', 'MTG1', 'CCDC136']",0.07907596078144502,fold_11
4.1,cluster_id,Inh L3-5 PVALB ISG20,254,0.3559870550161812,0.4835164835164835,0.1732283464566929,76232,47,210,44,4,"['PLCD4', 'COQ2', 'GPRC5B', 'SLC15A2']","['PLCD4', 'TRPM4', 'TTC39A', 'COQ2', 'GPRC5B', 'SLC15A2', 'SLC7A2', 'ZPBP', 'POLR3G', 'LGI2']",0.23803299786860552,fold_11
4.1,cluster_id,Inh L5 PVALB LRIG3,631,0.16660820764643985,0.17117117117117117,0.15055467511885895,75442,460,536,95,4,"['TTC39A', 'ZPBP', 'CENPJ', 'MYRFL']","['TTC39A', 'ZPBP', 'SLC15A2', 'CENPJ', 'MYRFL', 'LGI2', 'HHAT', 'RASSF8', 'MTG1', 'DHDDS']",0.09049680595880047,fold_11
4.1,cluster_id,Inh L2-5 PVALB HHIPL1,456,0.14448336252189142,0.14442013129102846,0.14473684210526316,75686,391,390,66,4,"['ZPBP', 'SLC7A2', 'ABCA1', 'HS6ST1']","['EOGT', 'ZPBP', 'SLC7A2', 'ABCA1', 'HS6ST1', 'MYRFL', 'LGI2', 'HHAT', 'RASSF8', 'MTG1']",0.09311981715825576,fold_11
4.1,cluster_id,Inh L2-5 PVALB RPH3AL,3253,0.3261352528214698,0.367,0.22563787273286198,72014,1266,2519,734,2,"['ZPBP', 'EYS']","['ZPBP', 'SLC15A2', 'EYS', 'HS6ST1', 'GANC', 'CTSL', 'LGI2', 'MYRFL', 'MTG1', 'DHDDS']",0.06720121383421461,fold_11
4.1,cluster_id,Inh L3 PVALB SAMD13,1326,0.28065950351982216,0.29764243614931235,0.22850678733031674,74492,715,1023,303,2,"['SLC15A2', 'LGI2']","['EOGT', 'ZPBP', 'SLC15A2', 'HS6ST1', 'GANC', 'LGI2', 'MYRFL', 'MTG1', 'DHDDS', 'NMNAT3']",0.06334919158274456,fold_11
4.1,cluster_id,Inh L1-2 PVALB CDK20,123,0.08701472556894244,0.08333333333333333,0.10569105691056911,76267,143,110,13,5,"['ABCA1', 'ZPBP', 'EYS', 'CTSL', 'TTYH3']","['EOGT', 'ABCA1', 'ZPBP', 'EYS', 'CTSL', 'TTYH3', 'SCN2B', 'MYRFL', 'RAB22A', 'RASSF8']",0.07423146736036516,fold_11
4.1,cluster_id,Inh L2 PVALB FRZB,107,0.15444015444015444,0.21052631578947367,0.07476635514018691,76396,30,99,8,4,"['EOGT', 'EYS', 'CTSL', 'CCDC136']","['EOGT', 'EYS', 'ZPBP', 'CTSL', 'LGI2', 'CCDC136', 'NMNAT3', 'NCR3LG1', 'RASSF8', 'NARF']",0.08126519469176569,fold_11
4.1,cluster_id,Inh L1-2 SST CLIC6,194,0.05899318300996329,0.049723756906077346,0.23195876288659795,75479,860,149,45,3,"['EYS', 'MYRFL', 'SEC14L1']","['EYS', 'MYRFL', 'CCDC136', 'SEC14L1', 'SLC16A10']",0.023325710010846885,fold_11
4.1,cluster_id,Inh L5-6 PVALB GAPDHP60,138,0.13157894736842105,0.21875,0.050724637681159424,76370,25,131,7,5,"['TIMMDC1', 'DDX25', 'ABCA1', 'HHAT', 'MYRFL']","['TIMMDC1', 'DDX25', 'ABCA1', 'LGI2', 'HHAT', 'MYRFL', 'CLTB', 'RASSF8', 'GULP1', 'DPH6']",0.07551383587243528,fold_11
4.1,cluster_id,Inh L5-6 PVALB FAM150B,111,0.37800687285223367,0.4888888888888889,0.1981981981981982,76399,23,89,22,4,"['GANC', 'HHAT', 'MYRFL', 'GULP1']","['OGDHL', 'GANC', 'HHAT', 'LGI2', 'MYRFL', 'GULP1', 'MTG1', 'LIMS1', 'FBXO32', 'NDUFS2']",0.05269694580104767,fold_11
4.1,cluster_id,Inh L5-6 PVALB MEPE,230,0.24744027303754265,0.3258426966292135,0.12608695652173912,76243,60,201,29,4,"['HHAT', 'MYRFL', 'GULP1', 'RASSF8']","['HHAT', 'MYRFL', 'GULP1', 'NDUFS2', 'RASSF8', 'LIMS1', 'CCDC136', 'SLC16A10', 'FBXO32', 'INA']",0.03573899606969022,fold_11
4.1,cluster_id,Inh L1-6 PVALB COL15A1,288,0.6367924528301887,0.9310344827586207,0.28125,76239,6,207,81,3,"['GULP1', 'RASSF8', 'NMNAT3']","['EOGT', 'SLC7A2', 'EYS', 'GULP1', 'RASSF8', 'NMNAT3', 'SEC14L1', 'CCDC136', 'INA', 'NCR3LG1']",0.04375518898689591,fold_11
4.1,cluster_id,Exc L2 LAMP5 KCNG3,261,0.12488436632747456,0.13170731707317074,0.10344827586206896,76094,178,234,27,3,"['NHSL2', 'MMP17', 'PTK2B']","['NHSL2', 'HS6ST1', 'SLC25A29', 'MMP17', 'PTK2B', 'LZTS3', 'RFTN1', 'GULP1', 'NGEF', 'SLC16A10']",0.04644322673552725,fold_11
4.1,cluster_id,Exc L2 LINC00507 ATP7B,183,0.1928374655647383,0.3111111111111111,0.07650273224043716,76319,31,169,14,3,"['HHAT', 'DPF3', 'ADGRV1']","['HHAT', 'TTYH3', 'DPF3', 'POLR3G', 'ADGRV1', 'MMP17', 'PTK2B', 'LZTS3', 'NGEF', 'RFTN1']",0.038418407208963064,fold_11
4.1,cluster_id,Exc L2 LINC00507 GLRA3,12485,0.5062226707029936,0.5378389741433677,0.40985182218662397,59651,4397,7368,5117,2,"['HS6ST1', 'ADAMTSL1']","['HS6ST1', 'SLC25A29', 'LRTM1', 'ADAMTSL1', 'HHAT', 'ERCC1', 'PTK2B', 'RFTN1', 'GULP1', 'LZTS3']",0.06175255400789722,fold_11
4.1,cluster_id,Exc L2-3 RORB RTKN2,1211,0.10935098711431611,0.1020971302428256,0.152766308835673,73695,1627,1026,185,5,"['LRTM1', 'POLR3G', 'DPF3', 'HHAT', 'PTK2B']","['PROS1', 'LRTM1', 'POLR3G', 'DPF3', 'HHAT', 'PTK2B', 'ADAMTSL1', 'ADGRV1', 'LZTS3', 'MMP17']",0.03640868018076296,fold_11
4.1,cluster_id,Exc L2-3 LINC00507 DSG3,1088,0.34941763727121466,0.5106382978723404,0.15441176470588236,75284,161,920,168,3,"['ENPEP', 'PPP2R5A', 'HHAT']","['ENPEP', 'PPP2R5A', 'HHAT', 'PROS1', 'ERCC1', 'POLR3G', 'ADGRV1', 'KLF9', 'PTK2B', 'ADAM32']",0.0906875538200539,fold_11
4.1,cluster_id,Exc L3 LAMP5 CARM1P1,4044,0.45382623705408515,0.5119675456389452,0.31206726013847674,71286,1203,2782,1262,3,"['ABCA1', 'HHAT', 'PROS1']","['PTPRU', 'ABCA1', 'CENPJ', 'HHAT', 'PROS1', 'LRTM1', 'ERCC1', 'KLF9', 'ADAMTSL1', 'ADAM32']",0.05701423678986077,fold_11
4.1,cluster_id,Oligo L2-6 OPALIN MAP6D1,101,0.2932551319648094,0.3333333333333333,0.19801980198019803,76392,40,81,20,3,"['TMEM63A', 'GPRC5B', 'ADAMTSL1']","['TMEM63A', 'GPRC5B', 'HHAT', 'SLC25A29', 'ERCC1', 'ADAMTSL1', 'PTK2B', 'GULP1', 'RFTN1', 'NGEF']",0.08968999717658864,fold_11
4.1,cluster_id,Exc L2-3 RORB CCDC68,3331,0.2090853782194281,0.19339711123616582,0.3095166616631642,68902,4300,2300,1031,4,"['PROS1', 'ADAMTSL1', 'PTK2B', 'ADGRV1']","['PROS1', 'LRTM1', 'ADAMTSL1', 'HHAT', 'PTK2B', 'ADGRV1', 'STARD4', 'CCDC136', 'ELOVL5', 'NGEF']",0.03256234151422122,fold_11
4.1,cluster_id,Exc L2-3 RORB PTPN3,1628,0.0738817891373802,0.1689497716894977,0.022727272727272728,74723,182,1591,37,1,['LRTM1'],"['LRTM1', 'ADAMTSL1', 'HHAT', 'PTK2B', 'ADAM32', 'STARD4', 'GULP1', 'ADGRV1', 'MMP17', 'RFTN1']",0.03583602663780125,fold_11
4.1,cluster_id,Exc L3 THEMIS ENPEP,785,0.06090564039191455,0.05235204855842185,0.17579617834394903,73250,2498,647,138,6,"['RANBP1', 'LRTM1', 'HHAT', 'POLR3G', 'PTK2B', 'ADGRV1']","['RANBP1', 'LRTM1', 'HHAT', 'POLR3G', 'PTK2B', 'ADGRV1', 'STARD4', 'ADAM32', 'RFTN1', 'FAM153A']",0.03699065423007794,fold_11
4.1,cluster_id,Exc L3-5 RORB TNNT2,535,0.1404827859121488,0.142570281124498,0.13271028037383178,75571,427,464,71,5,"['DPF3', 'JOSD1', 'ERCC1', 'STARD4', 'RFTN1']","['DPF3', 'JOSD1', 'ERCC1', 'HHAT', 'STARD4', 'RFTN1', 'PTK2B', 'NFE2L1', 'MMP17', 'NGEF']",0.03716008288116005,fold_11
4.1,cluster_id,Exc L3-5 RORB LAMA4,250,0.02938615585546365,0.024861878453038673,0.108,75224,1059,223,27,4,"['LRTM1', 'POLR3G', 'DPF3', 'RAB9B']","['LRTM1', 'POLR3G', 'DPF3', 'HHAT', 'KLF9', 'RAB9B', 'ADGRV1', 'MMP17', 'RFTN1', 'STARD4']",0.04266770919950717,fold_11
4.1,cluster_id,Exc L5 THEMIS VILL,216,0.058752025931928686,0.05150976909413854,0.13425925925925927,75783,534,187,29,5,"['ABCA1', 'SERAC1', 'LRTM1', 'DBT', 'ADGRV1']","['ABCA1', 'SERAC1', 'LRTM1', 'DBT', 'POLR3G', 'ADGRV1', 'MMP17', 'STARD4', 'NMNAT3', 'RFTN1']",0.04955658238759231,fold_11
4.1,cluster_id,Exc L3 RORB OTOGL,2134,0.3005645964795749,0.3724279835390947,0.1696344892221181,73789,610,1772,362,3,"['DPF3', 'STARD4', 'RFTN1']","['DPF3', 'STARD4', 'ADAM32', 'MMP17', 'RFTN1', 'NMNAT3', 'PTK2B', 'NGEF', 'FBXO32', 'CFL1']",0.032596225111880386,fold_11
4.1,cluster_id,Exc L3-5 RORB LINC01202,640,0.06434830230010953,0.06241699867197875,0.0734375,75187,706,593,47,5,"['KLF9', 'ADAM32', 'RFTN1', 'FBXO32', 'ARL14EP']","['KLF9', 'ADAM32', 'MMP17', 'RFTN1', 'FBXO32', 'ARL14EP', 'PTK2B', 'CFL1', 'NGEF', 'LZTS3']",0.029952880816426913,fold_11
4.1,cluster_id,Exc L5 THEMIS SLC22A18,1824,0.6051660516605166,0.7296996662958843,0.35964912280701755,74466,243,1168,656,3,"['GREM1', 'SLC7A11', 'ADAM32']","['GREM1', 'KIF21B', 'SLC7A11', 'SERAC1', 'CTSL', 'ADAM32', 'STARD4', 'GULP1', 'NMNAT3', 'DHDDS']",0.03799090072012484,fold_11
4.1,cluster_id,Exc L5-6 THEMIS TNFAIP6,1132,0.10115606936416185,0.0967519004837595,0.12367491166077739,74094,1307,992,140,5,"['HHAT', 'STARD4', 'NMNAT3', 'ADAM32', 'ADGRV1']","['HHAT', 'STARD4', 'CLTB', 'NMNAT3', 'ADAM32', 'ADGRV1', 'NGEF', 'MMP17', 'PTK2B', 'RAB22A']",0.023662162682528232,fold_11
4.1,cluster_id,Exc L3-5 RORB LNX2,4631,0.2521576860275251,0.2573196857890978,0.23342690563593177,68782,3120,3550,1081,4,"['HS6ST1', 'CLTB', 'NMNAT3', 'STARD4']","['EXTL3', 'HS6ST1', 'CLTB', 'NMNAT3', 'STARD4', 'MMP17', 'NGEF', 'GULP1', 'PTK2B', 'FAM153A']",0.03199171032294694,fold_11
4.1,cluster_id,Exc L3-5 RORB RPRM,1231,0.2316036352975667,0.28990825688073396,0.12835093419983754,74915,387,1073,158,4,"['LHFPL2', 'KLF9', 'SCN2B', 'CLTB']","['LHFPL2', 'RANBP1', 'KLF9', 'SCN2B', 'CLTB', 'MMP17', 'CFL1', 'STARD4', 'NMNAT3', 'NGEF']",0.045894156820792814,fold_11
4.1,cluster_id,Exc L5 RORB MED8,309,0.11642949547218628,0.15517241379310345,0.05825242718446602,76126,98,291,18,6,"['NMNAT3', 'STARD4', 'NFE2L1', 'MMP17', 'RAB22A', 'RFTN1']","['NMNAT3', 'STARD4', 'NFE2L1', 'MMP17', 'RAB22A', 'RFTN1', 'LCMT1', 'VPS29', 'FBXO32', 'NGEF']",0.031736149661655014,fold_11
4.1,cluster_id,Exc L5 THEMIS FGF10,147,0.05865102639296188,0.0547945205479452,0.08163265306122448,76179,207,135,12,6,"['TUBGCP2', 'NMD3', 'SLC7A11', 'ADAMTS10', 'ERCC1', 'STARD4']","['TUBGCP2', 'NMD3', 'SLC7A11', 'ADAMTS10', 'ERCC1', 'STARD4', 'CLTB', 'NMNAT3', 'FBXO32', 'RFTN1']",0.04940771124841099,fold_11
4.1,cluster_id,Exc L6 THEMIS LINC00343,905,0.11096270420219871,0.0978704123244223,0.23867403314917127,73637,1991,689,216,5,"['ERCC1', 'GULP1', 'RFTN1', 'NGEF', 'STARD4']","['ERCC1', 'GULP1', 'RFTN1', 'PTK2B', 'NGEF', 'STARD4', 'WWC1', 'NMNAT3', 'FAM153A', 'ARL14EP']",0.03056540721663623,fold_11
4.1,cluster_id,Exc L6 THEMIS SLN,436,0.0457124842370744,0.04239766081871345,0.06651376146788991,75442,655,407,29,5,"['SRSF12', 'PPP2R5A', 'ZSCAN30', 'POLR3G', 'NGEF']","['SRSF12', 'PPP2R5A', 'ZSCAN30', 'POLR3G', 'PTK2B', 'NGEF', 'ADGRV1', 'STARD4', 'WWC1', 'RFTN1']",0.08219658227933326,fold_11
4.1,cluster_id,Exc L6 THEMIS SNTG2,488,0.08612204724409449,0.07829977628635347,0.14344262295081966,75221,824,418,70,5,"['ZDHHC22', 'ZSCAN30', 'SERAC1', 'NMNAT3', 'RFTN1']","['ZDHHC22', 'KIF21B', 'ZSCAN30', 'SERAC1', 'NMNAT3', 'RFTN1', 'ADGRV1', 'PTK2B', 'NGEF', 'ARL14EP']",0.06908691335942235,fold_11
4.1,cluster_id,Exc L5-6 THEMIS SMYD1,327,0.19313304721030042,0.2903225806451613,0.08256880733944955,76140,66,300,27,5,"['PCDH1', 'NHSL2', 'SNRNP27', 'PTPRU', 'POLR3G']","['PCDH1', 'NHSL2', 'SNRNP27', 'PTPRU', 'SERAC1', 'POLR3G', 'MMP17', 'ADGRV1', 'KLF7', 'STARD4']",0.17183827559130752,fold_11
4.1,cluster_id,Exc L5-6 FEZF2 OR1L8,263,0.1907032181168057,0.2222222222222222,0.12167300380228137,76158,112,231,32,5,"['LHFPL2', 'SERAC1', 'MYRFL', 'NMNAT3', 'TRNAU1AP']","['LHFPL2', 'SERAC1', 'ADAMTSL1', 'MYRFL', 'NMNAT3', 'TRNAU1AP', 'LSS', 'FAM153A', 'DHDDS', 'NGEF']",0.03158363774631494,fold_11
4.1,cluster_id,Exc L5 THEMIS LINC01116,151,0.26501766784452296,0.45454545454545453,0.09933774834437085,76364,18,136,15,6,"['DSG2', 'COQ2', 'TTC39A', 'SHC4', 'PTPRU', 'LHFPL2']","['DSG2', 'COQ2', 'TTC39A', 'SHC4', 'PTPRU', 'LHFPL2', 'SLC15A2', 'ADAMTSL1', 'JOSD1', 'ADAM32']",0.21515132102309542,fold_11
4.1,cluster_id,Exc L5 THEMIS RGPD6,241,0.13463324048282266,0.13875598086124402,0.12033195020746888,76112,180,212,29,5,"['PTPRU', 'SLC15A2', 'OGDHL', 'ADAMTSL1', 'L3HYPDH']","['PTPRU', 'SLC15A2', 'OGDHL', 'ADAMTSL1', 'L3HYPDH', 'MMP17', 'FAM153A', 'NGEF', 'DHDDS', 'PTK2B']",0.06492533584692285,fold_11
4.1,cluster_id,Exc L5-6 FEZF2 C9orf135-AS1,2602,0.549816020379281,0.696236559139785,0.29861644888547273,73592,339,1825,777,3,"['PTPRU', 'ADAMTSL1', 'NMNAT3']","['PTPRU', 'ADAMTSL1', 'SLC25A29', 'MMP17', 'NMNAT3', 'NGEF', 'PTK2B', 'DHDDS', 'DPH6', 'FAM153A']",0.06464738669649471,fold_11
4.1,cluster_id,Exc L5-6 FEZF2 FILIP1L,318,0.20639147802929428,0.20945945945945946,0.1949685534591195,75981,234,256,62,4,"['LHFPL2', 'ADAMTSL1', 'MYRFL', 'NMNAT3']","['LHFPL2', 'OGDHL', 'ADAMTSL1', 'MYRFL', 'MMP17', 'NMNAT3', 'FAM153A', 'NGEF', 'ADAM32', 'DHDDS']",0.03301233778139798,fold_11
4.1,cluster_id,Exc L5-6 FEZF2 SH2D1B,159,0.12358393408856849,0.11822660098522167,0.1509433962264151,76195,179,135,24,4,"['SHC4', 'PTPRU', 'ADAMTSL1', 'RANBP1']","['SHC4', 'PTPRU', 'HIP1R', 'ADAMTSL1', 'RANBP1', 'L3HYPDH', 'MMP17', 'NGEF', 'PTK2B', 'LSS']",0.09974944142950629,fold_11
4.1,cluster_id,Exc L6 FEZF2 PDYN,22,0.3333333333333333,1.0,0.09090909090909091,76511,0,20,2,4,"['EXOSC9', 'GSTO1', 'ADGRV1', 'MYRFL']","['EXOSC9', 'TRPM4', 'GSTO1', 'LHFPL2', 'ADGRV1', 'MYRFL', 'VPS29', 'DPH6', 'NGEF', 'LIMS1']",0.16185866871956556,fold_11
4.1,cluster_id,Exc L6 FEZF2 FFAR4,106,0.08620689655172414,0.17647058823529413,0.02830188679245283,76413,14,103,3,5,"['CFAP43', 'UBR7', 'TYW5', 'EXTL3', 'LRTM1']","['CFAP43', 'UBR7', 'TYW5', 'ANGPTL1', 'EXTL3', 'LRTM1', 'ADAMTSL1', 'ELOVL5', 'NGEF', 'NMNAT3']",0.16070991628933035,fold_11
4.1,cluster_id,Exc L6 FEZF2 PROKR2,72,0.045454545454545456,0.043478260869565216,0.05555555555555555,76373,88,68,4,6,"['GSTO1', 'AGPAT1', 'SNRNP27', 'ACTR1A', 'HIP1R', 'ANGPTL1']","['GSTO1', 'AGPAT1', 'SNRNP27', 'ACTR1A', 'HIP1R', 'ANGPTL1', 'ADAMTSL1', 'CLTB', 'ELOVL5', 'NGEF']",0.14109372689621308,fold_11
4.1,cluster_id,Exc L5-6 FEZF2 CFTR,108,0.08680555555555555,0.1111111111111111,0.046296296296296294,76385,40,103,5,5,"['UBR7', 'TYW5', 'DEGS1', 'HIP1R', 'EXTL3']","['UBR7', 'TYW5', 'DEGS1', 'HIP1R', 'EXTL3', 'PRIMPOL', 'LRTM1', 'JOSD1', 'KLF9', 'FAM153A']",0.1307350917373854,fold_11
4.1,cluster_id,Exc L6 FEZF2 KLK7,1801,0.6675651392632524,0.7895855472901169,0.4125485841199334,74534,198,1058,743,2,"['GALR1', 'EXTL3']","['GALR1', 'KIF21B', 'UBR7', 'ELFN2', 'ANGPTL1', 'EXTL3', 'HIP1R', 'LRTM1', 'ADAMTSL1', 'FAM153A']",0.545727195989512,fold_11
4.1,cluster_id,Exc L6 FEZF2 POGK,127,0.05959475566150179,0.056179775280898875,0.07874015748031496,76238,168,117,10,5,"['KIF21B', 'UBR7', 'ELFN2', 'PTPRU', 'EXTL3']","['KIF21B', 'UBR7', 'TYW5', 'ELFN2', 'PTPRU', 'EXTL3', 'ANGPTL1', 'PRIMPOL', 'LRTM1', 'NGEF']",0.14676421440101522,fold_11
4.1,cluster_id,Exc L5 FEZF2 CSN1S1,150,0.1702127659574468,0.2,0.10666666666666667,76319,64,134,16,6,"['PDCD11', 'TMEM182', 'LAS1L', 'POLR3G', 'PROS1', 'CTSL']","['PDCD11', 'TMEM182', 'LAS1L', 'POLR3G', 'PROS1', 'CTSL', 'HHAT', 'PTK2B', 'MYRFL', 'ADGRV1']",0.10852991144966431,fold_11
4.1,cluster_id,Exc L3-5 FEZF2 ASGR2,620,0.509656652360515,0.6109324758842444,0.3064516129032258,75792,121,430,190,2,"['DSG2', 'PROS1']","['DSG2', 'PROS1', 'ZPBP', 'HIP1R', 'EYS', 'CTSL', 'POLR3G', 'PTK2B', 'ADGRV1', 'GULP1']",0.2956316547715273,fold_11
4.1,cluster_id,Exc L3-5 FEZF2 LINC01107,88,0.4956896551724138,0.6388888888888888,0.26136363636363635,76432,13,65,23,4,"['EYS', 'RHBDD3', 'ZPBP', 'NBPF12']","['SLC38A7', 'EYS', 'RHBDD3', 'PROS1', 'ZPBP', 'NBPF12', 'ADGRV1', 'DHDDS', 'LSS', 'NCR3LG1']",0.13775515092706783,fold_11
4.1,cluster_id,Exc L5 FEZF2 PKD2L1,280,0.24671052631578946,0.2564102564102564,0.21428571428571427,76079,174,220,60,3,"['LHFPL2', 'PSMA5', 'LGI2']","['LHFPL2', 'ANGPTL1', 'OGDHL', 'PSMA5', 'GANC', 'LGI2', 'HHAT', 'SCN2B', 'LSS', 'DHDDS']",0.06261486963972722,fold_11
4.1,cluster_id,Exc L5 FEZF2 NREP-AS1,229,0.22603978300180833,0.30864197530864196,0.1091703056768559,76248,56,204,25,4,"['ADH5', 'SRSF12', 'ANGPTL1', 'LHFPL2']","['ADH5', 'SHC4', 'SRSF12', 'ANGPTL1', 'LHFPL2', 'HIP1R', 'EXTL3', 'GANC', 'PSMA5', 'STARD4']",0.14584034819047176,fold_11
4.1,cluster_id,Exc L5 FEZF2 RNF144A-AS1,108,0.078125,0.08235294117647059,0.06481481481481481,76347,78,101,7,4,"['LHFPL2', 'ANGPTL1', 'HHAT', 'SCN2B']","['LHFPL2', 'ANGPTL1', 'PSMA5', 'OGDHL', 'HHAT', 'SCN2B', 'RAB9B', 'DPH6', 'LSS', 'DHDDS']",0.06518940697153457,fold_11
4.1,cluster_id,Exc L5-6 FEZF2 IFNG-AS1,753,0.36712328767123287,0.5,0.17795484727755645,75646,134,619,134,3,"['SHC4', 'LHFPL2', 'EXTL3']","['ADH5', 'SHC4', 'ANGPTL1', 'LHFPL2', 'EXTL3', 'ADAMTSL1', 'SCN2B', 'STARD4', 'LSS', 'DPH6']",0.10780643714094788,fold_11
4.1,cluster_id,Exc L5-6 FEZF2 LPO,117,0.37777777777777777,0.6296296296296297,0.1452991452991453,76406,10,100,17,3,"['LHFPL2', 'ADAMTSL1', 'MYRFL']","['SHC4', 'LHFPL2', 'SLC15A2', 'OGDHL', 'ADAMTSL1', 'MYRFL', 'DHDDS', 'LSS', 'ADAM32', 'MMP17']",0.06743401565734715,fold_11
4.1,cluster_id,OPC L1-6 PDGFRA COL20A1,283,0.5858854860186418,0.7521367521367521,0.31095406360424027,76221,29,195,88,2,"['TEK', 'HIP1R']","['TEK', 'HIP1R', 'DPF3']",0.42702070865115976,fold_11
4.1,cluster_id,Oligo L3-6 OPALIN ENPP6,535,0.39833737443713196,0.391156462585034,0.42990654205607476,75640,358,305,230,2,"['TMEM63A', 'SLC25A29']","['TMEM63A', 'GPRC5B', 'PPP2R5A', 'HIP1R', 'SLC25A29', 'LSS', 'DPF3', 'ELOVL5', 'FBXO32', 'YPEL2']",0.22582557452464477,fold_11
4.1,cluster_id,Oligo L2-6 OPALIN FTH1P3,2300,0.7112068965517241,0.7132774591971769,0.7030434782608695,73583,650,683,1617,1,['TMEM63A'],"['GPRC5B', 'TMEM63A', 'YPEL2', 'RYBP', 'NAIP', 'ACER3', 'SCARB2']",0.2969672854327448,fold_11
4.1,cluster_id,Oligo L5-6 OPALIN LDLRAP1,6,0.5,1.0,0.16666666666666666,76527,0,5,1,2,"['NDST1', 'RER1']","['HID1', 'NDST1', 'RER1', 'TMEM63A', 'SHC4', 'PSMA5', 'DPF3', 'YPEL2', 'LSS', 'RYBP']",0.4693281885757591,fold_11
4.1,cluster_id,Astro L1-6 FGFR3 AQP1,119,0.37900874635568516,0.4642857142857143,0.2184873949579832,76384,30,93,26,2,"['ADGRV1', 'WWC1']","['SLC7A11', 'ADGRV1', 'WWC1']",0.0900583104256486,fold_11
4.1,cluster_id,Astro L1 FGFR3 SERPINI2,72,0.3723404255319149,0.4827586206896552,0.19444444444444445,76446,15,58,14,3,"['SLC15A2', 'SLC7A11', 'ADGRV1']","['EZR', 'PRODH', 'SLC15A2', 'SLC7A11', 'ADGRV1', 'DPF3', 'RASSF8', 'KIAA1958']",0.1968565794974207,fold_11
4.1,cluster_id,Astro L1-6 FGFR3 PLCG1,377,0.6897241103558577,0.6497175141242938,0.9151193633952255,75970,186,32,345,1,['ADGRV1'],"['GRIN2C', 'PAPLN', 'PRODH', 'HIP1R', 'SLC7A11', 'ADGRV1', 'SLC15A2']",0.12918016863936005,fold_11
4.1,cluster_id,Endo L2-5 NOSTRIN SRGN,64,0.8401639344262295,0.9111111111111111,0.640625,76465,4,23,41,1,['IFI27'],"['IFI27', 'CPD']",1.0,fold_11
4.1,cluster_id,VLMC L1-5 PDGFRA COLEC12,40,0.5654761904761905,0.59375,0.475,76480,13,21,19,1,['F13A1'],"['F13A1', 'SLC7A11', 'CDH11']",1.0,fold_11
4.1,cluster_id,Micro L1-6 TYROBP CD74,108,0.8189655172413793,0.8539325842696629,0.7037037037037037,76412,13,32,76,1,['MEF2A'],"['LPAR6', 'ZNF710', 'LHFPL2', 'RASSF8', 'NAIP', 'MEF2A']",0.022540791962911148,fold_11
4.1,cluster_id,Inh L1 LAMP5 PVRL2,94,0.12658227848101267,0.25,0.0425531914893617,76427,12,90,4,2,"['KCNH5', 'SHANK1']","['SLC16A2', 'HOMER2', 'SNCAIP', 'KCNH5', 'VPS39', 'SHANK1']",0.028590075736994902,fold_12
4.1,cluster_id,Inh L1 LAMP5 RAB11FIP1,246,0.38113695090439276,0.44696969696969696,0.23983739837398374,76214,73,187,59,2,"['TRPC7', 'KCNH5']","['TRPC7', 'TXLNB', 'SNCAIP', 'HOMER2', 'KCNH5']",0.20571312591096577,fold_12
4.1,cluster_id,Inh L1-6 LAMP5 AARD,1539,0.41430073606729756,0.4900497512437811,0.25601039636127354,74584,410,1145,394,2,"['HOMER2', 'SNCAIP']","['TXLNB', 'HOMER2', 'SNCAIP', 'TSPAN9', 'KCNH5', 'ENTPD4', 'ALDOC']",0.05408111677877716,fold_12
4.1,cluster_id,Inh L1-6 LAMP5 NES,419,0.10801393728222997,0.1220472440944882,0.07398568019093078,75891,223,388,31,2,"['HOMER2', 'SNCAIP']","['HOMER2', 'SNCAIP']",0.04564632103979661,fold_12
4.1,cluster_id,Inh L1-6 LAMP5 CA1,465,0.22892819979188345,0.3548387096774194,0.09462365591397849,75988,80,421,44,4,"['SRGAP1', 'TSPAN9', 'KCNH5', 'POLA1']","['HOMER2', 'SRGAP1', 'TSPAN9', 'VAV2', 'KCNH5', 'POLA1']",0.027286354617526543,fold_12
4.1,cluster_id,Inh L5-6 LAMP5 CRABP1,923,0.304509530450953,0.42671009771986973,0.1419284940411701,75434,176,792,131,4,"['SRGAP1', 'TSPAN9', 'KCNH5', 'VAV2']","['HOMER2', 'SRGAP1', 'TSPAN9', 'KCNH5', 'VAV2', 'ALDOC', 'SLC25A28']",0.027722495587367585,fold_12
4.1,cluster_id,Inh L3-6 PAX6 LINC01497,84,0.09803921568627451,0.13333333333333333,0.047619047619047616,76423,26,80,4,5,"['HMGN2', 'SLC16A2', 'HOMER2', 'SLC2A11', 'HIP1']","['HMGN2', 'SLC16A2', 'HOMER2', 'SNCAIP', 'SLC2A11', 'HIP1', 'SMAD5', 'APMAP', 'RHBDL1', 'MB21D2']",0.04409919753325042,fold_12
4.1,cluster_id,Inh L1 PAX6 MIR101-1,139,0.0673854447439353,0.08620689655172414,0.03597122302158273,76341,53,134,5,5,"['HOMER2', 'SNCAIP', 'SMAD5', 'LMF1', 'SP4']","['HOMER2', 'SNCAIP', 'SMAD5', 'LMF1', 'CTSF', 'SP4']",0.028635006292531406,fold_12
4.1,cluster_id,Inh L1 PAX6 CHRFAM7A,185,0.03896103896103896,0.06,0.016216216216216217,76301,47,182,3,2,"['LMF1', 'MCC']","['LMF1', 'MCC']",0.01974863215321324,fold_12
4.1,cluster_id,Inh L1-6 VIP SLC7A6OS,61,0.43902439024390244,0.5,0.29508196721311475,76454,18,43,18,2,"['TRPC7', 'KANK4']","['TRPC7', 'KANK4', 'PDXP', 'ZNF618', 'APMAP', 'SMAD5', 'VWC2L', 'CTSF', 'ALDOC', 'ZC3H12C']",0.6079518140803835,fold_12
4.1,cluster_id,Inh L2 PAX6 FREM2,108,0.08,0.08163265306122448,0.07407407407407407,76335,90,100,8,5,"['CDO1', 'SGCB', 'MYL6B', 'ZNF618', 'HIP1']","['CDO1', 'SGCB', 'MYL6B', 'ZNF618', 'ZNF544', 'HIP1', 'TSPAN9', 'ANKRD27', 'HOMER2', 'APMAP']",0.06325472396156681,fold_12
4.1,cluster_id,Inh L1-2 VIP HTR3A,42,0.00639386189258312,0.005405405405405406,0.023809523809523808,76307,184,41,1,3,"['ZNF618', 'SNCAIP', 'VAV2']","['ZNF618', 'SNCAIP', 'VAV2']",0.01840435876674701,fold_12
4.1,cluster_id,Inh L1-2 VIP WNT4,52,0.1724137931034483,0.25,0.07692307692307693,76469,12,48,4,6,"['CPNE2', 'CDO1', 'SGCB', 'SLC16A2', 'ZNF618', 'PDXP']","['CPNE2', 'CDO1', 'SGCB', 'SLC16A2', 'ZNF618', 'PDXP', 'GLO1', 'APMAP', 'SLC2A11', 'GKAP1']",0.09283772418156339,fold_12
4.1,cluster_id,Inh L1 LAMP5 BMP2,352,0.15827922077922077,0.17727272727272728,0.11079545454545454,76000,181,313,39,4,"['SNCAIP', 'HOMER2', 'SRGAP1', 'KCNH5']","['CDO1', 'SNCAIP', 'HOMER2', 'SRGAP1', 'CTSF', 'KCNH5', 'MB21D2']",0.033240770630134,fold_12
4.1,cluster_id,Inh L1 LAMP5 NMBR,193,0.2119309262166405,0.24324324324324326,0.13989637305699482,76256,84,166,27,3,"['SNCAIP', 'SRGAP1', 'CTSF']","['SNCAIP', 'HOMER2', 'SRGAP1', 'CTSF', 'MB21D2']",0.03681322808193077,fold_12
4.1,cluster_id,Inh L1 PVALB SST ASIC4,186,0.026405007171730343,0.021383315733896516,0.43548387096774194,72640,3707,105,81,1,['MCC'],['MCC'],0.02254380522992805,fold_12
4.1,cluster_id,Inh L1 SST P4HA3,38,0.08771929824561403,0.10526315789473684,0.05263157894736842,76478,17,36,2,4,"['SLC44A2', 'SRGAP1', 'SNCAIP', 'ZC3H12C']","['SLC44A2', 'ZNF618', 'SRGAP1', 'HIP1', 'SNCAIP', 'ZC3H12C']",0.024859880164393347,fold_12
4.1,cluster_id,Inh L1 SST DEFB108B,223,0.0689983345229598,0.05829145728643216,0.2600896860986547,75373,937,165,58,2,"['SRGAP1', 'SNCAIP']","['SRGAP1', 'SNCAIP']",0.034567795170746124,fold_12
4.1,cluster_id,Inh L1-3 VIP CBLN1,464,0.22556390977443608,0.23076923076923078,0.20689655172413793,75749,320,368,96,4,"['CD163L1', 'MB21D2', 'VWC2L', 'MCC']","['CD163L1', 'PROS1', 'SP4', 'MB21D2', 'VWC2L', 'MCC']",0.021699411268899224,fold_12
4.1,cluster_id,Inh L1-2 VIP EXPH5,509,0.2187651920272241,0.23255813953488372,0.17681728880157171,75727,297,419,90,2,"['CD163L1', 'MCC']","['CD163L1', 'PROS1', 'VWC2L', 'MCC', 'MB21D2']",0.04924181066429163,fold_12
4.1,cluster_id,Inh L1-3 VIP HSPB6,396,0.19345238095238096,0.2549019607843137,0.09848484848484848,76023,114,357,39,2,"['PROS1', 'MCC']","['PROS1', 'ZBTB18', 'VWC2L', 'MCC']",0.04319472971439275,fold_12
4.1,cluster_id,Inh L1-2 VIP PTGER3,84,0.1875,0.23076923076923078,0.10714285714285714,76419,30,75,9,3,"['BRI3', 'ZNF618', 'SNCG']","['BRI3', 'HMGN2', 'PDXP', 'ZNF618', 'NUDT21', 'SNCG', 'SRGAP1', 'APMAP', 'HIP1', 'BRK1']",0.055457190579577514,fold_12
4.1,cluster_id,Inh L1-2 VIP SCML4,128,0.07478632478632478,0.08235294117647059,0.0546875,76327,78,121,7,5,"['FERMT2', 'MYL6B', 'PROS1', 'PDXP', 'GLO1']","['FERMT2', 'MYL6B', 'PROS1', 'PDXP', 'ZNF618', 'GLO1', 'CBX6', 'ALDOC', 'RHBDL1', 'ARHGAP10']",0.05253457601621405,fold_12
4.1,cluster_id,Inh L1-3 VIP FNDC1,111,0.10679611650485436,0.10891089108910891,0.0990990990990991,76332,90,100,11,4,"['CD163L1', 'PROS1', 'ARHGAP10', 'MB21D2']","['TTC7A', 'CD163L1', 'PROS1', 'TSPAN9', 'ARHGAP10', 'MB21D2', 'SMAD5', 'ENTPD4', 'ALDOC', 'SPCS1']",0.0355253156755191,fold_12
4.1,cluster_id,Inh L1-3 VIP CHRNA2,310,0.2638522427440633,0.35714285714285715,0.12903225806451613,76151,72,270,40,3,"['TSPAN9', 'VWC2L', 'ALDOC']","['CD163L1', 'TSPAN9', 'VWC2L', 'CTSF', 'ALDOC', 'SMAD5', 'LMF1', 'ZBTB18', 'ZC3H12C', 'MCC']",0.030325238149354804,fold_12
4.1,cluster_id,Inh L2 VIP SLC6A16,288,0.1551094890510949,0.26153846153846155,0.059027777777777776,76197,48,271,17,4,"['ZNF618', 'ALDOC', 'LMF1', 'MANBA']","['ZNF618', 'ALDOC', 'LMF1', 'SMAD5', 'MANBA', 'ZC3H12C', 'MCC']",0.026900997601372566,fold_12
4.1,cluster_id,Inh L1 VIP KLHDC8B,95,0.2810304449648712,0.2891566265060241,0.25263157894736843,76379,59,71,24,2,"['GKAP1', 'VWC2L']","['GKAP1', 'VWC2L', 'SP4', 'ZBTB18', 'IPO8']",0.04413591682162969,fold_12
4.1,cluster_id,Inh L3-5 VIP IGDCC3,390,0.1477832512315271,0.17391304347826086,0.09230769230769231,75972,171,354,36,2,"['ZBTB18', 'VWC2L']","['ZBTB18', 'VWC2L']",0.02652410393253471,fold_12
4.1,cluster_id,Inh L1-5 VIP SMOC1,638,0.2442002442002442,0.32,0.12539184952978055,75725,170,558,80,2,"['ZBTB18', 'VWC2L']","['PROS1', 'ZBTB18', 'VWC2L']",0.02848337958248876,fold_12
4.1,cluster_id,Inh L3-5 VIP HS3ST3A1,225,0.37037037037037035,0.40522875816993464,0.27555555555555555,76217,91,163,62,2,"['CPNE2', 'PROS1']","['CPNE2', 'PROS1', 'CD163L1', 'ZNF618', 'CFAP44', 'HIP1', 'ZBTB18', 'SNCAIP', 'ALDOC', 'KCNH5']",0.40456251523040043,fold_12
4.1,cluster_id,Inh L5-6 VIP COL4A3,89,0.1072961373390558,0.1388888888888889,0.056179775280898875,76413,31,84,5,5,"['BRI3', 'PROS1', 'ZNF618', 'GKAP1', 'HIP1']","['BRI3', 'PROS1', 'ZNF618', 'NUDT21', 'GKAP1', 'HIP1', 'APMAP', 'CFAP44', 'ZBTB18', 'CBX6']",0.04981298949479632,fold_12
4.1,cluster_id,Inh L1-5 VIP CD27-AS1,67,0.12605042016806722,0.23076923076923078,0.04477611940298507,76456,10,64,3,3,"['HIP1', 'SRGAP1', 'ZBTB18']","['PROS1', 'HIP1', 'SRGAP1', 'ZBTB18', 'ALDOC']",0.027537723217012075,fold_12
4.1,cluster_id,Inh L2-5 VIP BSPRY,85,0.3305785123966942,0.8888888888888888,0.09411764705882353,76447,1,77,8,4,"['SEMA3E', 'HIP1', 'ZBTB18', 'SRGAP1']","['PROS1', 'SEMA3E', 'HIP1', 'ZBTB18', 'CFAP44', 'SRGAP1', 'ALDOC', 'SNCAIP', 'SPCS1', 'TRHDE']",0.0326986703087423,fold_12
4.1,cluster_id,Inh L2-5 VIP SOX11,116,0.36764705882352944,0.6818181818181818,0.12931034482758622,76410,7,101,15,4,"['GFRA1', 'ZNF618', 'SRGAP1', 'SNCAIP']","['GFRA1', 'HMGN2', 'ZNF618', 'SRGAP1', 'ADNP2', 'SNCAIP', 'APMAP', 'CFAP44', 'SMAD5', 'VAV2']",0.05581810958737547,fold_12
4.1,cluster_id,Inh L3-6 VIP ZIM2-AS1,146,0.19855595667870035,0.21568627450980393,0.1506849315068493,76307,80,124,22,3,"['ANLN', 'SLC16A2', 'ZNF618']","['ANLN', 'HMGN2', 'SGCB', 'SLC16A2', 'ZNF618', 'MLLT6', 'PDXP', 'SRGAP1', 'HIP1', 'SNCAIP']",0.0790807754224683,fold_12
4.1,cluster_id,Inh L1-5 VIP PHLDB3,92,0.08254716981132075,0.08433734939759036,0.07608695652173914,76365,76,85,7,4,"['SRGAP1', 'MB21D2', 'VAV2', 'ZMAT1']","['SRGAP1', 'MB21D2', 'VAV2', 'ZMAT1']",0.023890412509664095,fold_12
4.1,cluster_id,Inh L1-5 VIP LINC01013,127,0.3157894736842105,0.3448275862068966,0.23622047244094488,76349,57,97,30,3,"['SRGAP1', 'HIP1', 'VAV2']","['SRGAP1', 'APMAP', 'HIP1', 'VAV2', 'SNCAIP', 'SP4', 'SHANK1', 'ALDOC', 'MB21D2']",0.030899546276965496,fold_12
4.1,cluster_id,Inh L3-6 VIP UG0898H09,131,0.15795868772782504,0.15028901734104047,0.1984732824427481,76255,147,105,26,4,"['SRGAP1', 'APMAP', 'VAV2', 'ZC3H12C']","['SRGAP1', 'APMAP', 'GKAP1', 'VAV2', 'SNCAIP', 'ZC3H12C', 'SHANK1', 'CTSF', 'MB21D2']",0.039294715635268505,fold_12
4.1,cluster_id,Inh L3-5 VIP TAC3,367,0.13378967019290602,0.13870967741935483,0.11716621253405994,75899,267,324,43,3,"['VAV2', 'MB21D2', 'VWC2L']","['VAV2', 'MB21D2', 'VWC2L']",0.02421561733979591,fold_12
4.1,cluster_id,Inh L1-6 SST NPY,67,0.5263157894736842,0.6923076923076923,0.26865671641791045,76458,8,49,18,2,"['STAC', 'SRGAP1']","['STAC', 'TMEM233', 'GFRA1', 'ZNF544', 'SRGAP1', 'ZNF618', 'ADNP2', 'GKAP1', 'CFAP44', 'CEP78']",0.5256570773032656,fold_12
4.1,cluster_id,Inh L3-5 SST CDH3,81,0.05429215324728539,0.04416666666666667,0.654320987654321,75305,1147,28,53,1,['TRHDE'],['TRHDE'],0.03656939957899113,fold_12
4.1,cluster_id,Inh L5 SST RPL35AP11,764,0.29411764705882354,0.25582457743261766,0.7329842931937173,74140,1629,204,560,1,['TRHDE'],['TRHDE'],0.035346573208715044,fold_12
4.1,cluster_id,Inh L5-6 SST ISX,394,0.2972027972027972,0.3281853281853282,0.21573604060913706,75965,174,309,85,3,"['SNCG', 'TRHDE', 'SPCS1']","['SNCG', 'TRHDE', 'ALDOC', 'SPCS1']",0.033693671455992544,fold_12
4.1,cluster_id,Inh L5-6 PVALB SST CRHR2,218,0.22935779816513763,0.22935779816513763,0.22935779816513763,76147,168,168,50,4,"['TSPAN9', 'VAV2', 'TRHDE', 'ALDOC']","['TSPAN9', 'SLC2A11', 'VAV2', 'TRHDE', 'ARHGAP10', 'ALDOC', 'ZC3H12C', 'NDUFS2', 'SMAD5']",0.02997283804790194,fold_12
4.1,cluster_id,Inh L3-5 SST OR5AH1P,242,0.15795868772782504,0.14814814814814814,0.21487603305785125,75992,299,190,52,3,"['ARHGAP10', 'TRHDE', 'VAV2']","['ARHGAP10', 'TRHDE', 'VAV2', 'ALDOC']",0.03038454377174916,fold_12
4.1,cluster_id,Inh L3-5 SST GGTLC3,1154,0.1233628786876571,0.10684617588083643,0.32322357019064124,72261,3118,781,373,2,"['TRHDE', 'TLE4']","['TRHDE', 'TLE4']",0.018519377406792527,fold_12
4.1,cluster_id,Inh L2-3 SST NMU,419,0.11229946524064172,0.16279069767441862,0.050119331742243436,76006,108,398,21,4,"['METTL8', 'VAV2', 'SNCAIP', 'TRHDE']","['CCNB1IP1', 'METTL8', 'VAV2', 'SNCAIP', 'ZC3H12C', 'TRHDE']",0.021538369462540456,fold_12
4.1,cluster_id,Inh L5-6 SST PAWR,194,0.30303030303030304,0.3308270676691729,0.2268041237113402,76250,89,150,44,3,"['TRHDE', 'ZC3H12C', 'TLE4']","['ZNF618', 'TRHDE', 'ZC3H12C', 'TLE4']",0.023492807545472547,fold_12
4.1,cluster_id,Inh L5-6 SST PIK3CD,129,0.4085603112840467,0.65625,0.16279069767441862,76393,11,108,21,3,"['ARHGAP10', 'SEMA3E', 'TRHDE']","['ZNF618', 'ARHGAP10', 'SEMA3E', 'TRHDE', 'SRGAP1', 'VAV2', 'OR2AG2', 'ZC3H12C', 'ZMAT1']",0.03540358536343525,fold_12
4.1,cluster_id,Inh L1-2 SST CCNJL,320,0.07420091324200913,0.06532663316582915,0.1625,75469,744,268,52,2,"['ZNF618', 'VAV2']","['ZNF618', 'VAV2']",0.04575146462956922,fold_12
4.1,cluster_id,Inh L1-3 SST FAM20A,1069,0.1813714018254154,0.19350811485642946,0.1449953227315248,74818,646,914,155,1,['VAV2'],['VAV2'],0.027838385554401074,fold_12
4.1,cluster_id,Inh L1-2 SST PRRT4,376,0.23916967509025272,0.2896174863387978,0.14095744680851063,76027,130,323,53,3,"['ARHGAP10', 'VAV2', 'KCNH5']","['ARHGAP10', 'VAV2', 'KCNH5', 'EMC2']",0.0333768359387782,fold_12
4.1,cluster_id,Inh L5-6 SST BEAN1,76,0.1323529411764706,0.13636363636363635,0.11842105263157894,76400,57,67,9,4,"['SNCG', 'ZC3H12C', 'TRHDE', 'NDUFS2']","['SNCG', 'ZC3H12C', 'TRHDE', 'CCNB1IP1', 'CTSF', 'NDUFS2', 'ALDOC', 'CBX6', 'KCNH5', 'IPO8']",0.03180034736281664,fold_12
4.1,cluster_id,Inh L5-6 SST DNAJC14,35,0.22388059701492538,0.375,0.08571428571428572,76493,5,32,3,4,"['GNAI2', 'HMGN2', 'ZNF618', 'SNCG']","['GNAI2', 'HMGN2', 'NPFFR2', 'PDXP', 'ZNF618', 'SNCG', 'SLC2A11', 'GKAP1', 'ZC3H12C', 'TRHDE']",0.09665311703375898,fold_12
4.1,cluster_id,Inh L5-6 SST C4orf26,93,0.08316008316008316,0.08247422680412371,0.08602150537634409,76351,89,85,8,6,"['ALKBH5', 'GNAI2', 'BRI3', 'DEGS1', 'MYL6B', 'PDXP']","['ALKBH5', 'GNAI2', 'BRI3', 'DEGS1', 'MYL6B', 'PDXP', 'ZNF618', 'SNCG', 'NUDT21', 'TRHDE']",0.15809935002659178,fold_12
4.1,cluster_id,Inh L5-6 SST FBN2,100,0.21341463414634146,0.4375,0.07,76424,9,93,7,2,"['TRHDE', 'MB21D2']","['ERMP1', 'TRHDE', 'ZC3H12C', 'ALDOC', 'MB21D2']",0.028040530428096254,fold_12
4.1,cluster_id,Inh L5-6 SST KLHL1,188,0.20618556701030927,0.32,0.0851063829787234,76311,34,172,16,5,"['ZNF618', 'SNCG', 'TRHDE', 'CCNB1IP1', 'VAV2']","['ZNF618', 'SNCG', 'TRHDE', 'CCNB1IP1', 'VAV2', 'NUDT21', 'ALDOC', 'ZC3H12C', 'CTSF', 'SPCS1']",0.03305940330024761,fold_12
4.1,cluster_id,Inh L6 SST TH,84,0.06944444444444445,0.06896551724137931,0.07142857142857142,76368,81,78,6,5,"['TXLNB', 'GNAI2', 'BRI3', 'SGCB', 'PDXP']","['TXLNB', 'GNAI2', 'BRI3', 'SGCB', 'BRMS1L', 'PDXP', 'SNCG', 'SRGAP1', 'ZC3H12C', 'CBX6']",0.23408837045914918,fold_12
4.1,cluster_id,Inh L5-6 PVALB KCNIP2,108,0.3448275862068966,0.4,0.2222222222222222,76389,36,84,24,3,"['GFRA1', 'NPFFR2', 'SNCG']","['ESRRA', 'GFRA1', 'NPFFR2', 'CENPJ', 'SNCG', 'SLC2A11', 'GKAP1', 'TSPAN9', 'GPR89A', 'ERMP1']",0.11478137268481192,fold_12
4.1,cluster_id,Inh L5-6 PVALB ZFPM2-AS1,563,0.0824381713714714,0.07674418604651163,0.1172291296625222,75176,794,497,66,5,"['ERCC4', 'MYL6B', 'SNCG', 'ARMC1', 'TSPAN9']","['ERCC4', 'MYL6B', 'SNCG', 'ARMC1', 'TSPAN9', 'GKAP1', 'ERMP1', 'SLC2A11', 'CCNB1IP1', 'GPR89A']",0.043528309220485444,fold_12
4.1,cluster_id,Inh L3-5 PVALB ISG20,254,0.2153846153846154,0.2828282828282828,0.11023622047244094,76208,71,226,28,5,"['HSBP1L1', 'DNAH10', 'USP44', 'WIPI1', 'CENPJ']","['HSBP1L1', 'DNAH10', 'DBN1', 'USP44', 'WIPI1', 'CENPJ', 'HMGXB3', 'FGD6', 'TSPAN9', 'SNCG']",1.0,fold_12
4.1,cluster_id,Inh L5 PVALB LRIG3,631,0.14368799178925762,0.14659685863874344,0.13312202852614896,75413,489,547,84,5,"['CENPJ', 'SNCG', 'HADHA', 'TSPAN9', 'SLC2A11']","['CENPJ', 'SNCG', 'HADHA', 'TSPAN9', 'SLC2A11', 'ERMP1', 'GKAP1', 'CCNB1IP1', 'GPR89A', 'ZC3H12C']",0.05048553700120124,fold_12
4.1,cluster_id,Inh L2-5 PVALB HHIPL1,456,0.10933806146572105,0.11974110032362459,0.08114035087719298,75805,272,419,37,5,"['ESRRA', 'TSPAN9', 'SNCG', 'ERMP1', 'GKAP1']","['ESRRA', 'TSPAN9', 'SNCG', 'ERMP1', 'GKAP1', 'SLC2A11', 'CCNB1IP1', 'ZC3H12C', 'SNCAIP', 'VAV2']",0.046279087218906424,fold_12
4.1,cluster_id,Inh L2-5 PVALB RPH3AL,3253,0.30193604524690015,0.28137036286235556,0.42668306178911775,69735,3545,1865,1388,2,"['TSPAN9', 'SNCG']","['FGD6', 'TSPAN9', 'SNCG', 'SLC2A11', 'ERMP1', 'CCNB1IP1', 'GKAP1', 'METTL8', 'SNCAIP', 'VAV2']",0.04174903605774426,fold_12
4.1,cluster_id,Inh L3 PVALB SAMD13,1326,0.23480662983425415,0.24853801169590642,0.19230769230769232,74436,771,1071,255,3,"['FGD6', 'TSPAN9', 'SNCG']","['FGD6', 'TSPAN9', 'SNCG', 'METTL8', 'ERMP1', 'SLC2A11', 'SNCAIP', 'CCNB1IP1', 'ZC3H12C', 'VAV2']",0.05240458392584457,fold_12
4.1,cluster_id,Inh L1-2 PVALB CDK20,123,0.0580875781948168,0.05220883534136546,0.10569105691056911,76174,236,110,13,4,"['SLC16A2', 'METTL8', 'TSPAN9', 'SNCG']","['SLC16A2', 'METTL8', 'TSPAN9', 'SNCG', 'ERMP1', 'SLC2A11', 'VAV2', 'MB21D2', 'ZC3H12C', 'SMAD5']",0.0445997903974317,fold_12
4.1,cluster_id,Inh L2 PVALB FRZB,107,0.05190311418685121,0.04736842105263158,0.08411214953271028,76245,181,98,9,5,"['METTL8', 'GKAP1', 'TSPAN9', 'ARHGAP10', 'VAV2']","['METTL8', 'GKAP1', 'CCNB1IP1', 'TSPAN9', 'ARHGAP10', 'VAV2', 'EMC2', 'ZC3H12C', 'NDUFS2', 'GDI2']",0.03153013435622885,fold_12
4.1,cluster_id,Inh L1-2 SST CLIC6,194,0.11173184357541899,0.1951219512195122,0.041237113402061855,76306,33,186,8,4,"['VAV2', 'TSPAN9', 'CCNB1IP1', 'METTL8']","['VAV2', 'TSPAN9', 'ERMP1', 'CCNB1IP1', 'METTL8', 'SNCAIP']",0.029943213479137233,fold_12
4.1,cluster_id,Inh L5-6 PVALB GAPDHP60,138,0.14705882352941177,0.28,0.050724637681159424,76377,18,131,7,5,"['SNCG', 'CCNB1IP1', 'SLC2A11', 'ERMP1', 'ZC3H12C']","['SNCG', 'CCNB1IP1', 'SLC2A11', 'ERMP1', 'TSPAN9', 'ZC3H12C', 'SP4', 'SMAD5', 'VWC2L', 'ALDOC']",0.04415160514633244,fold_12
4.1,cluster_id,Inh L5-6 PVALB FAM150B,111,0.10460251046025104,0.15625,0.04504504504504504,76395,27,106,5,4,"['GKAP1', 'CCNB1IP1', 'SNCG', 'SLC2A11']","['GKAP1', 'CCNB1IP1', 'SNCG', 'SLC2A11', 'GPR89A', 'TSPAN9', 'ZC3H12C', 'NDUFS2', 'MRPS5', 'EMC2']",0.04764047274543254,fold_12
4.1,cluster_id,Inh L5-6 PVALB MEPE,230,0.12666666666666668,0.14615384615384616,0.08260869565217391,76192,111,211,19,4,"['SNCG', 'GKAP1', 'CCNB1IP1', 'ZC3H12C']","['SNCG', 'GKAP1', 'CCNB1IP1', 'ERMP1', 'TSPAN9', 'ZC3H12C', 'NDUFS2', 'SLC2A11', 'ALDOC', 'EMC2']",0.04576456383521019,fold_12
4.1,cluster_id,Inh L1-6 PVALB COL15A1,288,0.30303030303030304,0.5333333333333333,0.1111111111111111,76217,28,256,32,3,"['SRGAP1', 'TSPAN9', 'ZC3H12C']","['METTL8', 'SRGAP1', 'TSPAN9', 'CCNB1IP1', 'ZC3H12C', 'MB21D2', 'RBM17']",0.034023062291556036,fold_12
4.1,cluster_id,Exc L2 LAMP5 KCNG3,261,0.11278195488721804,0.1485148514851485,0.05747126436781609,76186,86,246,15,4,"['MLLT6', 'ARHGAP10', 'LMF1', 'CDC40']","['MLLT6', 'ARHGAP10', 'METTL8', 'LMF1', 'CFAP44', 'CDC40', 'CDK5RAP1', 'IQSEC2', 'SP4', 'ZBTB18']",0.041056605036726604,fold_12
4.1,cluster_id,Exc L2 LINC00507 ATP7B,183,0.16930022573363432,0.23076923076923078,0.08196721311475409,76300,50,168,15,4,"['OR1Q1', 'RASAL1', 'MLLT6', 'CDC40']","['OR1Q1', 'RASAL1', 'MLLT6', 'CEP78', 'CFAP44', 'CDC40', 'IQSEC2', 'CDC123', 'SP4', 'SNTB2']",0.14059958615721685,fold_12
4.1,cluster_id,Exc L2 LINC00507 GLRA3,12485,0.5380162099575454,0.6341167551175133,0.33496195434521425,61635,2413,8303,4182,2,"['CRIP2', 'LMF1']","['CRIP2', 'MLLT6', 'LMF1', 'RABL2A', 'ARHGAP10', 'CDC40', 'CFAP44', 'PPP1R7', 'IQSEC2', 'ZBTB18']",0.1496232877314398,fold_12
4.1,cluster_id,Exc L2-3 RORB RTKN2,1211,0.1672216591863327,0.1622191011235955,0.1907514450867052,74129,1193,980,231,4,"['CRIP2', 'PROS1', 'ARHGAP10', 'KCNH5']","['CRIP2', 'GSDMB', 'PROS1', 'ARHGAP10', 'KCNH5', 'ANKRD27', 'LMF1', 'CDC40', 'ZBTB18', 'BRK1']",0.032271685549827414,fold_12
4.1,cluster_id,Exc L2-3 LINC00507 DSG3,1088,0.20454545454545456,0.20398912058023572,0.20680147058823528,74567,878,863,225,4,"['ENPEP', 'PROS1', 'ARHGAP10', 'GPR89A']","['ENPEP', 'PROS1', 'CD163L1', 'ARHGAP10', 'GPR89A', 'RABL2A', 'HIP1', 'CEP78', 'LMF1', 'SLC2A11']",0.03571212833246318,fold_12
4.1,cluster_id,Exc L3 LAMP5 CARM1P1,4044,0.3258227374719521,0.4191220685508118,0.17235410484668645,71523,966,3347,697,5,"['ANKRD20A1', 'CENPJ', 'PROS1', 'ARHGAP10', 'GPR89A']","['ANKRD20A1', 'CENPJ', 'PROS1', 'CD163L1', 'ARHGAP10', 'GPR89A', 'SLC2A11', 'RABL2A', 'HIP1', 'LMF1']",0.03563179669593247,fold_12
4.1,cluster_id,Oligo L2-6 OPALIN MAP6D1,101,0.1606425702811245,0.21621621621621623,0.07920792079207921,76403,29,93,8,5,"['GPR37', 'ANLN', 'RABL2A', 'LMF1', 'CDC40']","['GPR37', 'ANLN', 'HIP1', 'RABL2A', 'LMF1', 'CDC40', 'SRGAP1', 'ARHGAP10', 'CFAP44', 'CDK5RAP1']",0.04205244402835733,fold_12
4.1,cluster_id,Exc L2-3 RORB CCDC68,3331,0.5040590405904058,0.7932636469221835,0.20504353047132992,73024,178,2648,683,3,"['FGD6', 'ARHGAP10', 'ANKRD27']","['FGD6', 'PROS1', 'ARHGAP10', 'ANKRD27', 'ADNP2', 'TTC7A', 'TSPAN9', 'KCNH5', 'TRHDE', 'ZBTB18']",0.054823527572553515,fold_12
4.1,cluster_id,Exc L2-3 RORB PTPN3,1628,0.16494233378561737,0.14173802149754053,0.47788697788697787,70194,4711,850,778,3,"['ARHGAP10', 'KCNH5', 'TRHDE']","['FGD6', 'ARHGAP10', 'TSPAN9', 'ANKRD27', 'KCNH5', 'TRHDE', 'LMF1', 'CDC40']",0.02848944517709604,fold_12
4.1,cluster_id,Exc L3 THEMIS ENPEP,785,0.07919169852539595,0.07391673746813934,0.11082802547770701,74658,1090,698,87,6,"['CENPJ', 'RTCB', 'CD163L1', 'HADHA', 'ARHGAP10', 'GPR89A']","['CENPJ', 'RTCB', 'CD163L1', 'HADHA', 'ARHGAP10', 'GPR89A', 'ANKRD27', 'RABL2A', 'PPP1R7', 'LMF1']",0.03754101741263079,fold_12
4.1,cluster_id,Exc L3-5 RORB TNNT2,535,0.05988755805426546,0.05511811023622047,0.09158878504672897,75158,840,486,49,5,"['RTCB', 'CD163L1', 'TSPAN9', 'PPP1R7', 'KCNH5']","['RTCB', 'CD163L1', 'TSPAN9', 'GPR89A', 'PPP1R7', 'KCNH5', 'MTX3', 'CBX6', 'BRK1', 'CDC40']",0.030498693392170213,fold_12
4.1,cluster_id,Exc L3-5 RORB LAMA4,250,0.14236902050113895,0.1592356687898089,0.1,76151,132,225,25,4,"['CD163L1', 'RTCB', 'ARHGAP10', 'TSPAN9']","['CD163L1', 'FGD6', 'RTCB', 'PDXP', 'ARHGAP10', 'TSPAN9', 'GPR89A', 'KCNH5', 'PPP1R7', 'CDC40']",0.049880110330057584,fold_12
4.1,cluster_id,Exc L5 THEMIS VILL,216,0.13842281879194632,0.13524590163934427,0.1527777777777778,76106,211,183,33,4,"['NPFFR2', 'RTCB', 'CD163L1', 'GLO1']","['NPFFR2', 'MLLT6', 'RTCB', 'CD163L1', 'HADHA', 'GLO1', 'ARHGAP10', 'HIP1', 'KCNH5', 'PPP1R7']",0.04750975940108597,fold_12
4.1,cluster_id,Exc L3 RORB OTOGL,2134,0.22660675913264308,0.22902270483711748,0.21743205248359887,72837,1562,1670,464,3,"['KCNH5', 'PPP1R7', 'SNCAIP']","['TSPAN9', 'KCNH5', 'BRK1', 'PPP1R7', 'SNCAIP', 'CBX6', 'CDC40', 'TRHDE', 'SH3BGRL2']",0.02726239703961705,fold_12
4.1,cluster_id,Exc L3-5 RORB LINC01202,640,0.1952423698384201,0.21914357682619648,0.1359375,75583,310,553,87,4,"['SEMA3E', 'TSPAN9', 'KCNH5', 'BRK1']","['SEMA3E', 'TSPAN9', 'PPP1R7', 'KCNH5', 'CBX6', 'BRK1', 'SNCAIP', 'CDC40', 'ENTPD4', 'ADAM11']",0.028674702176080657,fold_12
4.1,cluster_id,Exc L5 THEMIS SLC22A18,1824,0.2772002772002772,0.3242147922998987,0.17543859649122806,74042,667,1504,320,4,"['S100A6', 'SLC29A2', 'CCS', 'SNCG']","['LSM4', 'S100A6', 'SLC29A2', 'CCS', 'ABCC9', 'SNCG', 'ANKRD27', 'CFAP44', 'LMF1', 'SNCAIP']",0.14522637260530344,fold_12
4.1,cluster_id,Exc L5-6 THEMIS TNFAIP6,1132,0.040983606557377046,0.035045023119980534,0.127208480565371,71436,3965,988,144,5,"['ANKRD27', 'CEP78', 'GPR89A', 'RABL2A', 'PPP1R7']","['ANKRD27', 'CEP78', 'GPR89A', 'RABL2A', 'NUDT21', 'PPP1R7', 'SNCAIP', 'CFAP44', 'CBX6', 'MTX3']",0.024017615929667797,fold_12
4.1,cluster_id,Exc L3-5 RORB LNX2,4631,0.2654006749413716,0.28882664176781825,0.20038868494925502,69617,2285,3703,928,3,"['FGD6', 'SNCG', 'ARHGAP10']","['FGD6', 'PDXP', 'SNCG', 'CEP78', 'ANKRD27', 'ARHGAP10', 'PPP1R7', 'BRK1', 'CFAP44', 'SNCAIP']",0.018336716165831192,fold_12
4.1,cluster_id,Exc L3-5 RORB RPRM,1231,0.26437263953000417,0.4375,0.10235580828594638,75140,162,1105,126,3,"['ALKBH5', 'PDXP', 'ABCC9']","['ALKBH5', 'MRPL34', 'CENPJ', 'FGD6', 'PDXP', 'ABCC9', 'SEMA3E', 'CBX6', 'BRK1', 'RBX1']",0.06997884492415167,fold_12
4.1,cluster_id,Exc L5 RORB MED8,309,0.23494860499265785,0.34408602150537637,0.10355987055016182,76163,61,277,32,5,"['RHOJ', 'NPFFR2', 'ABCC9', 'FGD6', 'PDXP']","['RHOJ', 'NPFFR2', 'ABCC9', 'RTCB', 'FGD6', 'PDXP', 'TSPAN9', 'PPP1R7', 'KCNH5', 'CDC123']",0.05648670128435306,fold_12
4.1,cluster_id,Exc L5 THEMIS FGF10,147,0.28700906344410876,0.41304347826086957,0.1292517006802721,76359,27,128,19,5,"['S100A6', 'NPFFR2', 'FGD6', 'RTCB', 'ABCC9']","['S100A6', 'NPFFR2', 'FGD6', 'RTCB', 'ABCC9', 'PDXP', 'ANKRD27', 'PPP1R7', 'BRK1', 'MTX3']",0.05895399361156829,fold_12
4.1,cluster_id,Exc L6 THEMIS LINC00343,905,0.2202835332606325,0.21956521739130436,0.22320441988950276,74910,718,703,202,4,"['TMEM233', 'ANKRD27', 'LMF1', 'CDC40']","['TMEM233', 'AGAP2', 'RABL2A', 'ANKRD27', 'LMF1', 'CDC40', 'CFAP44', 'PPP1R7', 'HOMER2', 'BRK1']",0.03144208000161059,fold_12
4.1,cluster_id,Exc L6 THEMIS SLN,436,0.18018018018018017,0.21428571428571427,0.11009174311926606,75921,176,388,48,4,"['TMEM233', 'GPR37', 'RASAL1', 'ZNF544']","['TMEM233', 'GPR37', 'RASAL1', 'ZNF544', 'RABL2A', 'ANKRD27', 'LMF1', 'CDC40', 'HOMER2', 'CFAP44']",0.07849094335048641,fold_12
4.1,cluster_id,Exc L6 THEMIS SNTG2,488,0.10484749455337691,0.09673366834170855,0.15778688524590165,75326,719,411,77,4,"['TMEM233', 'ANKRD27', 'SRGAP1', 'RABL2A']","['TMEM233', 'ZNF544', 'ANKRD27', 'METTL8', 'SRGAP1', 'RABL2A', 'CEP78', 'CDC40', 'CFAP44', 'PPP1R7']",0.03139593836346331,fold_12
4.1,cluster_id,Exc L5-6 THEMIS SMYD1,327,0.14022140221402213,0.14785992217898833,0.1162079510703364,75987,219,289,38,6,"['CRIP2', 'RASAL1', 'FERMT2', 'MLLT6', 'ANKRD27', 'HOMER2']","['CRIP2', 'RASAL1', 'FERMT2', 'MLLT6', 'ANKRD27', 'HOMER2', 'CFAP44', 'CDC40', 'LMF1', 'TRHDE']",0.08093917362525829,fold_12
4.1,cluster_id,Exc L5-6 FEZF2 OR1L8,263,0.42242703533026116,0.5670103092783505,0.20912547528517111,76228,42,208,55,5,"['OR1Q1', 'VWA2', 'RASAL1', 'FERMT2', 'ABCC9']","['OR1Q1', 'VWA2', 'RASAL1', 'FERMT2', 'ABCC9', 'SEMA3E', 'GKAP1', 'TLE4', 'HIP1', 'ADAM11']",0.10664449266699848,fold_12
4.1,cluster_id,Exc L5 THEMIS LINC01116,151,0.4084507042253521,0.5686274509803921,0.19205298013245034,76360,22,122,29,4,"['TMEM44', 'WIPI1', 'VWA2', 'ARHGAP10']","['ANKRD20A1', 'TMEM44', 'WIPI1', 'ESRRA', 'VWA2', 'ARHGAP10', 'HMGXB3', 'SEMA3E', 'CD163L1', 'ABCC9']",0.14286559536222657,fold_12
4.1,cluster_id,Exc L5 THEMIS RGPD6,241,0.18651685393258427,0.16733870967741934,0.34439834024896265,75879,413,158,83,4,"['ANKRD20A1', 'VWA2', 'SEMA3E', 'ARHGAP10']","['ANKRD20A1', 'VWA2', 'SEMA3E', 'ABCC9', 'HADHA', 'ARHGAP10', 'GLO1', 'TLE4', 'SRGAP1', 'SLC2A11']",0.11449432400034101,fold_12
4.1,cluster_id,Exc L5-6 FEZF2 C9orf135-AS1,2602,0.6184909670563231,0.6839012925969448,0.44734819369715606,73393,538,1438,1164,2,"['SEMA3E', 'SRGAP1']","['RHOJ', 'VWA2', 'ABCC9', 'SEMA3E', 'TTC7A', 'SRGAP1', 'TLE4', 'KCNH5', 'RABL2A', 'HOMER2']",0.04254390013873962,fold_12
4.1,cluster_id,Exc L5-6 FEZF2 FILIP1L,318,0.14,0.13043478260869565,0.19811320754716982,75795,420,255,63,5,"['ELMOD2', 'SEMA3E', 'CD163L1', 'TLE4', 'GKAP1']","['ELMOD2', 'SEMA3E', 'ABCC9', 'CD163L1', 'TLE4', 'GKAP1', 'ADAM11', 'HIP1', 'ARHGAP10', 'HOMER2']",0.037330181653237746,fold_12
4.1,cluster_id,Exc L5-6 FEZF2 SH2D1B,159,0.10014306151645208,0.1037037037037037,0.0880503144654088,76253,121,145,14,5,"['ANKRD20A1', 'TNFSF13B', 'VWA2', 'SEMA3E', 'HMGXB3']","['ANKRD20A1', 'TNFSF13B', 'VWA2', 'SEMA3E', 'HMGXB3', 'ABCC9', 'CD163L1', 'TLE4', 'SRGAP1', 'ARHGAP10']",0.15614340958088105,fold_12
4.1,cluster_id,Exc L6 FEZF2 PDYN,22,0.19230769230769232,1.0,0.045454545454545456,76511,0,21,1,3,"['KANK4', 'ZFP37', 'OR1Q1']","['KANK4', 'ZFP37', 'S100A6', 'OR1Q1', 'CRIP2', 'GNAI2', 'RASAL1', 'HMGXB3', 'ZNF544', 'PDXP']",0.41120318332475714,fold_12
4.1,cluster_id,Exc L6 FEZF2 FFAR4,106,0.046012269938650305,0.05454545454545454,0.02830188679245283,76375,52,103,3,6,"['ALKBH5', 'HMGN2', 'SLC16A2', 'ABCC9', 'TTC7A', 'PDXP']","['ALKBH5', 'HMGN2', 'SLC16A2', 'ABCC9', 'TTC7A', 'PDXP', 'FAM53C', 'SEMA3E', 'CEP78', 'TLE4']",0.07070513458850851,fold_12
4.1,cluster_id,Exc L6 FEZF2 PROKR2,72,0.17857142857142858,0.22580645161290322,0.09722222222222222,76437,24,65,7,5,"['TOMM5', 'CDO1', 'VWA2', 'BRI3', 'GNAI2']","['TOMM5', 'LSM4', 'CDO1', 'VWA2', 'BRI3', 'GNAI2', 'AGAP2', 'ABCC9', 'PDXP', 'SEMA3E']",0.1984857158761537,fold_12
4.1,cluster_id,Exc L5-6 FEZF2 CFTR,108,0.0341796875,0.03056768558951965,0.06481481481481481,76203,222,101,7,5,"['DEGS1', 'RASAL1', 'FERMT2', 'BRMS1L', 'AGAP2']","['BLMH', 'DEGS1', 'RASAL1', 'FERMT2', 'BRMS1L', 'AGAP2', 'SEMA3E', 'CD163L1', 'TLE4', 'ARHGAP10']",0.09429576007062215,fold_12
4.1,cluster_id,Exc L6 FEZF2 KLK7,1801,0.6733462615815557,0.8802816901408451,0.3470294280955025,74647,85,1176,625,2,"['TTC29', 'NPFFR2']","['TTC29', 'RHOJ', 'NPFFR2', 'RASAL1', 'FERMT2', 'AGAP2', 'SEMA3E', 'ABCC9', 'TLE4', 'HOMER2']",0.5855037177828821,fold_12
4.1,cluster_id,Exc L6 FEZF2 POGK,127,0.17928286852589642,0.2903225806451613,0.07086614173228346,76384,22,118,9,6,"['NPFFR2', 'DEGS1', 'SLC16A2', 'CENPJ', 'SEMA3E', 'PDXP']","['NPFFR2', 'DEGS1', 'SLC16A2', 'CENPJ', 'SEMA3E', 'PDXP', 'TTC7A', 'ANKRD27', 'TLE4', 'HOMER2']",0.08171168268618248,fold_12
4.1,cluster_id,Exc L5 FEZF2 CSN1S1,150,0.2521613832853026,0.25735294117647056,0.23333333333333334,76282,101,115,35,6,"['WIPI1', 'TMEM44', 'GFRA1', 'PROS1', 'FGD6', 'CD163L1']","['WIPI1', 'TMEM44', 'GFRA1', 'PROS1', 'FGD6', 'CD163L1', 'SNCG', 'ARHGAP10', 'HIP1', 'LMF1']",0.08396085309901687,fold_12
4.1,cluster_id,Exc L3-5 FEZF2 ASGR2,620,0.6296526054590571,0.8185483870967742,0.32741935483870965,75868,45,417,203,3,"['GFRA1', 'PROS1', 'SNCG']","['TMEM44', 'GFRA1', 'PROS1', 'SLC16A2', 'SNCG', 'ARHGAP10', 'ZC3H12C', 'HIP1', 'LMF1', 'RABL2A']",0.09933472595085491,fold_12
4.1,cluster_id,Exc L3-5 FEZF2 LINC01107,88,0.4411764705882353,0.5217391304347826,0.2727272727272727,76423,22,64,24,4,"['GFRA1', 'TMEM44', 'WIPI1', 'SLC38A7']","['GFRA1', 'TMEM44', 'WIPI1', 'SLC38A7', 'GSDMB', 'TIMM23', 'PROS1', 'SLC16A2', 'SNCG', 'SEMA3E']",0.3125926995643553,fold_12
4.1,cluster_id,Exc L5 FEZF2 PKD2L1,280,0.2112676056338028,0.2517482517482518,0.12857142857142856,76146,107,244,36,5,"['FERMT2', 'TTC7A', 'CD163L1', 'HIP1', 'SEMA3E']","['FERMT2', 'ABCC9', 'TTC7A', 'CD163L1', 'HIP1', 'SEMA3E', 'TLE4', 'SRGAP1', 'ARHGAP10', 'VWC2L']",0.03923232953614479,fold_12
4.1,cluster_id,Exc L5 FEZF2 NREP-AS1,229,0.18638573743922204,0.23711340206185566,0.10043668122270742,76230,74,206,23,6,"['DFFB', 'FERMT2', 'ABCC9', 'TTC7A', 'SEMA3E', 'HIP1']","['DFFB', 'FERMT2', 'ABCC9', 'TTC7A', 'SEMA3E', 'HIP1', 'TLE4', 'GKAP1', 'ANKRD27', 'LMF1']",0.06302672059583928,fold_12
4.1,cluster_id,Exc L5 FEZF2 RNF144A-AS1,108,0.1388888888888889,0.12301587301587301,0.28703703703703703,76204,221,77,31,5,"['DFFB', 'SEMA3E', 'HIP1', 'ANKRD27', 'TLE4']","['DFFB', 'ABCC9', 'SEMA3E', 'HIP1', 'ANKRD27', 'TLE4', 'ERMP1', 'CCNB1IP1', 'SNCAIP', 'TRHDE']",0.041518045976189126,fold_12
4.1,cluster_id,Exc L5-6 FEZF2 IFNG-AS1,753,0.4639175257731959,0.6830357142857143,0.20318725099601595,75709,71,600,153,3,"['ABCC9', 'SEMA3E', 'HIP1']","['ABCC9', 'SEMA3E', 'HIP1', 'GLO1', 'GKAP1', 'TLE4', 'ANKRD27', 'APMAP', 'CCNB1IP1', 'TRHDE']",0.04988224557036884,fold_12
4.1,cluster_id,Exc L5-6 FEZF2 LPO,117,0.24213075060532688,0.2702702702702703,0.17094017094017094,76362,54,97,20,5,"['TSEN54', 'FERMT2', 'ABCC9', 'MYL6B', 'SEMA3E']","['SUGP1', 'TSEN54', 'FERMT2', 'ABCC9', 'MYL6B', 'SEMA3E', 'HIP1', 'CD163L1', 'TLE4', 'ADAM11']",0.06586472552884459,fold_12
4.1,cluster_id,OPC L1-6 PDGFRA COL20A1,283,0.5555555555555556,0.7155172413793104,0.29328621908127206,76217,33,200,83,2,"['HIP1', 'ARHGAP10']","['HIP1', 'SEMA3E', 'SRGAP1', 'ARHGAP10', 'LMF1', 'TLE4']",0.07037609054681877,fold_12
4.1,cluster_id,Oligo L3-6 OPALIN ENPP6,535,0.2961545471113541,0.26252019386106623,0.6074766355140186,75085,913,210,325,2,"['PPP1R14A', 'ANLN']","['TP53TG5', 'TJAP1', 'PPP1R14A', 'ANLN', 'GPR37', 'HIP1', 'ZMAT1', 'LMF1', 'TLE4', 'PTMA']",0.36668230001383195,fold_12
4.1,cluster_id,Oligo L2-6 OPALIN FTH1P3,2300,0.7803030303030303,0.7980629539951574,0.7165217391304348,73816,417,652,1648,1,['GPR37'],"['GPR37', 'ANLN', 'HIP1', 'PTMA', 'TLE4', 'TMTC2', 'TMEM87A']",0.2871787056768947,fold_12
4.1,cluster_id,Oligo L5-6 OPALIN LDLRAP1,6,0.22727272727272727,0.25,0.16666666666666666,76524,3,5,1,4,"['TMEM151A', 'FAM227B', 'PPP1R14A', 'RASAL1']","['TMEM151A', 'FAM227B', 'PPP1R14A', 'GPR37', 'ANLN', 'RASAL1', 'HIP1', 'RBX1', 'GDI2', 'ERMP1']",0.6295706398141294,fold_12
4.1,cluster_id,Astro L1-6 FGFR3 AQP1,119,0.2454780361757106,0.2835820895522388,0.15966386554621848,76366,48,100,19,2,"['ATP1A2', 'ZMAT1']","['ATP1A2', 'ZMAT1']",0.14537144560592172,fold_12
4.1,cluster_id,Astro L1 FGFR3 SERPINI2,72,0.2329192546583851,0.2097902097902098,0.4166666666666667,76348,113,42,30,2,"['YAP1', 'PLSCR4']","['YAP1', 'PLSCR4', 'RHOJ', 'FERMT2', 'ATP1A2', 'FGD6', 'ZMAT1', 'SRGAP1']",0.8479238022540667,fold_12
4.1,cluster_id,Astro L1-6 FGFR3 PLCG1,377,0.6150234741784038,0.7616279069767442,0.34748010610079577,76115,41,246,131,2,"['RHOJ', 'ATP1A2']","['RHOJ', 'ATP1A2', 'ZMAT1', 'PER3']",0.33165105877865564,fold_12
4.1,cluster_id,Endo L2-5 NOSTRIN SRGN,64,0.13157894736842105,0.6666666666666666,0.03125,76468,1,62,2,1,['PTMA'],['PTMA'],0.038001859160266875,fold_12
4.1,cluster_id,VLMC L1-5 PDGFRA COLEC12,40,0.39473684210526316,0.6666666666666666,0.15,76490,3,34,6,1,['RBMS1'],"['PLSCR4', 'ATP1A2', 'FGD6', 'RBMS1']",0.0229160023721452,fold_12
4.1,cluster_id,Micro L1-6 TYROBP CD74,108,0.4069767441860465,0.875,0.12962962962962962,76423,2,94,14,1,['MANBA'],"['SRGAP1', 'MANBA']",0.04225503473507821,fold_12
4.1,cluster_id,Inh L1 LAMP5 PVRL2,94,0.1751592356687898,0.2,0.11702127659574468,76395,44,83,11,4,"['TRPC3', 'SV2C', 'CCNH', 'GPR176']","['TRPC3', 'SV2C', 'PKP2', 'CCNH', 'GPR176']",0.05254940099863107,fold_13
4.1,cluster_id,Inh L1 LAMP5 RAB11FIP1,246,0.26013143483023,0.24050632911392406,0.3861788617886179,75987,300,151,95,2,"['TRPC3', 'KCNG2']","['TMEM74B', 'TRPC3', 'PKP2', 'SV2C', 'VCAN', 'KCNG2', 'PNPLA7', 'SSH1', 'PTPRB', 'TAMM41']",0.08079794547254433,fold_13
4.1,cluster_id,Inh L1-6 LAMP5 AARD,1539,0.701323813773613,0.7276234567901234,0.612735542560104,74641,353,596,943,2,"['TRPC3', 'VCAN']","['DUSP4', 'TMEM74B', 'TRPC3', 'PKP2', 'SV2C', 'VCAN', 'PNPLA7', 'KCNG2', 'CDIP1', 'SSH1']",0.07657696206515022,fold_13
4.1,cluster_id,Inh L1-6 LAMP5 NES,419,0.38764385221078135,0.4155844155844156,0.3054892601431981,75934,180,291,128,3,"['SV2C', 'CCK', 'RBMS3']","['TRPC3', 'SV2C', 'PKP2', 'PTPRB', 'CCK', 'RBMS3']",0.020472094190025176,fold_13
4.1,cluster_id,Inh L1-6 LAMP5 CA1,465,0.5517668939863608,0.6202090592334495,0.3827956989247312,75959,109,287,178,3,"['SFRP1', 'NGF', 'SV2C']","['SFRP1', 'NGF', 'FREM2', 'SV2C', 'PKP2', 'TRPC3', 'PTPRB', 'SSH1', 'GPR176', 'CCK']",0.4258874136264123,fold_13
4.1,cluster_id,Inh L5-6 LAMP5 CRABP1,923,0.6870838881491345,0.7288135593220338,0.5590465872156013,75418,192,407,516,3,"['FREM2', 'SV2C', 'PKP2']","['SFRP1', 'TMEM74B', 'FREM2', 'SV2C', 'TRPC3', 'PKP2', 'PNPLA7', 'CDIP1', 'SSH1', 'PTPRB']",0.07526767424292398,fold_13
4.1,cluster_id,Inh L3-6 PAX6 LINC01497,84,0.11627906976744186,0.12307692307692308,0.09523809523809523,76392,57,76,8,5,"['BMP3', 'EHMT2', 'COQ9', 'TRPC3', 'PNPLA7']","['BMP3', 'EHMT2', 'HPCAL4', 'COQ9', 'TRPC3', 'PNPLA7', 'SORCS2', 'ALDH1L2', 'RING1', 'NR2F2']",0.048772463538296715,fold_13
4.1,cluster_id,Inh L1 PAX6 MIR101-1,139,0.46204620462046203,0.6829268292682927,0.2014388489208633,76381,13,111,28,4,"['NR2F2', 'MOB3B', 'SLC9A9', 'RBMS3']","['HPCAL4', 'NR2F2', 'CCK', 'MOB3B', 'SLC9A9', 'RBMS3', 'NSRP1', 'TAMM41', 'GPR176']",0.022075203975887064,fold_13
4.1,cluster_id,Inh L1 PAX6 CHRFAM7A,185,0.2846715328467153,0.312,0.21081081081081082,76262,86,146,39,3,"['NR2F2', 'CCK', 'SLC9A9']","['NR2F2', 'CCK', 'SLC9A9']",0.023879535436780668,fold_13
4.1,cluster_id,Inh L1-6 VIP SLC7A6OS,61,0.6756756756756757,0.8064516129032258,0.4098360655737705,76466,6,36,25,2,"['FREM2', 'CCK']","['FREM2', 'VCAN', 'CCK', 'LHPP', 'GPR176', 'IFNAR1', 'MOB3B']",0.15003802220065468,fold_13
4.1,cluster_id,Inh L2 PAX6 FREM2,108,0.7333333333333333,0.9166666666666666,0.4074074074074074,76421,4,64,44,2,"['NR1H4', 'FREM2']","['NR1H4', 'CILP2', 'BMP3', 'FREM2', 'SLC27A1', 'SUGT1', 'NPTX2', 'VCAN', 'ALDH1L2', 'GPR176']",0.6913923496307772,fold_13
4.1,cluster_id,Inh L1-2 VIP HTR3A,42,0.2702702702702703,0.5,0.09523809523809523,76487,4,38,4,4,"['NR2F2', 'CAST', 'SLC9A9', 'INTU']","['NR2F2', 'PKP2', 'ABCE1', 'CAST', 'SLC9A9', 'INTU', 'CCNH', 'STXBP6']",0.025012129408293435,fold_13
4.1,cluster_id,Inh L1-2 VIP WNT4,52,0.30660377358490565,0.325,0.25,76454,27,39,13,4,"['USP39', 'VCAN', 'USP43', 'NR2F2']","['MACROD1', 'USP39', 'ECD', 'VCAN', 'USP43', 'NR2F2', 'KCNG2', 'PNPLA7', 'OSBP', 'CCK']",0.04196520064928928,fold_13
4.1,cluster_id,Inh L1 LAMP5 BMP2,352,0.669831223628692,0.8523489932885906,0.36079545454545453,76159,22,225,127,3,"['SV2C', 'TRPC3', 'COL5A2']","['SV2C', 'TRPC3', 'COL5A2', 'NR2F2', 'CCNH']",0.0838197218694239,fold_13
4.1,cluster_id,Inh L1 LAMP5 NMBR,193,0.49572649572649574,0.5918367346938775,0.3005181347150259,76300,40,135,58,3,"['COL5A2', 'NDST4', 'NR2F2']","['COL5A2', 'NDST4', 'SV2C', 'NR2F2', 'CCNH', 'STAT4']",0.053208864571798735,fold_13
4.1,cluster_id,Inh L1 PVALB SST ASIC4,186,0.5581395348837209,0.7868852459016393,0.25806451612903225,76334,13,138,48,3,"['NDST4', 'NR2F2', 'CCK']","['NDST4', 'PKP2', 'NR2F2', 'CCK', 'FNDC3B', 'CCNH']",0.047473979332521676,fold_13
4.1,cluster_id,Inh L1 SST P4HA3,38,0.12237762237762238,0.11290322580645161,0.18421052631578946,76440,55,31,7,4,"['NR2F2', 'CCK', 'FNDC3B', 'RPS15']","['NR2F2', 'CCK', 'FNDC3B', 'CCNH', 'RPS15']",0.028823717420306438,fold_13
4.1,cluster_id,Inh L1 SST DEFB108B,223,0.4095826893353941,0.5,0.23766816143497757,76257,53,170,53,3,"['NDST4', 'NR2F2', 'PKP2']","['NDST4', 'NR2F2', 'PKP2', 'FNDC3B', 'INTU', 'CCNH', 'STAT4']",0.0517921220234255,fold_13
4.1,cluster_id,Inh L1-3 VIP CBLN1,464,0.3125,0.4632352941176471,0.13577586206896552,75996,73,401,63,3,"['KCNG2', 'NR2F2', 'FNDC3B']","['PKP2', 'KCNG2', 'NR2F2', 'FNDC3B', 'MKNK1']",0.03575491026354679,fold_13
4.1,cluster_id,Inh L1-2 VIP EXPH5,509,0.27153940383830133,0.27422680412371137,0.26129666011787817,75672,352,376,133,2,"['PKP2', 'FNDC3B']","['PKP2', 'NR2F2', 'FNDC3B']",0.04440947064213323,fold_13
4.1,cluster_id,Inh L1-3 VIP HSPB6,396,0.09569377990430622,0.08456659619450317,0.20202020202020202,75271,866,316,80,2,"['PKP2', 'CCNH']","['PKP2', 'CCNH']",0.03488044783111158,fold_13
4.1,cluster_id,Inh L1-2 VIP PTGER3,84,0.28846153846153844,0.3157894736842105,0.21428571428571427,76410,39,66,18,3,"['NKRF', 'USP43', 'NR2F2']","['ATXN7L3B', 'HPCAL4', 'NKRF', 'USP43', 'NR2F2', 'PKP2', 'STAT2', 'IFNAR1', 'SLC9A9', 'INTU']",0.055667829667676666,fold_13
4.1,cluster_id,Inh L1-2 VIP SCML4,128,0.1357142857142857,0.11949685534591195,0.296875,76125,280,90,38,3,"['LMAN1', 'KCNG2', 'NR2F2']","['LMAN1', 'CERK', 'TKT', 'KCNG2', 'NR2F2', 'PKP2', 'PFKM', 'SFI1', 'FNDC3B', 'IFNAR1']",0.054467147803266946,fold_13
4.1,cluster_id,Inh L1-3 VIP FNDC1,111,0.14644351464435146,0.21875,0.06306306306306306,76397,25,104,7,4,"['NR2F2', 'KCNG2', 'FNDC3B', 'PFKM']","['TKT', 'PKP2', 'NR2F2', 'KCNG2', 'FNDC3B', 'PFKM', 'SFI1', 'SLC9A9', 'NSRP1']",0.03759896940551337,fold_13
4.1,cluster_id,Inh L1-3 VIP CHRNA2,310,0.41284403669724773,0.627906976744186,0.17419354838709677,76191,32,256,54,3,"['PRTG', 'KCNG2', 'NR2F2']","['PRTG', 'KCNG2', 'NR2F2', 'CCK', 'NSRP1', 'CCNH', 'CBLN2', 'CLSTN2']",0.09687201576465927,fold_13
4.1,cluster_id,Inh L2 VIP SLC6A16,288,0.23420479302832245,0.2222222222222222,0.2986111111111111,75944,301,202,86,2,"['KCNG2', 'NR2F2']","['KCNG2', 'NR2F2', 'CCK', 'CCNH']",0.060372943535062534,fold_13
4.1,cluster_id,Inh L1 VIP KLHDC8B,95,0.1824212271973466,0.1732283464566929,0.23157894736842105,76333,105,73,22,3,"['TGFBR1', 'VCAN', 'MOB3B']","['TGFBR1', 'VCAN', 'CCK', 'MOB3B']",0.03620577186400817,fold_13
4.1,cluster_id,Inh L3-5 VIP IGDCC3,390,0.30526315789473685,0.4142857142857143,0.14871794871794872,76061,82,332,58,2,"['KCNG2', 'MOB3B']","['KCNG2', 'VCAN', 'PKP2', 'MOB3B', 'CBLN2']",0.044463011766839304,fold_13
4.1,cluster_id,Inh L1-5 VIP SMOC1,638,0.4732510288065844,0.6731707317073171,0.21630094043887146,75828,67,500,138,2,"['PRTG', 'CCK']","['PRTG', 'VCAN', 'KCNG2', 'CCK']",0.1771256776440247,fold_13
4.1,cluster_id,Inh L3-5 VIP HS3ST3A1,225,0.2572145545796738,0.2867132867132867,0.18222222222222223,76206,102,184,41,3,"['KCNG2', 'VCAN', 'PKP2']","['KCNG2', 'VCAN', 'PKP2', 'CCK', 'CCNH', 'CBLN2']",0.06014716071342228,fold_13
4.1,cluster_id,Inh L5-6 VIP COL4A3,89,0.24271844660194175,0.2727272727272727,0.16853932584269662,76404,40,74,15,4,"['SLC26A11', 'VCAN', 'KCNG2', 'NUP210']","['SEC22C', 'SLC26A11', 'ATP6V1D', 'VCAN', 'KCNG2', 'NUP210', 'ABCE1', 'PFKM', 'IFNAR1', 'CFL1']",0.07402412323071467,fold_13
4.1,cluster_id,Inh L1-5 VIP CD27-AS1,67,0.04195804195804196,0.037037037037037035,0.08955223880597014,76310,156,61,6,3,"['VCAN', 'INTU', 'CCK']","['VCAN', 'PKP2', 'INTU', 'CCK']",0.022446690391432933,fold_13
4.1,cluster_id,Inh L2-5 VIP BSPRY,85,0.06639004149377593,0.05714285714285714,0.18823529411764706,76184,264,69,16,2,"['KCNG2', 'VCAN']","['KCNG2', 'VCAN', 'PKP2', 'CCNH', 'CBLN2']",0.05141024985846075,fold_13
4.1,cluster_id,Inh L2-5 VIP SOX11,116,0.13297872340425532,0.2777777777777778,0.04310344827586207,76404,13,111,5,5,"['SLC26A11', 'NKRF', 'NR2F2', 'ABCE1', 'SFI1']","['SLC26A11', 'NKRF', 'NR2F2', 'ABCE1', 'PGM3', 'SFI1', 'PFKM', 'IFNAR1', 'INTU']",0.04763007812509516,fold_13
4.1,cluster_id,Inh L3-6 VIP ZIM2-AS1,146,0.3,0.4117647058823529,0.14383561643835616,76357,30,125,21,4,"['HPCAL4', 'NR2F2', 'KCNG2', 'UST']","['HPCAL4', 'MLLT6', 'NR2F2', 'KCNG2', 'PGM3', 'UST', 'SFI1', 'GPR176', 'CCK', 'IFNAR1']",0.03667477002389833,fold_13
4.1,cluster_id,Inh L1-5 VIP PHLDB3,92,0.05514705882352941,0.06666666666666667,0.03260869565217391,76399,42,89,3,3,"['NR2F2', 'INTU', 'MKNK1']","['PKP2', 'NR2F2', 'INTU', 'MKNK1']",0.02296164979222167,fold_13
4.1,cluster_id,Inh L1-5 VIP LINC01013,127,0.05402902130287126,0.04498714652956298,0.2755905511811024,75663,743,92,35,3,"['PKP2', 'NR2F2', 'NSRP1']","['PKP2', 'NR2F2', 'NSRP1']",0.03503176576282792,fold_13
4.1,cluster_id,Inh L3-6 VIP UG0898H09,131,0.1808066759388039,0.17687074829931973,0.1984732824427481,76281,121,105,26,2,"['TEK', 'NR2F2']","['TEK', 'NR2F2', 'INTU']",0.19307422151747228,fold_13
4.1,cluster_id,Inh L3-5 VIP TAC3,367,0.16087516087516088,0.15274949083503056,0.20435967302452315,75750,416,292,75,3,"['KCNG2', 'PKP2', 'NR2F2']","['KCNG2', 'PKP2', 'NR2F2']",0.0355474804642089,fold_13
4.1,cluster_id,Inh L1-6 SST NPY,67,0.2702702702702703,0.5454545454545454,0.08955223880597014,76461,5,61,6,4,"['ZNF793', 'SLC26A11', 'FNDC3B', 'SORCS2']","['ZNF793', 'NDST4', 'SLC26A11', 'FNDC3B', 'SORCS2', 'PNPLA7', 'SFI1', 'GPR176', 'SSH1']",0.07164433200749745,fold_13
4.1,cluster_id,Inh L3-5 SST CDH3,81,0.23121387283236994,0.34782608695652173,0.09876543209876543,76437,15,73,8,3,"['NR2F2', 'STXBP6', 'GPR176']","['PGM3', 'NR2F2', 'STXBP6', 'UST', 'GRIK3', 'GPR176', 'PTPRB']",0.030790452965471286,fold_13
4.1,cluster_id,Inh L5 SST RPL35AP11,764,0.1530986431976531,0.13170347003154576,0.43717277486910994,73567,2202,430,334,2,"['STXBP6', 'GRIK3']","['UST', 'STXBP6', 'GRIK3']",0.024577227476263022,fold_13
4.1,cluster_id,Inh L5-6 SST ISX,394,0.2597402597402597,0.32748538011695905,0.14213197969543148,76024,115,338,56,3,"['NR2F2', 'STXBP6', 'TMEM65']","['NR2F2', 'STXBP6', 'TMEM65', 'GRIK3']",0.02224487320157911,fold_13
4.1,cluster_id,Inh L5-6 PVALB SST CRHR2,218,0.23923444976076555,0.4,0.09174311926605505,76285,30,198,20,5,"['FNDC3B', 'UST', 'GPR176', 'CDIP1', 'STXBP6']","['FNDC3B', 'UST', 'GPR176', 'CDIP1', 'BMS1', 'STXBP6', 'GRIK3']",0.023410651794640656,fold_13
4.1,cluster_id,Inh L3-5 SST OR5AH1P,242,0.06010836437521165,0.05014124293785311,0.29338842975206614,74946,1345,171,71,3,"['UST', 'STXBP6', 'GRIK3']","['UST', 'STXBP6', 'GRIK3']",0.023570189003658856,fold_13
4.1,cluster_id,Inh L3-5 SST GGTLC3,1154,0.25008015389547933,0.24547600314712825,0.2703639514731369,74420,959,842,312,2,"['UST', 'STXBP6']","['UST', 'STXBP6', 'GRIK3']",0.030504240905537043,fold_13
4.1,cluster_id,Inh L2-3 SST NMU,419,0.10280654359897944,0.0877642536835362,0.3269689737470167,74690,1424,282,137,3,"['UST', 'GRIK3', 'STXBP6']","['UST', 'GRIK3', 'STXBP6', 'FNDC3B']",0.023908588129479227,fold_13
4.1,cluster_id,Inh L5-6 SST PAWR,194,0.37453183520599254,0.47058823529411764,0.20618556701030927,76294,45,154,40,3,"['TLL2', 'NDST4', 'STXBP6']","['TLL2', 'NDST4', 'UST', 'PGM3', 'STXBP6', 'GRIK3', 'SLC9A9']",0.11793037727393425,fold_13
4.1,cluster_id,Inh L5-6 SST PIK3CD,129,0.3460837887067395,0.3619047619047619,0.29457364341085274,76337,67,91,38,3,"['NDST4', 'VCAN', 'GRIK3']","['NDST4', 'VCAN', 'UST', 'STXBP6', 'GRIK3', 'SLC9A9']",0.05369211404415819,fold_13
4.1,cluster_id,Inh L1-2 SST CCNJL,320,0.15104166666666666,0.18125,0.090625,76082,131,291,29,3,"['FNDC3B', 'STXBP6', 'GRIK3']","['FNDC3B', 'STXBP6', 'GRIK3']",0.02561609748519992,fold_13
4.1,cluster_id,Inh L1-3 SST FAM20A,1069,0.2910778316810799,0.3006535947712418,0.25818521983161835,74822,642,793,276,2,"['STXBP6', 'GRIK3']","['UST', 'STXBP6', 'GRIK3']",0.025573658800324785,fold_13
4.1,cluster_id,Inh L1-2 SST PRRT4,376,0.20277207392197125,0.2010178117048346,0.21010638297872342,75843,314,297,79,2,"['FNDC3B', 'GRIK3']","['FNDC3B', 'UST', 'STXBP6', 'GRIK3']",0.035075678684472554,fold_13
4.1,cluster_id,Inh L5-6 SST BEAN1,76,0.08928571428571429,0.13043478260869565,0.039473684210526314,76437,20,73,3,4,"['GPX1', 'ATXN7L3B', 'SORCS2', 'STXBP6']","['GPX1', 'ATXN7L3B', 'RING1', 'CDIP1', 'SORCS2', 'STXBP6', 'CBLN2', 'PIK3R4', 'AP4S1', 'SLC9A9']",0.06979922414773246,fold_13
4.1,cluster_id,Inh L5-6 SST DNAJC14,35,0.05128205128205128,0.05,0.05714285714285714,76460,38,33,2,5,"['TSN', 'LMAN1', 'GPX1', 'ATXN7L3B', 'SLC26A11']","['HMGN4', 'TSN', 'LMAN1', 'GPX1', 'ATXN7L3B', 'SLC26A11', 'NDST4', 'NUP210', 'OSBP', 'CDIP1']",0.11681791189868677,fold_13
4.1,cluster_id,Inh L5-6 SST C4orf26,93,0.12141280353200883,0.12222222222222222,0.11827956989247312,76361,79,82,11,4,"['ATXN7L3B', 'GPX1', 'SLC26A11', 'HPCAL4']","['ATXN7L3B', 'GPX1', 'CERK', 'SLC26A11', 'HPCAL4', 'ATP6V1D', 'NDST4', 'CDIP1', 'SORCS2', 'PFKM']",0.12009816333642562,fold_13
4.1,cluster_id,Inh L5-6 SST FBN2,100,0.2536231884057971,0.3181818181818182,0.14,76403,30,86,14,3,"['HPCAL4', 'HOPX', 'STXBP6']","['NDST4', 'HPCAL4', 'HOPX', 'SORCS2', 'CDIP1', 'STXBP6', 'CBLN2']",0.03329923095444761,fold_13
4.1,cluster_id,Inh L5-6 SST KLHL1,188,0.2767857142857143,0.3333333333333333,0.16489361702127658,76283,62,157,31,3,"['NDST4', 'ATXN7L3B', 'SORCS2']","['NDST4', 'ATXN7L3B', 'HPCAL4', 'EIF4H', 'SORCS2', 'PGM3', 'STXBP6', 'UST', 'PFKM', 'CDIP1']",0.116670361746397,fold_13
4.1,cluster_id,Inh L6 SST TH,84,0.16447368421052633,0.29411764705882354,0.05952380952380952,76437,12,79,5,5,"['TLL2', 'TRO', 'ATXN7L3B', 'GPX1', 'SLC26A11']","['TLL2', 'TRO', 'ATXN7L3B', 'GPX1', 'UQCRFS1', 'SLC26A11', 'BRMS1L', 'NDST4', 'NUP210', 'VCAN']",0.14859265741286798,fold_13
4.1,cluster_id,Inh L5-6 PVALB KCNIP2,108,0.0598404255319149,0.055900621118012424,0.08333333333333333,76273,152,99,9,4,"['PRTG', 'CERK', 'UQCRFS1', 'LPXN']","['PRTG', 'CERK', 'UQCRFS1', 'LIMK1', 'LPXN', 'UBAC1', 'COQ9', 'PCGF6', 'ALDH1L2', 'PFKM']",0.10928472124313826,fold_13
4.1,cluster_id,Inh L5-6 PVALB ZFPM2-AS1,563,0.17096018735362997,0.18575063613231552,0.12966252220248667,75650,320,490,73,4,"['PRTG', 'LIMK1', 'UBAC1', 'ALDH1L2']","['PRTG', 'LIMK1', 'LPXN', 'UBAC1', 'COQ9', 'ALDH1L2', 'SLC9A9', 'PFKM', 'LHPP', 'UST']",0.06793141337487837,fold_13
4.1,cluster_id,Inh L3-5 PVALB ISG20,254,0.297427652733119,0.40217391304347827,0.14566929133858267,76224,55,217,37,6,"['TTC39A', 'NGF', 'RRP12', 'PKIB', 'MAP3K8', 'CERK']","['TTC39A', 'NGF', 'RRP12', 'PKIB', 'MAP3K8', 'CERK', 'LIMK1', 'LPXN', 'UBAC1', 'SV2C']",0.22523658191617182,fold_13
4.1,cluster_id,Inh L5 PVALB LRIG3,631,0.13720197930724246,0.15326633165829145,0.09667194928684628,75565,337,570,61,4,"['TTC39A', 'PKIB', 'CERK', 'LIMK1']","['TTC39A', 'PKIB', 'CERK', 'LIMK1', 'LPXN', 'UBAC1', 'COQ9', 'NUP210', 'SLC9A9', 'PFKM']",0.18806451273103625,fold_13
4.1,cluster_id,Inh L2-5 PVALB HHIPL1,456,0.109717868338558,0.10687022900763359,0.12280701754385964,75609,468,400,56,4,"['PKIB', 'LPXN', 'NUP210', 'SLC9A9']","['PKIB', 'LPXN', 'LIMK1', 'UBAC1', 'NUP210', 'SLC9A9', 'PFKM', 'LHPP', 'SSH1', 'GPR176']",0.06864494954472686,fold_13
4.1,cluster_id,Inh L2-5 PVALB RPH3AL,3253,0.379308046130258,0.3874702076949268,0.3498309252997233,71481,1799,2115,1138,2,"['SLC9A9', 'SSH1']","['UBAC1', 'SLC9A9', 'LHPP', 'PFKM', 'SSH1', 'MYO9B', 'BMS1', 'GPR176', 'PIK3R4', 'SFI1']",0.029591812215198438,fold_13
4.1,cluster_id,Inh L3 PVALB SAMD13,1326,0.23815720978656948,0.29093799682034976,0.13800904977375567,74761,446,1143,183,4,"['CERK', 'UBAC1', 'SLC9A9', 'MYO9B']","['CERK', 'UBAC1', 'SLC9A9', 'LHPP', 'PFKM', 'MYO9B', 'SSH1', 'BMS1', 'NSRP1', 'GRIK3']",0.05523867381230481,fold_13
4.1,cluster_id,Inh L1-2 PVALB CDK20,123,0.19438444924406048,0.21176470588235294,0.14634146341463414,76343,67,105,18,4,"['NGF', 'NDST4', 'SLC9A9', 'IFNAR1']","['NGF', 'NDST4', 'SLC9A9', 'PFKM', 'GPR176', 'IFNAR1', 'GRIK3', 'STXBP6']",0.0518924886432921,fold_13
4.1,cluster_id,Inh L2 PVALB FRZB,107,0.24271844660194175,0.24509803921568626,0.2336448598130841,76349,77,82,25,3,"['SLC9A9', 'FNDC3B', 'GRIK3']","['SLC27A1', 'SLC9A9', 'PIK3R4', 'FNDC3B', 'GRIK3', 'GPR176', 'TAMM41', 'STXBP6']",0.02340536091171708,fold_13
4.1,cluster_id,Inh L1-2 SST CLIC6,194,0.35175879396984927,0.5490196078431373,0.14432989690721648,76316,23,166,28,4,"['NDST4', 'UST', 'GPR176', 'GRIK3']","['NDST4', 'UST', 'FNDC3B', 'GPR176', 'GRIK3', 'STXBP6', 'SLC9A9']",0.03145740028980536,fold_13
4.1,cluster_id,Inh L5-6 PVALB GAPDHP60,138,0.3305785123966942,0.6153846153846154,0.11594202898550725,76385,10,122,16,3,"['MYBPC1', 'GPX1', 'SORCS2']","['MYBPC1', 'GPX1', 'SORCS2', 'FNDC3B', 'PIK3R4', 'HIGD1A', 'ZNF507', 'DNAH7', 'GPR176']",0.15319255372291704,fold_13
4.1,cluster_id,Inh L5-6 PVALB FAM150B,111,0.2289156626506024,0.25,0.17117117117117117,76365,57,92,19,4,"['MYBPC1', 'TRPC3', 'SORCS2', 'MYO9B']","['MYBPC1', 'TRPC3', 'PFKM', 'SORCS2', 'MYO9B', 'HIGD1A']",0.029000215119020616,fold_13
4.1,cluster_id,Inh L5-6 PVALB MEPE,230,0.3202247191011236,0.34545454545454546,0.24782608695652175,76195,108,173,57,3,"['MYBPC1', 'TRPC3', 'SLC9A9']","['MYBPC1', 'TRPC3', 'MYO9B', 'HIGD1A', 'NSRP1', 'SLC9A9']",0.022964609250550477,fold_13
4.1,cluster_id,Inh L1-6 PVALB COL15A1,288,0.6043956043956044,0.8,0.3055555555555556,76223,22,200,88,2,"['TRPC3', 'SLC9A9']","['TRPC3', 'SLC9A9', 'FNDC3B', 'GPR176', 'STXBP6']",0.03795112900682109,fold_13
4.1,cluster_id,Exc L2 LAMP5 KCNG3,261,0.1436265709156194,0.21621621621621623,0.06130268199233716,76214,58,245,16,5,"['RPL37A', 'MLLT6', 'NBPF11', 'HOPX', 'SORCS2']","['RPL37A', 'MLLT6', 'NBPF11', 'HOPX', 'MYH9', 'SORCS2', 'AP4S1', 'CBLN2', 'ANO3', 'FHL2']",0.09777865087641524,fold_13
4.1,cluster_id,Exc L2 LINC00507 ATP7B,183,0.10344827586206896,0.14285714285714285,0.04918032786885246,76296,54,174,9,5,"['ARL4A', 'NPTX2', 'NBPF11', 'USP43', 'HOPX']","['ARL4A', 'NPTX2', 'NBPF11', 'USP43', 'HOPX', 'MYH9', 'FHL2', 'MYO9B', 'CBLN2', 'SSH1']",0.09037481815307594,fold_13
4.1,cluster_id,Exc L2 LINC00507 GLRA3,12485,0.4914252774174953,0.5291509643094657,0.38237885462555066,59800,4248,7711,4774,2,"['NBPF11', 'HOPX']","['MLLT6', 'NBPF11', 'INTS1', 'SV2C', 'HOPX', 'USP43', 'MYH9', 'CBLN2', 'SORCS2', 'ANO3']",0.06542404376951114,fold_13
4.1,cluster_id,Exc L2-3 RORB RTKN2,1211,0.2617412288843512,0.27011494252873564,0.23286540049545829,74560,762,929,282,5,"['COL5A2', 'PKDCC', 'USP43', 'SV2C', 'HOPX']","['COL5A2', 'PKDCC', 'USP43', 'SV2C', 'HOPX', 'MYH9', 'CBLN2', 'SORCS2', 'ANO3', 'LHPP']",0.06031398360513544,fold_13
4.1,cluster_id,Exc L2-3 LINC00507 DSG3,1088,0.4978287841191067,0.601123595505618,0.29503676470588236,75232,213,767,321,3,"['DUSP1', 'SV2C', 'CBLN2']","['DUSP1', 'NPTX2', 'SV2C', 'NBPF11', 'CBLN2', 'HOPX', 'MYH9', 'DNAH7', 'MYO9B', 'FHL2']",0.07832568792168527,fold_13
4.1,cluster_id,Exc L3 LAMP5 CARM1P1,4044,0.6240584513407653,0.7179376083188909,0.40974282888229474,71838,651,2387,1657,3,"['TGFBR1', 'SV2C', 'HOPX']","['TGFBR1', 'SV2C', 'NBPF11', 'COL5A2', 'USP43', 'HOPX', 'CBLN2', 'MYH9', 'GALNT9', 'ANO3']",0.04383410093599777,fold_13
4.1,cluster_id,Oligo L2-6 OPALIN MAP6D1,101,0.3503184713375796,0.7857142857142857,0.10891089108910891,76429,3,90,11,5,"['RPL37A', 'MEGF10', 'CDK18', 'HOPX', 'MYH9']","['RPL37A', 'PHLDB1', 'MEGF10', 'CDK18', 'HOPX', 'MYH9', 'CBLN2', 'LHPP', 'MYO9B', 'FHL2']",0.07484753788293881,fold_13
4.1,cluster_id,Exc L2-3 RORB CCDC68,3331,0.6481536717771282,0.6471113758189398,0.6523566496547584,72017,1185,1158,2173,2,"['COL5A2', 'TRPC3']","['COL5A2', 'PKDCC', 'TRPC3', 'USP43', 'HOPX', 'MYH9', 'UST', 'DNAH7', 'ANO3', 'CBLN2']",0.061924361078469374,fold_13
4.1,cluster_id,Exc L2-3 RORB PTPN3,1628,0.1514057384941267,0.13142498955286253,0.38636363636363635,70748,4157,999,629,4,"['COL5A2', 'HOPX', 'ANO3', 'CBLN2']","['COL5A2', 'USP43', 'HOPX', 'MYH9', 'ANO3', 'CBLN2', 'DNAH7', 'UST', 'FHL2', 'FNDC3B']",0.03278698596277597,fold_13
4.1,cluster_id,Exc L3 THEMIS ENPEP,785,0.22236024844720498,0.22098765432098766,0.22802547770700637,75117,631,606,179,5,"['TGFBR1', 'COL5A2', 'SV2C', 'ZNF595', 'USP43']","['TGFBR1', 'COL5A2', 'SV2C', 'ZNF595', 'USP43', 'HOPX', 'MYH9', 'CBLN2', 'FHL2', 'ANO3']",0.04700247146283606,fold_13
4.1,cluster_id,Exc L3-5 RORB TNNT2,535,0.11718252451916954,0.10060142154182614,0.34392523364485983,74353,1645,351,184,5,"['TGFBR1', 'COL5A2', 'USP43', 'HOPX', 'ANO3']","['TGFBR1', 'COL5A2', 'USP43', 'HOPX', 'MYH9', 'ANO3', 'FHL2', 'UST', 'MYO9B', 'CBLN2']",0.04802252462171207,fold_13
4.1,cluster_id,Exc L3-5 RORB LAMA4,250,0.2461799660441426,0.25,0.232,76109,174,192,58,4,"['TGFBR1', 'COL5A2', 'TRPC3', 'HOPX']","['TGFBR1', 'COL5A2', 'TRPC3', 'USP43', 'HOPX', 'MYH9', 'FNDC3B', 'UST', 'ANO3', 'FHL2']",0.06608201023665897,fold_13
4.1,cluster_id,Exc L5 THEMIS VILL,216,0.14136904761904762,0.1347517730496454,0.17592592592592593,76073,244,178,38,4,"['ZNF697', 'TGFBR1', 'CDK18', 'USP43']","['ZNF697', 'TGFBR1', 'CDK18', 'PKDCC', 'COL5A2', 'USP43', 'TRPC3', 'HOPX', 'FNDC3B', 'PGM3']",0.08221561924162563,fold_13
4.1,cluster_id,Exc L3 RORB OTOGL,2134,0.34277879341864714,0.38015930485155686,0.24601686972820994,73543,856,1609,525,3,"['CDK18', 'USP43', 'ANO3']","['CDK18', 'COL5A2', 'USP43', 'PNPLA7', 'ANO3', 'FHL2', 'MYO9B', 'FNDC3B', 'CBLN2', 'CFL1']",0.044126378738686446,fold_13
4.1,cluster_id,Exc L3-5 RORB LINC01202,640,0.11022286821705427,0.10435779816513761,0.1421875,75112,781,549,91,5,"['HOPX', 'UST', 'FHL2', 'ANO3', 'SFI1']","['HOPX', 'MYH9', 'UST', 'FHL2', 'ANO3', 'SFI1', 'MYO9B', 'CFL1', 'CCK']",0.028883788039340916,fold_13
4.1,cluster_id,Exc L5 THEMIS SLC22A18,1824,0.46862509992006396,0.589937106918239,0.2571271929824561,74383,326,1355,469,5,"['NPTX2', 'PKDCC', 'INTS1', 'COL5A2', 'KCNG2']","['NPTX2', 'PKDCC', 'INTS1', 'COL5A2', 'KCNG2', 'ZNF595', 'USP43', 'ANO3', 'PNPLA7', 'MYH9']",0.05776772366895423,fold_13
4.1,cluster_id,Exc L5-6 THEMIS TNFAIP6,1132,0.14226342710997442,0.13895394223263074,0.15724381625441697,74298,1103,954,178,5,"['ZNF595', 'KCNG2', 'HOPX', 'ANO3', 'CDIP1']","['ZNF595', 'KCNG2', 'HOPX', 'ANO3', 'CDIP1', 'MYH9', 'CBLN2', 'GALNT9', 'FHL2', 'MYO9B']",0.025853202243479086,fold_13
4.1,cluster_id,Exc L3-5 RORB LNX2,4631,0.38031584550777786,0.41902899967416096,0.27769380263442023,70119,1783,3345,1286,4,"['CDK18', 'PNPLA7', 'SORCS2', 'ANO3']","['CDK18', 'PKDCC', 'USP43', 'PNPLA7', 'SORCS2', 'ANO3', 'GALNT9', 'FHL2', 'UST', 'MYO9B']",0.03017681492125284,fold_13
4.1,cluster_id,Exc L3-5 RORB RPRM,1231,0.2504743833017078,0.37606837606837606,0.10722989439480098,75083,219,1099,132,4,"['MAT2B', 'GPX1', 'ATP6V1D', 'EIF4H']","['MAT2B', 'ATXN7L3B', 'GPX1', 'ATP6V1D', 'EIF4H', 'SORCS2', 'GALNT9', 'CFL1', 'UST', 'HIGD1A']",0.09828724448906243,fold_13
4.1,cluster_id,Exc L5 RORB MED8,309,0.13377926421404682,0.16326530612244897,0.07766990291262135,76101,123,285,24,5,"['CDK18', 'TGFBR1', 'KCNG2', 'ANO3', 'HOPX']","['CDK18', 'TGFBR1', 'USP43', 'KCNG2', 'ANO3', 'HOPX', 'MYH9', 'UST', 'MYO9B', 'CCK']",0.038146813597376344,fold_13
4.1,cluster_id,Exc L5 THEMIS FGF10,147,0.08033664881407804,0.07241379310344828,0.14285714285714285,76117,269,126,21,5,"['TGFBR1', 'NPTX2', 'COL5A2', 'KCNG2', 'HOPX']","['TGFBR1', 'NPTX2', 'COL5A2', 'USP43', 'KCNG2', 'HOPX', 'PGM3', 'CBLN2', 'ANO3', 'UST']",0.03417636119301412,fold_13
4.1,cluster_id,Exc L6 THEMIS LINC00343,905,0.07829343015999092,0.06980273141122914,0.15248618784530388,73789,1839,767,138,5,"['HPCAL4', 'USP43', 'HOPX', 'PNPLA7', 'CBLN2']","['HPCAL4', 'USP43', 'HOPX', 'PNPLA7', 'MYH9', 'CBLN2', 'ANO3', 'FNDC3B', 'FHL2', 'GALNT9']",0.03893212004417327,fold_13
4.1,cluster_id,Exc L6 THEMIS SLN,436,0.07432432432432433,0.06740196078431372,0.12614678899082568,75336,761,381,55,5,"['ARL4A', 'HPCAL4', 'USP43', 'PNPLA7', 'HOPX']","['ARL4A', 'MLLT6', 'HPCAL4', 'USP43', 'PNPLA7', 'HOPX', 'CBLN2', 'MYH9', 'ANO3', 'GALNT9']",0.050614945410759296,fold_13
4.1,cluster_id,Exc L6 THEMIS SNTG2,488,0.0869120654396728,0.0794392523364486,0.13934426229508196,75257,788,420,68,6,"['ZNF697', 'TGFBR1', 'USP43', 'HOPX', 'MYH9', 'ANO3']","['ZNF697', 'TGFBR1', 'USP43', 'HOPX', 'MYH9', 'ANO3', 'FNDC3B', 'CBLN2', 'FHL2', 'SSH1']",0.047136379763346364,fold_13
4.1,cluster_id,Exc L5-6 THEMIS SMYD1,327,0.15596880623875226,0.15522388059701492,0.15902140672782875,75923,283,275,52,5,"['PCDH1', 'ZNF697', 'CDK18', 'MLLT6', 'USP43']","['PCDH1', 'ZNF697', 'ZNF793', 'CDK18', 'MLLT6', 'USP43', 'FHL2', 'HOPX', 'MYO9B', 'PGM3']",0.08629386091814593,fold_13
4.1,cluster_id,Exc L5-6 FEZF2 OR1L8,263,0.5247376311844077,0.693069306930693,0.2661596958174905,76239,31,193,70,4,"['LGR6', 'MAP3K8', 'NPTX2', 'PTK7']","['LGR6', 'MAP3K8', 'NPTX2', 'PTK7', 'PKDCC', 'SLC26A11', 'PNPLA7', 'TRPC3', 'KCNG2', 'FHL2']",0.12921412270763574,fold_13
4.1,cluster_id,Exc L5 THEMIS LINC01116,151,0.13806706114398423,0.15730337078651685,0.09271523178807947,76307,75,137,14,6,"['TTC39A', 'MAP3K8', 'PTK7', 'LIMK1', 'PKDCC', 'ZNF595']","['TTC39A', 'MAP3K8', 'PTK7', 'LIMK1', 'PKDCC', 'ZNF595', 'SV2C', 'NUP210', 'GALNT9', 'ANO3']",0.0723937358792972,fold_13
4.1,cluster_id,Exc L5 THEMIS RGPD6,241,0.06044325050369376,0.057692307692307696,0.07468879668049792,75998,294,223,18,5,"['MAP3K8', 'PTK7', 'PKDCC', 'NUP210', 'PCGF6']","['MAP3K8', 'PTK7', 'BRMS1L', 'PKDCC', 'NUP210', 'PCGF6', 'PGM3', 'GALNT9', 'FHL2', 'ANO3']",0.05919272939780501,fold_13
4.1,cluster_id,Exc L5-6 FEZF2 C9orf135-AS1,2602,0.1378766248403336,0.12225183211192538,0.28209069946195237,68661,5270,1868,734,4,"['PNPLA7', 'ANO3', 'PGM3', 'GALNT9']","['PNPLA7', 'HOPX', 'ANO3', 'PGM3', 'GALNT9', 'FHL2', 'AP4S1', 'BMS1', 'SSH1', 'IFNAR1']",0.027262914731585278,fold_13
4.1,cluster_id,Exc L5-6 FEZF2 FILIP1L,318,0.368763557483731,0.4503311258278146,0.2138364779874214,76132,83,250,68,3,"['MYBPC1', 'NPTX2', 'TRPC3']","['MYBPC1', 'MAP3K8', 'PTK7', 'NPTX2', 'TRPC3', 'NUP210', 'PNPLA7', 'GALNT9', 'ANO3', 'FHL2']",0.09352476793624061,fold_13
4.1,cluster_id,Exc L5-6 FEZF2 SH2D1B,159,0.2159827213822894,0.2631578947368421,0.12578616352201258,76318,56,139,20,5,"['MYBPC1', 'MAP3K8', 'PTK7', 'TRPC3', 'KCNG2']","['MYBPC1', 'MAP3K8', 'PTK7', 'NPTX2', 'TRPC3', 'KCNG2', 'PNPLA7', 'GALNT9', 'ANO3', 'FHL2']",0.0919789903133383,fold_13
4.1,cluster_id,Exc L6 FEZF2 PDYN,22,0.39473684210526316,0.75,0.13636363636363635,76510,1,19,3,3,"['LGR6', 'PKIB', 'PHLDB1']","['COQ10B', 'LGR6', 'DUSP4', 'PKIB', 'DUSP1', 'PHLDB1', 'GPX1', 'NPTX2', 'TRPC3', 'CDIP1']",0.2722676088360032,fold_13
4.1,cluster_id,Exc L6 FEZF2 FFAR4,106,0.13245033112582782,0.16326530612244897,0.07547169811320754,76386,41,98,8,6,"['PTK7', 'SLC26A11', 'HPCAL4', 'ALDH1L2', 'PNPLA7', 'KCNG2']","['PTK7', 'SLC26A11', 'HPCAL4', 'ALDH1L2', 'PNPLA7', 'KCNG2', 'UST', 'SORCS2', 'PGM3', 'FHL2']",0.050821454353468326,fold_13
4.1,cluster_id,Exc L6 FEZF2 PROKR2,72,0.6089743589743589,0.9047619047619048,0.2638888888888889,76459,2,53,19,5,"['PTK7', 'NPTX2', 'VCAN', 'PNPLA7', 'SORCS2']","['PTK7', 'NPTX2', 'VCAN', 'PKDCC', 'PNPLA7', 'SORCS2', 'ANO3', 'MYH9', 'FHL2', 'UST']",0.08689754673187274,fold_13
4.1,cluster_id,Exc L5-6 FEZF2 CFTR,108,0.2850877192982456,0.43333333333333335,0.12037037037037036,76408,17,95,13,5,"['DUSP1', 'SV2C', 'TRPC3', 'PNPLA7', 'FHL2']","['DUSP1', 'PTK7', 'SV2C', 'TRPC3', 'PNPLA7', 'FHL2', 'GALNT9', 'UST', 'MTX3', 'IFNAR1']",0.04615109437579425,fold_13
4.1,cluster_id,Exc L6 FEZF2 KLK7,1801,0.5250767656090072,0.6653696498054474,0.2848417545807885,74474,258,1288,513,4,"['PTK7', 'PNPLA7', 'UST', 'FHL2']","['MAP3K8', 'PTK7', 'INTS1', 'PNPLA7', 'UST', 'FHL2', 'GALNT9', 'PGM3', 'ANO3', 'FNDC3B']",0.04999671575003671,fold_13
4.1,cluster_id,Exc L6 FEZF2 POGK,127,0.09861932938856016,0.10526315789473684,0.07874015748031496,76321,85,117,10,4,"['BCL7A', 'PTK7', 'PKDCC', 'HPCAL4']","['BCL7A', 'PTK7', 'PKDCC', 'HPCAL4', 'PNPLA7', 'RING1', 'KCNG2', 'UST', 'FHL2', 'AP4S1']",0.10736640321025182,fold_13
4.1,cluster_id,Exc L5 FEZF2 CSN1S1,150,0.14522821576763487,0.1686746987951807,0.09333333333333334,76314,69,136,14,4,"['TCFL5', 'SLC22A14', 'DUSP1', 'COL5A2']","['TCFL5', 'SLC22A14', 'CEP85', 'DUSP1', 'COL5A2', 'LIMK1', 'PKDCC', 'SLC26A11', 'KCNG2', 'CBLN2']",0.30355074914934393,fold_13
4.1,cluster_id,Exc L3-5 FEZF2 ASGR2,620,0.3560371517027864,0.5476190476190477,0.14838709677419354,75837,76,528,92,5,"['TCTN2', 'HEATR4', 'PKDCC', 'COL5A2', 'LPXN']","['TCTN2', 'HEATR4', 'PKDCC', 'COL5A2', 'LIMK1', 'LPXN', 'SV2C', 'NUP210', 'ZNF595', 'SORCS2']",0.10750930828531292,fold_13
4.1,cluster_id,Exc L3-5 FEZF2 LINC01107,88,0.06944444444444445,0.06976744186046512,0.06818181818181818,76365,80,82,6,6,"['DNAAF5', 'TCTN2', 'SLC22A14', 'TMEM74B', 'PKDCC', 'LIMK1']","['DNAAF5', 'TCTN2', 'SLC22A14', 'TMEM74B', 'PKDCC', 'LIMK1', 'COL5A2', 'LPXN', 'ZNF595', 'SORCS2']",0.3557565113315928,fold_13
4.1,cluster_id,Exc L5 FEZF2 PKD2L1,280,0.165625,0.1606060606060606,0.18928571428571428,75976,277,227,53,3,"['PRDM10', 'SORCS2', 'ALDH1L2']","['PRDM10', 'SORCS2', 'TKT', 'NUP210', 'ALDH1L2', 'ABCE1', 'PGM3', 'UST', 'PFKM', 'LHPP']",0.0665702175075572,fold_13
4.1,cluster_id,Exc L5 FEZF2 NREP-AS1,229,0.25697503671071953,0.30973451327433627,0.15283842794759825,76226,78,194,35,4,"['FCHO1', 'EHMT2', 'SLC26A11', 'SORCS2']","['RBM24', 'FCHO1', 'EHMT2', 'SLC26A11', 'SORCS2', 'NUP210', 'TRPC3', 'ALDH1L2', 'UST', 'LHPP']",0.12291245571794122,fold_13
4.1,cluster_id,Exc L5 FEZF2 RNF144A-AS1,108,0.19021739130434784,0.17834394904458598,0.25925925925925924,76296,129,80,28,3,"['ITM2A', 'SORCS2', 'NUP210']","['ITM2A', 'EHMT2', 'SLC26A11', 'SORCS2', 'NUP210', 'UST', 'PFKM', 'MTX3', 'STAT4', 'PIK3R4']",0.07480685449615175,fold_13
4.1,cluster_id,Exc L5-6 FEZF2 IFNG-AS1,753,0.5597365945437441,0.5862068965517241,0.47410358565737054,75528,252,396,357,2,"['SORCS2', 'UST']","['SORCS2', 'NUP210', 'UST', 'ALDH1L2', 'LHPP', 'PGM3', 'GALNT9', 'PFKM', 'STAT4', 'PIK3R4']",0.06152667702639163,fold_13
4.1,cluster_id,Exc L5-6 FEZF2 LPO,117,0.18134715025906736,0.3684210526315789,0.05982905982905983,76404,12,110,7,5,"['RBM24', 'FCHO1', 'DUSP1', 'NPTX2', 'NUP210']","['RBM24', 'FCHO1', 'PKIB', 'DUSP1', 'NPTX2', 'NUP210', 'SORCS2', 'TRPC3', 'GALNT9', 'UST']",0.16407871715850877,fold_13
4.1,cluster_id,OPC L1-6 PDGFRA COL20A1,283,0.8439355385920272,0.8883928571428571,0.7031802120141343,76225,25,84,199,2,"['VCAN', 'SLC9A9']","['TEK', 'LRP4', 'VCAN', 'UST', 'SLC9A9', 'ETV5']",0.0966823770800862,fold_13
4.1,cluster_id,Oligo L3-6 OPALIN ENPP6,535,0.48738922972051807,0.6137339055793991,0.2672897196261682,75908,90,392,143,2,"['CDK18', 'STAT2']","['RASSF2', 'CUEDC1', 'PHLDB1', 'CDK18', 'MEGF10', 'STAT2', 'MYO9B', 'SLC9A9', 'MOB3B', 'INTU']",0.15836387312796013,fold_13
4.1,cluster_id,Oligo L2-6 OPALIN FTH1P3,2300,0.7131126831733199,0.8041310541310541,0.4908695652173913,73958,275,1171,1129,2,"['PHLDB1', 'CDK18']","['PHLDB1', 'CDK18', 'MEGF10', 'SLC9A9', 'MOB3B', 'NAPEPLD']",0.23290989094141168,fold_13
4.1,cluster_id,Oligo L5-6 OPALIN LDLRAP1,6,0.5,1.0,0.16666666666666666,76527,0,5,1,3,"['STEAP1B', 'CBR1', 'PHLDB1']","['STEAP1B', 'CBR1', 'GNE', 'CUEDC1', 'ITM2A', 'PHLDB1', 'CDK18', 'MEGF10', 'TMEM50B', 'SORCS2']",1.0,fold_13
4.1,cluster_id,Astro L1-6 FGFR3 AQP1,119,0.3825136612021858,0.875,0.11764705882352941,76412,2,105,14,2,"['VCAN', 'CIRBP']","['VCAN', 'CIRBP']",0.06604462453732267,fold_13
4.1,cluster_id,Astro L1 FGFR3 SERPINI2,72,0.25,0.4117647058823529,0.09722222222222222,76451,10,65,7,4,"['LRP4', 'MEGF10', 'VCAN', 'SORCS2']","['PRDM16', 'LRP4', 'MEGF10', 'VCAN', 'SORCS2', 'DNAH7', 'INTU', 'SLC9A9', 'STXBP6']",0.10112314519331285,fold_13
4.1,cluster_id,Astro L1-6 FGFR3 PLCG1,377,0.6244424620874219,0.7526881720430108,0.3713527851458886,76110,46,237,140,2,"['PRDM16', 'MEGF10']","['PRDM16', 'MEGF10', 'DNAH7', 'SLC9A9', 'PIK3C2A']",0.47523790392779874,fold_13
4.1,cluster_id,Endo L2-5 NOSTRIN SRGN,64,0.9239130434782609,0.9622641509433962,0.796875,76467,2,13,51,1,['CLDN5'],"['CLDN5', 'ITM2A', 'PTPRB', 'STXBP6', 'ESYT2']",1.0,fold_13
4.1,cluster_id,VLMC L1-5 PDGFRA COLEC12,40,0.8035714285714286,0.84375,0.675,76488,5,13,27,1,['RBMS3'],"['FNDC3B', 'UST', 'RBMS3', 'MOB3B']",0.02983647800325725,fold_13
4.1,cluster_id,Micro L1-6 TYROBP CD74,108,0.8913934426229508,0.9157894736842105,0.8055555555555556,76417,8,21,87,1,['APBB1IP'],"['APBB1IP', 'RUNX1', 'TGFBR1', 'SLC9A9', 'MKNK1']",1.0,fold_13
4.1,cluster_id,Inh L1 LAMP5 PVRL2,94,0.22988505747126436,0.22429906542056074,0.2553191489361702,76356,83,70,24,4,"['RELN', 'SST', 'MYO16', 'GOLGA1']","['RELN', 'NUCB2', 'SST', 'GREB1L', 'MYO16', 'GOLGA1', 'CCDC136']",0.03424517576158778,fold_14
4.1,cluster_id,Inh L1 LAMP5 RAB11FIP1,246,0.4024767801857585,0.52,0.21138211382113822,76239,48,194,52,4,"['RELN', 'MYO16', 'GOLGA1', 'NRIP3']","['RELN', 'MYO16', 'GOLGA1', 'UFL1', 'ARHGAP17', 'NRIP3', 'GRIP2']",0.03406720443963012,fold_14
4.1,cluster_id,Inh L1-6 LAMP5 AARD,1539,0.5951390044947561,0.640107430617726,0.4645873944119558,74592,402,824,715,2,"['DPF3', 'MYO16']","['DPF3', 'MYO16', 'NRIP3', 'UFL1', 'GRIP2', 'XPOT']",0.033457473056653184,fold_14
4.1,cluster_id,Inh L1-6 LAMP5 NES,419,0.2900107411385607,0.421875,0.1288782816229117,76040,74,365,54,2,"['DPF3', 'NRIP3']","['DPF3', 'MYO16', 'NRIP3', 'GRIP2']",0.030541474125112336,fold_14
4.1,cluster_id,Inh L1-6 LAMP5 CA1,465,0.36487322201607914,0.4097222222222222,0.2537634408602151,75898,170,347,118,3,"['HTRA1', 'MYO16', 'GREB1L']","['HTRA1', 'MYO16', 'GREB1L', 'ARHGAP17']",0.030218555918311855,fold_14
4.1,cluster_id,Inh L5-6 LAMP5 CRABP1,923,0.2932837143363459,0.2805084745762712,0.35861321776814736,74761,849,592,331,3,"['MYO16', 'UFL1', 'NRIP3']","['RNFT2', 'MYO16', 'ARHGAP17', 'UFL1', 'NRIP3', 'GOLGA1', 'MED15', 'CASC3', 'XPOT', 'GTPBP10']",0.02599844542183286,fold_14
4.1,cluster_id,Inh L3-6 PAX6 LINC01497,84,0.8088235294117647,0.9361702127659575,0.5238095238095238,76446,3,40,44,3,"['ANGPT1', 'RELN', 'KLHL1']","['FLRT1', 'FAM161A', 'NUCB2', 'ANGPT1', 'RELN', 'KLHL1', 'GREB1L', 'PHF1', 'EIF2AK1', 'MYO16']",0.08252945665123597,fold_14
4.1,cluster_id,Inh L1 PAX6 MIR101-1,139,0.6267806267806267,0.8301886792452831,0.31654676258992803,76385,9,95,44,4,"['ST8SIA6', 'RELN', 'GREB1L', 'MYO16']","['ST8SIA6', 'RELN', 'GREB1L', 'CNTLN', 'ANGPT1', 'MYO16', 'UFL1', 'CD59', 'USP46']",0.07371361427043432,fold_14
4.1,cluster_id,Inh L1 PAX6 CHRFAM7A,185,0.27303754266211605,0.5925925925925926,0.08648648648648649,76337,11,169,16,2,"['RELN', 'CNTLN']","['RELN', 'ANGPT1', 'CNTLN', 'GREB1L', 'MYO16']",0.04376878443419897,fold_14
4.1,cluster_id,Inh L1-6 VIP SLC7A6OS,61,0.3111111111111111,0.34146341463414637,0.22950819672131148,76445,27,47,14,4,"['GFRA2', 'DPF3', 'ANGPT1', 'MYO16']","['GFRA2', 'DPF3', 'HTRA1', 'ANGPT1', 'CNTLN', 'MYO16', 'CD59', 'ARHGAP17', 'PRKAA1', 'CDK5R1']",0.04873235820826134,fold_14
4.1,cluster_id,Inh L2 PAX6 FREM2,108,0.3424657534246575,0.43478260869565216,0.18518518518518517,76399,26,88,20,3,"['ST8SIA6', 'L3MBTL3', 'HTRA1']","['ST8SIA6', 'COX7A2', 'L3MBTL3', 'RELN', 'HTRA1', 'HEXA', 'DPF3', 'GFRA2', 'CNTLN', 'MYO16']",0.08788990605497635,fold_14
4.1,cluster_id,Inh L1-2 VIP HTR3A,42,0.24193548387096775,0.6,0.07142857142857142,76489,2,39,3,4,"['FLRT1', 'FAM107B', 'GLRA3', 'CNTLN']","['FLRT1', 'FAM107B', 'GLRA3', 'CNTLN', 'UFL1']",0.05841386205830425,fold_14
4.1,cluster_id,Inh L1-2 VIP WNT4,52,0.2631578947368421,0.6666666666666666,0.07692307692307693,76479,2,48,4,4,"['FLRT1', 'CPNE7', 'L3MBTL3', 'GLRA3']","['FLRT1', 'CPNE7', 'PRDM10', 'L3MBTL3', 'GLRA3', 'ANGPT1', 'HTRA1', 'EIF2AK1', 'HEXA', 'CNTLN']",0.08610014408787975,fold_14
4.1,cluster_id,Inh L1 LAMP5 BMP2,352,0.6325301204819277,0.6885245901639344,0.4772727272727273,76105,76,184,168,3,"['RELN', 'SST', 'MYO16']","['RELN', 'GREB1L', 'GLRA3', 'SST', 'MYO16', 'GOLGA1', 'MPPED1']",0.03518808247704868,fold_14
4.1,cluster_id,Inh L1 LAMP5 NMBR,193,0.6051437216338881,0.6837606837606838,0.41450777202072536,76303,37,113,80,2,"['RELN', 'GLRA3']","['RELN', 'GLRA3', 'GREB1L', 'MYO16']",0.08595205458674016,fold_14
4.1,cluster_id,Inh L1 PVALB SST ASIC4,186,0.05181347150259067,0.08,0.021505376344086023,76301,46,182,4,2,"['PLCH1', 'HRH2']","['PLCH1', 'HRH2']",0.017851666031051382,fold_14
4.1,cluster_id,Inh L1 SST P4HA3,38,0.18292682926829268,0.2727272727272727,0.07894736842105263,76487,8,35,3,3,"['ST8SIA6', 'RELN', 'XPOT']","['ST8SIA6', 'RELN', 'XPOT', 'MYO16']",0.05338438209909374,fold_14
4.1,cluster_id,Inh L1 SST DEFB108B,223,0.15780245470485096,0.14516129032258066,0.242152466367713,75992,318,169,54,2,"['RELN', 'PLCH1']","['RELN', 'PLCH1']",0.03280329498324781,fold_14
4.1,cluster_id,Inh L1-3 VIP CBLN1,464,0.6070574162679426,0.6721854304635762,0.4375,75970,99,261,203,3,"['RELN', 'DPF3', 'PLCH1']","['RELN', 'DPF3', 'PLCH1']",0.04841774272048107,fold_14
4.1,cluster_id,Inh L1-2 VIP EXPH5,509,0.3592233009708738,0.42857142857142855,0.2180746561886051,75876,148,398,111,4,"['DPF3', 'RELN', 'GREB1L', 'MYO16']","['DPF3', 'RELN', 'HTRA1', 'CNTLN', 'GREB1L', 'MYO16']",0.028788490782539235,fold_14
4.1,cluster_id,Inh L1-3 VIP HSPB6,396,0.18841166936790923,0.17953667953667954,0.23484848484848486,75712,425,303,93,3,"['RELN', 'DPF3', 'HTRA1']","['RELN', 'DPF3', 'HTRA1']",0.04457885314196484,fold_14
4.1,cluster_id,Inh L1-2 VIP PTGER3,84,0.12867647058823528,0.14893617021276595,0.08333333333333333,76409,40,77,7,5,"['CXXC5', 'DUSP16', 'SAP18', 'HTRA1', 'DPF3']","['CXXC5', 'DUSP16', 'SAP18', 'PHF1', 'HTRA1', 'DPF3', 'TMEM242', 'CNTLN', 'FAM217B', 'CMPK1']",0.07311081105581264,fold_14
4.1,cluster_id,Inh L1-2 VIP SCML4,128,0.11597938144329897,0.13846153846153847,0.0703125,76349,56,119,9,5,"['MYL6B', 'DPF3', 'ERMP1', 'CNTLN', 'CASC3']","['MYL6B', 'DPF3', 'ERMP1', 'CNTLN', 'USP46', 'CASC3', 'CCDC136', 'PRKAA1', 'UFL1', 'CD59']",0.03185536184798786,fold_14
4.1,cluster_id,Inh L1-3 VIP FNDC1,111,0.05896805896805897,0.0498960498960499,0.21621621621621623,75965,457,87,24,3,"['DPF3', 'CD59', 'SMYD2']","['DPF3', 'CD59', 'SMYD2', 'FILIP1L']",0.026096398505152253,fold_14
4.1,cluster_id,Inh L1-3 VIP CHRNA2,310,0.27233115468409586,0.32894736842105265,0.16129032258064516,76121,102,260,50,4,"['ANGPT1', 'HTRA1', 'DPF3', 'RELN']","['ANGPT1', 'HTRA1', 'DPF3', 'RELN', 'CNTLN', 'TMEM242', 'MYO16', 'FILIP1L']",0.04965713295755003,fold_14
4.1,cluster_id,Inh L2 VIP SLC6A16,288,0.25,0.3082706766917293,0.1423611111111111,76153,92,247,41,3,"['DPF3', 'ANGPT1', 'PLCH1']","['DPF3', 'ANGPT1', 'CNTLN', 'PLCH1']",0.040042653341028966,fold_14
4.1,cluster_id,Inh L1 VIP KLHDC8B,95,0.2094240837696335,0.3333333333333333,0.08421052631578947,76422,16,87,8,3,"['ANGPT1', 'DPF3', 'SMYD2']","['ANGPT1', 'HTRA1', 'PHF1', 'DPF3', 'SMYD2', 'CTBP2', 'CDK5R1', 'MYO16']",0.04275333293680737,fold_14
4.1,cluster_id,Inh L3-5 VIP IGDCC3,390,0.21099744245524296,0.336734693877551,0.08461538461538462,76078,65,357,33,3,"['IGSF3', 'ANGPT1', 'CTBP2']","['IGSF3', 'HTRA1', 'ANGPT1', 'CDK5R1', 'SMYD2', 'CTBP2']",0.042528281648167444,fold_14
4.1,cluster_id,Inh L1-5 VIP SMOC1,638,0.33350703491401773,0.32,0.4012539184952978,75351,544,382,256,2,"['HTRA1', 'ANGPT1']","['HTRA1', 'ANGPT1', 'SMYD2', 'CDK5R1']",0.0620114068218006,fold_14
4.1,cluster_id,Inh L3-5 VIP HS3ST3A1,225,0.3536754507628294,0.4112903225806452,0.22666666666666666,76235,73,174,51,4,"['HTRA1', 'ANGPT1', 'DPF3', 'GREB1L']","['IGSF3', 'HTRA1', 'ANGPT1', 'DPF3', 'CNTLN', 'GREB1L', 'CDK5R1', 'SMYD2', 'CTBP2']",0.04356555436743245,fold_14
4.1,cluster_id,Inh L5-6 VIP COL4A3,89,0.23668639053254437,0.4,0.0898876404494382,76432,12,81,8,5,"['HTRA1', 'SAP18', 'PHF1', 'ANGPT1', 'GREB1L']","['HTRA1', 'SAP18', 'PHF1', 'ANGPT1', 'GREB1L', 'CNTLN', 'FAM219A', 'MSL2', 'SMYD2', 'FAM217B']",0.05356319312198399,fold_14
4.1,cluster_id,Inh L1-5 VIP CD27-AS1,67,0.18072289156626506,0.75,0.04477611940298507,76465,1,64,3,5,"['KLHL1', 'SERBP1', 'GREB1L', 'CNTLN', 'CDK5R1']","['KLHL1', 'HTRA1', 'SERBP1', 'GREB1L', 'CNTLN', 'CDK5R1', 'SMYD2']",0.03882164531265031,fold_14
4.1,cluster_id,Inh L2-5 VIP BSPRY,85,0.09212730318257957,0.0859375,0.12941176470588237,76331,117,74,11,5,"['HTRA1', 'RELN', 'GREB1L', 'CNTLN', 'SMYD2']","['HTRA1', 'RELN', 'GREB1L', 'CNTLN', 'CDK5R1', 'SMYD2', 'XPOT', 'CTBP2']",0.028720667532542526,fold_14
4.1,cluster_id,Inh L2-5 VIP SOX11,116,0.02727272727272727,0.024390243902439025,0.05172413793103448,76177,240,110,6,4,"['CNTLN', 'USP53', 'CCDC136', 'FAM217B']","['CNTLN', 'USP53', 'CCDC136', 'FAM217B']",0.023095650421504917,fold_14
4.1,cluster_id,Inh L3-6 VIP ZIM2-AS1,146,0.13986013986013987,0.22857142857142856,0.0547945205479452,76360,27,138,8,5,"['RELN', 'GREB1L', 'TAF1B', 'UFL1', 'FAM217B']","['RELN', 'GREB1L', 'USP53', 'TAF1B', 'UFL1', 'FAM217B']",0.02610368376899595,fold_14
4.1,cluster_id,Inh L1-5 VIP PHLDB3,92,0.13157894736842105,0.12162162162162163,0.1956521739130435,76311,130,74,18,3,"['IGSF3', 'KLHL1', 'GREB1L']","['IGSF3', 'KLHL1', 'RELN', 'GREB1L']",0.06549208570991556,fold_14
4.1,cluster_id,Inh L1-5 VIP LINC01013,127,0.11004126547455295,0.10666666666666667,0.12598425196850394,76272,134,111,16,3,"['IGSF3', 'GREB1L', 'CNTRL']","['IGSF3', 'GREB1L', 'CNTRL', 'TAF1B', 'CTBP2']",0.02994435664175962,fold_14
4.1,cluster_id,Inh L3-6 VIP UG0898H09,131,0.13911620294599017,0.14166666666666666,0.1297709923664122,76299,103,114,17,4,"['IGSF3', 'KLHL1', 'GREB1L', 'XPOT']","['IGSF3', 'KLHL1', 'GREB1L', 'XPOT', 'TAF1B', 'CTBP2']",0.045929687041573984,fold_14
4.1,cluster_id,Inh L3-5 VIP TAC3,367,0.06621656712542197,0.05855338691159587,0.13896457765667575,75346,820,316,51,2,"['GREB1L', 'CNTRL']","['GREB1L', 'CNTRL']",0.021873540699377466,fold_14
4.1,cluster_id,Inh L1-6 SST NPY,67,0.5027932960893855,0.6428571428571429,0.26865671641791045,76456,10,49,18,1,['SST'],"['NENF', 'CTPS1', 'NUCB2', 'SST', 'DUSP16', 'DYNLT3', 'WBP1L', 'CNTLN', 'CD59', 'SMYD2']",0.09869525562060509,fold_14
4.1,cluster_id,Inh L3-5 SST CDH3,81,0.11737089201877934,0.15151515151515152,0.06172839506172839,76424,28,76,5,4,"['TRIM67', 'PLCH1', 'CDK5R1', 'ARHGAP17']","['TRIM67', 'SST', 'CCDC136', 'PLCH1', 'CDK5R1', 'ARHGAP17', 'MITF']",0.028978849106873466,fold_14
4.1,cluster_id,Inh L5 SST RPL35AP11,764,0.3768050541516246,0.3642311886586696,0.43717277486910994,75186,583,430,334,3,"['SST', 'PLCH1', 'MITF']","['SST', 'CCDC136', 'PLCH1', 'MITF']",0.03304962313930616,fold_14
4.1,cluster_id,Inh L5-6 SST ISX,394,0.4095112285336856,0.44285714285714284,0.3147208121827411,75983,156,270,124,3,"['KLHL1', 'SST', 'MITF']","['KLHL1', 'SST', 'EEF2K', 'CCDC136', 'PLCH1', 'MITF', 'FAM217B']",0.06088205322842811,fold_14
4.1,cluster_id,Inh L5-6 PVALB SST CRHR2,218,0.22264631043256997,0.24647887323943662,0.16055045871559634,76208,107,183,35,4,"['TRIM67', 'CLMN', 'DYNLT3', 'MITF']","['TRIM67', 'CLMN', 'DYNLT3', 'EEF2K', 'CCDC136', 'MITF', 'PLCH1', 'CD59', 'ABHD17B', 'ANK1']",0.0537635812421505,fold_14
4.1,cluster_id,Inh L3-5 SST OR5AH1P,242,0.15655577299412915,0.1641025641025641,0.1322314049586777,76128,163,210,32,4,"['TRIM67', 'SST', 'EEF2K', 'PLCH1']","['TRIM67', 'PRDM1', 'SST', 'EEF2K', 'CCDC136', 'PLCH1', 'MITF']",0.05695943559471295,fold_14
4.1,cluster_id,Inh L3-5 SST GGTLC3,1154,0.4437824625725634,0.4310089020771513,0.5034662045060658,74612,767,573,581,3,"['SST', 'RELN', 'PLCH1']","['SST', 'RELN', 'PLCH1']",0.03388692882106475,fold_14
4.1,cluster_id,Inh L2-3 SST NMU,419,0.19534883720930232,0.25609756097560976,0.10023866348448687,75992,122,377,42,4,"['PRDM1', 'FBLN7', 'SST', 'PLCH1']","['PRDM1', 'FBLN7', 'EEF2K', 'SST', 'PLCH1', 'CCDC136', 'MYO16']",0.04359051098337132,fold_14
4.1,cluster_id,Inh L5-6 SST PAWR,194,0.2993527508090615,0.3490566037735849,0.19072164948453607,76270,69,157,37,4,"['SST', 'RELN', 'ANGPT1', 'PLCH1']","['TRIM67', 'SST', 'RELN', 'ANGPT1', 'CCDC136', 'PLCH1']",0.03456115033582811,fold_14
4.1,cluster_id,Inh L5-6 SST PIK3CD,129,0.3698630136986301,0.4576271186440678,0.20930232558139536,76372,32,102,27,4,"['TRIM67', 'ANGPT1', 'RELN', 'SST']","['TRIM67', 'PRDM1', 'ANGPT1', 'RELN', 'SST', 'EEF2K', 'PLCH1', 'CCDC136']",0.049442391840285496,fold_14
4.1,cluster_id,Inh L1-2 SST CCNJL,320,0.10699728260869565,0.09603658536585366,0.196875,75620,593,257,63,2,"['SST', 'USP53']","['SST', 'USP53', 'CCDC136', 'PLCH1']",0.032106271151712176,fold_14
4.1,cluster_id,Inh L1-3 SST FAM20A,1069,0.20067270965167322,0.17095677513355997,0.6585594013096352,72050,3414,365,704,2,"['SST', 'PLCH1']","['SST', 'PLCH1']",0.03980427265809673,fold_14
4.1,cluster_id,Inh L1-2 SST PRRT4,376,0.16355140186915887,0.23333333333333334,0.07446808510638298,76065,92,348,28,3,"['KLHL1', 'SST', 'USP53']","['KLHL1', 'SST', 'USP53', 'CCDC136']",0.028479575225382144,fold_14
4.1,cluster_id,Inh L5-6 SST BEAN1,76,0.06880733944954129,0.06666666666666667,0.07894736842105263,76373,84,70,6,5,"['SST', 'PLCH1', 'CCDC136', 'MSL2', 'PCNT']","['SST', 'PLCH1', 'CCDC136', 'MSL2', 'FAM217B', 'PCNT', 'USP53']",0.027684769212569103,fold_14
4.1,cluster_id,Inh L5-6 SST DNAJC14,35,0.08353221957040573,0.07291666666666667,0.2,76409,89,28,7,4,"['FECH', 'MYH14', 'SST', 'PHF1']","['TMEM87B', 'FECH', 'MYH14', 'KLHL1', 'SST', 'PHF1', 'STUB1', 'RNFT2', 'ANGPT1', 'GREB1L']",0.0737094855872277,fold_14
4.1,cluster_id,Inh L5-6 SST C4orf26,93,0.16877637130801687,0.2222222222222222,0.08602150537634409,76412,28,85,8,4,"['PCBP1', 'RANBP6', 'KLHL1', 'WBP2']","['PCBP1', 'RANBP6', 'KLHL1', 'SAP18', 'MYL6B', 'WBP2', 'SST', 'DYNLT3', 'STUB1', 'ANGPT1']",0.12828415894328252,fold_14
4.1,cluster_id,Inh L5-6 SST FBN2,100,0.3073770491803279,0.4166666666666667,0.15,76412,21,85,15,3,"['KLHL1', 'SST', 'GREB1L']","['PRDM1', 'KLHL1', 'SST', 'ERMP1', 'PLCH1', 'GREB1L', 'CCDC136']",0.046684854008212304,fold_14
4.1,cluster_id,Inh L5-6 SST KLHL1,188,0.42517006802721086,0.5,0.26595744680851063,76295,50,138,50,3,"['KLHL1', 'SST', 'GREB1L']","['TMEM87B', 'KLHL1', 'DUSP16', 'SST', 'GREB1L', 'CCDC136', 'PLCH1', 'USP53', 'FAM217B', 'PRKAA1']",0.048925145301522525,fold_14
4.1,cluster_id,Inh L6 SST TH,84,0.1388888888888889,0.18181818181818182,0.07142857142857142,76422,27,78,6,4,"['RANBP6', 'PRDM1', 'HS6ST1', 'KLHL1']","['RANBP6', 'PRDM1', 'HS6ST1', 'KLHL1', 'FDX1', 'DYNLT3', 'SST', 'GLRA3', 'ANGPT1', 'PLCH1']",0.10724040167670709,fold_14
4.1,cluster_id,Inh L5-6 PVALB KCNIP2,108,0.044326241134751775,0.0392156862745098,0.09259259259259259,76180,245,98,10,5,"['PRDM1', 'MYH14', 'SERPINB9', 'RNFT2', 'SERBP1']","['PRDM1', 'MYH14', 'SERPINB9', 'RNFT2', 'CHP1', 'SERBP1', 'ERMP1', 'TMEM242', 'MYO16', 'MCTS1']",0.04739509211817553,fold_14
4.1,cluster_id,Inh L5-6 PVALB ZFPM2-AS1,563,0.12271133619010519,0.12574850299401197,0.11190053285968028,75532,438,500,63,5,"['PRDM1', 'MYH14', 'FBLN7', 'FDX1', 'RNFT2']","['PRDM1', 'MYH14', 'FBLN7', 'FDX1', 'EEF2K', 'RNFT2', 'ERMP1', 'MYO16', 'PLCH1', 'CCDC136']",0.06071957084274942,fold_14
4.1,cluster_id,Inh L3-5 PVALB ISG20,254,0.3021148036253776,0.39215686274509803,0.15748031496062992,76217,62,214,40,5,"['HSBP1L1', 'CKMT1A', 'CPT1A', 'TRIM67', 'EEF2K']","['HSBP1L1', 'CKMT1A', 'CPT1A', 'TRIM67', 'MYH14', 'EEF2K', 'ANGPT1', 'GREB1L', 'MYO16', 'MITF']",0.4502163762618271,fold_14
4.1,cluster_id,Inh L5 PVALB LRIG3,631,0.13199883957064112,0.12926136363636365,0.14421553090332806,75289,613,540,91,4,"['TRIM67', 'MYH14', 'SERPINB9', 'EEF2K']","['TRIM67', 'MYH14', 'FBLN7', 'SERPINB9', 'EEF2K', 'ERMP1', 'CNTLN', 'FAM219A', 'MYO16', 'PRKAA1']",0.06416268284865057,fold_14
4.1,cluster_id,Inh L2-5 PVALB HHIPL1,456,0.13353765323992994,0.13347921225382933,0.1337719298245614,75681,396,395,61,5,"['CLMN', 'HS6ST1', 'FBLN7', 'RAB4A', 'EEF2K']","['CLMN', 'HS6ST1', 'FBLN7', 'SERPINB9', 'RAB4A', 'EEF2K', 'ERMP1', 'TMEM242', 'CNTLN', 'MYO16']",0.05028101646037136,fold_14
4.1,cluster_id,Inh L2-5 PVALB RPH3AL,3253,0.305481455984855,0.33938814531548755,0.21826006762988012,71898,1382,2543,710,3,"['FBLN7', 'FGD6', 'EEF2K']","['HS6ST1', 'FBLN7', 'FGD6', 'EEF2K', 'ERMP1', 'SLC39A14', 'CNTLN', 'MYO16', 'CCDC136', 'PRKAA1']",0.044605045840803395,fold_14
4.1,cluster_id,Inh L3 PVALB SAMD13,1326,0.22129880170081176,0.23804573804573806,0.1726998491704374,74474,733,1097,229,4,"['HS6ST1', 'FGD6', 'FBLN7', 'EEF2K']","['HS6ST1', 'FGD6', 'FBLN7', 'SERPINB9', 'EEF2K', 'SLC39A14', 'ERMP1', 'TMEM242', 'CNTLN', 'MYO16']",0.062457299025051864,fold_14
4.1,cluster_id,Inh L1-2 PVALB CDK20,123,0.16483516483516483,0.18072289156626506,0.12195121951219512,76342,68,108,15,5,"['CLMN', 'EEF2K', 'ANGPT1', 'ERMP1', 'GREB1L']","['CLMN', 'FBLN7', 'EEF2K', 'ANGPT1', 'ERMP1', 'GREB1L', 'MYO16', 'USP46', 'GRIP2', 'CCDC136']",0.03626706599089023,fold_14
4.1,cluster_id,Inh L2 PVALB FRZB,107,0.11400651465798045,0.14,0.06542056074766354,76383,43,100,7,4,"['FBLN7', 'WBP1L', 'USP53', 'CCDC136']","['CLMN', 'FBLN7', 'EEF2K', 'WBP1L', 'USP53', 'CCDC136', 'MYO16', 'PRKAA1', 'FAM162A', 'CMPK1']",0.036912045168183104,fold_14
4.1,cluster_id,Inh L1-2 SST CLIC6,194,0.11846901579586877,0.10743801652892562,0.20103092783505155,76015,324,155,39,4,"['PRDM1', 'FBLN7', 'SST', 'PLCH1']","['PRDM1', 'FBLN7', 'SST', 'EEF2K', 'ERMP1', 'PLCH1', 'CCDC136', 'MYO16', 'GRIP2']",0.04470908979773265,fold_14
4.1,cluster_id,Inh L5-6 PVALB GAPDHP60,138,0.10674157303370786,0.10106382978723404,0.13768115942028986,76226,169,119,19,5,"['DUSP16', 'FBLN7', 'ERMP1', 'PLCH1', 'MYO16']","['DUSP16', 'FBLN7', 'ERMP1', 'PLCH1', 'MYO16', 'FAM162A', 'CD59', 'CMPK1', 'MITF']",0.04236394115453644,fold_14
4.1,cluster_id,Inh L5-6 PVALB FAM150B,111,0.1694915254237288,0.21739130434782608,0.09009009009009009,76386,36,101,10,4,"['FAM107B', 'DUSP16', 'FBLN7', 'CNTLN']","['FAM107B', 'DUSP16', 'FBLN7', 'SERPINB9', 'PHF1', 'CNTLN', 'FAM219A', 'PRKAA1', 'CMPK1', 'UFL1']",0.06183115465181118,fold_14
4.1,cluster_id,Inh L5-6 PVALB MEPE,230,0.20034843205574912,0.26744186046511625,0.1,76240,63,207,23,3,"['FAM107B', 'FBLN7', 'ERMP1']","['FAM107B', 'FBLN7', 'DUSP16', 'ERMP1', 'CNTLN', 'FAM162A', 'MYO16', 'CCDC136', 'FILIP1L', 'PLCH1']",0.05834672995223556,fold_14
4.1,cluster_id,Inh L1-6 PVALB COL15A1,288,0.278436018957346,0.3381294964028777,0.16319444444444445,76153,92,241,47,4,"['HTRA1', 'MYO16', 'USP46', 'ANK1']","['FBLN7', 'HTRA1', 'MYO16', 'USP46', 'CCDC136', 'ANK1']",0.030361648918267932,fold_14
4.1,cluster_id,Exc L2 LAMP5 KCNG3,261,0.11523687580025609,0.13846153846153847,0.06896551724137931,76160,112,243,18,5,"['RPL24', 'HS6ST1', 'EEF2K', 'BAIAP2', 'USP46']","['RPL24', 'HS6ST1', 'GLRA3', 'EEF2K', 'BAIAP2', 'USP46', 'ARHGAP17', 'CDK5R1', 'USP53', 'PDE2A']",0.04358512264091247,fold_14
4.1,cluster_id,Exc L2 LINC00507 ATP7B,183,0.20891364902506965,0.3409090909090909,0.08196721311475409,76321,29,168,15,3,"['PDIA5', 'DPF3', 'USP53']","['PDIA5', 'GFRA2', 'DPF3', 'GLRA3', 'USP53', 'SLC39A14', 'GREB1L', 'PGBD1', 'BAIAP2', 'HRH2']",0.038418407208963064,fold_14
4.1,cluster_id,Exc L2 LINC00507 GLRA3,12485,0.5455517917632376,0.5798505105800611,0.4411694032839407,60057,3991,6977,5508,2,"['GLRA3', 'BAIAP2']","['HS6ST1', 'DNAH9', 'GLRA3', 'GFRA2', 'FBXO41', 'BAIAP2', 'MCTS1', 'USP46', 'HRH2', 'CDK5R1']",0.04495910966990435,fold_14
4.1,cluster_id,Exc L2-3 RORB RTKN2,1211,0.14373132204354633,0.13892709766162312,0.16680429397192403,74070,1252,1009,202,4,"['MYLK', 'DNAH9', 'GLRA3', 'SERPINB9']","['MYLK', 'L3MBTL3', 'DNAH9', 'GLRA3', 'CHP1', 'SERPINB9', 'GFRA2', 'DPF3', 'SMYD2', 'PLCH1']",0.07332803981346858,fold_14
4.1,cluster_id,Exc L2-3 LINC00507 DSG3,1088,0.11102886750555144,0.11121408711770157,0.11029411764705882,74486,959,968,120,5,"['CFAP54', 'FBLN7', 'SERPINB9', 'GFRA2', 'SLC39A14']","['CFAP54', 'DNAH9', 'FBLN7', 'SERPINB9', 'GFRA2', 'SLC39A14', 'FBXO41', 'GREB1L', 'BAIAP2', 'CABP1']",0.044826536487360374,fold_14
4.1,cluster_id,Exc L3 LAMP5 CARM1P1,4044,0.452319587628866,0.4893691181596375,0.34718100890207715,71024,1465,2640,1404,4,"['DNAH9', 'SERPINB9', 'GFRA2', 'GREB1L']","['CFAP54', 'DNAH9', 'FBLN7', 'SERPINB9', 'GFRA2', 'GREB1L', 'SLC39A14', 'FBXO41', 'BAIAP2', 'NUP93']",0.054978655513860344,fold_14
4.1,cluster_id,Oligo L2-6 OPALIN MAP6D1,101,0.06108202443280977,0.059322033898305086,0.06930693069306931,76321,111,94,7,4,"['PLLP', 'ASPA', 'FAM107B', 'RPL24']","['PLLP', 'GLTP', 'FAM124A', 'ASPA', 'FAM107B', 'RPL24', 'CLMN', 'DUSP16', 'GLRA3', 'GREB1L']",0.13202462454832534,fold_14
4.1,cluster_id,Exc L2-3 RORB CCDC68,3331,0.6270911487377065,0.7575015309246785,0.37135995196637644,72806,396,2094,1237,4,"['MYLK', 'CLMN', 'FGD6', 'GLRA3']","['MYLK', 'L3MBTL3', 'CLMN', 'FGD6', 'GLRA3', 'DYNLT3', 'CHP1', 'GFRA2', 'SMYD2', 'PLCH1']",0.06171057403723011,fold_14
4.1,cluster_id,Exc L2-3 RORB PTPN3,1628,0.18080357142857142,0.176759410801964,0.19901719901719903,73396,1509,1304,324,3,"['MYLK', 'GLRA3', 'PLCH1']","['MYLK', 'FGD6', 'GLRA3', 'PLCH1', 'SMYD2', 'USP46']",0.05103018157773972,fold_14
4.1,cluster_id,Exc L3 THEMIS ENPEP,785,0.06179697264268851,0.05548628428927681,0.11337579617834395,74233,1515,696,89,5,"['MYLK', 'DNAH9', 'SERPINB9', 'GFRA2', 'RABEPK']","['MYLK', 'DNAH9', 'SERPINB9', 'CHP1', 'GFRA2', 'RABEPK', 'STUB1', 'RAB4A', 'SLC39A14', 'UBAP2L']",0.0384658377392981,fold_14
4.1,cluster_id,Exc L3-5 RORB TNNT2,535,0.11056511056511056,0.12,0.08411214953271028,75668,330,490,45,5,"['LDLR', 'MYLK', 'DNAH9', 'WBP2', 'DYNLT3']","['LDLR', 'MYLK', 'DNAH9', 'WBP2', 'DYNLT3', 'FAM120AOS', 'EIF2AK1', 'DPF3', 'STUB1', 'SLC39A14']",0.06806116906557796,fold_14
4.1,cluster_id,Exc L3-5 RORB LAMA4,250,0.06019261637239166,0.060240963855421686,0.06,76049,234,235,15,5,"['MYLK', 'FGD6', 'SERPINB9', 'DPF3', 'RAB4A']","['MYLK', 'FGD6', 'SERPINB9', 'CHP1', 'DPF3', 'RAB4A', 'SMYD2', 'PLCH1', 'TMEM242', 'ARHGAP17']",0.04249382087114834,fold_14
4.1,cluster_id,Exc L5 THEMIS VILL,216,0.01173096976016684,0.009656652360515022,0.08333333333333333,74471,1846,198,18,5,"['ZNF382', 'DNAH9', 'SERPINB9', 'GFRA2', 'RAB4A']","['ZNF382', 'DNAH9', 'SERPINB9', 'GFRA2', 'RAB4A', 'STUB1', 'CNTLN', 'TMEM242', 'SMYD2', 'GBE1']",0.039147789765513495,fold_14
4.1,cluster_id,Exc L3 RORB OTOGL,2134,0.5599154844551766,0.6607301869991096,0.3477038425492034,74018,381,1392,742,2,"['PLCH1', 'NEK11']","['MYLK', 'DPF3', 'PLCH1', 'NEK11', 'SMYD2', 'FILIP1L', 'PDIA6', 'CTBP2']",0.03588697705953188,fold_14
4.1,cluster_id,Exc L3-5 RORB LINC01202,640,0.09291725105189341,0.09584086799276673,0.0828125,75393,500,587,53,4,"['NEK11', 'USP46', 'FAM217B', 'FILIP1L']","['NEK11', 'USP46', 'FAM217B', 'FILIP1L']",0.027562657347193993,fold_14
4.1,cluster_id,Exc L5 THEMIS SLC22A18,1824,0.35843101893597834,0.4869831546707504,0.17434210526315788,74374,335,1506,318,4,"['SLC8B1', 'LDLR', 'AXIN1', 'CPNE7']","['SLC8B1', 'LDLR', 'AXIN1', 'CPNE7', 'ZNF382', 'FGD6', 'GFRA2', 'SMYD2', 'NEK11', 'CTBP2']",0.19142485842727106,fold_14
4.1,cluster_id,Exc L5-6 THEMIS TNFAIP6,1132,0.047067734256654406,0.040110650069156296,0.15371024734982333,71237,4164,958,174,4,"['WBP2', 'GFRA2', 'STUB1', 'RAB4A']","['WBP2', 'DYNLT3', 'GFRA2', 'RABEPK', 'STUB1', 'RAB4A', 'UBAP2L', 'TMEM242', 'SMYD2', 'GBE1']",0.032877356718519275,fold_14
4.1,cluster_id,Exc L3-5 RORB LNX2,4631,0.24901045666686358,0.27423552374756016,0.18203411790110127,69671,2231,3788,843,4,"['SAP18', 'FGD6', 'GFRA2', 'DYNLT3']","['SAP18', 'FGD6', 'WBP2', 'GFRA2', 'DYNLT3', 'GLRA3', 'STUB1', 'SMYD2', 'CTBP2', 'NEK11']",0.04891057509552002,fold_14
4.1,cluster_id,Exc L3-5 RORB RPRM,1231,0.23985239852398524,0.38741721854304634,0.0950446791226645,75117,185,1114,117,4,"['RSL24D1', 'CXXC5', 'PCBP1', 'WBP2']","['RSL24D1', 'CXXC5', 'PCBP1', 'SAP18', 'FGD6', 'WBP2', 'DYNLT3', 'STUB1', 'SERBP1', 'SMYD2']",0.1999457702365644,fold_14
4.1,cluster_id,Exc L5 RORB MED8,309,0.03711340206185567,0.034026465028355386,0.05825242718446602,75713,511,291,18,5,"['CXXC5', 'FGD6', 'WBP2', 'RAB4A', 'UBAP2L']","['CXXC5', 'FGD6', 'WBP2', 'RAB4A', 'SERBP1', 'UBAP2L', 'TMEM242', 'MCTS1', 'USP46', 'BAIAP2']",0.04679653563484856,fold_14
4.1,cluster_id,Exc L5 THEMIS FGF10,147,0.02620741295394983,0.022187004754358162,0.09523809523809523,75769,617,133,14,5,"['CXXC5', 'PRPF3', 'FGD6', 'FAM120AOS', 'DYNLT3']","['CXXC5', 'PRPF3', 'FGD6', 'FAM120AOS', 'DYNLT3', 'CHP1', 'EIF2AK1', 'RAB4A', 'STUB1', 'SMYD2']",0.054131312443534724,fold_14
4.1,cluster_id,Exc L6 THEMIS LINC00343,905,0.16263552960800667,0.1738484398216939,0.1292817679558011,75072,556,788,117,4,"['GLRA3', 'GFRA2', 'RABEPK', 'GBE1']","['GLRA3', 'GFRA2', 'RABEPK', 'STUB1', 'WBP1L', 'GBE1', 'FBXO41', 'BAIAP2', 'ARHGAP17', 'FAM219A']",0.03671860005666226,fold_14
4.1,cluster_id,Exc L6 THEMIS SLN,436,0.4696327683615819,0.5428571428571428,0.30504587155963303,75985,112,303,133,3,"['AXIN1', 'GLRA3', 'GBE1']","['AXIN1', 'DENND6B', 'DUSP16', 'DNAH9', 'GLRA3', 'GBE1', 'HEXA', 'GFRA2', 'UBAP2L', 'BAIAP2']",0.05124174774503307,fold_14
4.1,cluster_id,Exc L6 THEMIS SNTG2,488,0.0412796697626419,0.03778040141676505,0.06557377049180328,75230,815,456,32,5,"['GPR137B', 'AXIN1', 'DENND6B', 'DNAH9', 'HEXA']","['GPR137B', 'AXIN1', 'DENND6B', 'ZNF382', 'DNAH9', 'HEXA', 'GFRA2', 'WBP1L', 'BAIAP2', 'GBE1']",0.07501365733710211,fold_14
4.1,cluster_id,Exc L5-6 THEMIS SMYD1,327,0.24798154555940022,0.31851851851851853,0.13149847094801223,76114,92,284,43,4,"['OLFML2B', 'AXIN1', 'L3MBTL3', 'NUCB2']","['OLFML2B', 'AXIN1', 'CFAP54', 'DENND6B', 'L3MBTL3', 'NUCB2', 'KLHL1', 'RNF112', 'GBE1', 'PGBD1']",0.12472334428737417,fold_14
4.1,cluster_id,Exc L5-6 FEZF2 OR1L8,263,0.31788079470198677,0.3902439024390244,0.18250950570342206,76195,75,215,48,4,"['LGR6', 'SNX18', 'DYNLT3', 'HEXA']","['LGR6', 'SNX18', 'ZNF382', 'RNF112', 'DYNLT3', 'HEXA', 'ANGPT1', 'WBP1L', 'PGBD1', 'BAIAP2']",0.18140565922845558,fold_14
4.1,cluster_id,Exc L5 THEMIS LINC01116,151,0.05627705627705628,0.05179282868525897,0.08609271523178808,76144,238,138,13,6,"['CRELD2', 'CKMT1A', 'DDX55', 'MYH14', 'CHP1', 'SERPINB9']","['CRELD2', 'CKMT1A', 'DDX55', 'MYH14', 'CHP1', 'SERPINB9', 'TMEM242', 'ABHD17B', 'CTBP2', 'LONRF1']",0.2515134788938132,fold_14
4.1,cluster_id,Exc L5 THEMIS RGPD6,241,0.05253104106972302,0.04551724137931035,0.13692946058091288,75600,692,208,33,6,"['MYH14', 'RNF112', 'CHP1', 'GFRA2', 'RABEPK', 'SLC39A14']","['MYH14', 'RNF112', 'CHP1', 'GFRA2', 'RABEPK', 'SLC39A14', 'CNTLN', 'TMEM242', 'BAIAP2', 'ABHD17B']",0.04745049211800748,fold_14
4.1,cluster_id,Exc L5-6 FEZF2 C9orf135-AS1,2602,0.11347693323429892,0.10170118343195267,0.21137586471944658,69073,4858,2052,550,3,"['RNF112', 'WBP1L', 'BAIAP2']","['RNF112', 'GFRA2', 'WBP1L', 'BAIAP2', 'FBXO41', 'MCTS1', 'FILIP1L', 'USP46', 'ABHD17B']",0.03214950407537708,fold_14
4.1,cluster_id,Exc L5-6 FEZF2 FILIP1L,318,0.02182845403184386,0.01901565995525727,0.05345911949685535,75338,877,301,17,6,"['RNF112', 'CHP1', 'RABEPK', 'RNFT2', 'SLC39A14', 'WBP1L']","['RNF112', 'CHP1', 'RABEPK', 'RNFT2', 'SLC39A14', 'WBP1L', 'FILIP1L', 'BAIAP2', 'PGBD1', 'USP46']",0.03948246725484069,fold_14
4.1,cluster_id,Exc L5-6 FEZF2 SH2D1B,159,0.015157256536566882,0.012903225806451613,0.050314465408805034,75762,612,151,8,5,"['BRAT1', 'RPL24', 'MIB2', 'ZNF382', 'RNF112']","['BRAT1', 'RPL24', 'MIB2', 'ZNF382', 'RNF112', 'CHP1', 'WBP1L', 'BAIAP2', 'CTBP2', 'FILIP1L']",0.11694621212376834,fold_14
4.1,cluster_id,Exc L6 FEZF2 PDYN,22,0.16666666666666666,0.5,0.045454545454545456,76510,1,21,1,4,"['TUSC1', 'LGR6', 'PCBP1', 'RANBP6']","['TUSC1', 'LGR6', 'CCKBR', 'SNX18', 'PCBP1', 'RANBP6', 'KLHL1', 'SAP18', 'ANGPT1', 'WBP1L']",0.33585489444852423,fold_14
4.1,cluster_id,Exc L6 FEZF2 FFAR4,106,0.22357723577235772,0.3142857142857143,0.10377358490566038,76403,24,95,11,5,"['OLFML2B', 'CFAP54', 'SAP18', 'WBP2', 'GLRA3']","['OLFML2B', 'CFAP54', 'PSMB5', 'SAP18', 'WBP2', 'GLRA3', 'MCTS1', 'USP46', 'HRH2', 'BAIAP2']",0.07825842629942018,fold_14
4.1,cluster_id,Exc L6 FEZF2 PROKR2,72,0.0635593220338983,0.07317073170731707,0.041666666666666664,76423,38,69,3,6,"['SNX18', 'NBPF15', 'TMEM87B', 'PSMB5', 'RANBP6', 'CPNE7']","['SNX18', 'NBPF15', 'TMEM87B', 'PSMB5', 'RANBP6', 'CPNE7', 'KLHL1', 'SAP18', 'WBP2', 'WBP1L']",0.12887801053567685,fold_14
4.1,cluster_id,Exc L5-6 FEZF2 CFTR,108,0.22388059701492538,0.3,0.1111111111111111,76397,28,96,12,3,"['OLFML2B', 'RNF112', 'STUB1']","['SDC3', 'OLFML2B', 'RANBP6', 'RNF112', 'SERBP1', 'STUB1', 'WBP1L', 'BAIAP2', 'CTBP2', 'HRH2']",0.08670268907516418,fold_14
4.1,cluster_id,Exc L6 FEZF2 KLK7,1801,0.6183676143063016,0.6474622770919067,0.524153248195447,74218,514,857,944,2,"['OLFML2B', 'GLRA3']","['SDC3', 'OLFML2B', 'RNF112', 'GLRA3', 'RABEPK', 'GFRA2', 'WBP1L', 'BAIAP2', 'GREB1L', 'HRH2']",0.10651687747870384,fold_14
4.1,cluster_id,Exc L6 FEZF2 POGK,127,0.1457725947521866,0.18518518518518517,0.07874015748031496,76362,44,117,10,5,"['SDC3', 'OLFML2B', 'CPNE7', 'DENND6B', 'NUCB2']","['SDC3', 'OLFML2B', 'CPNE7', 'DENND6B', 'NUCB2', 'RNF112', 'FAM120AOS', 'GLRA3', 'BAIAP2', 'USP46']",0.09979866276559832,fold_14
4.1,cluster_id,Exc L5 FEZF2 CSN1S1,150,0.07001166861143523,0.061381074168797956,0.16,76016,367,126,24,4,"['CPT1A', 'CCKBR', 'LDLR', 'CFAP54']","['CPT1A', 'CCKBR', 'LDLR', 'FAM161A', 'CFAP54', 'DUSP16', 'RNF112', 'ANGPT1', 'SMYD2', 'PLCH1']",0.276147459383513,fold_14
4.1,cluster_id,Exc L3-5 FEZF2 ASGR2,620,0.6378205128205128,0.8468085106382979,0.3209677419354839,75877,36,421,199,4,"['FAM161A', 'CFAP54', 'GLRA3', 'ANGPT1']","['CCKBR', 'LDLR', 'FAM161A', 'CFAP54', 'GLRA3', 'ANGPT1', 'CHP1', 'SMYD2', 'USP46', 'ARL13B']",0.0931261174783734,fold_14
4.1,cluster_id,Exc L3-5 FEZF2 LINC01107,88,0.11210762331838565,0.09950248756218906,0.22727272727272727,76264,181,68,20,6,"['ALDH18A1', 'FAM161A', 'CFAP54', 'MYH14', 'GLRA3', 'SERPINB9']","['ALDH18A1', 'FAM161A', 'CFAP54', 'MYH14', 'GLRA3', 'SERPINB9', 'ANGPT1', 'ARL13B', 'USP46', 'MYO16']",0.10706782097764661,fold_14
4.1,cluster_id,Exc L5 FEZF2 PKD2L1,280,0.23885350318471338,0.3448275862068966,0.10714285714285714,76196,57,250,30,4,"['PDIA5', 'FAM124A', 'MYH14', 'USP46']","['PDIA5', 'FAM124A', 'MIB2', 'CPNE7', 'MYH14', 'USP46', 'EEF2K', 'CNTLN', 'NEK11', 'HRH2']",0.08707088532546081,fold_14
4.1,cluster_id,Exc L5 FEZF2 NREP-AS1,229,0.44090056285178236,0.618421052631579,0.2052401746724891,76275,29,182,47,3,"['ST8SIA6', 'CPNE7', 'CLMN']","['RBM24', 'PDIA5', 'ST8SIA6', 'CPNE7', 'L3MBTL3', 'CLMN', 'WBP1L', 'EEF2K', 'USP46', 'NEK11']",0.07429181197820164,fold_14
4.1,cluster_id,Exc L5 FEZF2 RNF144A-AS1,108,0.225,0.391304347826087,0.08333333333333333,76411,14,99,9,3,"['PDIA5', 'WBP1L', 'NEK11']","['PDIA5', 'CPNE7', 'WBP1L', 'EEF2K', 'NEK11', 'ERMP1', 'USP46', 'HRH2', 'PGBD1', 'STAT4']",0.04682192471089286,fold_14
4.1,cluster_id,Exc L5-6 FEZF2 IFNG-AS1,753,0.39670273055126226,0.5185185185185185,0.20451527224435592,75637,143,599,154,2,"['CPNE7', 'NEK11']","['CPNE7', 'L3MBTL3', 'CLMN', 'WBP1L', 'EEF2K', 'NEK11', 'HRH2', 'PGBD1', 'PRKAA1', 'STAT4']",0.11717772154935405,fold_14
4.1,cluster_id,Exc L5-6 FEZF2 LPO,117,0.13011152416356878,0.18421052631578946,0.05982905982905983,76385,31,110,7,4,"['RBM24', 'CPNE7', 'L3MBTL3', 'MYL6B']","['NIPSNAP3B', 'RBM24', 'CPNE7', 'L3MBTL3', 'COX7A2', 'MYL6B', 'KLHL1', 'ANGPT1', 'SLC39A14', 'HRH2']",0.07918043773085831,fold_14
4.1,cluster_id,OPC L1-6 PDGFRA COL20A1,283,0.5105973025048169,0.8983050847457628,0.1872791519434629,76244,6,230,53,2,"['PLLP', 'LRP1']","['SDC3', 'PLLP', 'HTRA1', 'KLHL1', 'DPF3', 'LRP1', 'FARP2', 'MYO16']",0.20576836908196322,fold_14
4.1,cluster_id,Oligo L3-6 OPALIN ENPP6,535,0.2998667258996002,0.3146853146853147,0.2523364485981308,75704,294,400,135,3,"['TJAP1', 'GLTP', 'FAM124A']","['TJAP1', 'GLTP', 'FAM124A', 'ASPA', 'FAM107B', 'CLMN', 'DPF3', 'ABHD17B', 'UFL1', 'NASP']",0.40192389524273453,fold_14
4.1,cluster_id,Oligo L2-6 OPALIN FTH1P3,2300,0.8044346364018495,0.8486696230598669,0.6656521739130434,73960,273,769,1531,2,"['FAM107B', 'CLMN']","['PLLP', 'FAM124A', 'ASPA', 'FAM107B', 'CLMN', 'DUSP16', 'GREB1L', 'PDE8A', 'MITF']",0.22409216481677516,fold_14
4.1,cluster_id,Oligo L5-6 OPALIN LDLRAP1,6,0.35714285714285715,0.5,0.16666666666666666,76526,1,5,1,4,"['TFEB', 'FAM107B', 'ARMC10', 'HEXA']","['TFEB', 'FAM107B', 'PCBP1', 'CLMN', 'ARMC10', 'HEXA', 'TMEM242', 'ERMP1', 'NASP', 'CASC3']",0.21611732004371287,fold_14
4.1,cluster_id,Astro L1-6 FGFR3 AQP1,119,0.3109656301145663,0.3089430894308943,0.31932773109243695,76329,85,81,38,2,"['RFX4', 'DOCK7']","['RFX4', 'DOCK7']",0.18425239034758165,fold_14
4.1,cluster_id,Astro L1 FGFR3 SERPINI2,72,0.34274193548387094,0.38636363636363635,0.2361111111111111,76434,27,55,17,2,"['TOB1', 'RFX4']","['TOB1', 'RFX4', 'FGD6', 'DPF3']",0.6730828141602532,fold_14
4.1,cluster_id,Astro L1-6 FGFR3 PLCG1,377,0.5458132398071022,0.523109243697479,0.6604774535809018,75929,227,128,249,1,['RFX4'],"['RFX4', 'HTRA1']",0.3077468419816688,fold_14
4.1,cluster_id,Endo L2-5 NOSTRIN SRGN,64,0.826271186440678,0.9069767441860465,0.609375,76465,4,25,39,1,['ST8SIA6'],"['ST8SIA6', 'USP53', 'CD59', 'PPFIBP1']",0.5457972254208014,fold_14
4.1,cluster_id,VLMC L1-5 PDGFRA COLEC12,40,0.6547619047619048,1.0,0.275,76493,0,29,11,1,['ABCA6'],"['FGD6', 'ABCA6', 'LRP1', 'CENPP', 'PPFIBP1']",0.04194727953433864,fold_14
4.1,cluster_id,Micro L1-6 TYROBP CD74,108,0.753968253968254,0.7676767676767676,0.7037037037037037,76402,23,32,76,1,['TBXAS1'],"['TBXAS1', 'ZFP36L2', 'USP53', 'HTRA1', 'STX7']",1.0,fold_14
4.1,cluster_id,Inh L1 LAMP5 PVRL2,94,0.1497005988023952,0.16666666666666666,0.10638297872340426,76389,50,84,10,5,"['DNAJC12', 'SERTM1', 'ARHGAP42', 'MAML3', 'SUSD1']","['DNAJC12', 'SERTM1', 'ARHGAP42', 'MAML3', 'SUSD1', 'ILF3', 'PDIA3']",0.029238507002893207,fold_15
4.1,cluster_id,Inh L1 LAMP5 RAB11FIP1,246,0.14102564102564102,0.12910798122065728,0.22357723577235772,75916,371,191,55,3,"['SERTM1', 'DGKD', 'SUSD1']","['SERTM1', 'DGKD', 'SUSD1', 'MAML3', 'TIAM2', 'ILF3', 'ARHGAP17', 'SCGB2B2', 'AP3M2']",0.029067198381516696,fold_15
4.1,cluster_id,Inh L1-6 LAMP5 AARD,1539,0.48738617704134946,0.506201550387597,0.42430149447693305,74357,637,886,653,2,"['SERTM1', 'DGKD']","['SERTM1', 'TIAM2', 'DGKD', 'MAML3', 'ARX', 'SUSD1', 'ILF3', 'HTR1E', 'LPIN2']",0.0809792533230418,fold_15
4.1,cluster_id,Inh L1-6 LAMP5 NES,419,0.2666119770303528,0.325,0.15513126491646778,75979,135,354,65,3,"['DGKD', 'MAML3', 'HTR1E']","['DGKD', 'MAML3', 'TIAM2', 'HTR1E']",0.02665005507258174,fold_15
4.1,cluster_id,Inh L1-6 LAMP5 CA1,465,0.18434913468773514,0.22685185185185186,0.1053763440860215,75901,167,416,49,3,"['SERTM1', 'ARHGAP29', 'MAML3']","['SERTM1', 'ARHGAP29', 'ARX', 'SCGB2B2', 'MAML3', 'ARHGAP17', 'DGKD']",0.03151220323288167,fold_15
4.1,cluster_id,Inh L5-6 LAMP5 CRABP1,923,0.6583701324769169,0.8367346938775511,0.3553629469122427,75546,64,595,328,2,"['NKX2-1', 'DGKD']","['NKX2-1', 'SERTM1', 'SRBD1', 'ARHGAP17', 'MAML3', 'DGKD', 'ARX', 'FDPS', 'PAFAH1B2', 'SCGB2B2']",0.5129939325633749,fold_15
4.1,cluster_id,Inh L3-6 PAX6 LINC01497,84,0.07954545454545454,0.07865168539325842,0.08333333333333333,76367,82,77,7,5,"['MLEC', 'TMEM9B', 'SAMD4B', 'TRIM24', 'ARX']","['MLEC', 'TMEM9B', 'SAMD4B', 'TRIM24', 'KDELR2', 'ARX', 'WDR36', 'STARD4', 'LRCH2', 'MAML3']",0.0277785325468063,fold_15
4.1,cluster_id,Inh L1 PAX6 MIR101-1,139,0.18299881936245574,0.1751412429378531,0.22302158273381295,76248,146,108,31,3,"['MLEC', 'ARHGAP42', 'MAML3']","['MLEC', 'ARHGAP42', 'MAML3', 'ILF3', 'GNS', 'LRCH2', 'SP4', 'ZNF804B', 'AMOTL1', 'PDIA3']",0.03853838757587649,fold_15
4.1,cluster_id,Inh L1 PAX6 CHRFAM7A,185,0.16129032258064516,0.14087301587301587,0.3837837837837838,75915,433,114,71,2,"['ARHGAP42', 'MAML3']","['ARHGAP42', 'MAML3']",0.04288595457022295,fold_15
4.1,cluster_id,Inh L1-6 VIP SLC7A6OS,61,0.16129032258064516,0.375,0.04918032786885246,76467,5,58,3,4,"['MAML3', 'ARHGAP17', 'ILF3', 'GPX4']","['SRBD1', 'MAML3', 'ARHGAP17', 'ILF3', 'LRCH2', 'GPX4', 'ARX', 'STARD4', 'GNS', 'SAMD4B']",0.027736502367792862,fold_15
4.1,cluster_id,Inh L2 PAX6 FREM2,108,0.5166666666666667,0.6458333333333334,0.28703703703703703,76408,17,77,31,3,"['IGFBP7', 'METAP1', 'C12orf29']","['IGFBP7', 'AK4', 'JPH4', 'METAP1', 'C12orf29', 'SRBD1', 'MAML3', 'TRPC4', 'NXPE3', 'STARD4']",0.08242727704991512,fold_15
4.1,cluster_id,Inh L1-2 VIP HTR3A,42,0.18292682926829268,0.3,0.07142857142857142,76484,7,39,3,4,"['CALB2', 'SUSD1', 'MAML3', 'STAT3']","['CALB2', 'SUSD1', 'SRBD1', 'KDELR2', 'MAML3', 'STAT3', 'AP3M2', 'ILF3', 'LRCH2']",0.03411469186123384,fold_15
4.1,cluster_id,Inh L1-2 VIP WNT4,52,0.35714285714285715,0.75,0.11538461538461539,76479,2,46,6,4,"['WBP11', 'JPH4', 'CALB2', 'MAML3']","['WBP11', 'JPH4', 'SLC26A11', 'CALB2', 'MAML3', 'SUSD1', 'SAMD4B', 'STARD4', 'ARX', 'FDPS']",0.07532195494478856,fold_15
4.1,cluster_id,Inh L1 LAMP5 BMP2,352,0.4166666666666667,0.5625,0.20454545454545456,76125,56,280,72,3,"['ARHGAP42', 'MAML3', 'MPPED1']","['ARHGAP42', 'MAML3', 'ADGRB1', 'SUSD1', 'MPPED1', 'TRIM24']",0.027338435683916966,fold_15
4.1,cluster_id,Inh L1 LAMP5 NMBR,193,0.2974828375286041,0.4262295081967213,0.13471502590673576,76305,35,167,26,3,"['ARHGAP42', 'ADGRB1', 'MAML3']","['ARHGAP42', 'ADGRB1', 'MAML3', 'LRCH2', 'TRIM24']",0.0310654995157666,fold_15
4.1,cluster_id,Inh L1 PVALB SST ASIC4,186,0.225752508361204,0.2621359223300971,0.14516129032258066,76271,76,159,27,2,"['ARHGAP42', 'MAML3']","['ARHGAP42', 'MAML3', 'GSAP', 'TBC1D8']",0.04407508688086785,fold_15
4.1,cluster_id,Inh L1 SST P4HA3,38,0.26595744680851063,0.35714285714285715,0.13157894736842105,76486,9,33,5,4,"['ARHGAP42', 'LRCH2', 'NFIC', 'CTNNA1']","['ARHGAP42', 'MAML3', 'LRCH2', 'NFIC', 'PDIA3', 'CTNNA1']",0.02707413864220788,fold_15
4.1,cluster_id,Inh L1 SST DEFB108B,223,0.2714535901926445,0.3563218390804598,0.13901345291479822,76254,56,192,31,3,"['CALB2', 'MAML3', 'AMOTL1']","['CALB2', 'LRCH2', 'MAML3', 'AMOTL1', 'TRIM24']",0.027973614073833385,fold_15
4.1,cluster_id,Inh L1-3 VIP CBLN1,464,0.4035714285714286,0.4829059829059829,0.2435344827586207,75948,121,351,113,2,"['CALB2', 'HTR1E']","['FLT1', 'PROS1', 'CALB2', 'IL12RB2', 'SP4', 'HTR1E', 'GSAP', 'TRIM24']",0.04239369049682035,fold_15
4.1,cluster_id,Inh L1-2 VIP EXPH5,509,0.45758354755784064,0.4958217270194986,0.34970530451866405,75843,181,331,178,2,"['FLT1', 'HTR1E']","['FLT1', 'PROS1', 'IL12RB2', 'HTR1E', 'LRCH2', 'GSAP']",0.0893282209114678,fold_15
4.1,cluster_id,Inh L1-3 VIP HSPB6,396,0.19339622641509435,0.2469879518072289,0.10353535353535354,76012,125,355,41,2,"['PROS1', 'IL12RB2']","['PROS1', 'CALB2', 'IL12RB2']",0.05110646982660198,fold_15
4.1,cluster_id,Inh L1-2 VIP PTGER3,84,0.17045454545454544,0.2,0.10714285714285714,76413,36,75,9,4,"['HSDL1', 'CALB2', 'C12orf29', 'LRCH2']","['HSDL1', 'MZT2B', 'CALB2', 'C12orf29', 'KDELR2', 'LRCH2', 'PAFAH1B2', 'STAT3', 'GPX4', 'STARD4']",0.04950221583227091,fold_15
4.1,cluster_id,Inh L1-2 VIP SCML4,128,0.13392857142857142,0.15,0.09375,76337,68,116,12,5,"['CALB2', 'PROS1', 'KDELR2', 'RHBDL1', 'ILF3']","['CALB2', 'PROS1', 'KDELR2', 'LRCH2', 'RHBDL1', 'ILF3', 'WDR36', 'TUBB4B', 'TIAM2', 'ARX']",0.03313638502526741,fold_15
4.1,cluster_id,Inh L1-3 VIP FNDC1,111,0.14336917562724014,0.19047619047619047,0.07207207207207207,76388,34,103,8,4,"['CALB2', 'AP3M2', 'HTR1E', 'LRCH2']","['PROS1', 'CALB2', 'GNS', 'AP3M2', 'HTR1E', 'LRCH2', 'RSBN1', 'GPR162']",0.02880274086587511,fold_15
4.1,cluster_id,Inh L1-3 VIP CHRNA2,310,0.34953395472703064,0.3523489932885906,0.3387096774193548,76030,193,205,105,3,"['CALB2', 'GPX4', 'TRPC4']","['CALB2', 'GPX4', 'LRCH2', 'GPR162', 'TRPC4']",0.030562335872080505,fold_15
4.1,cluster_id,Inh L2 VIP SLC6A16,288,0.234375,0.2867647058823529,0.13541666666666666,76148,97,249,39,2,"['CALB2', 'TIAM2']","['CALB2', 'LRCH2', 'TIAM2', 'STARD4', 'FDPS', 'SUSD1']",0.049419740218704176,fold_15
4.1,cluster_id,Inh L1 VIP KLHDC8B,95,0.41025641025641024,0.64,0.16842105263157894,76429,9,79,16,3,"['ARHGAP29', 'LPIN2', 'RFTN1']","['SERTM1', 'ARHGAP29', 'LPIN2', 'SP4', 'TRIM24', 'RFTN1', 'SUSD1', 'LRCH2', 'PDIA3']",0.028681747102389056,fold_15
4.1,cluster_id,Inh L3-5 VIP IGDCC3,390,0.20017035775127767,0.23979591836734693,0.12051282051282051,75994,149,343,47,3,"['IL12RB2', 'RFTN1', 'TRIM24']","['IL12RB2', 'RFTN1', 'TRIM24']",0.029823650812576083,fold_15
4.1,cluster_id,Inh L1-5 VIP SMOC1,638,0.31078610603290674,0.5964912280701754,0.10658307210031348,75849,46,570,68,2,"['CALB2', 'TRPC4']","['CALB2', 'PROS1', 'LRCH2', 'TRPC4']",0.04558987362793632,fold_15
4.1,cluster_id,Inh L3-5 VIP HS3ST3A1,225,0.32136105860113423,0.4473684210526316,0.1511111111111111,76266,42,191,34,2,"['MYLIP', 'PROS1']","['MYLIP', 'PROS1', 'IL12RB2', 'RFTN1', 'MAML3']",0.1293938606694795,fold_15
4.1,cluster_id,Inh L5-6 VIP COL4A3,89,0.1556420233463035,0.19047619047619047,0.0898876404494382,76410,34,81,8,3,"['FABP5', 'C12orf29', 'ARHGAP29']","['FABP5', 'MYLIP', 'C12orf29', 'SLC26A11', 'PROS1', 'ARHGAP29', 'STAT3', 'PAFAH1B2', 'GPX4', 'TUBB4B']",0.10201063643085684,fold_15
4.1,cluster_id,Inh L1-5 VIP CD27-AS1,67,0.09771986970684039,0.1,0.08955223880597014,76412,54,61,6,4,"['CALB2', 'ARHGAP29', 'RFTN1', 'RAB5A']","['PROS1', 'CALB2', 'ARHGAP29', 'LRCH2', 'RFTN1', 'RAB5A', 'TRIM24']",0.03520460075623087,fold_15
4.1,cluster_id,Inh L2-5 VIP BSPRY,85,0.16574585635359115,0.25,0.07058823529411765,76430,18,79,6,4,"['ARHGAP29', 'RFTN1', 'LRCH2', 'MAML3']","['PROS1', 'ARHGAP29', 'IL12RB2', 'RFTN1', 'LRCH2', 'MAML3']",0.02774312777147176,fold_15
4.1,cluster_id,Inh L2-5 VIP SOX11,116,0.3611111111111111,0.36792452830188677,0.33620689655172414,76350,67,77,39,2,"['PENK', 'SLC26A11']","['PENK', 'SLC26A11', 'MLEC', 'CALB2', 'C12orf29', 'KDELR2', 'SUSD1', 'GNS', 'STAT3', 'SP4']",0.2144295564816009,fold_15
4.1,cluster_id,Inh L3-6 VIP ZIM2-AS1,146,0.7049180327868853,0.7413793103448276,0.589041095890411,76357,30,60,86,2,"['PENK', 'CALB2']","['RAP2B', 'DNAJC12', 'PENK', 'RPS6', 'CALB2', 'SRBD1', 'IL12RB2', 'STAT3', 'SP4', 'SUSD1']",0.27314787760887616,fold_15
4.1,cluster_id,Inh L1-5 VIP PHLDB3,92,0.225,0.3333333333333333,0.09782608695652174,76423,18,83,9,5,"['CALB2', 'ARHGAP42', 'STAT3', 'LRCH2', 'RFTN1']","['CALB2', 'ARHGAP42', 'IL12RB2', 'STAT3', 'LRCH2', 'RFTN1', 'GSAP', 'TRIM24', 'AMOTL1']",0.03731890551227395,fold_15
4.1,cluster_id,Inh L1-5 VIP LINC01013,127,0.23114355231143552,0.2676056338028169,0.14960629921259844,76354,52,108,19,4,"['CALB2', 'ARHGAP42', 'IL12RB2', 'AMOTL1']","['CALB2', 'ARHGAP42', 'IL12RB2', 'SP4', 'AMOTL1', 'LRCH2']",0.0358220715299212,fold_15
4.1,cluster_id,Inh L3-6 VIP UG0898H09,131,0.20869565217391303,0.21621621621621623,0.183206106870229,76315,87,107,24,4,"['CALB2', 'ARHGAP42', 'STAT3', 'RFTN1']","['SRBD1', 'CALB2', 'IL12RB2', 'ARHGAP42', 'STAT3', 'RFTN1', 'SUSD1', 'LRCH2', 'ZNF804B']",0.029333902829393146,fold_15
4.1,cluster_id,Inh L3-5 VIP TAC3,367,0.07867820613690008,0.08849557522123894,0.05449591280653951,75960,206,347,20,2,"['IL12RB2', 'RFTN1']","['IL12RB2', 'RFTN1']",0.032585944145246994,fold_15
4.1,cluster_id,Inh L1-6 SST NPY,67,0.7309941520467836,0.9615384615384616,0.373134328358209,76465,1,42,25,2,"['CRHBP', 'RPS6']","['FADS2', 'CRHBP', 'JPH4', 'SLC26A11', 'RPS6', 'ZNF544', 'SRBD1', 'KDELR2', 'STARD4', 'ARX']",0.167374277432838,fold_15
4.1,cluster_id,Inh L3-5 SST CDH3,81,0.11627906976744186,0.12727272727272726,0.08641975308641975,76404,48,74,7,5,"['FLT1', 'ARX', 'STAT3', 'OTUD4', 'SCN3B']","['FLT1', 'ARX', 'ARHGAP17', 'STAT3', 'OTUD4', 'SCN3B']",0.022419718313461855,fold_15
4.1,cluster_id,Inh L5 SST RPL35AP11,764,0.04791143362173225,0.039022542148134116,0.5392670157068062,65623,10146,352,412,1,['ARX'],['ARX'],0.027096642642352394,fold_15
4.1,cluster_id,Inh L5-6 SST ISX,394,0.06914119359534207,0.0611587982832618,0.1446700507614213,75264,875,337,57,3,"['ARX', 'TUBB4B', 'GPX4']","['ARX', 'TUBB4B', 'GPX4']",0.023709732869431288,fold_15
4.1,cluster_id,Inh L5-6 PVALB SST CRHR2,218,0.27710843373493976,0.3006535947712418,0.21100917431192662,76208,107,172,46,4,"['FLT1', 'EYS', 'LRRK1', 'ARX']","['FLT1', 'EYS', 'LRRC58', 'LRRK1', 'ZNF124', 'ARX', 'TUBB4B', 'LYNX1', 'GPX4', 'GNS']",0.04842014670764598,fold_15
4.1,cluster_id,Inh L3-5 SST OR5AH1P,242,0.06267409470752089,0.056485355648535567,0.1115702479338843,75840,451,215,27,2,"['ZNF124', 'ARX']","['ZNF124', 'ARX']",0.04490355527435022,fold_15
4.1,cluster_id,Inh L3-5 SST GGTLC3,1154,0.32898820608317814,0.41005802707930367,0.18370883882149047,75074,305,942,212,2,"['EYS', 'ZNF124']","['EYS', 'ZNF124', 'ARX', 'TRPC4']",0.0861144353405897,fold_15
4.1,cluster_id,Inh L2-3 SST NMU,419,0.2676338169084542,0.2708860759493671,0.2553699284009546,75826,288,312,107,3,"['EYS', 'ARHGAP42', 'TRPC4']","['EYS', 'CRHBP', 'ZNF124', 'ARHGAP42', 'ARX', 'TRPC4', 'ETV6']",0.025093595086325866,fold_15
4.1,cluster_id,Inh L5-6 SST PAWR,194,0.23985239852398524,0.2988505747126437,0.13402061855670103,76278,61,168,26,4,"['CRHBP', 'ARX', 'MAML3', 'SCN3B']","['CRHBP', 'ARX', 'STARD4', 'MAML3', 'RFTN1', 'SCN3B']",0.02701211445581122,fold_15
4.1,cluster_id,Inh L5-6 SST PIK3CD,129,0.08676789587852494,0.0963855421686747,0.06201550387596899,76329,75,121,8,3,"['CRHBP', 'ADGRB1', 'SCGB2B2']","['CRHBP', 'EYS', 'ZNF124', 'ARX', 'ADGRB1', 'SCGB2B2', 'AMOTL1']",0.022907398607816192,fold_15
4.1,cluster_id,Inh L1-2 SST CCNJL,320,0.05358754512635379,0.04447565543071161,0.296875,74172,2041,225,95,2,"['EYS', 'TRPC4']","['EYS', 'TRPC4']",0.038278580329172404,fold_15
4.1,cluster_id,Inh L1-2 SST PRRT4,376,0.4752851711026616,0.591715976331361,0.26595744680851063,76088,69,276,100,2,"['PENK', 'ETV6']","['PENK', 'CRHBP', 'ZNF124', 'ARX', 'ETV6', 'TRPC4']",0.0633191474236619,fold_15
4.1,cluster_id,Inh L5-6 SST BEAN1,76,0.08561643835616438,0.09259259259259259,0.06578947368421052,76408,49,71,5,4,"['ZNF124', 'STAT3', 'SCGB2B2', 'RHBDL1']","['ZNF124', 'ARX', 'STAT3', 'SCGB2B2', 'FDPS', 'RHBDL1', 'TRPC4']",0.025078909460298435,fold_15
4.1,cluster_id,Inh L5-6 SST DNAJC14,35,0.22388059701492538,0.375,0.08571428571428572,76493,5,32,3,4,"['CNBD1', 'HSPB3', 'AADAT', 'ZNF124']","['CNBD1', 'HSPB3', 'AADAT', 'SLC26A11', 'CRHBP', 'ZNF124', 'FDPS', 'ARX', 'PAFAH1B2', 'TRPC4']",0.3412811158209924,fold_15
4.1,cluster_id,Inh L5-6 SST C4orf26,93,0.24561403508771928,0.2916666666666667,0.15053763440860216,76406,34,79,14,4,"['PENK', 'DEGS1', 'SLC26A11', 'CRHBP']","['PENK', 'DEGS1', 'EAPP', 'SLC26A11', 'CRHBP', 'ZNF124', 'ARX', 'GPX4', 'RHBDL1', 'FDPS']",0.0997109623390021,fold_15
4.1,cluster_id,Inh L5-6 SST FBN2,100,0.10752688172043011,0.11764705882352941,0.08,76373,60,92,8,4,"['ZNF124', 'ARX', 'CTNNA1', 'CBL']","['ZNF124', 'ARX', 'CTNNA1', 'ETV6', 'CBL']",0.0281384164892704,fold_15
4.1,cluster_id,Inh L5-6 SST KLHL1,188,0.20833333333333334,0.5789473684210527,0.05851063829787234,76337,8,177,11,4,"['FLT1', 'C12orf29', 'ARX', 'TUBB4B']","['FLT1', 'C12orf29', 'ZNF124', 'ARX', 'TUBB4B', 'STAT3', 'GPX4', 'AP3M2', 'ETV6', 'SMIM7']",0.0345319098707602,fold_15
4.1,cluster_id,Inh L6 SST TH,84,0.3629032258064516,0.9,0.10714285714285714,76448,1,75,9,5,"['HSDL1', 'SLC26A11', 'CRHBP', 'MAML3', 'ARX']","['CCDC170', 'HSDL1', 'SLC26A11', 'CRHBP', 'MAML3', 'ARX', 'PAFAH1B2', 'SP4', 'FDPS', 'TUBB4B']",0.05108441537528965,fold_15
4.1,cluster_id,Inh L5-6 PVALB KCNIP2,108,0.06802721088435375,0.06666666666666667,0.07407407407407407,76313,112,100,8,6,"['HSPB3', 'ARV1', 'ZNF717', 'ZNF124', 'ZNF224', 'FOXRED1']","['HSPB3', 'ARV1', 'ZNF717', 'ZNF124', 'ZNF224', 'FOXRED1', 'ARX', 'SCGB2B2', 'SUPV3L1', 'WDR36']",0.05029163196251492,fold_15
4.1,cluster_id,Inh L5-6 PVALB ZFPM2-AS1,563,0.11825785982117104,0.11294765840220386,0.14564831261101244,75326,644,481,82,5,"['UBAC1', 'CRHBP', 'ARV1', 'ZNF717', 'ARX']","['UBAC1', 'CRHBP', 'ARV1', 'ZNF717', 'ZNF124', 'ARX', 'FOXRED1', 'SCGB2B2', 'SUPV3L1', 'TRPC4']",0.049510363824136504,fold_15
4.1,cluster_id,Inh L3-5 PVALB ISG20,254,0.15232974910394265,0.2236842105263158,0.06692913385826772,76220,59,237,17,6,"['PLCD4', 'LEKR1', 'HCN2', 'TJP2', 'SLC35E3', 'SNRNP48']","['PLCD4', 'LEKR1', 'HCN2', 'TJP2', 'SLC35E3', 'SNRNP48', 'UBAC1', 'CRHBP', 'ZNF124', 'ZNF717']",0.18958710248096525,fold_15
4.1,cluster_id,Inh L5 PVALB LRIG3,631,0.14289494575284467,0.1372299872935197,0.17115689381933438,75223,679,523,108,4,"['CRHBP', 'ZNF717', 'ARHGAP29', 'FOXRED1']","['UBAC1', 'CRHBP', 'ZNF717', 'ARHGAP29', 'ARHGAP42', 'FOXRED1', 'KDELR2', 'ARX', 'SCGB2B2', 'SUPV3L1']",0.03751616981939461,fold_15
4.1,cluster_id,Inh L2-5 PVALB HHIPL1,456,0.06756756756756757,0.060019361084220714,0.13596491228070176,75106,971,394,62,4,"['TRIM26', 'UBAC1', 'ARHGAP29', 'KDELR2']","['TRIM26', 'UBAC1', 'ARV1', 'ARHGAP29', 'ZNF124', 'KDELR2', 'FOXRED1', 'ARX', 'SAMD4B', 'TRPC4']",0.052427594707420026,fold_15
4.1,cluster_id,Inh L2-5 PVALB RPH3AL,3253,0.5213181902811395,0.5225505443234837,0.5164463572087304,71745,1535,1573,1680,2,"['CRHBP', 'ARHGAP42']","['EYS', 'CRHBP', 'UBAC1', 'ZNF124', 'ARHGAP42', 'ARHGAP29', 'FOXRED1', 'ARX', 'ETV6', 'TRPC4']",0.044561116513546314,fold_15
4.1,cluster_id,Inh L3 PVALB SAMD13,1326,0.2802128991859737,0.38329764453961457,0.13499245852187028,74919,288,1147,179,3,"['UBAC1', 'ZNF124', 'ETV6']","['UBAC1', 'ZNF124', 'ARHGAP29', 'ARHGAP42', 'FOXRED1', 'ETV6', 'ARX', 'STAT3', 'SUPV3L1', 'SAMD4B']",0.06361369761836677,fold_15
4.1,cluster_id,Inh L1-2 PVALB CDK20,123,0.11591962905718702,0.11450381679389313,0.12195121951219512,76294,116,108,15,4,"['EYS', 'ARHGAP29', 'INPP5A', 'AMOTL1']","['EYS', 'CRHBP', 'ARHGAP29', 'ARHGAP42', 'INPP5A', 'AMOTL1', 'ARX', 'PAFAH1B2', 'GNS', 'AP3M2']",0.03106987957369982,fold_15
4.1,cluster_id,Inh L2 PVALB FRZB,107,0.12038523274478331,0.11627906976744186,0.14018691588785046,76312,114,92,15,5,"['EYS', 'CRHBP', 'ARHGAP42', 'AMOTL1', 'ARX']","['EYS', 'CRHBP', 'ZNF124', 'ARHGAP42', 'AMOTL1', 'ARX', 'SAMD4B', 'PAFAH1B2', 'TRPC4', 'ILF3']",0.039644319406953746,fold_15
4.1,cluster_id,Inh L1-2 SST CLIC6,194,0.11868300153139356,0.11151079136690648,0.15979381443298968,76092,247,163,31,4,"['EYS', 'CRHBP', 'ARHGAP42', 'AMOTL1']","['EYS', 'CRHBP', 'ARHGAP42', 'ZNF124', 'ARX', 'AMOTL1', 'TRPC4']",0.061760873142104,fold_15
4.1,cluster_id,Inh L5-6 PVALB GAPDHP60,138,0.35911602209944754,0.4642857142857143,0.18840579710144928,76365,30,112,26,3,"['CRHBP', 'MAML3', 'TRPC4']","['CRHBP', 'GNS', 'MAML3', 'GPX4', 'TRPC4', 'ARX', 'SP4', 'ZNF804B', 'RFTN1', 'SCGB2B2']",0.03073632210083372,fold_15
4.1,cluster_id,Inh L5-6 PVALB FAM150B,111,0.47038327526132406,0.6136363636363636,0.24324324324324326,76405,17,84,27,3,"['ARHGAP42', 'ZNF804B', 'MAML3']","['ARHGAP42', 'GNS', 'ARX', 'ZNF804B', 'MAML3', 'SCGB2B2', 'TRPC4', 'GSAP', 'RAB5A', 'CTNNA1']",0.02708875390208143,fold_15
4.1,cluster_id,Inh L5-6 PVALB MEPE,230,0.27566539923954375,0.3918918918918919,0.12608695652173912,76258,45,201,29,5,"['ARHGAP42', 'ARX', 'TRPC4', 'SCGB2B2', 'MAML3']","['ARHGAP42', 'GNS', 'ARX', 'TRPC4', 'SCGB2B2', 'MAML3', 'CTNNA1', 'GSAP', 'ETV6']",0.02467964346288503,fold_15
4.1,cluster_id,Inh L1-6 PVALB COL15A1,288,0.2946127946127946,0.3111111111111111,0.24305555555555555,76090,155,218,70,3,"['ARHGAP29', 'ARHGAP42', 'ZNF804B']","['EYS', 'ARHGAP29', 'ARHGAP42', 'ZNF804B', 'NFIC']",0.04005292571545236,fold_15
4.1,cluster_id,Exc L2 LAMP5 KCNG3,261,0.1024454725710509,0.09904153354632587,0.11877394636015326,75990,282,230,31,4,"['RCN1', 'RNF2', 'INPP5A', 'RFTN1']","['RCN1', 'RNF2', 'PIP4K2C', 'INPP5A', 'RFTN1', 'ARHGAP17', 'TIAM2', 'SP4', 'SATB2', 'ADGRB1']",0.07231573476421113,fold_15
4.1,cluster_id,Exc L2 LINC00507 ATP7B,183,0.048109965635738834,0.0440251572327044,0.07650273224043716,76046,304,169,14,4,"['AK4', 'PIP4K2C', 'INPP5A', 'SYT12']","['AK4', 'EPHA10', 'PIP4K2C', 'INPP5A', 'SYT12', 'SP4', 'WDR36', 'SAMD4B', 'RFTN1', 'SATB2']",0.05385479699232561,fold_15
4.1,cluster_id,Exc L2 LINC00507 GLRA3,12485,0.47395256611644737,0.5588279945346896,0.2948338005606728,61142,2906,8804,3681,2,"['C12orf29', 'RFTN1']","['EPHA10', 'KCNV1', 'C12orf29', 'PIP4K2C', 'LRRK1', 'RFTN1', 'INPP5A', 'TIAM2', 'SYT12', 'SATB2']",0.04937337893513581,fold_15
4.1,cluster_id,Exc L2-3 RORB RTKN2,1211,0.09104461718666809,0.08361858190709047,0.1412056151940545,73448,1874,1040,171,5,"['EPHA10', 'PROS1', 'PIP4K2C', 'LRRK1', 'TIAM2']","['EPHA10', 'PROS1', 'PIP4K2C', 'LRRK1', 'ZNF224', 'TIAM2', 'REEP3', 'LYNX1', 'STARD4', 'RFTN1']",0.04647615082029072,fold_15
4.1,cluster_id,Exc L2-3 LINC00507 DSG3,1088,0.1507818317200298,0.15126050420168066,0.1488970588235294,74536,909,926,162,5,"['MYLIP', 'C12orf29', 'EPHA10', 'KCNV1', 'PROS1']","['MYLIP', 'C12orf29', 'EPHA10', 'KCNV1', 'PROS1', 'PIP4K2C', 'SYT12', 'REEP3', 'CABP1', 'TIAM2']",0.06966373448346107,fold_15
4.1,cluster_id,Exc L3 LAMP5 CARM1P1,4044,0.2803471870248353,0.30153321976149916,0.21884272997032642,70439,2050,3159,885,4,"['EPHA10', 'SNRNP48', 'PROS1', 'PIP4K2C']","['EPHA10', 'SNRNP48', 'TBC1D2B', 'UBAC1', 'PROS1', 'PIP4K2C', 'LYNX1', 'TIAM2', 'INPP5A', 'REEP3']",0.06701003060185173,fold_15
4.1,cluster_id,Oligo L2-6 OPALIN MAP6D1,101,0.17829457364341086,0.16911764705882354,0.22772277227722773,76319,113,78,23,3,"['SH3TC2', 'QDPR', 'PIP4K2C']","['SH3TC2', 'CRYAB', 'QDPR', 'RPS6', 'GSN', 'PIP4K2C', 'C12orf76', 'INPP5A', 'RFTN1', 'REEP3']",0.08294258787919755,fold_15
4.1,cluster_id,Exc L2-3 RORB CCDC68,3331,0.238231302235874,0.25009373828271464,0.2002401681176824,71202,2000,2664,667,5,"['AADAT', 'PROS1', 'LRRK1', 'TIAM2', 'REEP3']","['AADAT', 'PROS1', 'LRRK1', 'TIAM2', 'REEP3', 'STARD4', 'LYNX1', 'SYT12', 'ZNF804B', 'SATB2']",0.032471163327225605,fold_15
4.1,cluster_id,Exc L2-3 RORB PTPN3,1628,0.07419394235466537,0.06590724165988608,0.14926289926289926,71461,3444,1385,243,3,"['LRRK1', 'STARD4', 'TIAM2']","['LRRK1', 'STARD4', 'TIAM2', 'SYT12', 'RFTN1', 'REEP3', 'SATB2', 'ZNF804B']",0.023705887863036616,fold_15
4.1,cluster_id,Exc L3 THEMIS ENPEP,785,0.05715554075800455,0.04780691575771641,0.2624203821656051,71645,4103,579,206,4,"['SNRNP48', 'ZNF224', 'STARD4', 'RFTN1']","['SNRNP48', 'PIP4K2C', 'LRRK1', 'ZNF224', 'STARD4', 'RFTN1', 'REEP3', 'LYNX1', 'SYT12', 'TIAM2']",0.030417858102503546,fold_15
4.1,cluster_id,Exc L3-5 RORB TNNT2,535,0.06456513482719331,0.055404671374253124,0.19065420560747665,74259,1739,433,102,4,"['KCNV1', 'STARD4', 'RFTN1', 'LYNX1']","['KCNV1', 'LRRK1', 'STARD4', 'RFTN1', 'LYNX1', 'TIAM2', 'TUBB4B', 'FDPS', 'SATB2', 'REEP3']",0.036426106931393504,fold_15
4.1,cluster_id,Exc L3-5 RORB LAMA4,250,0.020957038071952497,0.017531044558071585,0.096,74938,1345,226,24,5,"['AADAT', 'LRRK1', 'ZNF224', 'LYNX1', 'RFTN1']","['AADAT', 'PIP4K2C', 'LRRK1', 'ZNF224', 'LYNX1', 'RFTN1', 'STARD4', 'TIAM2', 'ARHGAP17', 'REEP3']",0.03140834794791129,fold_15
4.1,cluster_id,Exc L5 THEMIS VILL,216,0.23504273504273504,0.3492063492063492,0.10185185185185185,76276,41,194,22,3,"['USH2A', 'LRRK1', 'STARD4']","['USH2A', 'AADAT', 'SNRNP48', 'PIP4K2C', 'LRRK1', 'STARD4', 'LYNX1', 'TIAM2', 'RFTN1', 'NFIC']",0.029238956302680943,fold_15
4.1,cluster_id,Exc L3 RORB OTOGL,2134,0.23986217863768886,0.2675535846267554,0.1696344892221181,73408,991,1772,362,3,"['IL12RB2', 'STARD4', 'RFTN1']","['LRRK1', 'IL12RB2', 'STARD4', 'RFTN1', 'SYT12', 'C12orf76', 'SATB2', 'INPP5A', 'ZNF804B', 'FDPS']",0.03413568373190488,fold_15
4.1,cluster_id,Exc L3-5 RORB LINC01202,640,0.13027295285359802,0.13003095975232198,0.13125,75331,562,556,84,4,"['IL12RB2', 'RFTN1', 'SATB2', 'GPX4']","['LRRK1', 'IL12RB2', 'RFTN1', 'SATB2', 'TUBB4B', 'GPX4', 'TIAM2', 'PAFAH1B2', 'CTNNA1']",0.027669604146440367,fold_15
4.1,cluster_id,Exc L5 THEMIS SLC22A18,1824,0.35824022346368717,0.38455772113943026,0.28125,73888,821,1311,513,4,"['RNF207', 'ACOT11', 'ZFP64', 'SNRNP48']","['ARC', 'KCNN1', 'RNF207', 'ACOT11', 'ZFP64', 'SNRNP48', 'LRRK1', 'KCNV1', 'ZNF124', 'STARD4']",0.12033872573469735,fold_15
4.1,cluster_id,Exc L5-6 THEMIS TNFAIP6,1132,0.1031656302996043,0.09825033647375504,0.12897526501766785,74061,1340,986,146,4,"['ZFP64', 'KCNV1', 'STARD4', 'IL12RB2']","['ZFP64', 'KCNV1', 'LRRK1', 'STARD4', 'IL12RB2', 'SYT12', 'RFTN1', 'LYNX1', 'TIAM2', 'SATB2']",0.04279622383755439,fold_15
4.1,cluster_id,Exc L3-5 RORB LNX2,4631,0.6170370793578244,0.6712243629583592,0.46642193910602464,70844,1058,2471,2160,2,"['LRRK1', 'ARHGAP29']","['LRRK1', 'KCNV1', 'ARHGAP29', 'IL12RB2', 'STARD4', 'RFTN1', 'TUBB4B', 'SATB2', 'TIAM2', 'FDPS']",0.055538409846690506,fold_15
4.1,cluster_id,Exc L3-5 RORB RPRM,1231,0.3360061092019855,0.5072046109510087,0.1429731925264013,75131,171,1055,176,3,"['KCNV1', 'ARHGAP29', 'IL12RB2']","['RSL24D1', 'KCNV1', 'LRRK1', 'ARHGAP29', 'GSN', 'IL12RB2', 'LYNX1', 'TUBB4B', 'STARD4', 'PAFAH1B2']",0.032573734969056516,fold_15
4.1,cluster_id,Exc L5 RORB MED8,309,0.17203107658157601,0.20945945945945946,0.10032362459546926,76107,117,278,31,6,"['RHOJ', 'KCNV1', 'LRRK1', 'GSN', 'IL12RB2', 'STARD4']","['RHOJ', 'KCNV1', 'LRRK1', 'GSN', 'IL12RB2', 'STARD4', 'LYNX1', 'RFTN1', 'TUBB4B', 'SUSD1']",0.039953327012605726,fold_15
4.1,cluster_id,Exc L5 THEMIS FGF10,147,0.06678539626001781,0.06147540983606557,0.10204081632653061,76157,229,132,15,6,"['AADAT', 'KCNV1', 'GSN', 'STARD4', 'IL12RB2', 'TUBB4B']","['AADAT', 'KCNV1', 'GSN', 'STARD4', 'IL12RB2', 'TUBB4B', 'LYNX1', 'RFTN1', 'WDR36', 'ZNF804B']",0.033886717357320684,fold_15
4.1,cluster_id,Exc L6 THEMIS LINC00343,905,0.09029192124915139,0.08235294117647059,0.14696132596685083,74146,1482,772,133,5,"['JPH4', 'PIP4K2C', 'RFTN1', 'IL12RB2', 'TIAM2']","['JPH4', 'PIP4K2C', 'LRRK1', 'RFTN1', 'IL12RB2', 'TIAM2', 'LYNX1', 'STARD4', 'SATB2', 'SCN3B']",0.03248519367581501,fold_15
4.1,cluster_id,Exc L6 THEMIS SLN,436,0.07728494623655914,0.07244094488188976,0.10550458715596331,75508,589,390,46,6,"['AK4', 'JPH4', 'PIP4K2C', 'ZNF544', 'IL12RB2', 'TIAM2']","['AK4', 'JPH4', 'PIP4K2C', 'ZNF544', 'IL12RB2', 'TIAM2', 'STARD4', 'SATB2', 'SCN3B', 'RFTN1']",0.05778375616555063,fold_15
4.1,cluster_id,Exc L6 THEMIS SNTG2,488,0.04924831518921721,0.042058660763696736,0.1557377049180328,74314,1731,412,76,5,"['AK4', 'TBC1D2B', 'PIP4K2C', 'RFTN1', 'TIAM2']","['AK4', 'TBC1D2B', 'PIP4K2C', 'LRRK1', 'RFTN1', 'TIAM2', 'LYNX1', 'SYT12', 'SATB2', 'ARHGAP17']",0.05387216608251618,fold_15
4.1,cluster_id,Exc L5-6 THEMIS SMYD1,327,0.18438844499078058,0.18461538461538463,0.1834862385321101,75941,265,267,60,4,"['FGF10', 'AK4', 'KCNV1', 'INPP5A']","['FGF10', 'AK4', 'JPH4', 'KCNV1', 'INPP5A', 'IL12RB2', 'ZNF804B', 'STARD4', 'SATB2', 'RFTN1']",0.08515555811423017,fold_15
4.1,cluster_id,Exc L5-6 FEZF2 OR1L8,263,0.561035758323058,0.6642335766423357,0.34600760456273766,76224,46,172,91,3,"['LGR6', 'VWA2', 'SLC26A11']","['LGR6', 'VWA2', 'ACOT11', 'ZFP64', 'AK4', 'SLC26A11', 'GSN', 'SYT12', 'INPP5A', 'IL12RB2']",0.17838219310649767,fold_15
4.1,cluster_id,Exc L5 THEMIS LINC01116,151,0.291005291005291,0.3173076923076923,0.2185430463576159,76311,71,118,33,5,"['USH2A', 'EAF1', 'VWA2', 'SERTM1', 'IL12RB2']","['USH2A', 'EAF1', 'VWA2', 'ACOT11', 'SERTM1', 'IL12RB2', 'TIAM2', 'LONRF1', 'CABP1', 'NXPE3']",0.11943756795240172,fold_15
4.1,cluster_id,Exc L5 THEMIS RGPD6,241,0.16393442622950818,0.18840579710144928,0.1078838174273859,76180,112,215,26,6,"['VWA2', 'SERTM1', 'EPHA10', 'EXTL1', 'IL12RB2', 'SYT12']","['VWA2', 'SERTM1', 'EPHA10', 'EXTL1', 'IL12RB2', 'SYT12', 'TIAM2', 'LYNX1', 'SUPV3L1', 'CABP1']",0.06758998131022477,fold_15
4.1,cluster_id,Exc L5-6 FEZF2 C9orf135-AS1,2602,0.562514497796335,0.6445182724252492,0.3727901614142967,73396,535,1632,970,2,"['RHOJ', 'VWA2']","['RHOJ', 'VWA2', 'SERTM1', 'EXTL1', 'TBC1D2B', 'GSN', 'IL12RB2', 'TIAM2', 'SYT12', 'WDR36']",0.13100952054463216,fold_15
4.1,cluster_id,Exc L5-6 FEZF2 FILIP1L,318,0.059576345984112974,0.055441478439425054,0.08490566037735849,75755,460,291,27,5,"['ACOT11', 'EAF1', 'CAPN1', 'GSN', 'SRBD1']","['ACOT11', 'EAF1', 'CAPN1', 'EXTL1', 'GSN', 'SRBD1', 'SYT12', 'ZNF224', 'IL12RB2', 'SUSD1']",0.11698885870101056,fold_15
4.1,cluster_id,Exc L5-6 FEZF2 SH2D1B,159,0.08628127696289906,0.08,0.12578616352201258,76144,230,139,20,5,"['VWA2', 'SOHLH1', 'EPHA10', 'EXTL1', 'TBC1D2B']","['ACOT11', 'VWA2', 'SOHLH1', 'EPHA10', 'EXTL1', 'TBC1D2B', 'SRBD1', 'IL12RB2', 'SYT12', 'SUSD1']",0.07522995333868454,fold_15
4.1,cluster_id,Exc L6 FEZF2 PDYN,22,0.43478260869565216,0.6666666666666666,0.18181818181818182,76509,2,18,4,4,"['GBP2', 'LGR6', 'CRHBP', 'INPP5A']","['GBP2', 'GPSM1', 'LGR6', 'CRHBP', 'GSN', 'INPP5A', 'SYT12', 'IL12RB2', 'TUBB4B', 'SATB2']",0.27714921741478105,fold_15
4.1,cluster_id,Exc L6 FEZF2 FFAR4,106,0.15822784810126583,0.38461538461538464,0.04716981132075472,76419,8,101,5,3,"['SLC26A11', 'C12orf76', 'SATB2']","['SOHLH1', 'SLC26A11', 'C12orf76', 'SUPV3L1', 'INPP5A', 'SATB2', 'SYT12', 'RAP1GAP', 'SUSD1', 'SCN3B']",0.028063722416088906,fold_15
4.1,cluster_id,Exc L6 FEZF2 PROKR2,72,0.09210526315789473,0.09090909090909091,0.09722222222222222,76391,70,65,7,5,"['LSM4', 'VWA2', 'CDK5R2', 'DEGS1', 'AK4']","['LSM4', 'VWA2', 'CDK5R2', 'DEGS1', 'SOHLH1', 'AK4', 'GSN', 'IL12RB2', 'TUBB4B', 'C12orf76']",0.18217137701872188,fold_15
4.1,cluster_id,Exc L5-6 FEZF2 CFTR,108,0.0390625,0.034934497816593885,0.07407407407407407,76204,221,100,8,5,"['DEGS1', 'KCNV1', 'GSN', 'ARHGAP29', 'INPP5A']","['DEGS1', 'KCNV1', 'GSN', 'ARHGAP29', 'SYT12', 'INPP5A', 'MAML3', 'NFIC', 'SATB2', 'C12orf76']",0.028918994573588336,fold_15
4.1,cluster_id,Exc L6 FEZF2 KLK7,1801,0.308930911814267,0.3728813559322034,0.18323153803442532,74177,555,1471,330,4,"['RHOJ', 'SOHLH1', 'DEGS1', 'GSN']","['RHOJ', 'SOHLH1', 'DEGS1', 'EXTL1', 'KCNV1', 'GSN', 'ARHGAP29', 'SCN3B', 'SYT12', 'RFTN1']",0.10756448027869916,fold_15
4.1,cluster_id,Exc L6 FEZF2 POGK,127,0.11126564673157163,0.10810810810810811,0.12598425196850394,76274,132,111,16,4,"['CDK5R2', 'DEGS1', 'GSN', 'SCN3B']","['CDK5R2', 'DEGS1', 'SOHLH1', 'GSN', 'SCN3B', 'INPP5A', 'C12orf76', 'RFTN1', 'SATB2', 'TUBB4B']",0.08705640954738207,fold_15
4.1,cluster_id,Exc L5 FEZF2 CSN1S1,150,0.06937033084311633,0.060324825986078884,0.17333333333333334,75978,405,124,26,5,"['ARC', 'KCNN1', 'RNF207', 'MYLIP', 'PROS1']","['ARC', 'KCNN1', 'RNF207', 'MYLIP', 'SNRNP48', 'PROS1', 'LRRK1', 'SYT12', 'TIAM2', 'SUSD1']",0.19002219751344981,fold_15
4.1,cluster_id,Exc L3-5 FEZF2 ASGR2,620,0.5091292134831461,0.7213930348258707,0.23387096774193547,75857,56,475,145,4,"['CYP1B1', 'SLC35E3', 'EPHA10', 'PROS1']","['CYP1B1', 'USH2A', 'SLC35E3', 'EPHA10', 'PROS1', 'MYLIP', 'EYS', 'LRRK1', 'TIAM2', 'SATB2']",0.10560814160351689,fold_15
4.1,cluster_id,Exc L3-5 FEZF2 LINC01107,88,0.4753521126760563,0.5510204081632653,0.3068181818181818,76423,22,61,27,2,"['EYS', 'PROS1']","['RNF207', 'USH2A', 'EYS', 'SLC35E3', 'SNRNP48', 'PROS1', 'EPHA10', 'LRRK1', 'TIAM2', 'REEP3']",0.14804681607500417,fold_15
4.1,cluster_id,Exc L5 FEZF2 PKD2L1,280,0.4844961240310077,0.847457627118644,0.17857142857142858,76244,9,230,50,5,"['EAF1', 'MYLIP', 'ARHGAP42', 'ARHGAP29', 'STARD4']","['EAF1', 'MYLIP', 'ARHGAP42', 'ARHGAP29', 'ZNF224', 'STARD4', 'SUPV3L1', 'ETV5', 'ILF3', 'SATB2']",0.04690642233275656,fold_15
4.1,cluster_id,Exc L5 FEZF2 NREP-AS1,229,0.3314470493128537,0.3253968253968254,0.35807860262008734,76134,170,147,82,3,"['CCDC80', 'MYLIP', 'ARHGAP29']","['CCDC80', 'MYLIP', 'SLC26A11', 'TBC1D2B', 'UBAC1', 'ARHGAP29', 'ZNF224', 'STARD4', 'LONRF1', 'WDR36']",0.12546943621972828,fold_15
4.1,cluster_id,Exc L5 FEZF2 RNF144A-AS1,108,0.13157894736842105,0.14705882352941177,0.09259259259259259,76367,58,98,10,4,"['MYLIP', 'ARHGAP29', 'STARD4', 'WDR36']","['MYLIP', 'SLC26A11', 'ARHGAP29', 'FOXRED1', 'STARD4', 'WDR36', 'PAFAH1B2', 'SP4', 'ILF3', 'SUSD1']",0.03199033485545785,fold_15
4.1,cluster_id,Exc L5-6 FEZF2 IFNG-AS1,753,0.5370061213132999,0.7394636015325671,0.25630810092961487,75712,68,560,193,2,"['CCDC80', 'CYP1B1']","['CCDC80', 'CYP1B1', 'MYLIP', 'ARHGAP29', 'ZNF224', 'STARD4', 'FOXRED1', 'WDR36', 'ETV5', 'ILF3']",0.32229294941903747,fold_15
4.1,cluster_id,Exc L5-6 FEZF2 LPO,117,0.14606741573033707,0.15853658536585366,0.1111111111111111,76347,69,104,13,5,"['BCL7C', 'CYP1B1', 'ZFP64', 'MYLIP', 'SLC26A11']","['BCL7C', 'CYP1B1', 'ZFP64', 'MYLIP', 'SLC26A11', 'ARHGAP29', 'SYT12', 'IL12RB2', 'KDELR2', 'TRPC4']",0.12145257118338243,fold_15
4.1,cluster_id,OPC L1-6 PDGFRA COL20A1,283,0.42084168336673344,0.7777777777777778,0.14840989399293286,76238,12,241,42,2,"['ARHGAP42', 'ABHD2']","['ARHGAP42', 'ETV5', 'ABHD2']",0.04250290585168642,fold_15
4.1,cluster_id,Oligo L3-6 OPALIN ENPP6,535,0.33791987049777417,0.3450413223140496,0.3121495327102804,75681,317,368,167,4,"['HEPN1', 'SH3TC2', 'CRYAB', 'GSN']","['HEPN1', 'SH3TC2', 'CRYAB', 'GSN', 'QDPR', 'SAMD4B', 'C12orf76', 'CTNNA1', 'NXPE3', 'SCGB2B2']",0.2855840550256501,fold_15
4.1,cluster_id,Oligo L2-6 OPALIN FTH1P3,2300,0.8098901098901099,0.8670588235294118,0.6408695652173914,74007,226,826,1474,2,"['CRYAB', 'QDPR']","['SH3TC2', 'CRYAB', 'QDPR', 'GSN', 'C12orf76', 'NXPE3', 'TMEM87A']",0.21509173220608718,fold_15
4.1,cluster_id,Oligo L5-6 OPALIN LDLRAP1,6,0.35714285714285715,0.5,0.16666666666666666,76526,1,5,1,2,"['TCTA', 'HCN2']","['AMOTL2', 'TMEM235', 'TCTA', 'HCN2', 'SH3TC2', 'CRYAB', 'QDPR', 'GSN', 'TMEM9B', 'KDELR2']",0.5526628398965756,fold_15
4.1,cluster_id,Astro L1-6 FGFR3 AQP1,119,0.5408970976253298,0.6307692307692307,0.3445378151260504,76390,24,78,41,2,"['CRYAB', 'CLU']","['CRYAB', 'AHCYL1', 'CLU']",0.11605954893002582,fold_15
4.1,cluster_id,Astro L1 FGFR3 SERPINI2,72,0.3472222222222222,0.5555555555555556,0.1388888888888889,76453,8,62,10,3,"['HEPN1', 'TJP2', 'ACOT11']","['HEPN1', 'TJP2', 'ACOT11', 'RHOJ', 'ARHGAP42', 'GSN', 'AHCYL1', 'CLU']",0.5409991353002455,fold_15
4.1,cluster_id,Astro L1-6 FGFR3 PLCG1,377,0.5571327182398864,0.6085271317829457,0.41644562334217505,76055,101,220,157,1,['RHOJ'],"['RHOJ', 'IGFBP7', 'AHCYL1', 'CLU']",0.3792969959562119,fold_15
4.1,cluster_id,Endo L2-5 NOSTRIN SRGN,64,0.9,0.9152542372881356,0.84375,76464,5,10,54,1,['FLT1'],"['SLC2A1', 'FLI1', 'FLT1', 'IGFBP7', 'ARHGAP29', 'CTNNA1']",0.5337872549752767,fold_15
4.1,cluster_id,VLMC L1-5 PDGFRA COLEC12,40,0.6854838709677419,0.8095238095238095,0.425,76489,4,23,17,2,"['FLVCR2', 'IGFBP7']","['FLVCR2', 'CYP1B1', 'IGFBP7', 'ARHGAP29', 'GSN', 'AMOTL1']",0.6499342060163209,fold_15
4.1,cluster_id,Micro L1-6 TYROBP CD74,108,0.49050632911392406,0.5961538461538461,0.28703703703703703,76404,21,77,31,1,['LRRK1'],"['FLI1', 'LRRK1', 'MAML3', 'ETV6']",0.10607714433811181,fold_15
