software_version,cluster_header,clusterName,clusterSize,f_score,precision,recall,TN,FP,FN,TP,marker_count,NSForest_markers,binary_genes
4.1,cell_type,endothelial cell,8201,0.8309176971342604,0.9508712996010917,0.5522497256432143,91565,234,3672,4529,2,"['ENSG00000127329', 'ENSG00000102755']","['ENSG00000127329', 'ENSG00000172889', 'ENSG00000102755', 'ENSG00000120156', 'ENSG00000162618', 'ENSG00000261371', 'ENSG00000164035', 'ENSG00000106991', 'ENSG00000251322', 'ENSG00000065054']"
4.1,cell_type,podocyte,969,0.9040641415537738,0.9879154078549849,0.6749226006191951,99023,8,315,654,2,"['ENSG00000151490', 'ENSG00000161270']","['ENSG00000151490', 'ENSG00000153246', 'ENSG00000139304', 'ENSG00000161270', 'ENSG00000116218', 'ENSG00000112782', 'ENSG00000162631', 'ENSG00000230027', 'ENSG00000113578', 'ENSG00000145808']"
4.1,cell_type,epithelial cell of proximal tubule,25098,0.7732531733320585,0.8836907526294222,0.5155390867798231,73199,1703,12159,12939,2,"['ENSG00000183747', 'ENSG00000066813']","['ENSG00000183747', 'ENSG00000066813', 'ENSG00000166825', 'ENSG00000149124', 'ENSG00000107611', 'ENSG00000124568', 'ENSG00000174827', 'ENSG00000165449', 'ENSG00000145692', 'ENSG00000130707']"
4.1,cell_type,neural cell,24,0.78125,1.0,0.4166666666666667,99976,0,14,10,1,['ENSG00000071991'],"['ENSG00000179915', 'ENSG00000071991', 'ENSG00000136546', 'ENSG00000164418', 'ENSG00000181938', 'ENSG00000206579', 'ENSG00000175785', 'ENSG00000154654', 'ENSG00000198597', 'ENSG00000146938']"
4.1,cell_type,parietal epithelial cell,807,0.5832955061280073,0.7363896848137536,0.3184634448574969,99101,92,550,257,2,"['ENSG00000000971', 'ENSG00000168785']","['ENSG00000000971', 'ENSG00000128918', 'ENSG00000163347', 'ENSG00000162692', 'ENSG00000168785', 'ENSG00000109861', 'ENSG00000079337', 'ENSG00000118523', 'ENSG00000078328', 'ENSG00000162366']"
4.1,cell_type,papillary tips cell,184,0.5568181818181818,0.765625,0.266304347826087,99801,15,135,49,3,"['ENSG00000173267', 'ENSG00000164266', 'ENSG00000112378']","['ENSG00000176153', 'ENSG00000173267', 'ENSG00000164266', 'ENSG00000102554', 'ENSG00000112378', 'ENSG00000089356', 'ENSG00000163435', 'ENSG00000132170', 'ENSG00000137648', 'ENSG00000160213']"
