software_version,cluster_header,clusterName,clusterSize,f_score,precision,recall,TN,FP,FN,TP,marker_count,NSForest_markers,binary_genes,onTarget,fold
4.1,Curated_annotation,CD16- NK cells,498,0.12623633524206143,0.11602870813397129,0.19477911646586346,65376,739,401,97,2,"['ENSG00000134545', 'ENSG00000090238']","['ENSG00000134545', 'ENSG00000090238']",0.53189486,fold_1
4.1,Curated_annotation,CD24 neutrophils,2333,0.5537001230444718,0.7508939213349225,0.2700385769395628,64071,209,1703,630,2,"['ENSG00000105851', 'ENSG00000158825']","['ENSG00000105851', 'ENSG00000158825', 'ENSG00000105639', 'ENSG00000119900', 'ENSG00000133961', 'ENSG00000155629', 'ENSG00000166946']",0.7294994,fold_1
4.1,Curated_annotation,CMP,636,0.0607463118310674,0.050939963614311703,0.2641509433962264,62847,3130,468,168,3,"['ENSG00000109534', 'ENSG00000129255', 'ENSG00000114744']","['ENSG00000089048', 'ENSG00000109534', 'ENSG00000125351', 'ENSG00000129255', 'ENSG00000114744', 'ENSG00000072364', 'ENSG00000163444', 'ENSG00000108010', 'ENSG00000127838', 'ENSG00000119866']",0.10814395,fold_1
4.1,Curated_annotation,Classical monocytes,7615,0.3928235957167011,0.4402105263157895,0.2745896257386737,56339,2659,5524,2091,2,"['ENSG00000133961', 'ENSG00000155629']","['ENSG00000133961', 'ENSG00000155629']",0.09857578,fold_1
4.1,Curated_annotation,Cycling T&NK,816,0.2787769784172662,0.43661971830985913,0.11397058823529412,65677,120,723,93,3,"['ENSG00000164054', 'ENSG00000106399', 'ENSG00000072501']","['ENSG00000164054', 'ENSG00000117505', 'ENSG00000106399', 'ENSG00000072501', 'ENSG00000166946', 'ENSG00000127838', 'ENSG00000163565']",0.10856013,fold_1
4.1,Curated_annotation,DC1,73,0.3179190751445087,0.44,0.1506849315068493,66526,14,62,11,5,"['ENSG00000184305', 'ENSG00000089639', 'ENSG00000263465', 'ENSG00000119900', 'ENSG00000072364']","['ENSG00000184305', 'ENSG00000089639', 'ENSG00000115649', 'ENSG00000263465', 'ENSG00000119900', 'ENSG00000072364', 'ENSG00000117505', 'ENSG00000108010', 'ENSG00000166946', 'ENSG00000180817']",0.15282163,fold_1
4.1,Curated_annotation,DC2,201,0.17013232514177692,0.21951219512195122,0.08955223880597014,66348,64,183,18,6,"['ENSG00000159884', 'ENSG00000115649', 'ENSG00000105639', 'ENSG00000119900', 'ENSG00000133961', 'ENSG00000108010']","['ENSG00000159884', 'ENSG00000115649', 'ENSG00000105639', 'ENSG00000119900', 'ENSG00000133961', 'ENSG00000108010', 'ENSG00000117505', 'ENSG00000072364', 'ENSG00000163444', 'ENSG00000127838']",0.18600413,fold_1
4.1,Curated_annotation,DC precursor,238,0.04809843400447427,0.04064272211720227,0.18067226890756302,65360,1015,195,43,5,"['ENSG00000119900', 'ENSG00000129255', 'ENSG00000117505', 'ENSG00000163444', 'ENSG00000072364']","['ENSG00000119900', 'ENSG00000125351', 'ENSG00000129255', 'ENSG00000117505', 'ENSG00000163444', 'ENSG00000072364', 'ENSG00000108010', 'ENSG00000106399', 'ENSG00000072501', 'ENSG00000127838']",0.100708224,fold_1
4.1,Curated_annotation,ELP,154,0.08104738154613467,0.08024691358024691,0.08441558441558442,66310,149,141,13,6,"['ENSG00000124243', 'ENSG00000022267', 'ENSG00000129993', 'ENSG00000114744', 'ENSG00000117505', 'ENSG00000119866']","['ENSG00000124243', 'ENSG00000022267', 'ENSG00000129993', 'ENSG00000114744', 'ENSG00000117505', 'ENSG00000119866', 'ENSG00000127838', 'ENSG00000106399', 'ENSG00000198791']",0.12061893,fold_1
4.1,Curated_annotation,ETP,105,0.012776690007632827,0.010257093379512455,0.7333333333333333,59078,7430,28,77,1,['ENSG00000119866'],['ENSG00000119866'],0.08259306,fold_1
4.1,Curated_annotation,Early MK,216,0.31994047619047616,0.37719298245614036,0.19907407407407407,66326,71,173,43,5,"['ENSG00000132329', 'ENSG00000140400', 'ENSG00000132478', 'ENSG00000240857', 'ENSG00000107371']","['ENSG00000132329', 'ENSG00000140400', 'ENSG00000132478', 'ENSG00000240857', 'ENSG00000107371', 'ENSG00000263465', 'ENSG00000119900', 'ENSG00000129993', 'ENSG00000129255', 'ENSG00000109534']",1.0,fold_1
4.1,Curated_annotation,Early erythroid,1889,0.48101782555449724,0.517948717948718,0.37427210164107994,64066,658,1182,707,4,"['ENSG00000111725', 'ENSG00000128311', 'ENSG00000166260', 'ENSG00000109534']","['ENSG00000111725', 'ENSG00000128311', 'ENSG00000166260', 'ENSG00000137073', 'ENSG00000109534', 'ENSG00000263465', 'ENSG00000089048', 'ENSG00000125351', 'ENSG00000129255', 'ENSG00000129993']",0.21828866,fold_1
4.1,Curated_annotation,Erythrocytes,48,0.09541984732824428,0.08403361344537816,0.20833333333333334,66456,109,38,10,6,"['ENSG00000242715', 'ENSG00000122435', 'ENSG00000135776', 'ENSG00000107371', 'ENSG00000111725', 'ENSG00000055917']","['ENSG00000242715', 'ENSG00000122435', 'ENSG00000135776', 'ENSG00000107371', 'ENSG00000111725', 'ENSG00000055917', 'ENSG00000101052', 'ENSG00000128311', 'ENSG00000137073', 'ENSG00000109534']",0.4928087,fold_1
4.1,Curated_annotation,GMP,467,0.04496458269171543,0.037037037037037035,0.31263383297644537,62350,3796,321,146,4,"['ENSG00000163444', 'ENSG00000127838', 'ENSG00000106399', 'ENSG00000106263']","['ENSG00000109534', 'ENSG00000108010', 'ENSG00000163444', 'ENSG00000127838', 'ENSG00000106399', 'ENSG00000106263']",0.06887746,fold_1
4.1,Curated_annotation,HSC/MPP,4448,0.45333801122694467,0.46671826625387,0.4066996402877698,60098,2067,2639,1809,2,"['ENSG00000022267', 'ENSG00000119866']","['ENSG00000022267', 'ENSG00000114744', 'ENSG00000119866']",0.095250346,fold_1
4.1,Curated_annotation,Late erythroid,77,0.18248175182481752,0.3333333333333333,0.06493506493506493,66526,10,72,5,2,"['ENSG00000119950', 'ENSG00000166946']","['ENSG00000119950', 'ENSG00000166946']",0.43936232,fold_1
4.1,Curated_annotation,MEMP,766,0.13540699473847106,0.12289325842696629,0.22845953002610966,64598,1249,591,175,4,"['ENSG00000263465', 'ENSG00000137073', 'ENSG00000125351', 'ENSG00000129993']","['ENSG00000128311', 'ENSG00000263465', 'ENSG00000137073', 'ENSG00000089048', 'ENSG00000125351', 'ENSG00000129993', 'ENSG00000109534', 'ENSG00000114744', 'ENSG00000108010', 'ENSG00000163444']",0.16891563,fold_1
4.1,Curated_annotation,Mast cells,259,0.0070482677724387,0.005653681082865633,0.528957528957529,42259,24095,122,137,1,['ENSG00000072364'],['ENSG00000072364'],0.08264215,fold_1
4.1,Curated_annotation,Megakaryocyte precursor,397,0.06754931099702784,0.06053268765133172,0.12594458438287154,65440,776,347,50,4,"['ENSG00000022267', 'ENSG00000114744', 'ENSG00000166946', 'ENSG00000198791']","['ENSG00000022267', 'ENSG00000114744', 'ENSG00000166946', 'ENSG00000198791']",0.0732643,fold_1
4.1,Curated_annotation,Megakaryocytes/platelets,53,0.5445544554455446,0.9166666666666666,0.20754716981132076,66559,1,42,11,2,"['ENSG00000022267', 'ENSG00000128311']","['ENSG00000022267', 'ENSG00000128311', 'ENSG00000117505']",0.46981364,fold_1
4.1,Curated_annotation,Memory B cells,1061,0.07018061780413838,0.057790055248618785,0.49293119698397736,57025,8527,538,523,1,['ENSG00000119866'],['ENSG00000119866'],0.050324224,fold_1
4.1,Curated_annotation,Mid erythroid,894,0.4117911791179118,0.5512048192771084,0.20469798657718122,65570,149,711,183,5,"['ENSG00000104889', 'ENSG00000135776', 'ENSG00000111725', 'ENSG00000101052', 'ENSG00000119950']","['ENSG00000104889', 'ENSG00000135776', 'ENSG00000111725', 'ENSG00000107371', 'ENSG00000101052', 'ENSG00000119950', 'ENSG00000128311', 'ENSG00000109534', 'ENSG00000129255', 'ENSG00000108010']",0.35821283,fold_1
4.1,Curated_annotation,NAMPT neutrophils,443,0.32751091703056767,0.7377049180327869,0.10158013544018059,66154,16,398,45,2,"['ENSG00000158825', 'ENSG00000090238']","['ENSG00000158825', 'ENSG00000133961', 'ENSG00000119900', 'ENSG00000155629', 'ENSG00000166946', 'ENSG00000090238']",0.3148288,fold_1
4.1,Curated_annotation,Neutrophil-myeloid progenitor,2022,0.11190193752471332,0.09730101426852329,0.2799208704253215,59340,5251,1456,566,3,"['ENSG00000163444', 'ENSG00000127838', 'ENSG00000106399']","['ENSG00000163444', 'ENSG00000127838', 'ENSG00000106399']",0.059653293,fold_1
4.1,Curated_annotation,Non-classical monocytes,961,0.09292580724673404,0.07803767335955289,0.3922996878251821,61198,4454,584,377,2,"['ENSG00000155629', 'ENSG00000133961']","['ENSG00000155629', 'ENSG00000133961']",0.14256725,fold_1
4.1,Curated_annotation,Plasma cells,1033,0.30864197530864196,0.5040322580645161,0.12100677637947725,65457,123,908,125,2,"['ENSG00000124256', 'ENSG00000136240']","['ENSG00000124256', 'ENSG00000157637', 'ENSG00000136240']",0.2527954,fold_1
4.1,Curated_annotation,Plasmablasts,249,0.6095238095238096,0.927536231884058,0.2570281124497992,66359,5,185,64,3,"['ENSG00000051341', 'ENSG00000124256', 'ENSG00000136240']","['ENSG00000051341', 'ENSG00000124256', 'ENSG00000157637', 'ENSG00000164054', 'ENSG00000137073', 'ENSG00000136240', 'ENSG00000129255', 'ENSG00000109534', 'ENSG00000108010', 'ENSG00000163444']",0.5866388,fold_1
4.1,Curated_annotation,Pro-B cells,1751,0.3125198500921044,0.28130360205831906,0.5619645916619075,62348,2514,767,984,1,['ENSG00000119866'],['ENSG00000119866'],0.101153456,fold_1
4.1,Curated_annotation,Promyelocytes,400,0.0371699564214304,0.030518284661931072,0.29,62528,3685,284,116,3,"['ENSG00000072501', 'ENSG00000127838', 'ENSG00000106399']","['ENSG00000072501', 'ENSG00000127838', 'ENSG00000106399']",0.05834648,fold_1
4.1,Curated_annotation,Regulatory T cells,580,0.023025210084033614,0.018601493550577053,0.4724137931034483,51577,14456,306,274,1,['ENSG00000105639'],['ENSG00000105639'],0.32107654,fold_1
4.1,Curated_annotation,Small pre-B cells,42,0.1595744680851064,0.23076923076923078,0.07142857142857142,66561,10,39,3,3,"['ENSG00000155629', 'ENSG00000072364', 'ENSG00000090238']","['ENSG00000155629', 'ENSG00000072364', 'ENSG00000090238']",0.23037831,fold_1
4.1,Curated_annotation,pDC,482,0.40310077519379844,0.5148514851485149,0.2157676348547718,66033,98,378,104,3,"['ENSG00000159884', 'ENSG00000129993', 'ENSG00000119866']","['ENSG00000159884', 'ENSG00000129993', 'ENSG00000155629', 'ENSG00000072364', 'ENSG00000119866', 'ENSG00000136240']",0.28418994,fold_1
4.1,Curated_annotation,pDC precursor,524,0.1524390243902439,0.1501766784452297,0.16221374045801526,65608,481,439,85,4,"['ENSG00000129993', 'ENSG00000155629', 'ENSG00000119866', 'ENSG00000106399']","['ENSG00000129993', 'ENSG00000155629', 'ENSG00000163444', 'ENSG00000119866', 'ENSG00000117505', 'ENSG00000106399', 'ENSG00000072501', 'ENSG00000198791']",0.07504893,fold_1
4.1,Curated_annotation,Age-associated B cells,135,0.022594713887867164,0.018204911092294666,0.6370370370370371,61840,4638,49,86,1,['ENSG00000162894'],['ENSG00000162894'],0.14944936,fold_2
4.1,Curated_annotation,CD16+ NK cells,8779,0.47277883503115786,0.5624861265260821,0.28864335345711356,55863,1971,6245,2534,2,"['ENSG00000239713', 'ENSG00000123329']","['ENSG00000239713', 'ENSG00000114423', 'ENSG00000123329', 'ENSG00000172216', 'ENSG00000162894']",0.17873195,fold_2
4.1,Curated_annotation,CD16- NK cells,498,0.0823937554206418,0.084070796460177,0.07630522088353414,65701,414,460,38,4,"['ENSG00000239713', 'ENSG00000123329', 'ENSG00000162894', 'ENSG00000116752']","['ENSG00000239713', 'ENSG00000075426', 'ENSG00000123329', 'ENSG00000114423', 'ENSG00000162894', 'ENSG00000116752']",0.13377368,fold_2
4.1,Curated_annotation,CD24 neutrophils,2333,0.6078431372549019,0.658373786407767,0.46506643806258036,63717,563,1248,1085,2,"['ENSG00000197405', 'ENSG00000138449']","['ENSG00000197405', 'ENSG00000150681', 'ENSG00000153250', 'ENSG00000163349', 'ENSG00000138449', 'ENSG00000123329', 'ENSG00000177674', 'ENSG00000172216', 'ENSG00000104765']",0.19146004,fold_2
4.1,Curated_annotation,CMP,636,0.17912172573189522,0.18979591836734694,0.14622641509433962,65580,397,543,93,5,"['ENSG00000184584', 'ENSG00000198157', 'ENSG00000110713', 'ENSG00000141905', 'ENSG00000075426']","['ENSG00000121570', 'ENSG00000184584', 'ENSG00000198157', 'ENSG00000110713', 'ENSG00000141905', 'ENSG00000075426', 'ENSG00000104872', 'ENSG00000177674', 'ENSG00000166562', 'ENSG00000060762']",0.115968734,fold_2
4.1,Curated_annotation,CRTAM+ gamma-delta T cells,1371,0.1001924600928337,0.08452722063037249,0.387308533916849,59491,5751,840,531,2,"['ENSG00000114423', 'ENSG00000123329']","['ENSG00000114423', 'ENSG00000123329', 'ENSG00000162894']",0.16749665,fold_2
4.1,Curated_annotation,Classical monocytes,7615,0.5938486104246664,0.6686643835616438,0.4102429415627052,57450,1548,4491,3124,2,"['ENSG00000197405', 'ENSG00000172216']","['ENSG00000197405', 'ENSG00000177674', 'ENSG00000075426', 'ENSG00000172216', 'ENSG00000153250']",0.14330176,fold_2
4.1,Curated_annotation,Cycling T&NK,816,0.2326923076923077,0.2713004484304933,0.1482843137254902,65472,325,695,121,4,"['ENSG00000239713', 'ENSG00000143793', 'ENSG00000157216', 'ENSG00000123329']","['ENSG00000205413', 'ENSG00000239713', 'ENSG00000143793', 'ENSG00000114423', 'ENSG00000157216', 'ENSG00000123329', 'ENSG00000153250', 'ENSG00000163349', 'ENSG00000104872', 'ENSG00000162894']",0.18650901,fold_2
4.1,Curated_annotation,DC1,73,0.28901734104046245,0.4,0.136986301369863,66525,15,63,10,4,"['ENSG00000184305', 'ENSG00000169220', 'ENSG00000108349', 'ENSG00000110713']","['ENSG00000184305', 'ENSG00000169220', 'ENSG00000187688', 'ENSG00000108349', 'ENSG00000110713', 'ENSG00000204370']",0.5495661,fold_2
4.1,Curated_annotation,DC2,201,0.07778153533987149,0.06676342525399129,0.22885572139303484,65769,643,155,46,4,"['ENSG00000124762', 'ENSG00000150681', 'ENSG00000104872', 'ENSG00000172216']","['ENSG00000124762', 'ENSG00000150681', 'ENSG00000123329', 'ENSG00000104872', 'ENSG00000153250', 'ENSG00000172216', 'ENSG00000060762', 'ENSG00000204370', 'ENSG00000166562']",0.07785048,fold_2
4.1,Curated_annotation,DC precursor,238,0.0600480384307446,0.05309734513274336,0.12605042016806722,65840,535,208,30,5,"['ENSG00000148719', 'ENSG00000133997', 'ENSG00000168137', 'ENSG00000141905', 'ENSG00000075426']","['ENSG00000148719', 'ENSG00000133997', 'ENSG00000143793', 'ENSG00000168137', 'ENSG00000141905', 'ENSG00000075426', 'ENSG00000123329', 'ENSG00000104872', 'ENSG00000060762', 'ENSG00000153250']",0.11788478,fold_2
4.1,Curated_annotation,ELP,154,0.01338766006984866,0.010905642484589853,0.14935064935064934,64373,2086,131,23,3,"['ENSG00000184584', 'ENSG00000114796', 'ENSG00000060762']","['ENSG00000184584', 'ENSG00000114796', 'ENSG00000060762']",0.08781534,fold_2
4.1,Curated_annotation,ETP,105,0.004955401387512388,0.003972120212845687,0.5047619047619047,53218,13290,52,53,1,['ENSG00000114796'],['ENSG00000114796'],0.15812324,fold_2
4.1,Curated_annotation,Early MK,216,0.5629139072847682,0.7010309278350515,0.3148148148148148,66368,29,148,68,4,"['ENSG00000087448', 'ENSG00000197959', 'ENSG00000147955', 'ENSG00000150681']","['ENSG00000087448', 'ENSG00000196782', 'ENSG00000197959', 'ENSG00000121570', 'ENSG00000147955', 'ENSG00000150681', 'ENSG00000140416', 'ENSG00000198157', 'ENSG00000145354', 'ENSG00000141905']",0.21886632,fold_2
4.1,Curated_annotation,Early erythroid,1889,0.4674093994109361,0.49324324324324326,0.3864478560084701,63974,750,1159,730,3,"['ENSG00000099203', 'ENSG00000133106', 'ENSG00000213339']","['ENSG00000099203', 'ENSG00000133106', 'ENSG00000104671', 'ENSG00000141447', 'ENSG00000213339', 'ENSG00000147955', 'ENSG00000198157', 'ENSG00000140416', 'ENSG00000157216', 'ENSG00000110713']",0.43840355,fold_2
4.1,Curated_annotation,Erythrocytes,48,0.16393442622950818,0.16326530612244897,0.16666666666666666,66524,41,40,8,5,"['ENSG00000144451', 'ENSG00000126814', 'ENSG00000121486', 'ENSG00000080819', 'ENSG00000115993']","['ENSG00000144451', 'ENSG00000126814', 'ENSG00000121486', 'ENSG00000080819', 'ENSG00000108349', 'ENSG00000115993', 'ENSG00000025800', 'ENSG00000213339', 'ENSG00000147955', 'ENSG00000198157']",1.0,fold_2
4.1,Curated_annotation,Follicular helper T cells,280,0.010300565210501295,0.008271035470017497,0.5571428571428572,47628,18705,124,156,1,['ENSG00000162894'],"['ENSG00000162894', 'ENSG00000172216']",0.07018584,fold_2
4.1,Curated_annotation,GMP,467,0.09607233681831026,0.08854166666666667,0.145610278372591,65446,700,399,68,5,"['ENSG00000184584', 'ENSG00000075426', 'ENSG00000177674', 'ENSG00000104872', 'ENSG00000060762']","['ENSG00000184584', 'ENSG00000141905', 'ENSG00000075426', 'ENSG00000177674', 'ENSG00000104872', 'ENSG00000060762', 'ENSG00000166562', 'ENSG00000159216', 'ENSG00000163349', 'ENSG00000172216']",0.08824725,fold_2
4.1,Curated_annotation,HSC/MPP,4448,0.2220287331301698,0.23434807581849512,0.18345323741007194,59499,2666,3632,816,3,"['ENSG00000184584', 'ENSG00000114796', 'ENSG00000172216']","['ENSG00000184584', 'ENSG00000114796', 'ENSG00000172216']",0.08735506,fold_2
4.1,Curated_annotation,Late erythroid,77,0.6986899563318777,0.8421052631578947,0.4155844155844156,66530,6,45,32,2,"['ENSG00000115993', 'ENSG00000104765']","['ENSG00000170180', 'ENSG00000115993', 'ENSG00000157216', 'ENSG00000104765', 'ENSG00000138449', 'ENSG00000145354', 'ENSG00000163349']",0.46499652,fold_2
4.1,Curated_annotation,MAIT cells,704,0.03731873756042081,0.03062117235345582,0.29829545454545453,59261,6648,494,210,2,"['ENSG00000114423', 'ENSG00000162894']","['ENSG00000114423', 'ENSG00000162894']",0.11815263,fold_2
4.1,Curated_annotation,MEMP,766,0.22920203735144312,0.2107728337236534,0.3524804177545692,64836,1011,496,270,3,"['ENSG00000133106', 'ENSG00000121570', 'ENSG00000140416']","['ENSG00000133106', 'ENSG00000121570', 'ENSG00000213339', 'ENSG00000198157', 'ENSG00000140416', 'ENSG00000110713', 'ENSG00000157216', 'ENSG00000143793', 'ENSG00000138449', 'ENSG00000114796']",0.32702968,fold_2
4.1,Curated_annotation,Mast cells,259,0.22504892367906065,0.36507936507936506,0.0888030888030888,66314,40,236,23,2,"['ENSG00000159216', 'ENSG00000172216']","['ENSG00000075426', 'ENSG00000159216', 'ENSG00000163349', 'ENSG00000172216', 'ENSG00000166562']",0.0693884,fold_2
4.1,Curated_annotation,Megakaryocyte precursor,397,0.12311901504787962,0.12026726057906459,0.13602015113350127,65821,395,343,54,4,"['ENSG00000184584', 'ENSG00000140416', 'ENSG00000114796', 'ENSG00000138449']","['ENSG00000184584', 'ENSG00000110713', 'ENSG00000140416', 'ENSG00000114796', 'ENSG00000138449', 'ENSG00000145354']",0.10294518,fold_2
4.1,Curated_annotation,Megakaryocytes/platelets,53,0.7518796992481203,1.0,0.37735849056603776,66560,0,33,20,2,"['ENSG00000150681', 'ENSG00000140416']","['ENSG00000197959', 'ENSG00000150681', 'ENSG00000140416', 'ENSG00000150093']",0.36679605,fold_2
4.1,Curated_annotation,Memory B cells,1061,0.08673379261614556,0.07208926736162091,0.46277097078228085,59232,6320,570,491,1,['ENSG00000162894'],['ENSG00000162894'],0.11894822,fold_2
4.1,Curated_annotation,Mid erythroid,894,0.6642903434867142,0.7481751824817519,0.45861297539149887,65581,138,484,410,2,"['ENSG00000170180', 'ENSG00000080819']","['ENSG00000170180', 'ENSG00000080819', 'ENSG00000177192', 'ENSG00000115993', 'ENSG00000115946', 'ENSG00000147955', 'ENSG00000213339', 'ENSG00000198157', 'ENSG00000143793', 'ENSG00000140416']",0.2512464,fold_2
4.1,Curated_annotation,NAMPT neutrophils,443,0.5312810327706058,0.7588652482269503,0.24153498871331827,66136,34,336,107,2,"['ENSG00000157551', 'ENSG00000172216']","['ENSG00000157551', 'ENSG00000197405', 'ENSG00000150681', 'ENSG00000153250', 'ENSG00000172216', 'ENSG00000123329', 'ENSG00000138449', 'ENSG00000177674', 'ENSG00000163349', 'ENSG00000104765']",0.584889,fold_2
4.1,Curated_annotation,Naive B cells,1211,0.22466231737572362,0.2022332506203474,0.4037985136251032,63473,1929,722,489,1,['ENSG00000162894'],['ENSG00000162894'],0.14938487,fold_2
4.1,Curated_annotation,Neutrophil-myeloid progenitor,2022,0.16562778272484416,0.16159860990443092,0.18397626112759644,62661,1930,1650,372,4,"['ENSG00000141905', 'ENSG00000177674', 'ENSG00000166562', 'ENSG00000163349']","['ENSG00000141905', 'ENSG00000177674', 'ENSG00000166562', 'ENSG00000163349', 'ENSG00000204370']",0.05494777,fold_2
4.1,Curated_annotation,Non-classical monocytes,961,0.2580263935394918,0.25461613216715256,0.2726326742976067,64885,767,699,262,3,"['ENSG00000124762', 'ENSG00000197405', 'ENSG00000204370']","['ENSG00000124762', 'ENSG00000197405', 'ENSG00000172216', 'ENSG00000075426', 'ENSG00000177674', 'ENSG00000204370']",0.26913312,fold_2
4.1,Curated_annotation,Plasma cells,1033,0.6784140969162996,0.7790893760539629,0.44724104549854793,65449,131,571,462,2,"['ENSG00000162298', 'ENSG00000166562']","['ENSG00000139192', 'ENSG00000102531', 'ENSG00000162298', 'ENSG00000166562', 'ENSG00000145354', 'ENSG00000060762']",0.2361753,fold_2
4.1,Curated_annotation,Plasmablasts,249,0.358814352574103,0.46938775510204084,0.18473895582329317,66312,52,203,46,6,"['ENSG00000172071', 'ENSG00000139192', 'ENSG00000102531', 'ENSG00000162298', 'ENSG00000115946', 'ENSG00000108349']","['ENSG00000172071', 'ENSG00000139192', 'ENSG00000102531', 'ENSG00000162298', 'ENSG00000115946', 'ENSG00000108349', 'ENSG00000166562', 'ENSG00000147955', 'ENSG00000239713', 'ENSG00000168137']",0.26181135,fold_2
4.1,Curated_annotation,Promyelocytes,400,0.0818452380952381,0.07268722466960352,0.165,65371,842,334,66,6,"['ENSG00000141905', 'ENSG00000075426', 'ENSG00000177674', 'ENSG00000153250', 'ENSG00000163349', 'ENSG00000172216']","['ENSG00000141905', 'ENSG00000075426', 'ENSG00000177674', 'ENSG00000153250', 'ENSG00000163349', 'ENSG00000172216', 'ENSG00000159216']",0.07850629,fold_2
4.1,Curated_annotation,Regulatory T cells,580,0.05987581312832643,0.052393272962483826,0.1396551724137931,64568,1465,499,81,3,"['ENSG00000162894', 'ENSG00000116752', 'ENSG00000150093']","['ENSG00000162894', 'ENSG00000116752', 'ENSG00000150093']",0.100196436,fold_2
4.1,Curated_annotation,Small pre-B cells,42,0.16990291262135923,0.17073170731707318,0.16666666666666666,66537,34,35,7,2,"['ENSG00000172071', 'ENSG00000162298']","['ENSG00000172071', 'ENSG00000162298', 'ENSG00000114796']",0.71913075,fold_2
4.1,Curated_annotation,Tcm/Naive cytotoxic T cells,698,0.028435515161178877,0.02296137339055794,0.6131805157593123,47703,18212,270,428,1,['ENSG00000162894'],['ENSG00000162894'],0.07594804,fold_2
4.1,Curated_annotation,Tcm/Naive helper T cells,7982,0.24591227614845576,0.21718066263804958,0.5223001753946379,43604,15027,3813,4169,1,['ENSG00000116752'],['ENSG00000116752'],0.113802776,fold_2
4.1,Curated_annotation,Tem/Effector helper T cells,1604,0.07712210170166185,0.0642620232172471,0.3865336658354115,55981,9028,984,620,2,"['ENSG00000153250', 'ENSG00000150093']","['ENSG00000153250', 'ENSG00000150093']",0.085715026,fold_2
4.1,Curated_annotation,Tem/Temra cytotoxic T cells,7013,0.470131330165057,0.5861739407454604,0.26236988450021387,58301,1299,5173,1840,2,"['ENSG00000239713', 'ENSG00000150093']","['ENSG00000239713', 'ENSG00000150093']",0.15399614,fold_2
4.1,Curated_annotation,Tem/Trm cytotoxic T cells,4771,0.2067801257990985,0.18015529341496192,0.5057639907776148,50861,10981,2358,2413,1,['ENSG00000114423'],['ENSG00000114423'],0.17743017,fold_2
4.1,Curated_annotation,pDC,482,0.048540648878867595,0.04004133298889176,0.3215767634854772,62415,3716,327,155,3,"['ENSG00000123329', 'ENSG00000166562', 'ENSG00000153250']","['ENSG00000123329', 'ENSG00000166562', 'ENSG00000153250']",0.07616112,fold_2
4.1,Curated_annotation,pDC precursor,524,0.05025731746542297,0.04197447951645399,0.2385496183206107,63236,2853,399,125,3,"['ENSG00000114796', 'ENSG00000060762', 'ENSG00000166562']","['ENSG00000114796', 'ENSG00000060762', 'ENSG00000166562']",0.09368715,fold_2
4.1,Curated_annotation,Age-associated B cells,135,0.008194109345836937,0.00659582264565775,0.26666666666666666,61056,5422,99,36,2,"['ENSG00000107290', 'ENSG00000149925']","['ENSG00000107290', 'ENSG00000149925']",0.10383031,fold_3
4.1,Curated_annotation,CD16+ NK cells,8779,0.26879021052508667,0.23959200666111574,0.5244333067547556,43222,14612,4175,4604,1,['ENSG00000221869'],['ENSG00000221869'],0.049217246,fold_3
4.1,Curated_annotation,CD16- NK cells,498,0.12099276111685625,0.1020497165285652,0.46987951807228917,64056,2059,264,234,2,"['ENSG00000196781', 'ENSG00000221869']","['ENSG00000196781', 'ENSG00000221869']",0.31994244,fold_3
4.1,Curated_annotation,CD24 neutrophils,2333,0.8984940015315238,0.8968152866242038,0.9052721817402486,64037,243,221,2112,1,['ENSG00000008438'],"['ENSG00000008438', 'ENSG00000147202', 'ENSG00000155096', 'ENSG00000140199', 'ENSG00000157764', 'ENSG00000198961', 'ENSG00000129355', 'ENSG00000221869']",0.6981246,fold_3
4.1,Curated_annotation,CMP,636,0.10827850877192982,0.1049136786188579,0.12421383647798742,65303,674,557,79,4,"['ENSG00000147202', 'ENSG00000150403', 'ENSG00000122674', 'ENSG00000091542']","['ENSG00000113369', 'ENSG00000147202', 'ENSG00000129675', 'ENSG00000150403', 'ENSG00000122674', 'ENSG00000091542', 'ENSG00000132466', 'ENSG00000157764', 'ENSG00000154640', 'ENSG00000123405']",0.25337893,fold_3
4.1,Curated_annotation,Classical monocytes,7615,0.5643416342106299,0.6445742529768591,0.3767564018384767,57416,1582,4746,2869,2,"['ENSG00000139318', 'ENSG00000221869']","['ENSG00000139318', 'ENSG00000221869', 'ENSG00000107290']",0.12764771,fold_3
4.1,Curated_annotation,Cycling T&NK,816,0.15033407572383073,0.22040816326530613,0.0661764705882353,65606,191,762,54,5,"['ENSG00000144579', 'ENSG00000162032', 'ENSG00000087338', 'ENSG00000154640', 'ENSG00000102572']","['ENSG00000144579', 'ENSG00000162032', 'ENSG00000087338', 'ENSG00000154640', 'ENSG00000107290', 'ENSG00000102572', 'ENSG00000156136', 'ENSG00000130706', 'ENSG00000129355', 'ENSG00000104325']",0.21094383,fold_3
4.1,Curated_annotation,DC1,73,0.14251781472684086,0.13793103448275862,0.1643835616438356,66465,75,61,12,6,"['ENSG00000160753', 'ENSG00000110395', 'ENSG00000149925', 'ENSG00000099995', 'ENSG00000102572', 'ENSG00000155096']","['ENSG00000160753', 'ENSG00000110395', 'ENSG00000149925', 'ENSG00000099995', 'ENSG00000102572', 'ENSG00000155096', 'ENSG00000182199', 'ENSG00000107290', 'ENSG00000221869', 'ENSG00000129355']",0.119504824,fold_3
4.1,Curated_annotation,DC2,201,0.04625735912531539,0.044534412955465584,0.05472636815920398,66176,236,190,11,6,"['ENSG00000170791', 'ENSG00000121067', 'ENSG00000162032', 'ENSG00000149925', 'ENSG00000102572', 'ENSG00000107290']","['ENSG00000170791', 'ENSG00000121067', 'ENSG00000162032', 'ENSG00000149925', 'ENSG00000102572', 'ENSG00000107290', 'ENSG00000104325', 'ENSG00000172586', 'ENSG00000182199', 'ENSG00000221869']",0.119547114,fold_3
4.1,Curated_annotation,DC precursor,238,0.07046223224351747,0.06510416666666667,0.10504201680672269,66016,359,213,25,5,"['ENSG00000122674', 'ENSG00000110395', 'ENSG00000111361', 'ENSG00000162032', 'ENSG00000102572']","['ENSG00000129675', 'ENSG00000122674', 'ENSG00000110395', 'ENSG00000111361', 'ENSG00000162032', 'ENSG00000102572', 'ENSG00000099995', 'ENSG00000185608', 'ENSG00000172586', 'ENSG00000182199']",0.13745846,fold_3
4.1,Curated_annotation,ELP,154,0.1089588377723971,0.10714285714285714,0.11688311688311688,66309,150,136,18,5,"['ENSG00000157764', 'ENSG00000134986', 'ENSG00000156136', 'ENSG00000205981', 'ENSG00000129355']","['ENSG00000157764', 'ENSG00000134986', 'ENSG00000156136', 'ENSG00000205981', 'ENSG00000129355']",0.109443285,fold_3
4.1,Curated_annotation,ETP,105,0.047619047619047616,0.04126984126984127,0.12380952380952381,66206,302,92,13,2,"['ENSG00000134986', 'ENSG00000129355']","['ENSG00000134986', 'ENSG00000129355']",0.07838421,fold_3
4.1,Curated_annotation,Early MK,216,0.6206896551724138,0.7912087912087912,0.3333333333333333,66378,19,144,72,5,"['ENSG00000115325', 'ENSG00000101082', 'ENSG00000140416', 'ENSG00000111361', 'ENSG00000154640']","['ENSG00000115325', 'ENSG00000186314', 'ENSG00000101082', 'ENSG00000140416', 'ENSG00000111361', 'ENSG00000154640', 'ENSG00000102572', 'ENSG00000123405', 'ENSG00000182199', 'ENSG00000149925']",0.18919402,fold_3
4.1,Curated_annotation,Early erythroid,1889,0.40264880499314964,0.45213675213675214,0.28004235044997355,64083,641,1360,529,3,"['ENSG00000106105', 'ENSG00000083635', 'ENSG00000140199']","['ENSG00000106105', 'ENSG00000083635', 'ENSG00000150403', 'ENSG00000141456', 'ENSG00000140199', 'ENSG00000111361', 'ENSG00000140416', 'ENSG00000185608', 'ENSG00000205981', 'ENSG00000099995']",0.3182442,fold_3
4.1,Curated_annotation,Erythrocytes,48,0.07530120481927711,0.06493506493506493,0.20833333333333334,66421,144,38,10,5,"['ENSG00000151090', 'ENSG00000124198', 'ENSG00000083635', 'ENSG00000029725', 'ENSG00000132466']","['ENSG00000151090', 'ENSG00000124198', 'ENSG00000083635', 'ENSG00000162819', 'ENSG00000029725', 'ENSG00000132466', 'ENSG00000140199', 'ENSG00000121067', 'ENSG00000149925', 'ENSG00000140416']",0.35643828,fold_3
4.1,Curated_annotation,Follicular helper T cells,280,0.010524320657595468,0.008443039494217918,0.7535714285714286,41553,24780,69,211,1,['ENSG00000104660'],['ENSG00000104660'],0.07198637,fold_3
4.1,Curated_annotation,GMP,467,0.08366358432408631,0.08425720620842572,0.08137044967880086,65733,413,429,38,6,"['ENSG00000129675', 'ENSG00000147202', 'ENSG00000185608', 'ENSG00000157764', 'ENSG00000172586', 'ENSG00000099995']","['ENSG00000129675', 'ENSG00000147202', 'ENSG00000185608', 'ENSG00000157764', 'ENSG00000172586', 'ENSG00000099995', 'ENSG00000205981', 'ENSG00000182199', 'ENSG00000134986', 'ENSG00000221869']",0.09325424,fold_3
4.1,Curated_annotation,Late erythroid,77,0.0385559060637925,0.03170028818443804,0.2857142857142857,65864,672,55,22,1,['ENSG00000123405'],['ENSG00000123405'],0.17657936,fold_3
4.1,Curated_annotation,MAIT cells,704,0.08978298444401767,0.07433909759491154,0.53125,61252,4657,330,374,2,"['ENSG00000221869', 'ENSG00000104660']","['ENSG00000221869', 'ENSG00000104660']",0.076023,fold_3
4.1,Curated_annotation,MEMP,766,0.17904509283819628,0.15781083953241232,0.3877284595300261,64262,1585,469,297,3,"['ENSG00000140416', 'ENSG00000154640', 'ENSG00000123405']","['ENSG00000140199', 'ENSG00000140416', 'ENSG00000154640', 'ENSG00000162032', 'ENSG00000111361', 'ENSG00000123405', 'ENSG00000102572', 'ENSG00000099995', 'ENSG00000185608', 'ENSG00000157764']",0.1238505,fold_3
4.1,Curated_annotation,Megakaryocyte precursor,397,0.0391557051085959,0.03210433910208176,0.3224181360201511,62357,3859,269,128,2,"['ENSG00000140416', 'ENSG00000205981']","['ENSG00000140416', 'ENSG00000205981']",0.0810637,fold_3
4.1,Curated_annotation,Megakaryocytes/platelets,53,0.594059405940594,1.0,0.22641509433962265,66560,0,41,12,2,"['ENSG00000140416', 'ENSG00000129355']","['ENSG00000101082', 'ENSG00000166963', 'ENSG00000140416', 'ENSG00000149925', 'ENSG00000123405', 'ENSG00000129355']",0.24207595,fold_3
4.1,Curated_annotation,Mid erythroid,894,0.4219479653102068,0.48098859315589354,0.2829977628635347,65446,273,641,253,4,"['ENSG00000186314', 'ENSG00000196781', 'ENSG00000140416', 'ENSG00000154640']","['ENSG00000186314', 'ENSG00000196781', 'ENSG00000140416', 'ENSG00000111361', 'ENSG00000154640', 'ENSG00000099995', 'ENSG00000149925', 'ENSG00000205981', 'ENSG00000123405', 'ENSG00000185608']",0.10918325,fold_3
4.1,Curated_annotation,NAMPT neutrophils,443,0.31368102796674224,0.37727272727272726,0.1873589164785553,66033,137,360,83,2,"['ENSG00000169891', 'ENSG00000123405']","['ENSG00000169891', 'ENSG00000008438', 'ENSG00000110395', 'ENSG00000140199', 'ENSG00000155096', 'ENSG00000123405', 'ENSG00000198961', 'ENSG00000221869', 'ENSG00000129355']",0.57636845,fold_3
4.1,Curated_annotation,Naive B cells,1211,0.8540986423784155,0.8628472222222222,0.8208092485549133,65244,158,217,994,1,['ENSG00000100721'],['ENSG00000100721'],0.414738,fold_3
4.1,Curated_annotation,Neutrophil-myeloid progenitor,2022,0.07075274801725337,0.058240751345779405,0.5029673590504451,48146,16445,1005,1017,1,['ENSG00000172586'],['ENSG00000172586'],0.044429965,fold_3
4.1,Curated_annotation,Non-classical monocytes,961,0.26788479405388665,0.30511463844797176,0.18002081165452655,65258,394,788,173,3,"['ENSG00000139318', 'ENSG00000149925', 'ENSG00000221869']","['ENSG00000139318', 'ENSG00000149925', 'ENSG00000107290', 'ENSG00000221869']",0.18788822,fold_3
4.1,Curated_annotation,Plasma cells,1033,0.061882684942551905,0.05165741208144035,0.2971926427879961,59944,5636,726,307,2,"['ENSG00000185608', 'ENSG00000149925']","['ENSG00000185608', 'ENSG00000149925']",0.024607897,fold_3
4.1,Curated_annotation,Plasmablasts,249,0.3147208121827411,0.33695652173913043,0.24899598393574296,66242,122,187,62,6,"['ENSG00000106105', 'ENSG00000170791', 'ENSG00000250317', 'ENSG00000196781', 'ENSG00000141456', 'ENSG00000185608']","['ENSG00000106105', 'ENSG00000170791', 'ENSG00000250317', 'ENSG00000196781', 'ENSG00000141456', 'ENSG00000185608', 'ENSG00000091542', 'ENSG00000121067', 'ENSG00000182199', 'ENSG00000172586']",0.3287447,fold_3
4.1,Curated_annotation,Pro-B cells,1751,0.3991130820399113,0.45525291828793774,0.2672758423757853,64302,560,1283,468,2,"['ENSG00000156136', 'ENSG00000134986']","['ENSG00000156136', 'ENSG00000134986']",0.11232559,fold_3
4.1,Curated_annotation,Promyelocytes,400,0.02292755405266933,0.018531939124132934,0.4475,56733,9480,221,179,2,"['ENSG00000107290', 'ENSG00000221869']","['ENSG00000107290', 'ENSG00000221869']",0.044758584,fold_3
4.1,Curated_annotation,Regulatory T cells,580,0.05326892535733192,0.04431599229287091,0.2775862068965517,62561,3472,419,161,2,"['ENSG00000156127', 'ENSG00000104660']","['ENSG00000156127', 'ENSG00000104660']",0.54024696,fold_3
4.1,Curated_annotation,Small pre-B cells,42,0.38461538461538464,0.45454545454545453,0.23809523809523808,66559,12,32,10,2,"['ENSG00000136237', 'ENSG00000129355']","['ENSG00000136237', 'ENSG00000100721', 'ENSG00000196781', 'ENSG00000129355', 'ENSG00000048649']",0.54176736,fold_3
4.1,Curated_annotation,Tcm/Naive cytotoxic T cells,698,0.041329256409394846,0.03345573235414117,0.7048710601719198,51701,14214,206,492,1,['ENSG00000104660'],['ENSG00000104660'],0.08908077,fold_3
4.1,Curated_annotation,Tcm/Naive helper T cells,7982,0.34848090654178593,0.31514280112410953,0.6041092458030569,48152,10479,3160,4822,1,['ENSG00000104660'],['ENSG00000104660'],0.078969434,fold_3
4.1,Curated_annotation,pDC,482,0.37005163511187605,0.5058823529411764,0.17842323651452283,66047,84,396,86,3,"['ENSG00000166963', 'ENSG00000107290', 'ENSG00000129355']","['ENSG00000166963', 'ENSG00000156136', 'ENSG00000107290', 'ENSG00000129355', 'ENSG00000134986', 'ENSG00000134153', 'ENSG00000167085']",0.10196545,fold_3
4.1,Curated_annotation,pDC precursor,524,0.4,0.5680473372781065,0.183206106870229,66016,73,428,96,2,"['ENSG00000166963', 'ENSG00000129355']","['ENSG00000166963', 'ENSG00000157764', 'ENSG00000129355', 'ENSG00000134986', 'ENSG00000156136', 'ENSG00000134153']",0.13868904,fold_3
4.1,Curated_annotation,Age-associated B cells,135,0.021785629406638675,0.017616912235746317,0.4074074074074074,63411,3067,80,55,1,['ENSG00000091490'],['ENSG00000091490'],0.19606233,fold_4
4.1,Curated_annotation,CD16+ NK cells,8779,0.22059532259053827,0.19118317132442283,0.5735277366442647,36533,21301,3744,5035,1,['ENSG00000118503'],['ENSG00000118503'],0.06126155,fold_4
4.1,Curated_annotation,CD16- NK cells,498,0.023333647591213348,0.01911565939370535,0.19879518072289157,61035,5080,399,99,1,['ENSG00000118503'],['ENSG00000118503'],0.06422608,fold_4
4.1,Curated_annotation,CD24 neutrophils,2333,0.7360202855998932,0.8550387596899225,0.4727818259751393,64093,187,1230,1103,2,"['ENSG00000120306', 'ENSG00000172322']","['ENSG00000120306', 'ENSG00000110422', 'ENSG00000172322', 'ENSG00000102786', 'ENSG00000035403', 'ENSG00000147162', 'ENSG00000153317', 'ENSG00000117984']",0.44671556,fold_4
4.1,Curated_annotation,CMP,636,0.08366141732283465,0.06948785765809089,0.45440251572327045,62107,3870,347,289,2,"['ENSG00000174917', 'ENSG00000262814']","['ENSG00000174917', 'ENSG00000153574', 'ENSG00000135521', 'ENSG00000065150', 'ENSG00000115419', 'ENSG00000262814', 'ENSG00000101220', 'ENSG00000159692']",0.11376193,fold_4
4.1,Curated_annotation,CRTAM+ gamma-delta T cells,1371,0.04249140976624885,0.03445028643176646,0.6404084609773888,40634,24608,493,878,1,['ENSG00000118503'],['ENSG00000118503'],0.07689653,fold_4
4.1,Curated_annotation,Classical monocytes,7615,0.6421434030628131,0.6548787528868361,0.5957977675640184,56607,2391,3078,4537,1,['ENSG00000117984'],"['ENSG00000178209', 'ENSG00000172322', 'ENSG00000117984']",0.09880532,fold_4
4.1,Curated_annotation,Cycling T&NK,816,0.2878464818763326,0.4075471698113208,0.1323529411764706,65640,157,708,108,4,"['ENSG00000151503', 'ENSG00000102786', 'ENSG00000159692', 'ENSG00000171148']","['ENSG00000151503', 'ENSG00000102786', 'ENSG00000159692', 'ENSG00000171148', 'ENSG00000115419', 'ENSG00000151923', 'ENSG00000157916', 'ENSG00000118503', 'ENSG00000134809', 'ENSG00000102898']",0.17869015,fold_4
4.1,Curated_annotation,DC1,73,0.32653061224489793,0.37209302325581395,0.2191780821917808,66513,27,57,16,5,"['ENSG00000069399', 'ENSG00000169682', 'ENSG00000153317', 'ENSG00000101220', 'ENSG00000171148']","['ENSG00000119321', 'ENSG00000069399', 'ENSG00000169682', 'ENSG00000153317', 'ENSG00000101220', 'ENSG00000171148', 'ENSG00000159346', 'ENSG00000159692', 'ENSG00000262814']",0.21481916,fold_4
4.1,Curated_annotation,DC2,201,0.11836734693877551,0.11328125,0.14427860696517414,66185,227,172,29,5,"['ENSG00000069399', 'ENSG00000035403', 'ENSG00000153317', 'ENSG00000054116', 'ENSG00000171148']","['ENSG00000069399', 'ENSG00000035403', 'ENSG00000172322', 'ENSG00000153317', 'ENSG00000054116', 'ENSG00000171148', 'ENSG00000115419', 'ENSG00000159692', 'ENSG00000159346', 'ENSG00000101220']",0.095616125,fold_4
4.1,Curated_annotation,DC precursor,238,0.15175718849840256,0.1958762886597938,0.07983193277310924,66297,78,219,19,5,"['ENSG00000035403', 'ENSG00000172322', 'ENSG00000151503', 'ENSG00000174917', 'ENSG00000153574']","['ENSG00000035403', 'ENSG00000172322', 'ENSG00000151503', 'ENSG00000174917', 'ENSG00000054116', 'ENSG00000153574', 'ENSG00000135521', 'ENSG00000065150', 'ENSG00000171148', 'ENSG00000159692']",0.10978664,fold_4
4.1,Curated_annotation,ELP,154,0.06419073819348922,0.053231939163498096,0.36363636363636365,65463,996,98,56,2,"['ENSG00000169575', 'ENSG00000172794']","['ENSG00000169575', 'ENSG00000172794']",0.13939603,fold_4
4.1,Curated_annotation,Early MK,216,0.5214723926380368,0.6238532110091743,0.3148148148148148,66356,41,148,68,4,"['ENSG00000177425', 'ENSG00000185340', 'ENSG00000164087', 'ENSG00000035403']","['ENSG00000177425', 'ENSG00000185340', 'ENSG00000214063', 'ENSG00000125257', 'ENSG00000164087', 'ENSG00000035403', 'ENSG00000158042', 'ENSG00000151503', 'ENSG00000153574', 'ENSG00000172794']",0.3071986,fold_4
4.1,Curated_annotation,Early erythroid,1889,0.603116099849221,0.7058823529411765,0.38115404976177875,64424,300,1169,720,3,"['ENSG00000214063', 'ENSG00000223609', 'ENSG00000174917']","['ENSG00000138381', 'ENSG00000214063', 'ENSG00000153391', 'ENSG00000133316', 'ENSG00000223609', 'ENSG00000174917', 'ENSG00000153317', 'ENSG00000153574', 'ENSG00000065150', 'ENSG00000262814']",0.14110278,fold_4
4.1,Curated_annotation,Erythrocytes,48,0.10080645161290322,0.08928571428571429,0.20833333333333334,66463,102,38,10,5,"['ENSG00000185246', 'ENSG00000110066', 'ENSG00000101413', 'ENSG00000167193', 'ENSG00000117394']","['ENSG00000185246', 'ENSG00000110066', 'ENSG00000101413', 'ENSG00000167193', 'ENSG00000182400', 'ENSG00000117394', 'ENSG00000125257', 'ENSG00000223609', 'ENSG00000151503', 'ENSG00000065150']",1.0,fold_4
4.1,Curated_annotation,Follicular helper T cells,280,0.03736920777279522,0.031545741324921134,0.14285714285714285,65105,1228,240,40,3,"['ENSG00000115419', 'ENSG00000118503', 'ENSG00000096060']","['ENSG00000115419', 'ENSG00000118503', 'ENSG00000096060']",0.09327524,fold_4
4.1,Curated_annotation,GMP,467,0.30388031790556336,0.31100478468899523,0.278372591006424,65858,288,337,130,3,"['ENSG00000124491', 'ENSG00000174917', 'ENSG00000101220']","['ENSG00000124491', 'ENSG00000174917', 'ENSG00000135521', 'ENSG00000101220', 'ENSG00000262814', 'ENSG00000065150', 'ENSG00000134809']",0.11706262,fold_4
4.1,Curated_annotation,HSC/MPP,4448,0.32323232323232326,0.34460065809153456,0.2589928057553957,59974,2191,3296,1152,2,"['ENSG00000174917', 'ENSG00000172794']","['ENSG00000174917', 'ENSG00000172794']",0.09700016,fold_4
4.1,Curated_annotation,Late erythroid,77,0.7053941908713693,0.8292682926829268,0.44155844155844154,66529,7,43,34,2,"['ENSG00000117394', 'ENSG00000223609']","['ENSG00000117394', 'ENSG00000223609', 'ENSG00000159346']",0.56877613,fold_4
4.1,Curated_annotation,MAIT cells,704,0.0864667049368542,0.07285368802902055,0.34232954545454547,62842,3067,463,241,1,['ENSG00000118503'],['ENSG00000118503'],0.11385396,fold_4
4.1,Curated_annotation,MEMP,766,0.2777777777777778,0.2718786464410735,0.304177545691906,65223,624,533,233,3,"['ENSG00000125257', 'ENSG00000172794', 'ENSG00000223609']","['ENSG00000125257', 'ENSG00000116266', 'ENSG00000136247', 'ENSG00000172794', 'ENSG00000223609', 'ENSG00000153574', 'ENSG00000147162', 'ENSG00000054116', 'ENSG00000065150', 'ENSG00000171148']",0.119914256,fold_4
4.1,Curated_annotation,Mast cells,259,0.019011406844106463,1.0,0.003861003861003861,66354,0,258,1,1,['ENSG00000118503'],"['ENSG00000172794', 'ENSG00000118503']",0.027011074,fold_4
4.1,Curated_annotation,Megakaryocyte precursor,397,0.193560751245688,0.18264014466546113,0.25440806045340053,65764,452,296,101,3,"['ENSG00000172794', 'ENSG00000174917', 'ENSG00000223609']","['ENSG00000172794', 'ENSG00000174917', 'ENSG00000223609']",0.15423596,fold_4
4.1,Curated_annotation,Megakaryocytes/platelets,53,0.8385093167701864,1.0,0.5094339622641509,66560,0,26,27,2,"['ENSG00000124491', 'ENSG00000035403']","['ENSG00000124491', 'ENSG00000185340', 'ENSG00000169682', 'ENSG00000035403', 'ENSG00000172794', 'ENSG00000159346', 'ENSG00000171148', 'ENSG00000125868', 'ENSG00000102898']",0.6986304,fold_4
4.1,Curated_annotation,Memory B cells,1061,0.10841594600295297,0.09079667903197315,0.48444863336475025,60405,5147,547,514,1,['ENSG00000091490'],['ENSG00000091490'],0.16923383,fold_4
4.1,Curated_annotation,Mid erythroid,894,0.45084745762711864,0.5175097276264592,0.2975391498881432,65471,248,628,266,3,"['ENSG00000117394', 'ENSG00000223609', 'ENSG00000151503']","['ENSG00000117394', 'ENSG00000164087', 'ENSG00000158042', 'ENSG00000223609', 'ENSG00000153574', 'ENSG00000151503', 'ENSG00000065150', 'ENSG00000262814', 'ENSG00000159346', 'ENSG00000101220']",0.1364681,fold_4
4.1,Curated_annotation,NAMPT neutrophils,443,0.33502968617472434,0.42934782608695654,0.17832957110609482,66065,105,364,79,3,"['ENSG00000116991', 'ENSG00000120306', 'ENSG00000153317']","['ENSG00000116991', 'ENSG00000127663', 'ENSG00000110422', 'ENSG00000120306', 'ENSG00000172322', 'ENSG00000153317', 'ENSG00000096060', 'ENSG00000077420', 'ENSG00000118503']",0.47434765,fold_4
4.1,Curated_annotation,Neutrophil-myeloid progenitor,2022,0.1516619827502665,0.13450795015040826,0.3095944609297725,60563,4028,1396,626,3,"['ENSG00000065150', 'ENSG00000262814', 'ENSG00000101220']","['ENSG00000065150', 'ENSG00000262814', 'ENSG00000101220']",0.07811701,fold_4
4.1,Curated_annotation,Non-classical monocytes,961,0.14014397304334508,0.1314655172413793,0.19042663891779396,64443,1209,778,183,3,"['ENSG00000172322', 'ENSG00000159346', 'ENSG00000101220']","['ENSG00000172322', 'ENSG00000159346', 'ENSG00000101220', 'ENSG00000117984']",0.07912234,fold_4
4.1,Curated_annotation,Plasma cells,1033,0.4979015642884395,0.6574307304785895,0.2526621490803485,65444,136,772,261,2,"['ENSG00000134910', 'ENSG00000091490']","['ENSG00000134910', 'ENSG00000091490', 'ENSG00000147162', 'ENSG00000159346', 'ENSG00000159692']",0.23768434,fold_4
4.1,Curated_annotation,Plasmablasts,249,0.4530386740331492,0.5,0.3293172690763052,66282,82,167,82,5,"['ENSG00000134910', 'ENSG00000164087', 'ENSG00000158042', 'ENSG00000153391', 'ENSG00000091490']","['ENSG00000104522', 'ENSG00000134910', 'ENSG00000164087', 'ENSG00000158042', 'ENSG00000153391', 'ENSG00000091490', 'ENSG00000054116', 'ENSG00000151503', 'ENSG00000262814', 'ENSG00000115419']",0.18516542,fold_4
4.1,Curated_annotation,Pro-B cells,1751,0.8483319958729795,0.8491107286288009,0.845231296402056,64599,263,271,1480,1,['ENSG00000169575'],['ENSG00000169575'],0.44766915,fold_4
4.1,Curated_annotation,Promyelocytes,400,0.07745726495726496,0.06937799043062201,0.145,65435,778,342,58,3,"['ENSG00000101220', 'ENSG00000262814', 'ENSG00000159692']","['ENSG00000101220', 'ENSG00000262814', 'ENSG00000159692']",0.06669936,fold_4
4.1,Curated_annotation,Regulatory T cells,580,0.017362867064495465,0.01395853096625559,0.7103448275862069,36929,29104,168,412,1,['ENSG00000118503'],['ENSG00000118503'],0.06566965,fold_4
4.1,Curated_annotation,Small pre-B cells,42,0.09316770186335403,0.08571428571428572,0.14285714285714285,66507,64,36,6,2,"['ENSG00000169575', 'ENSG00000077420']","['ENSG00000169575', 'ENSG00000077420']",0.21544029,fold_4
4.1,Curated_annotation,Tcm/Naive cytotoxic T cells,698,0.06548771786769952,0.054322553371380256,0.3681948424068768,61441,4474,441,257,2,"['ENSG00000172005', 'ENSG00000118503']","['ENSG00000172005', 'ENSG00000118503']",0.18764818,fold_4
4.1,Curated_annotation,Tcm/Naive helper T cells,7982,0.6767745214297815,0.6989357049132526,0.6006013530443498,56566,2065,3188,4794,1,['ENSG00000172005'],"['ENSG00000172005', 'ENSG00000118503']",0.37467146,fold_4
4.1,Curated_annotation,Tem/Effector helper T cells,1604,0.2573226072607261,0.24666337123084528,0.3110972568578554,63485,1524,1105,499,2,"['ENSG00000172005', 'ENSG00000118503']","['ENSG00000172005', 'ENSG00000118503']",0.20862511,fold_4
4.1,Curated_annotation,Tem/Temra cytotoxic T cells,7013,0.19911065916357149,0.1695344315221778,0.6589191501497219,36964,22636,2392,4621,1,['ENSG00000118503'],['ENSG00000118503'],0.06548574,fold_4
4.1,Curated_annotation,Tem/Trm cytotoxic T cells,4771,0.16783629566472094,0.14323295645359901,0.5363655418151331,46535,15307,2212,2559,1,['ENSG00000118503'],['ENSG00000118503'],0.083052196,fold_4
4.1,Curated_annotation,pDC,482,0.3756476683937824,0.514792899408284,0.18049792531120332,66049,82,395,87,4,"['ENSG00000121410', 'ENSG00000136247', 'ENSG00000091490', 'ENSG00000147162']","['ENSG00000121410', 'ENSG00000136247', 'ENSG00000091490', 'ENSG00000147162', 'ENSG00000102786', 'ENSG00000115419', 'ENSG00000159692', 'ENSG00000125868', 'ENSG00000151923']",0.24059398,fold_4
4.1,Curated_annotation,pDC precursor,524,0.2222222222222222,0.6530612244897959,0.061068702290076333,66072,17,492,32,2,"['ENSG00000174917', 'ENSG00000125868']","['ENSG00000121410', 'ENSG00000174917', 'ENSG00000125868']",0.114685014,fold_4
4.1,Curated_annotation,CD24 neutrophils,2333,0.6212365986194742,0.7560321715817694,0.36262323189027,64007,273,1487,846,2,"['ENSG00000181631', 'ENSG00000106780']","['ENSG00000181631', 'ENSG00000106780', 'ENSG00000134516', 'ENSG00000101972']",0.48271483,fold_5
4.1,Curated_annotation,CMP,636,0.08733624454148471,0.07901234567901234,0.1509433962264151,64858,1119,540,96,4,"['ENSG00000292343', 'ENSG00000248487', 'ENSG00000162517', 'ENSG00000167515']","['ENSG00000292343', 'ENSG00000248487', 'ENSG00000103978', 'ENSG00000162517', 'ENSG00000114503', 'ENSG00000167515', 'ENSG00000167969', 'ENSG00000143155', 'ENSG00000164611', 'ENSG00000105810']",0.2834796,fold_5
4.1,Curated_annotation,Classical monocytes,7615,0.7126737860165223,0.8225581395348838,0.46447800393959293,58235,763,4078,3537,2,"['ENSG00000106780', 'ENSG00000025708']","['ENSG00000172243', 'ENSG00000106780', 'ENSG00000025708', 'ENSG00000134516', 'ENSG00000108774']",0.17579314,fold_5
4.1,Curated_annotation,Cycling T&NK,816,0.417607223476298,0.6192468619246861,0.18137254901960784,65706,91,668,148,2,"['ENSG00000187608', 'ENSG00000100162']","['ENSG00000187608', 'ENSG00000138378', 'ENSG00000136280', 'ENSG00000100162', 'ENSG00000116830', 'ENSG00000145782', 'ENSG00000164611', 'ENSG00000110108', 'ENSG00000143155', 'ENSG00000167515']",0.57633966,fold_5
4.1,Curated_annotation,DC1,73,0.040346984062941293,0.03276003276003276,0.547945205479452,65359,1181,33,40,3,"['ENSG00000172243', 'ENSG00000130340', 'ENSG00000025708']","['ENSG00000172243', 'ENSG00000130340', 'ENSG00000142166', 'ENSG00000025708', 'ENSG00000127125', 'ENSG00000145782', 'ENSG00000110108', 'ENSG00000204370', 'ENSG00000134516', 'ENSG00000108774']",0.24429983,fold_5
4.1,Curated_annotation,DC2,201,0.19975031210986266,0.21333333333333335,0.15920398009950248,66294,118,169,32,5,"['ENSG00000109111', 'ENSG00000025708', 'ENSG00000162517', 'ENSG00000110108', 'ENSG00000167515']","['ENSG00000109111', 'ENSG00000025708', 'ENSG00000162517', 'ENSG00000127125', 'ENSG00000110108', 'ENSG00000167515', 'ENSG00000204370', 'ENSG00000143155', 'ENSG00000134516', 'ENSG00000114956']",0.1281269,fold_5
4.1,Curated_annotation,DC precursor,238,0.11832829808660625,0.10755148741418764,0.19747899159663865,65985,390,191,47,5,"['ENSG00000079819', 'ENSG00000100162', 'ENSG00000109111', 'ENSG00000025708', 'ENSG00000164611']","['ENSG00000079819', 'ENSG00000116830', 'ENSG00000100162', 'ENSG00000109111', 'ENSG00000025708', 'ENSG00000164611', 'ENSG00000110108', 'ENSG00000167515', 'ENSG00000127125', 'ENSG00000167969']",0.1262504,fold_5
4.1,Curated_annotation,ELP,154,0.03203883495145631,0.02642113690952762,0.21428571428571427,65243,1216,121,33,4,"['ENSG00000134324', 'ENSG00000143155', 'ENSG00000105810', 'ENSG00000066044']","['ENSG00000134324', 'ENSG00000143155', 'ENSG00000105810', 'ENSG00000066044']",0.07086693,fold_5
4.1,Curated_annotation,ETP,105,0.023891909705058494,0.019450033534540577,0.2761904761904762,65046,1462,76,29,2,"['ENSG00000134324', 'ENSG00000105810']","['ENSG00000134324', 'ENSG00000105810']",0.32565394,fold_5
4.1,Curated_annotation,Early MK,216,0.5681818181818182,0.7303370786516854,0.30092592592592593,66373,24,151,65,3,"['ENSG00000100439', 'ENSG00000120254', 'ENSG00000185630']","['ENSG00000100439', 'ENSG00000084693', 'ENSG00000120254', 'ENSG00000185630', 'ENSG00000173852', 'ENSG00000135926', 'ENSG00000237190', 'ENSG00000100162', 'ENSG00000164611', 'ENSG00000066044']",1.0,fold_5
4.1,Curated_annotation,Early erythroid,1889,0.37594483490253283,0.4012738853503185,0.30015881418740076,63878,846,1322,567,4,"['ENSG00000138867', 'ENSG00000017483', 'ENSG00000177917', 'ENSG00000162517']","['ENSG00000119689', 'ENSG00000138867', 'ENSG00000017483', 'ENSG00000177917', 'ENSG00000162517', 'ENSG00000100162', 'ENSG00000167969', 'ENSG00000143155', 'ENSG00000164611', 'ENSG00000110108']",0.16817994,fold_5
4.1,Curated_annotation,Erythrocytes,48,0.10204081632653061,0.10810810810810811,0.08333333333333333,66532,33,44,4,5,"['ENSG00000186767', 'ENSG00000092931', 'ENSG00000144357', 'ENSG00000197061', 'ENSG00000004809']","['ENSG00000186767', 'ENSG00000101413', 'ENSG00000092931', 'ENSG00000144357', 'ENSG00000197061', 'ENSG00000004809', 'ENSG00000173852', 'ENSG00000183032', 'ENSG00000103540', 'ENSG00000148337']",1.0,fold_5
4.1,Curated_annotation,GMP,467,0.07686608631228005,0.06731549067315491,0.1777301927194861,64996,1150,384,83,4,"['ENSG00000127125', 'ENSG00000025708', 'ENSG00000167969', 'ENSG00000164611']","['ENSG00000127125', 'ENSG00000025708', 'ENSG00000167515', 'ENSG00000167969', 'ENSG00000164611', 'ENSG00000143155', 'ENSG00000204370', 'ENSG00000134516', 'ENSG00000066044']",0.06986271,fold_5
4.1,Curated_annotation,HSC/MPP,4448,0.21210288850644216,0.17893755824790308,0.8201438848920863,45426,16739,800,3648,1,['ENSG00000105810'],['ENSG00000105810'],0.06264935,fold_5
4.1,Curated_annotation,Late erythroid,77,0.04048582995951417,0.03614457831325301,0.07792207792207792,66376,160,71,6,2,"['ENSG00000197061', 'ENSG00000101972']","['ENSG00000197061', 'ENSG00000101972']",0.1528087,fold_5
4.1,Curated_annotation,MAIT cells,704,0.030866375052913786,0.025003571938848407,0.4971590909090909,52261,13648,354,350,1,['ENSG00000138378'],['ENSG00000138378'],0.69138986,fold_5
4.1,Curated_annotation,MEMP,766,0.22429906542056074,0.23567921440261866,0.18798955613577023,65380,467,622,144,4,"['ENSG00000185630', 'ENSG00000116266', 'ENSG00000177917', 'ENSG00000114503']","['ENSG00000185630', 'ENSG00000116266', 'ENSG00000092036', 'ENSG00000177917', 'ENSG00000162517', 'ENSG00000114503', 'ENSG00000143155', 'ENSG00000167969', 'ENSG00000110108', 'ENSG00000164611']",0.14775732,fold_5
4.1,Curated_annotation,Mast cells,259,0.6657730116175157,0.6930232558139535,0.5752895752895753,66288,66,110,149,1,['ENSG00000149534'],"['ENSG00000149534', 'ENSG00000124193']",1.0,fold_5
4.1,Curated_annotation,Megakaryocyte precursor,397,0.18917042693509198,0.17552334943639292,0.27455919395465994,65704,512,288,109,2,"['ENSG00000185630', 'ENSG00000105810']","['ENSG00000185630', 'ENSG00000114503', 'ENSG00000143155', 'ENSG00000105810', 'ENSG00000114956']",0.1988496,fold_5
4.1,Curated_annotation,Megakaryocytes/platelets,53,0.19189765458422176,0.17307692307692307,0.33962264150943394,66474,86,35,18,1,['ENSG00000135926'],['ENSG00000135926'],0.6454704,fold_5
4.1,Curated_annotation,Mid erythroid,894,0.5987795575896262,0.7268518518518519,0.3512304250559284,65601,118,580,314,3,"['ENSG00000183032', 'ENSG00000004809', 'ENSG00000017483']","['ENSG00000183032', 'ENSG00000004809', 'ENSG00000103540', 'ENSG00000138867', 'ENSG00000017483', 'ENSG00000135926', 'ENSG00000092036', 'ENSG00000130340', 'ENSG00000177917', 'ENSG00000140632']",0.43034792,fold_5
4.1,Curated_annotation,NAMPT neutrophils,443,0.33623910336239105,0.6,0.12189616252821671,66134,36,389,54,2,"['ENSG00000106780', 'ENSG00000142166']","['ENSG00000181631', 'ENSG00000106780', 'ENSG00000142166', 'ENSG00000025708', 'ENSG00000134516', 'ENSG00000101972']",0.43274677,fold_5
4.1,Curated_annotation,Neutrophil-myeloid progenitor,2022,0.17974379503602883,0.17157050057317538,0.22205736894164194,62423,2168,1573,449,3,"['ENSG00000025708', 'ENSG00000167515', 'ENSG00000164611']","['ENSG00000025708', 'ENSG00000167515', 'ENSG00000164611', 'ENSG00000204370', 'ENSG00000066044', 'ENSG00000134516']",0.051283866,fold_5
4.1,Curated_annotation,Non-classical monocytes,961,0.2506441789646287,0.2587666263603386,0.222684703433923,65039,613,747,214,5,"['ENSG00000172243', 'ENSG00000025708', 'ENSG00000134516', 'ENSG00000108774', 'ENSG00000204370']","['ENSG00000172243', 'ENSG00000025708', 'ENSG00000134516', 'ENSG00000108774', 'ENSG00000204370']",0.099428415,fold_5
4.1,Curated_annotation,Plasma cells,1033,0.288912964969303,0.3686635944700461,0.15488867376573087,65306,274,873,160,4,"['ENSG00000197061', 'ENSG00000142166', 'ENSG00000017483', 'ENSG00000025708']","['ENSG00000197061', 'ENSG00000120805', 'ENSG00000142166', 'ENSG00000017483', 'ENSG00000025708']",0.07062224,fold_5
4.1,Curated_annotation,Plasmablasts,249,0.2328159645232816,0.22826086956521738,0.25301204819277107,66151,213,186,63,6,"['ENSG00000142892', 'ENSG00000187608', 'ENSG00000120805', 'ENSG00000101901', 'ENSG00000142166', 'ENSG00000017483']","['ENSG00000142892', 'ENSG00000187608', 'ENSG00000120805', 'ENSG00000101901', 'ENSG00000142166', 'ENSG00000017483', 'ENSG00000136280', 'ENSG00000100162', 'ENSG00000116830', 'ENSG00000164611']",0.2979387,fold_5
4.1,Curated_annotation,Pro-B cells,1751,0.1463244236292597,0.12261491760624459,0.6459166190748143,56769,8093,620,1131,1,['ENSG00000105810'],['ENSG00000105810'],0.07739919,fold_5
4.1,Curated_annotation,Promyelocytes,400,0.061573093220338986,0.05201342281879195,0.2325,64518,1695,307,93,4,"['ENSG00000025708', 'ENSG00000167515', 'ENSG00000134516', 'ENSG00000066044']","['ENSG00000025708', 'ENSG00000167515', 'ENSG00000134516', 'ENSG00000066044']",0.057894707,fold_5
4.1,Curated_annotation,Regulatory T cells,580,0.02616793658123605,0.021170610211706103,0.4689655172413793,53457,12576,308,272,1,['ENSG00000136280'],['ENSG00000136280'],0.30925536,fold_5
4.1,Curated_annotation,pDC,482,0.23452157598499063,0.3424657534246575,0.1037344398340249,66035,96,432,50,5,"['ENSG00000292343', 'ENSG00000130340', 'ENSG00000142166', 'ENSG00000145782', 'ENSG00000110108']","['ENSG00000292343', 'ENSG00000130340', 'ENSG00000142166', 'ENSG00000145782', 'ENSG00000110108', 'ENSG00000127125', 'ENSG00000134516', 'ENSG00000124193', 'ENSG00000114956', 'ENSG00000204370']",0.14658797,fold_5
4.1,Curated_annotation,pDC precursor,524,0.07959290187891441,0.07376058041112454,0.11641221374045801,65323,766,463,61,5,"['ENSG00000110108', 'ENSG00000145782', 'ENSG00000164611', 'ENSG00000167969', 'ENSG00000134516']","['ENSG00000110108', 'ENSG00000145782', 'ENSG00000164611', 'ENSG00000167969', 'ENSG00000134516']",0.081937045,fold_5
4.1,Curated_annotation,Age-associated B cells,135,0.09731232622798888,0.08898305084745763,0.15555555555555556,66263,215,114,21,2,"['ENSG00000163219', 'ENSG00000205302']","['ENSG00000163219', 'ENSG00000205302']",0.31883118,fold_6
4.1,Curated_annotation,CD16+ NK cells,8779,0.5019333276410963,0.4497022020654609,0.9374644036906253,47763,10071,549,8230,1,['ENSG00000134539'],"['ENSG00000134539', 'ENSG00000150867']",0.22584967,fold_6
4.1,Curated_annotation,CD16- NK cells,498,0.05236617532971296,0.04357650096836669,0.2710843373493976,63152,2963,363,135,3,"['ENSG00000154217', 'ENSG00000134539', 'ENSG00000150867']","['ENSG00000154217', 'ENSG00000134539', 'ENSG00000150867']",0.21755902,fold_6
4.1,Curated_annotation,CD24 neutrophils,2333,0.8946802794196669,0.955249569707401,0.7136733819117017,64202,78,668,1665,1,['ENSG00000102837'],"['ENSG00000102837', 'ENSG00000110931', 'ENSG00000104687', 'ENSG00000100504', 'ENSG00000134313', 'ENSG00000168172', 'ENSG00000129355', 'ENSG00000185896']",1.0,fold_6
4.1,Curated_annotation,CMP,636,0.23648648648648649,0.29473684210526313,0.1320754716981132,65776,201,552,84,5,"['ENSG00000182621', 'ENSG00000134107', 'ENSG00000100504', 'ENSG00000135525', 'ENSG00000102753']","['ENSG00000182621', 'ENSG00000134107', 'ENSG00000100504', 'ENSG00000135525', 'ENSG00000113048', 'ENSG00000102753', 'ENSG00000179295', 'ENSG00000176208', 'ENSG00000027697', 'ENSG00000090061']",0.122197784,fold_6
4.1,Curated_annotation,CRTAM+ gamma-delta T cells,1371,0.10849649721573558,0.0912938331318017,0.44055433989788473,59230,6012,767,604,2,"['ENSG00000154217', 'ENSG00000134539']","['ENSG00000154217', 'ENSG00000134539', 'ENSG00000150867']",0.26811385,fold_6
4.1,Curated_annotation,Classical monocytes,7615,0.753055298509844,0.7958185803405834,0.6198292843072882,57787,1211,2895,4720,1,['ENSG00000125810'],"['ENSG00000125810', 'ENSG00000183696', 'ENSG00000168172', 'ENSG00000027697']",0.6622298,fold_6
4.1,Curated_annotation,Cycling T&NK,816,0.4706175298804781,0.6342281879194631,0.23161764705882354,65688,109,627,189,3,"['ENSG00000121152', 'ENSG00000183696', 'ENSG00000154217']","['ENSG00000121152', 'ENSG00000103018', 'ENSG00000134107', 'ENSG00000183696', 'ENSG00000154217', 'ENSG00000132323', 'ENSG00000134539', 'ENSG00000176208', 'ENSG00000090061', 'ENSG00000112118']",0.2777186,fold_6
4.1,Curated_annotation,DC1,73,0.1606425702811245,0.18181818181818182,0.1095890410958904,66504,36,65,8,6,"['ENSG00000119782', 'ENSG00000125810', 'ENSG00000068366', 'ENSG00000102931', 'ENSG00000027697', 'ENSG00000168172']","['ENSG00000119782', 'ENSG00000125810', 'ENSG00000068366', 'ENSG00000102931', 'ENSG00000027697', 'ENSG00000168172', 'ENSG00000125611', 'ENSG00000129355', 'ENSG00000168374']",0.13212653,fold_6
4.1,Curated_annotation,DC2,201,0.4498714652956298,0.7446808510638298,0.17412935323383086,66400,12,166,35,3,"['ENSG00000103642', 'ENSG00000183696', 'ENSG00000167641']","['ENSG00000103642', 'ENSG00000102871', 'ENSG00000134107', 'ENSG00000183696', 'ENSG00000131966', 'ENSG00000167641', 'ENSG00000168172', 'ENSG00000027697', 'ENSG00000125611', 'ENSG00000129355']",0.14764358,fold_6
4.1,Curated_annotation,DC precursor,238,0.0364963503649635,0.030991735537190084,0.12605042016806722,65437,938,208,30,5,"['ENSG00000108465', 'ENSG00000103018', 'ENSG00000090061', 'ENSG00000102753', 'ENSG00000168172']","['ENSG00000108465', 'ENSG00000103018', 'ENSG00000090061', 'ENSG00000102753', 'ENSG00000168172', 'ENSG00000179295', 'ENSG00000027697', 'ENSG00000176208', 'ENSG00000125107', 'ENSG00000112118']",0.13726224,fold_6
4.1,Curated_annotation,ELP,154,0.01540983606557377,0.012453630100688924,0.3051948051948052,62732,3727,107,47,3,"['ENSG00000125611', 'ENSG00000129355', 'ENSG00000126261']","['ENSG00000125611', 'ENSG00000129355', 'ENSG00000126261']",0.06786967,fold_6
4.1,Curated_annotation,ETP,105,0.008388859594458559,0.006745037579495085,0.3333333333333333,61354,5154,70,35,1,['ENSG00000129355'],['ENSG00000129355'],0.07267447,fold_6
4.1,Curated_annotation,Early MK,216,0.5357142857142857,0.7215189873417721,0.2638888888888889,66375,22,159,57,4,"['ENSG00000106070', 'ENSG00000100479', 'ENSG00000153071', 'ENSG00000154217']","['ENSG00000106070', 'ENSG00000134508', 'ENSG00000100479', 'ENSG00000153071', 'ENSG00000121152', 'ENSG00000154217', 'ENSG00000100504', 'ENSG00000179295', 'ENSG00000102931', 'ENSG00000167641']",0.24870776,fold_6
4.1,Curated_annotation,Early erythroid,1889,0.42760690172543137,0.47738693467336685,0.30174695606140817,64100,624,1319,570,3,"['ENSG00000163900', 'ENSG00000100104', 'ENSG00000135525']","['ENSG00000163900', 'ENSG00000100104', 'ENSG00000135525', 'ENSG00000096080', 'ENSG00000104687', 'ENSG00000113048', 'ENSG00000102931', 'ENSG00000179295', 'ENSG00000167641', 'ENSG00000112118']",0.2834127,fold_6
4.1,Curated_annotation,Erythrocytes,48,0.06345177664974619,0.05405405405405406,0.20833333333333334,66390,175,38,10,5,"['ENSG00000092931', 'ENSG00000159873', 'ENSG00000100479', 'ENSG00000104687', 'ENSG00000113048']","['ENSG00000092931', 'ENSG00000159873', 'ENSG00000100479', 'ENSG00000100104', 'ENSG00000104687', 'ENSG00000113048', 'ENSG00000134313', 'ENSG00000087206', 'ENSG00000112118', 'ENSG00000176208']",0.30462512,fold_6
4.1,Curated_annotation,Follicular helper T cells,280,0.007270626668260229,0.0058327673684631055,0.5214285714285715,41448,24885,134,146,1,['ENSG00000150867'],['ENSG00000150867'],0.051356662,fold_6
4.1,Curated_annotation,GMP,467,0.0895592740985152,0.08050847457627118,0.16274089935760172,65278,868,391,76,4,"['ENSG00000100504', 'ENSG00000090061', 'ENSG00000027697', 'ENSG00000112118']","['ENSG00000100504', 'ENSG00000179295', 'ENSG00000090061', 'ENSG00000027697', 'ENSG00000112118', 'ENSG00000125611', 'ENSG00000029993', 'ENSG00000125107', 'ENSG00000168374']",0.0546965,fold_6
4.1,Curated_annotation,Late erythroid,77,0.5602240896358543,0.5714285714285714,0.5194805194805194,66506,30,37,40,1,['ENSG00000204010'],"['ENSG00000204010', 'ENSG00000087206', 'ENSG00000168374', 'ENSG00000150867']",1.0,fold_6
4.1,Curated_annotation,MAIT cells,704,0.04537953795379538,0.037389530931339225,0.3125,60245,5664,484,220,2,"['ENSG00000027697', 'ENSG00000150867']","['ENSG00000027697', 'ENSG00000150867']",0.110782556,fold_6
4.1,Curated_annotation,MEMP,766,0.12932308601832693,0.11666666666666667,0.22845953002610966,64522,1325,591,175,4,"['ENSG00000135525', 'ENSG00000131966', 'ENSG00000113048', 'ENSG00000132323']","['ENSG00000135525', 'ENSG00000102931', 'ENSG00000131966', 'ENSG00000113048', 'ENSG00000132323', 'ENSG00000087206', 'ENSG00000102753', 'ENSG00000179295', 'ENSG00000167641', 'ENSG00000112118']",0.16183746,fold_6
4.1,Curated_annotation,Megakaryocyte precursor,397,0.026317596173650364,0.021247113163972285,0.5793450881612091,55621,10595,167,230,1,['ENSG00000029993'],['ENSG00000029993'],0.085594475,fold_6
4.1,Curated_annotation,Megakaryocytes/platelets,53,0.3669724770642202,0.5714285714285714,0.1509433962264151,66554,6,45,8,1,['ENSG00000153071'],"['ENSG00000153071', 'ENSG00000167641', 'ENSG00000129355', 'ENSG00000168374']",0.45709342,fold_6
4.1,Curated_annotation,Memory B cells,1061,0.12204534491075736,0.10877042132416165,0.23845428840716307,63479,2073,808,253,1,['ENSG00000205302'],['ENSG00000205302'],0.07684966,fold_6
4.1,Curated_annotation,Mid erythroid,894,0.3710247349823322,0.43388429752066116,0.2348993288590604,65445,274,684,210,5,"['ENSG00000134057', 'ENSG00000106330', 'ENSG00000100104', 'ENSG00000121152', 'ENSG00000100865']","['ENSG00000134057', 'ENSG00000106330', 'ENSG00000100479', 'ENSG00000100104', 'ENSG00000121152', 'ENSG00000100865', 'ENSG00000132323', 'ENSG00000102931', 'ENSG00000112118', 'ENSG00000176208']",0.2442668,fold_6
4.1,Curated_annotation,NAMPT neutrophils,443,0.4805914972273567,0.5288135593220339,0.35214446952595935,66031,139,287,156,2,"['ENSG00000203710', 'ENSG00000100504']","['ENSG00000203710', 'ENSG00000068366', 'ENSG00000163219', 'ENSG00000100504', 'ENSG00000134313', 'ENSG00000027697', 'ENSG00000129355']",0.7060907,fold_6
4.1,Curated_annotation,Naive B cells,1211,0.21455095585201486,0.20594059405940593,0.25763831544178367,64199,1203,899,312,1,['ENSG00000205302'],['ENSG00000205302'],0.104653426,fold_6
4.1,Curated_annotation,Neutrophil-myeloid progenitor,2022,0.13197762498543295,0.11968295904887714,0.22403560830860533,61259,3332,1569,453,3,"['ENSG00000029993', 'ENSG00000125107', 'ENSG00000125611']","['ENSG00000029993', 'ENSG00000125107', 'ENSG00000125611']",0.05753643,fold_6
4.1,Curated_annotation,Non-classical monocytes,961,0.13761467889908258,0.12869198312236288,0.19042663891779396,64413,1239,778,183,4,"['ENSG00000103642', 'ENSG00000183696', 'ENSG00000027697', 'ENSG00000205302']","['ENSG00000103642', 'ENSG00000183696', 'ENSG00000027697', 'ENSG00000205302']",0.22244516,fold_6
4.1,Curated_annotation,Plasma cells,1033,0.5957446808510638,0.6741573033707865,0.40658276863504356,65377,203,613,420,2,"['ENSG00000070540', 'ENSG00000124772']","['ENSG00000070540', 'ENSG00000124772', 'ENSG00000168374']",0.4843493,fold_6
4.1,Curated_annotation,Plasmablasts,249,0.6884480746791132,0.7763157894736842,0.4738955823293173,66330,34,131,118,3,"['ENSG00000124772', 'ENSG00000134057', 'ENSG00000096080']","['ENSG00000124772', 'ENSG00000134057', 'ENSG00000070540', 'ENSG00000250317', 'ENSG00000102871', 'ENSG00000096080', 'ENSG00000108465', 'ENSG00000100865', 'ENSG00000121152', 'ENSG00000102753']",0.4294047,fold_6
4.1,Curated_annotation,Promyelocytes,400,0.021584737501740704,0.017511650896765995,0.31,59256,6957,276,124,2,"['ENSG00000125107', 'ENSG00000125611']","['ENSG00000125107', 'ENSG00000125611']",0.060503118,fold_6
4.1,Curated_annotation,Regulatory T cells,580,0.030893742929248978,0.025030847875903404,0.4896551724137931,54971,11062,296,284,1,['ENSG00000156127'],['ENSG00000156127'],1.0,fold_6
4.1,Curated_annotation,Small pre-B cells,42,0.42857142857142855,0.8571428571428571,0.14285714285714285,66570,1,36,6,2,"['ENSG00000107902', 'ENSG00000167641']","['ENSG00000107902', 'ENSG00000167641', 'ENSG00000129355']",0.55727845,fold_6
4.1,Curated_annotation,Tem/Effector helper T cells,1604,0.10293301258327166,0.08551936196790622,0.5548628428927681,55492,9517,714,890,1,['ENSG00000102871'],['ENSG00000102871'],0.61312675,fold_6
4.1,Curated_annotation,Tem/Temra cytotoxic T cells,7013,0.3402969309312834,0.29665438919582565,0.8268929131612719,45851,13749,1214,5799,1,['ENSG00000134539'],"['ENSG00000134539', 'ENSG00000150867']",0.19303204,fold_6
4.1,Curated_annotation,Tem/Trm cytotoxic T cells,4771,0.15645310427080122,0.13371127526770887,0.48941521693565293,46714,15128,2436,2335,1,['ENSG00000150867'],['ENSG00000150867'],0.073056094,fold_6
4.1,Curated_annotation,pDC,482,0.4858156028368794,0.5905172413793104,0.2842323651452282,66036,95,345,137,2,"['ENSG00000153071', 'ENSG00000167641']","['ENSG00000153071', 'ENSG00000134107', 'ENSG00000167641', 'ENSG00000168172', 'ENSG00000168374', 'ENSG00000129355', 'ENSG00000150867']",0.2720751,fold_6
4.1,Curated_annotation,pDC precursor,524,0.2782846715328467,0.42657342657342656,0.11641221374045801,66007,82,463,61,3,"['ENSG00000176208', 'ENSG00000129355', 'ENSG00000029993']","['ENSG00000176208', 'ENSG00000129355', 'ENSG00000112118', 'ENSG00000029993', 'ENSG00000125611', 'ENSG00000126261']",0.1020724,fold_6
4.1,Curated_annotation,Age-associated B cells,135,0.01211410707307542,0.009794628751974723,0.22962962962962963,63344,3134,104,31,1,['ENSG00000198771'],['ENSG00000198771'],0.06302613,fold_7
4.1,Curated_annotation,CD16- NK cells,498,0.037433326907011115,0.030433646812957158,0.4678714859437751,58692,7423,265,233,1,['ENSG00000140563'],['ENSG00000140563'],0.17314479,fold_7
4.1,Curated_annotation,CD24 neutrophils,2333,0.32487016733987306,0.3556538218572331,0.2413201885983712,63260,1020,1770,563,2,"['ENSG00000140563', 'ENSG00000096063']","['ENSG00000005302', 'ENSG00000140563', 'ENSG00000198858', 'ENSG00000096063', 'ENSG00000198771']",0.14577834,fold_7
4.1,Curated_annotation,CMP,636,0.16964285714285715,0.16199756394640683,0.20911949685534592,65289,688,503,133,4,"['ENSG00000107566', 'ENSG00000065427', 'ENSG00000140563', 'ENSG00000106628']","['ENSG00000107566', 'ENSG00000065427', 'ENSG00000140563', 'ENSG00000143545', 'ENSG00000106628', 'ENSG00000134644', 'ENSG00000125877', 'ENSG00000004468', 'ENSG00000123179', 'ENSG00000096063']",0.1694094,fold_7
4.1,Curated_annotation,CRTAM+ gamma-delta T cells,1371,0.04242216900444749,0.034586633939529175,0.4522246535375638,47936,17306,751,620,1,['ENSG00000133574'],['ENSG00000133574'],0.075841084,fold_7
4.1,Curated_annotation,Classical monocytes,7615,0.2146560756535055,0.18429246915004036,0.6295469468154957,37779,21219,2821,4794,1,['ENSG00000173436'],['ENSG00000173436'],0.07432637,fold_7
4.1,Curated_annotation,Cycling T&NK,816,0.4642857142857143,0.8904109589041096,0.15931372549019607,65781,16,686,130,3,"['ENSG00000100162', 'ENSG00000136717', 'ENSG00000004468']","['ENSG00000100162', 'ENSG00000136717', 'ENSG00000140563', 'ENSG00000004468', 'ENSG00000115685', 'ENSG00000133574', 'ENSG00000113851', 'ENSG00000173436', 'ENSG00000143183', 'ENSG00000096063']",0.17984557,fold_7
4.1,Curated_annotation,DC1,73,0.23890784982935154,0.2545454545454545,0.1917808219178082,66499,41,59,14,6,"['ENSG00000104447', 'ENSG00000111817', 'ENSG00000069399', 'ENSG00000005302', 'ENSG00000136717', 'ENSG00000198858']","['ENSG00000104447', 'ENSG00000111817', 'ENSG00000069399', 'ENSG00000005302', 'ENSG00000136717', 'ENSG00000198858', 'ENSG00000107521', 'ENSG00000125877', 'ENSG00000096063', 'ENSG00000167770']",0.34578848,fold_7
4.1,Curated_annotation,DC2,201,0.19142419601837674,0.22123893805309736,0.12437810945273632,66324,88,176,25,6,"['ENSG00000069399', 'ENSG00000111817', 'ENSG00000136717', 'ENSG00000198858', 'ENSG00000107521', 'ENSG00000125877']","['ENSG00000069399', 'ENSG00000111817', 'ENSG00000136717', 'ENSG00000198858', 'ENSG00000107521', 'ENSG00000125877', 'ENSG00000134644', 'ENSG00000167770', 'ENSG00000115685', 'ENSG00000173436']",0.094306454,fold_7
4.1,Curated_annotation,DC precursor,238,0.08888888888888889,0.08633093525179857,0.10084033613445378,66121,254,214,24,5,"['ENSG00000065427', 'ENSG00000112992', 'ENSG00000100162', 'ENSG00000124380', 'ENSG00000136717']","['ENSG00000065427', 'ENSG00000112992', 'ENSG00000100162', 'ENSG00000124380', 'ENSG00000136717', 'ENSG00000107521', 'ENSG00000143545', 'ENSG00000125877', 'ENSG00000106628', 'ENSG00000134644']",0.14143099,fold_7
4.1,Curated_annotation,ELP,154,0.05572441742654509,0.04835164835164835,0.14285714285714285,66026,433,132,22,5,"['ENSG00000145687', 'ENSG00000136717', 'ENSG00000004468', 'ENSG00000105810', 'ENSG00000115685']","['ENSG00000145687', 'ENSG00000136717', 'ENSG00000004468', 'ENSG00000113851', 'ENSG00000105810', 'ENSG00000115685', 'ENSG00000123179']",0.07339992,fold_7
4.1,Curated_annotation,ETP,105,0.00598278126368014,0.004800936768149883,0.3904761904761905,58009,8499,64,41,2,"['ENSG00000113851', 'ENSG00000105810']","['ENSG00000113851', 'ENSG00000105810']",0.072390646,fold_7
4.1,Curated_annotation,Early MK,216,0.5711920529801324,0.711340206185567,0.3194444444444444,66369,28,147,69,3,"['ENSG00000130202', 'ENSG00000153071', 'ENSG00000137198']","['ENSG00000130202', 'ENSG00000079739', 'ENSG00000117751', 'ENSG00000153071', 'ENSG00000168137', 'ENSG00000137198', 'ENSG00000100162', 'ENSG00000143545', 'ENSG00000125877', 'ENSG00000106628']",0.13446753,fold_7
4.1,Curated_annotation,Early erythroid,1889,0.520685858109171,0.5926589077887198,0.35044997353096874,64269,455,1227,662,2,"['ENSG00000163554', 'ENSG00000065427']","['ENSG00000069869', 'ENSG00000143224', 'ENSG00000163554', 'ENSG00000065427', 'ENSG00000100162', 'ENSG00000137198', 'ENSG00000107521', 'ENSG00000106628', 'ENSG00000143545', 'ENSG00000125877']",0.143463,fold_7
4.1,Curated_annotation,Erythrocytes,48,0.1595744680851064,0.14634146341463414,0.25,66495,70,36,12,6,"['ENSG00000036549', 'ENSG00000166979', 'ENSG00000173611', 'ENSG00000134987', 'ENSG00000143224', 'ENSG00000156381']","['ENSG00000036549', 'ENSG00000166979', 'ENSG00000173611', 'ENSG00000134987', 'ENSG00000143224', 'ENSG00000156381', 'ENSG00000163554', 'ENSG00000112992', 'ENSG00000153130', 'ENSG00000107521']",0.9935801,fold_7
4.1,Curated_annotation,Follicular helper T cells,280,0.009418604651162791,0.007584269662921348,0.2892857142857143,55734,10599,199,81,2,"['ENSG00000133574', 'ENSG00000173436']","['ENSG00000133574', 'ENSG00000173436']",0.057286266,fold_7
4.1,Curated_annotation,GMP,467,0.07405022537025113,0.06583969465648855,0.14775160599571735,65167,979,398,69,5,"['ENSG00000065427', 'ENSG00000143545', 'ENSG00000106628', 'ENSG00000004468', 'ENSG00000134644']","['ENSG00000065427', 'ENSG00000143545', 'ENSG00000106628', 'ENSG00000004468', 'ENSG00000134644', 'ENSG00000125877', 'ENSG00000096063', 'ENSG00000115685', 'ENSG00000123179', 'ENSG00000113851']",0.08492639,fold_7
4.1,Curated_annotation,HSC/MPP,4448,0.5547051240734773,0.6916122551481667,0.3095773381294964,61551,614,3071,1377,3,"['ENSG00000143545', 'ENSG00000136717', 'ENSG00000123179']","['ENSG00000145687', 'ENSG00000143545', 'ENSG00000136717', 'ENSG00000113851', 'ENSG00000123179', 'ENSG00000105810', 'ENSG00000166557']",0.08881672,fold_7
4.1,Curated_annotation,Late erythroid,77,0.5990783410138248,0.7428571428571429,0.33766233766233766,66527,9,51,26,2,"['ENSG00000156381', 'ENSG00000163554']","['ENSG00000156381', 'ENSG00000163554', 'ENSG00000137198', 'ENSG00000198858']",0.66520315,fold_7
4.1,Curated_annotation,MAIT cells,704,0.021246991576413958,0.017148927559692433,0.4815340909090909,46480,19429,365,339,1,['ENSG00000133574'],['ENSG00000133574'],0.08507931,fold_7
4.1,Curated_annotation,MEMP,766,0.24393530997304583,0.24592391304347827,0.2362924281984334,65292,555,585,181,4,"['ENSG00000145687', 'ENSG00000137198', 'ENSG00000198858', 'ENSG00000113851']","['ENSG00000145687', 'ENSG00000137198', 'ENSG00000107521', 'ENSG00000198858', 'ENSG00000143545', 'ENSG00000113851', 'ENSG00000134644', 'ENSG00000125877', 'ENSG00000004468', 'ENSG00000106628']",0.08508122,fold_7
4.1,Curated_annotation,Mast cells,259,0.05747126436781609,0.06870229007633588,0.03474903474903475,66232,122,250,9,1,['ENSG00000140563'],"['ENSG00000140563', 'ENSG00000120705']",0.056734063,fold_7
4.1,Curated_annotation,Megakaryocyte precursor,397,0.16879374228077398,0.16141732283464566,0.20654911838790932,65790,426,315,82,3,"['ENSG00000137198', 'ENSG00000123179', 'ENSG00000105810']","['ENSG00000143545', 'ENSG00000137198', 'ENSG00000113851', 'ENSG00000123179', 'ENSG00000105810', 'ENSG00000166557']",0.07984623,fold_7
4.1,Curated_annotation,Megakaryocytes/platelets,53,0.6837606837606838,1.0,0.3018867924528302,66560,0,37,16,2,"['ENSG00000013016', 'ENSG00000137198']","['ENSG00000013016', 'ENSG00000153071', 'ENSG00000137198', 'ENSG00000198858']",0.6711322,fold_7
4.1,Curated_annotation,Memory B cells,1061,0.06102630616249293,0.05060672917815775,0.3459000942507069,58667,6885,694,367,1,['ENSG00000198771'],['ENSG00000198771'],0.06028448,fold_7
4.1,Curated_annotation,Mid erythroid,894,0.5215540180947312,0.547486033519553,0.43847874720357943,65395,324,502,392,3,"['ENSG00000143224', 'ENSG00000163554', 'ENSG00000100162']","['ENSG00000143224', 'ENSG00000156381', 'ENSG00000163554', 'ENSG00000153130', 'ENSG00000112992', 'ENSG00000100162', 'ENSG00000107521', 'ENSG00000137198', 'ENSG00000106628', 'ENSG00000096063']",0.15244098,fold_7
4.1,Curated_annotation,NAMPT neutrophils,443,0.5188199389623601,0.7555555555555555,0.23024830699774265,66137,33,341,102,2,"['ENSG00000124731', 'ENSG00000111261']","['ENSG00000124731', 'ENSG00000111261', 'ENSG00000174125', 'ENSG00000169180', 'ENSG00000005302', 'ENSG00000140563', 'ENSG00000096063', 'ENSG00000198858']",1.0,fold_7
4.1,Curated_annotation,Naive B cells,1211,0.14759228963653176,0.12920298879202988,0.342691990090834,62605,2797,796,415,1,['ENSG00000198771'],['ENSG00000198771'],0.07464769,fold_7
4.1,Curated_annotation,Neutrophil-myeloid progenitor,2022,0.1711430356027483,0.1567057477838147,0.27101879327398615,61642,2949,1474,548,4,"['ENSG00000106628', 'ENSG00000004468', 'ENSG00000123179', 'ENSG00000166557']","['ENSG00000106628', 'ENSG00000004468', 'ENSG00000134644', 'ENSG00000123179', 'ENSG00000166557']",0.05766145,fold_7
4.1,Curated_annotation,Non-classical monocytes,961,0.1968423210990363,0.1961184882533197,0.19979188345473464,64865,787,769,192,4,"['ENSG00000147894', 'ENSG00000167770', 'ENSG00000173436', 'ENSG00000133574']","['ENSG00000147894', 'ENSG00000167770', 'ENSG00000173436', 'ENSG00000133574']",0.088699564,fold_7
4.1,Curated_annotation,Plasma cells,1033,0.3735195870027331,0.4353982300884956,0.23814133591481124,65261,319,787,246,2,"['ENSG00000122188', 'ENSG00000004468']","['ENSG00000122188', 'ENSG00000004468', 'ENSG00000173436']",0.27411032,fold_7
4.1,Curated_annotation,Plasmablasts,249,0.45513654096228867,0.5384615384615384,0.28112449799196787,66304,60,179,70,5,"['ENSG00000122188', 'ENSG00000213923', 'ENSG00000181090', 'ENSG00000100162', 'ENSG00000168137']","['ENSG00000122188', 'ENSG00000213923', 'ENSG00000181090', 'ENSG00000100162', 'ENSG00000168137', 'ENSG00000124380', 'ENSG00000004468', 'ENSG00000115685', 'ENSG00000106628', 'ENSG00000173436']",0.16142608,fold_7
4.1,Curated_annotation,Pro-B cells,1751,0.4220029393239555,0.5338645418326693,0.22958309537407195,64511,351,1349,402,2,"['ENSG00000145687', 'ENSG00000004468']","['ENSG00000145687', 'ENSG00000004468', 'ENSG00000198771', 'ENSG00000105810', 'ENSG00000123179']",0.14096744,fold_7
4.1,Curated_annotation,Promyelocytes,400,0.012361079609888864,0.009933925723399408,0.545,44486,21727,182,218,1,['ENSG00000134644'],['ENSG00000134644'],0.108491674,fold_7
4.1,Curated_annotation,Regulatory T cells,580,0.02938615585546365,0.024275118004045852,0.18620689655172415,61692,4341,472,108,3,"['ENSG00000136717', 'ENSG00000133574', 'ENSG00000173436']","['ENSG00000136717', 'ENSG00000133574', 'ENSG00000173436']",0.09917034,fold_7
4.1,Curated_annotation,Small pre-B cells,42,0.3431372549019608,0.4666666666666667,0.16666666666666666,66563,8,35,7,2,"['ENSG00000167770', 'ENSG00000198771']","['ENSG00000213923', 'ENSG00000145687', 'ENSG00000004468', 'ENSG00000167770', 'ENSG00000198771', 'ENSG00000140563']",0.13854626,fold_7
4.1,Curated_annotation,Tcm/Naive cytotoxic T cells,698,0.02342037073948575,0.018882242656905635,0.6060171919770774,43936,21979,275,423,1,['ENSG00000133574'],['ENSG00000133574'],0.08963977,fold_7
4.1,Curated_annotation,Tcm/Naive helper T cells,7982,0.2446650431336938,0.23433484878434474,0.2970433475319469,50884,7747,5611,2371,2,"['ENSG00000133574', 'ENSG00000173436']","['ENSG00000133574', 'ENSG00000173436']",0.07624655,fold_7
4.1,Curated_annotation,Tem/Effector helper T cells,1604,0.07364378767256465,0.06389708983551244,0.18890274314214464,60570,4439,1301,303,3,"['ENSG00000136717', 'ENSG00000133574', 'ENSG00000173436']","['ENSG00000136717', 'ENSG00000133574', 'ENSG00000173436']",0.090008676,fold_7
4.1,Curated_annotation,Tem/Temra cytotoxic T cells,7013,0.24990970120439912,0.21906217588296303,0.5722230144018252,45294,14306,3000,4013,1,['ENSG00000133574'],['ENSG00000133574'],0.11025538,fold_7
4.1,Curated_annotation,Tem/Trm cytotoxic T cells,4771,0.1669102230128979,0.1421459877712245,0.5506183190106896,45988,15854,2144,2627,1,['ENSG00000133574'],['ENSG00000133574'],0.10888615,fold_7
4.1,Curated_annotation,pDC,482,0.2838258164852255,0.36318407960199006,0.15145228215767634,66003,128,409,73,4,"['ENSG00000153071', 'ENSG00000213923', 'ENSG00000136717', 'ENSG00000173436']","['ENSG00000153071', 'ENSG00000213923', 'ENSG00000136717', 'ENSG00000167770', 'ENSG00000173436', 'ENSG00000143183', 'ENSG00000166557']",0.1617576,fold_7
4.1,Curated_annotation,pDC precursor,524,0.029612228692429857,0.02410774410774411,0.3416030534351145,58843,7246,345,179,2,"['ENSG00000106628', 'ENSG00000115685']","['ENSG00000106628', 'ENSG00000115685', 'ENSG00000113851']",0.06669584,fold_7
4.1,Curated_annotation,Age-associated B cells,135,0.0590617617279784,0.04950495049504951,0.25925925925925924,65806,672,100,35,1,['ENSG00000028277'],['ENSG00000028277'],0.19428122,fold_8
4.1,Curated_annotation,CD16+ NK cells,8779,0.5380392030951502,0.5010464942442816,0.7635265975623647,51159,6675,2076,6703,1,['ENSG00000172543'],"['ENSG00000172543', 'ENSG00000057657']",0.10676486,fold_8
4.1,Curated_annotation,CD16- NK cells,498,0.02410343726721294,0.01938548442314276,0.9096385542168675,43200,22915,45,453,1,['ENSG00000172543'],['ENSG00000172543'],0.0923248,fold_8
4.1,Curated_annotation,CD24 neutrophils,2333,0.8946802794196669,0.955249569707401,0.7136733819117017,64202,78,668,1665,1,['ENSG00000102837'],"['ENSG00000102837', 'ENSG00000008516', 'ENSG00000120899', 'ENSG00000055609']",1.0,fold_8
4.1,Curated_annotation,CMP,636,0.27708333333333335,0.30158730158730157,0.20911949685534592,65669,308,503,133,4,"['ENSG00000129675', 'ENSG00000163751', 'ENSG00000183605', 'ENSG00000155090']","['ENSG00000129675', 'ENSG00000163751', 'ENSG00000183605', 'ENSG00000196323', 'ENSG00000138794', 'ENSG00000155090', 'ENSG00000100321', 'ENSG00000151247', 'ENSG00000137955', 'ENSG00000166681']",0.2378962,fold_8
4.1,Curated_annotation,CRTAM+ gamma-delta T cells,1371,0.07906747255458246,0.06546828720253293,0.4675419401896426,56092,9150,730,641,2,"['ENSG00000057657', 'ENSG00000172543']","['ENSG00000057657', 'ENSG00000172543']",0.09488505,fold_8
4.1,Curated_annotation,Classical monocytes,7615,0.5348948199273101,0.5939665715450468,0.38266579120157584,57006,1992,4701,2914,2,"['ENSG00000159128', 'ENSG00000136286']","['ENSG00000159128', 'ENSG00000136286', 'ENSG00000120899', 'ENSG00000160410']",0.19624396,fold_8
4.1,Curated_annotation,Cycling T&NK,816,0.4031322505800464,0.6123348017621145,0.17034313725490197,65709,88,677,139,3,"['ENSG00000112029', 'ENSG00000136286', 'ENSG00000136717']","['ENSG00000183943', 'ENSG00000112029', 'ENSG00000136286', 'ENSG00000144136', 'ENSG00000136717', 'ENSG00000121851', 'ENSG00000068028', 'ENSG00000078808', 'ENSG00000177479', 'ENSG00000172543']",0.22128434,fold_8
4.1,Curated_annotation,DC1,73,0.21100917431192662,0.19491525423728814,0.3150684931506849,66445,95,50,23,3,"['ENSG00000187091', 'ENSG00000159128', 'ENSG00000136717']","['ENSG00000187091', 'ENSG00000128284', 'ENSG00000166579', 'ENSG00000159128', 'ENSG00000142166', 'ENSG00000136717', 'ENSG00000144136', 'ENSG00000086065', 'ENSG00000137955', 'ENSG00000155090']",0.12125484,fold_8
4.1,Curated_annotation,DC2,201,0.06834030683403068,0.057919621749408984,0.24378109452736318,65615,797,152,49,4,"['ENSG00000055208', 'ENSG00000028277', 'ENSG00000136286', 'ENSG00000086065']","['ENSG00000055208', 'ENSG00000159128', 'ENSG00000028277', 'ENSG00000120899', 'ENSG00000136286', 'ENSG00000086065', 'ENSG00000155090', 'ENSG00000167645', 'ENSG00000136717', 'ENSG00000137955']",0.1425804,fold_8
4.1,Curated_annotation,DC precursor,238,0.06284153005464481,0.05778894472361809,0.09663865546218488,66000,375,215,23,5,"['ENSG00000155090', 'ENSG00000136286', 'ENSG00000136717', 'ENSG00000086065', 'ENSG00000028277']","['ENSG00000129675', 'ENSG00000155090', 'ENSG00000136286', 'ENSG00000136717', 'ENSG00000086065', 'ENSG00000028277', 'ENSG00000167645', 'ENSG00000100321', 'ENSG00000177479', 'ENSG00000160410']",0.10645744,fold_8
4.1,Curated_annotation,ELP,154,0.04854368932038835,0.045662100456621,0.06493506493506493,66250,209,144,10,5,"['ENSG00000124243', 'ENSG00000136286', 'ENSG00000136717', 'ENSG00000166681', 'ENSG00000121851']","['ENSG00000124243', 'ENSG00000136286', 'ENSG00000136717', 'ENSG00000166681', 'ENSG00000121851', 'ENSG00000101365']",0.09121503,fold_8
4.1,Curated_annotation,ETP,105,0.017154922143045658,0.014115092290988056,0.12380952380952381,65600,908,92,13,2,"['ENSG00000155090', 'ENSG00000048649']","['ENSG00000155090', 'ENSG00000048649']",0.1259347,fold_8
4.1,Curated_annotation,Early MK,216,0.5218446601941747,0.8775510204081632,0.19907407407407407,66391,6,173,43,4,"['ENSG00000134508', 'ENSG00000080845', 'ENSG00000164172', 'ENSG00000187699']","['ENSG00000134508', 'ENSG00000087448', 'ENSG00000080845', 'ENSG00000164172', 'ENSG00000135926', 'ENSG00000187699', 'ENSG00000112029', 'ENSG00000158042', 'ENSG00000138794', 'ENSG00000148218']",0.722042,fold_8
4.1,Curated_annotation,Early erythroid,1889,0.47930430093029525,0.5144717800289436,0.37638962413975646,64053,671,1178,711,3,"['ENSG00000138794', 'ENSG00000148218', 'ENSG00000187699']","['ENSG00000196715', 'ENSG00000166347', 'ENSG00000138794', 'ENSG00000148218', 'ENSG00000183605', 'ENSG00000187699', 'ENSG00000158042', 'ENSG00000100321', 'ENSG00000151247', 'ENSG00000167645']",0.14746268,fold_8
4.1,Curated_annotation,Erythrocytes,48,0.12168141592920353,0.10891089108910891,0.22916666666666666,66475,90,37,11,6,"['ENSG00000165240', 'ENSG00000055147', 'ENSG00000134987', 'ENSG00000128274', 'ENSG00000166347', 'ENSG00000196715']","['ENSG00000165240', 'ENSG00000055147', 'ENSG00000134987', 'ENSG00000128274', 'ENSG00000166347', 'ENSG00000196715', 'ENSG00000008441', 'ENSG00000148218', 'ENSG00000159256', 'ENSG00000123908']",0.7081282,fold_8
4.1,Curated_annotation,Follicular helper T cells,280,0.03747795414462081,0.03195488721804511,0.12142857142857143,65303,1030,246,34,2,"['ENSG00000057657', 'ENSG00000131507']","['ENSG00000057657', 'ENSG00000131507']",0.09119594,fold_8
4.1,Curated_annotation,GMP,467,0.08483405268641167,0.07293666026871401,0.24411134903640258,64697,1449,353,114,4,"['ENSG00000129675', 'ENSG00000100321', 'ENSG00000166681', 'ENSG00000160410']","['ENSG00000129675', 'ENSG00000155090', 'ENSG00000100321', 'ENSG00000166681', 'ENSG00000078808', 'ENSG00000160410', 'ENSG00000101365', 'ENSG00000068028']",0.08085128,fold_8
4.1,Curated_annotation,HSC/MPP,4448,0.4505962521294719,0.58036204059243,0.23785971223021582,61400,765,3390,1058,3,"['ENSG00000136717', 'ENSG00000100321', 'ENSG00000166681']","['ENSG00000155090', 'ENSG00000136717', 'ENSG00000100321', 'ENSG00000166681', 'ENSG00000068028']",0.07287854,fold_8
4.1,Curated_annotation,Late erythroid,77,0.4888888888888889,0.5945945945945946,0.2857142857142857,66521,15,55,22,2,"['ENSG00000008441', 'ENSG00000123908']","['ENSG00000008441', 'ENSG00000123908']",0.5485928,fold_8
4.1,Curated_annotation,MAIT cells,704,0.035742264003133566,0.02899356581142267,0.5184659090909091,53685,12224,339,365,2,"['ENSG00000057657', 'ENSG00000172543']","['ENSG00000057657', 'ENSG00000172543']",0.08994227,fold_8
4.1,Curated_annotation,MEMP,766,0.3637627432808156,0.4511494252873563,0.20496083550913838,65656,191,609,157,3,"['ENSG00000163751', 'ENSG00000187699', 'ENSG00000148218']","['ENSG00000163751', 'ENSG00000187699', 'ENSG00000138794', 'ENSG00000148218', 'ENSG00000196323', 'ENSG00000159256', 'ENSG00000151247', 'ENSG00000137955', 'ENSG00000167645', 'ENSG00000068028']",0.11625036,fold_8
4.1,Curated_annotation,Mast cells,259,0.5134596211365903,0.553763440860215,0.39768339768339767,66271,83,156,103,1,['ENSG00000163751'],"['ENSG00000163751', 'ENSG00000068028']",0.48472434,fold_8
4.1,Curated_annotation,Megakaryocyte precursor,397,0.12135447249951067,0.10526315789473684,0.3123425692695214,65162,1054,273,124,2,"['ENSG00000163751', 'ENSG00000121851']","['ENSG00000163751', 'ENSG00000068028', 'ENSG00000121851', 'ENSG00000166681', 'ENSG00000101365']",0.13330247,fold_8
4.1,Curated_annotation,Megakaryocytes/platelets,53,0.68,0.9444444444444444,0.32075471698113206,66559,1,36,17,2,"['ENSG00000187699', 'ENSG00000166681']","['ENSG00000198478', 'ENSG00000135926', 'ENSG00000187699', 'ENSG00000167645', 'ENSG00000166681', 'ENSG00000081154']",0.3819983,fold_8
4.1,Curated_annotation,Memory B cells,1061,0.15129014293669946,0.1295364238410596,0.46088595664467485,62266,3286,572,489,1,['ENSG00000028277'],['ENSG00000028277'],0.17175302,fold_8
4.1,Curated_annotation,Mid erythroid,894,0.6743549648162627,0.8293269230769231,0.3859060402684564,65648,71,549,345,2,"['ENSG00000128274', 'ENSG00000148218']","['ENSG00000128274', 'ENSG00000166347', 'ENSG00000008441', 'ENSG00000148218', 'ENSG00000135926', 'ENSG00000158042', 'ENSG00000123908', 'ENSG00000100321', 'ENSG00000183605', 'ENSG00000138794']",0.44631237,fold_8
4.1,Curated_annotation,NAMPT neutrophils,443,0.3960690887432996,0.43042071197411,0.3002257336343115,65994,176,310,133,2,"['ENSG00000008516', 'ENSG00000159128']","['ENSG00000008516', 'ENSG00000142166', 'ENSG00000159128', 'ENSG00000120899', 'ENSG00000160410', 'ENSG00000055609']",0.48084497,fold_8
4.1,Curated_annotation,Naive B cells,1211,0.11511682542394601,0.09711711711711711,0.44508670520231214,60391,5011,672,539,1,['ENSG00000028277'],['ENSG00000028277'],0.10672002,fold_8
4.1,Curated_annotation,Neutrophil-myeloid progenitor,2022,0.18381192805301358,0.16454802259887005,0.3456973293768546,61042,3549,1323,699,3,"['ENSG00000100321', 'ENSG00000166681', 'ENSG00000078808']","['ENSG00000100321', 'ENSG00000166681', 'ENSG00000078808']",0.06811918,fold_8
4.1,Curated_annotation,Non-classical monocytes,961,0.27556200145032633,0.2871536523929471,0.2372528616024974,65086,566,733,228,3,"['ENSG00000159128', 'ENSG00000136286', 'ENSG00000028277']","['ENSG00000159128', 'ENSG00000136286', 'ENSG00000028277', 'ENSG00000160410']",0.21011068,fold_8
4.1,Curated_annotation,Plasma cells,1033,0.3145366959478606,0.3557692307692308,0.2149080348499516,65178,402,811,222,5,"['ENSG00000142166', 'ENSG00000120899', 'ENSG00000057657', 'ENSG00000028277', 'ENSG00000078808']","['ENSG00000142166', 'ENSG00000120899', 'ENSG00000057657', 'ENSG00000028277', 'ENSG00000078808']",0.08312509,fold_8
4.1,Curated_annotation,Plasmablasts,249,0.275092936802974,0.27007299270072993,0.2971887550200803,66164,200,175,74,6,"['ENSG00000145365', 'ENSG00000112029', 'ENSG00000142166', 'ENSG00000183513', 'ENSG00000158042', 'ENSG00000120899']","['ENSG00000145365', 'ENSG00000112029', 'ENSG00000142166', 'ENSG00000183513', 'ENSG00000158042', 'ENSG00000120899', 'ENSG00000183605', 'ENSG00000159128', 'ENSG00000078808', 'ENSG00000151247']",0.17919919,fold_8
4.1,Curated_annotation,Pro-B cells,1751,0.09391255141793806,0.07810661598334691,0.49286122215876643,54676,10186,888,863,1,['ENSG00000100321'],['ENSG00000100321'],0.06381081,fold_8
4.1,Curated_annotation,Promyelocytes,400,0.02871851599727706,0.023372576177285317,0.3375,60572,5641,265,135,2,"['ENSG00000100321', 'ENSG00000160410']","['ENSG00000100321', 'ENSG00000160410']",0.041264273,fold_8
4.1,Curated_annotation,Regulatory T cells,580,0.049892703862660946,0.042562929061784896,0.16034482758620688,63941,2092,487,93,3,"['ENSG00000136717', 'ENSG00000057657', 'ENSG00000131507']","['ENSG00000136717', 'ENSG00000057657', 'ENSG00000131507']",0.11440884,fold_8
4.1,Curated_annotation,Small pre-B cells,42,0.33783783783783783,0.625,0.11904761904761904,66568,3,37,5,2,"['ENSG00000145365', 'ENSG00000177479']","['ENSG00000145365', 'ENSG00000177479', 'ENSG00000048649', 'ENSG00000068028']",0.5079375,fold_8
4.1,Curated_annotation,Tcm/Naive cytotoxic T cells,698,0.06480689519047306,0.05306397306397306,0.5644699140401146,58884,7031,304,394,1,['ENSG00000131507'],['ENSG00000131507'],0.11078372,fold_8
4.1,Curated_annotation,Tcm/Naive helper T cells,7982,0.31545216197095177,0.30262501247629503,0.3798546730142821,51644,6987,4950,3032,1,['ENSG00000131507'],"['ENSG00000057657', 'ENSG00000131507']",0.0749983,fold_8
4.1,Curated_annotation,Tem/Effector helper T cells,1604,0.10994164235097957,0.09597452808733227,0.2630922693266833,61034,3975,1182,422,3,"['ENSG00000136717', 'ENSG00000057657', 'ENSG00000131507']","['ENSG00000136717', 'ENSG00000057657', 'ENSG00000131507']",0.09892353,fold_8
4.1,Curated_annotation,Tem/Temra cytotoxic T cells,7013,0.3318938693922194,0.30598052851182195,0.5019249964351918,51616,7984,3493,3520,2,"['ENSG00000057657', 'ENSG00000172543']","['ENSG00000057657', 'ENSG00000172543']",0.09221327,fold_8
4.1,Curated_annotation,Tem/Trm cytotoxic T cells,4771,0.18316725909523532,0.16150025689330363,0.39530496751205196,52050,9792,2885,1886,2,"['ENSG00000057657', 'ENSG00000172543']","['ENSG00000057657', 'ENSG00000172543']",0.06472532,fold_8
4.1,Curated_annotation,pDC,482,0.1589825119236884,0.20618556701030927,0.08298755186721991,65977,154,442,40,5,"['ENSG00000144136', 'ENSG00000142166', 'ENSG00000028277', 'ENSG00000086065', 'ENSG00000136717']","['ENSG00000144136', 'ENSG00000142166', 'ENSG00000028277', 'ENSG00000086065', 'ENSG00000136717', 'ENSG00000101365']",0.097184844,fold_8
4.1,Curated_annotation,pDC precursor,524,0.045228628230616304,0.038171140939597316,0.1736641221374046,63796,2293,433,91,4,"['ENSG00000144136', 'ENSG00000068028', 'ENSG00000101365', 'ENSG00000172500']","['ENSG00000144136', 'ENSG00000068028', 'ENSG00000101365', 'ENSG00000172500']",0.06889598,fold_8
4.1,Curated_annotation,Age-associated B cells,135,0.056847545219638244,0.04888888888888889,0.16296296296296298,66050,428,113,22,2,"['ENSG00000213402', 'ENSG00000079950']","['ENSG00000213402', 'ENSG00000079950']",0.35376328,fold_9
4.1,Curated_annotation,CD16+ NK cells,8779,0.42191135656415574,0.4477167930983192,0.34286365189657136,54121,3713,5769,3010,2,"['ENSG00000197622', 'ENSG00000160310']","['ENSG00000197622', 'ENSG00000160310', 'ENSG00000057657']",0.09237916,fold_9
4.1,Curated_annotation,CD16- NK cells,498,0.02973898160034232,0.024309199020636586,0.2791164658634538,60536,5579,359,139,2,"['ENSG00000197622', 'ENSG00000111371']","['ENSG00000197622', 'ENSG00000160310', 'ENSG00000111371']",0.078882,fold_9
4.1,Curated_annotation,CD24 neutrophils,2333,0.6735289349975685,0.8665276329509907,0.3561937419631376,64152,128,1502,831,2,"['ENSG00000257017', 'ENSG00000137414']","['ENSG00000257017', 'ENSG00000137414', 'ENSG00000163625', 'ENSG00000164466', 'ENSG00000079950', 'ENSG00000197622']",1.0,fold_9
4.1,Curated_annotation,CMP,636,0.12916188289322617,0.12640449438202248,0.14150943396226415,65355,622,546,90,5,"['ENSG00000122674', 'ENSG00000101856', 'ENSG00000132466', 'ENSG00000169288', 'ENSG00000069424']","['ENSG00000122674', 'ENSG00000241258', 'ENSG00000101856', 'ENSG00000132466', 'ENSG00000169288', 'ENSG00000069424', 'ENSG00000179295', 'ENSG00000115561', 'ENSG00000166228', 'ENSG00000142208']",0.10488059,fold_9
4.1,Curated_annotation,CRTAM+ gamma-delta T cells,1371,0.07921898625994346,0.06965317919075145,0.17578409919766594,62023,3219,1130,241,3,"['ENSG00000069493', 'ENSG00000057657', 'ENSG00000111371']","['ENSG00000069493', 'ENSG00000057657', 'ENSG00000197622', 'ENSG00000111371']",0.09911772,fold_9
4.1,Curated_annotation,Classical monocytes,7615,0.21963057554338036,0.19112832572508875,0.5443204202232436,41456,17542,3470,4145,1,['ENSG00000110324'],['ENSG00000110324'],0.14958052,fold_9
4.1,Curated_annotation,Cycling T&NK,816,0.5110220440881763,0.6915254237288135,0.25,65706,91,612,204,2,"['ENSG00000066279', 'ENSG00000139725']","['ENSG00000160218', 'ENSG00000066279', 'ENSG00000139725', 'ENSG00000142208', 'ENSG00000069424', 'ENSG00000110108', 'ENSG00000069493', 'ENSG00000057657', 'ENSG00000197622', 'ENSG00000160310']",0.34976602,fold_9
4.1,Curated_annotation,DC1,73,0.07908611599297012,0.07258064516129033,0.1232876712328767,66425,115,64,9,6,"['ENSG00000139725', 'ENSG00000095139', 'ENSG00000131653', 'ENSG00000149089', 'ENSG00000079950', 'ENSG00000166228']","['ENSG00000139725', 'ENSG00000095139', 'ENSG00000131653', 'ENSG00000149089', 'ENSG00000079950', 'ENSG00000166228', 'ENSG00000122692', 'ENSG00000110108', 'ENSG00000125611', 'ENSG00000118579']",0.15435685,fold_9
4.1,Curated_annotation,DC2,201,0.12613041408852926,0.11157894736842106,0.263681592039801,65990,422,148,53,4,"['ENSG00000110324', 'ENSG00000128487', 'ENSG00000079950', 'ENSG00000110108']","['ENSG00000115561', 'ENSG00000110324', 'ENSG00000128487', 'ENSG00000079950', 'ENSG00000069424', 'ENSG00000110108', 'ENSG00000142208', 'ENSG00000166228', 'ENSG00000122692', 'ENSG00000125611']",0.12316206,fold_9
4.1,Curated_annotation,DC precursor,238,0.17475728155339806,0.18181818181818182,0.15126050420168066,66213,162,202,36,4,"['ENSG00000133030', 'ENSG00000066279', 'ENSG00000110324', 'ENSG00000128487']","['ENSG00000122674', 'ENSG00000133030', 'ENSG00000066279', 'ENSG00000110324', 'ENSG00000149089', 'ENSG00000128487', 'ENSG00000079950', 'ENSG00000069424', 'ENSG00000142208', 'ENSG00000110108']",0.13027605,fold_9
4.1,Curated_annotation,ELP,154,0.01350602576534146,0.010921310557266872,0.2532467532467532,62927,3532,115,39,3,"['ENSG00000032219', 'ENSG00000089820', 'ENSG00000125611']","['ENSG00000032219', 'ENSG00000089820', 'ENSG00000125611']",0.0840281,fold_9
4.1,Curated_annotation,ETP,105,0.0047024707565099825,0.0037697321919421974,0.45714285714285713,53823,12685,57,48,1,['ENSG00000032219'],['ENSG00000032219'],0.12596484,fold_9
4.1,Curated_annotation,Early MK,216,0.3441011235955056,0.3951612903225806,0.22685185185185186,66322,75,167,49,6,"['ENSG00000110665', 'ENSG00000173852', 'ENSG00000133030', 'ENSG00000151552', 'ENSG00000139725', 'ENSG00000144231']","['ENSG00000110665', 'ENSG00000173852', 'ENSG00000133030', 'ENSG00000151552', 'ENSG00000139725', 'ENSG00000144231', 'ENSG00000131653', 'ENSG00000101856', 'ENSG00000179295', 'ENSG00000079257']",0.39371794,fold_9
4.1,Curated_annotation,Early erythroid,1889,0.5749191519942508,0.5944272445820433,0.5082053996823717,64069,655,929,960,2,"['ENSG00000141744', 'ENSG00000164221']","['ENSG00000137267', 'ENSG00000141744', 'ENSG00000164221', 'ENSG00000152620', 'ENSG00000151552', 'ENSG00000109917', 'ENSG00000079257', 'ENSG00000169288', 'ENSG00000144231', 'ENSG00000101856']",0.29331863,fold_9
4.1,Curated_annotation,Erythrocytes,48,0.22058823529411764,0.23076923076923078,0.1875,66535,30,39,9,6,"['ENSG00000182150', 'ENSG00000141098', 'ENSG00000139514', 'ENSG00000141744', 'ENSG00000173852', 'ENSG00000152620']","['ENSG00000182150', 'ENSG00000141098', 'ENSG00000139514', 'ENSG00000141744', 'ENSG00000173852', 'ENSG00000152620', 'ENSG00000117394', 'ENSG00000079257', 'ENSG00000213024', 'ENSG00000132466']",0.61971784,fold_9
4.1,Curated_annotation,Follicular helper T cells,280,0.06076388888888889,0.058011049723756904,0.075,65992,341,259,21,3,"['ENSG00000164466', 'ENSG00000069493', 'ENSG00000057657']","['ENSG00000164466', 'ENSG00000069493', 'ENSG00000057657']",0.10850051,fold_9
4.1,Curated_annotation,GMP,467,0.13317191283292978,0.12706270627062707,0.16488222698072805,65617,529,390,77,5,"['ENSG00000169288', 'ENSG00000069424', 'ENSG00000128487', 'ENSG00000166228', 'ENSG00000125611']","['ENSG00000169288', 'ENSG00000069424', 'ENSG00000128487', 'ENSG00000179295', 'ENSG00000166228', 'ENSG00000125611', 'ENSG00000122692', 'ENSG00000032219', 'ENSG00000089820', 'ENSG00000118579']",0.10829519,fold_9
4.1,Curated_annotation,HSC/MPP,4448,0.2775880388585307,0.2671658144631118,0.3289118705035971,58152,4013,2985,1463,2,"['ENSG00000166228', 'ENSG00000118579']","['ENSG00000166228', 'ENSG00000118579', 'ENSG00000032219']",0.100441456,fold_9
4.1,Curated_annotation,Late erythroid,77,0.6353591160220995,0.8846153846153846,0.2987012987012987,66533,3,54,23,2,"['ENSG00000162366', 'ENSG00000117394']","['ENSG00000162366', 'ENSG00000117394', 'ENSG00000173542', 'ENSG00000128487']",0.8909637,fold_9
4.1,Curated_annotation,MAIT cells,704,0.030718211605538528,0.024805291795583058,0.6605113636363636,47628,18281,239,465,1,['ENSG00000057657'],['ENSG00000057657'],0.109032094,fold_9
4.1,Curated_annotation,MEMP,766,0.14841556357801844,0.14028436018957346,0.19321148825065274,64940,907,618,148,4,"['ENSG00000164221', 'ENSG00000079257', 'ENSG00000133884', 'ENSG00000102316']","['ENSG00000164221', 'ENSG00000079257', 'ENSG00000133884', 'ENSG00000173542', 'ENSG00000102316', 'ENSG00000144231', 'ENSG00000175581', 'ENSG00000101856', 'ENSG00000131653', 'ENSG00000169288']",0.1865462,fold_9
4.1,Curated_annotation,Megakaryocyte precursor,397,0.03723861357777141,0.030964668519253672,0.1964735516372796,63775,2441,319,78,3,"['ENSG00000102316', 'ENSG00000118579', 'ENSG00000032219']","['ENSG00000102316', 'ENSG00000118579', 'ENSG00000032219']",0.094357446,fold_9
4.1,Curated_annotation,Megakaryocytes/platelets,53,0.6211180124223602,0.7407407407407407,0.37735849056603776,66553,7,33,20,1,['ENSG00000101856'],"['ENSG00000101856', 'ENSG00000102316', 'ENSG00000139725', 'ENSG00000149357']",0.52766114,fold_9
4.1,Curated_annotation,Memory B cells,1061,0.11454531334938262,0.0998645903859174,0.2780395852968897,62893,2659,766,295,1,['ENSG00000079263'],['ENSG00000079263'],0.62382495,fold_9
4.1,Curated_annotation,Mid erythroid,894,0.4326574945691528,0.5117773019271948,0.26733780760626397,65491,228,655,239,4,"['ENSG00000137267', 'ENSG00000117394', 'ENSG00000139514', 'ENSG00000079257']","['ENSG00000137267', 'ENSG00000117394', 'ENSG00000141744', 'ENSG00000152620', 'ENSG00000139514', 'ENSG00000079257', 'ENSG00000164221', 'ENSG00000066279', 'ENSG00000131653', 'ENSG00000173542']",0.18898855,fold_9
4.1,Curated_annotation,NAMPT neutrophils,443,0.16078773526112428,0.13614775725593667,0.582392776523702,64533,1637,185,258,1,['ENSG00000163625'],"['ENSG00000163625', 'ENSG00000197622']",0.56399715,fold_9
4.1,Curated_annotation,Neutrophil-myeloid progenitor,2022,0.15594004849019175,0.1605218377765173,0.13996043521266074,63111,1480,1739,283,5,"['ENSG00000069424', 'ENSG00000125611', 'ENSG00000118579', 'ENSG00000089820', 'ENSG00000032219']","['ENSG00000069424', 'ENSG00000125611', 'ENSG00000118579', 'ENSG00000089820', 'ENSG00000032219']",0.06293628,fold_9
4.1,Curated_annotation,Non-classical monocytes,961,0.2187028657616893,0.22065217391304348,0.21123829344432882,64935,717,758,203,4,"['ENSG00000010610', 'ENSG00000110324', 'ENSG00000069424', 'ENSG00000089820']","['ENSG00000010610', 'ENSG00000110324', 'ENSG00000069424', 'ENSG00000089820', 'ENSG00000197622']",0.1925219,fold_9
4.1,Curated_annotation,Plasma cells,1033,0.4564102564102564,0.5644820295983086,0.2584704743465634,65374,206,766,267,4,"['ENSG00000155304', 'ENSG00000134910', 'ENSG00000102316', 'ENSG00000057657']","['ENSG00000155304', 'ENSG00000134910', 'ENSG00000102316', 'ENSG00000057657']",0.16959491,fold_9
4.1,Curated_annotation,Plasmablasts,249,0.5674653215636822,0.6617647058823529,0.3614457831325301,66318,46,159,90,5,"['ENSG00000121895', 'ENSG00000079263', 'ENSG00000139514', 'ENSG00000134910', 'ENSG00000095139']","['ENSG00000121895', 'ENSG00000155304', 'ENSG00000079263', 'ENSG00000139514', 'ENSG00000134910', 'ENSG00000095139', 'ENSG00000066279', 'ENSG00000213024', 'ENSG00000175581', 'ENSG00000144231']",0.3761751,fold_9
4.1,Curated_annotation,Pro-B cells,1751,0.14520858953741367,0.13922902494331066,0.17532838378069673,62964,1898,1444,307,1,['ENSG00000127616'],['ENSG00000127616'],0.068068415,fold_9
4.1,Curated_annotation,Promyelocytes,400,0.05738522954091816,0.04781704781704782,0.2875,63923,2290,285,115,3,"['ENSG00000069424', 'ENSG00000128487', 'ENSG00000089820']","['ENSG00000069424', 'ENSG00000128487', 'ENSG00000089820']",0.07340203,fold_9
4.1,Curated_annotation,Regulatory T cells,580,0.05241187384044527,0.044313725490196076,0.19482758620689655,63596,2437,467,113,4,"['ENSG00000110324', 'ENSG00000069493', 'ENSG00000057657', 'ENSG00000197622']","['ENSG00000110324', 'ENSG00000069493', 'ENSG00000057657', 'ENSG00000197622']",0.122335166,fold_9
4.1,Curated_annotation,Small pre-B cells,42,0.5,1.0,0.16666666666666666,66571,0,35,7,3,"['ENSG00000172995', 'ENSG00000213402', 'ENSG00000127616']","['ENSG00000172995', 'ENSG00000213402', 'ENSG00000127616']",0.49295866,fold_9
4.1,Curated_annotation,Tcm/Naive cytotoxic T cells,698,0.0521669341894061,0.043972939729397295,0.20487106017191978,62806,3109,555,143,3,"['ENSG00000164466', 'ENSG00000069493', 'ENSG00000160310']","['ENSG00000164466', 'ENSG00000069493', 'ENSG00000160310', 'ENSG00000197622']",0.12103073,fold_9
4.1,Curated_annotation,Tcm/Naive helper T cells,7982,0.22075565274239725,0.19406460562822037,0.4907291405662741,42364,16267,4065,3917,1,['ENSG00000057657'],['ENSG00000057657'],0.007784881,fold_9
4.1,Curated_annotation,Tem/Effector helper T cells,1604,0.08259911894273128,0.07132950267485635,0.22443890274314215,60322,4687,1244,360,3,"['ENSG00000110324', 'ENSG00000057657', 'ENSG00000197622']","['ENSG00000110324', 'ENSG00000069493', 'ENSG00000057657', 'ENSG00000197622']",0.09892353,fold_9
4.1,Curated_annotation,Tem/Temra cytotoxic T cells,7013,0.3567193403381043,0.3538019693654267,0.3688863539141594,54875,4725,4426,2587,2,"['ENSG00000069493', 'ENSG00000057657']","['ENSG00000069493', 'ENSG00000057657', 'ENSG00000197622', 'ENSG00000160310']",0.13280751,fold_9
4.1,Curated_annotation,Tem/Trm cytotoxic T cells,4771,0.19454324295194544,0.1679739431002393,0.529658352546636,49325,12517,2244,2527,1,['ENSG00000069493'],"['ENSG00000069493', 'ENSG00000057657']",0.15428898,fold_9
4.1,Curated_annotation,pDC,482,0.4476861167002012,0.6953125,0.18464730290456433,66092,39,393,89,4,"['ENSG00000180233', 'ENSG00000010610', 'ENSG00000079950', 'ENSG00000110108']","['ENSG00000180233', 'ENSG00000010610', 'ENSG00000079950', 'ENSG00000110108', 'ENSG00000122692', 'ENSG00000089820']",0.33114815,fold_9
4.1,Curated_annotation,pDC precursor,524,0.0896168108776267,0.0855457227138643,0.11068702290076336,65469,620,466,58,5,"['ENSG00000079950', 'ENSG00000142208', 'ENSG00000032219', 'ENSG00000110108', 'ENSG00000089820']","['ENSG00000079950', 'ENSG00000142208', 'ENSG00000032219', 'ENSG00000110108', 'ENSG00000089820', 'ENSG00000125611']",0.08595877,fold_9
4.1,Curated_annotation,Age-associated B cells,135,0.09908838684106223,0.08375209380234507,0.37037037037037035,65931,547,85,50,2,"['ENSG00000177455', 'ENSG00000197043']","['ENSG00000177455', 'ENSG00000158517', 'ENSG00000197043']",0.2269421,fold_10
4.1,Curated_annotation,CD16+ NK cells,8779,0.32090503059238623,0.2927016154779388,0.5221551429547785,46757,11077,4195,4584,1,['ENSG00000141293'],['ENSG00000141293'],0.10943068,fold_10
4.1,Curated_annotation,CD16- NK cells,498,0.03679895658654742,0.03087143415396639,0.15863453815261044,63635,2480,419,79,3,"['ENSG00000141293', 'ENSG00000134480', 'ENSG00000139278']","['ENSG00000141293', 'ENSG00000134480', 'ENSG00000139278']",0.093072504,fold_10
4.1,Curated_annotation,CD24 neutrophils,2333,0.4057438637502087,0.5317286652078774,0.2083154736390913,63852,428,1847,486,2,"['ENSG00000118564', 'ENSG00000140350']","['ENSG00000118564', 'ENSG00000164031', 'ENSG00000140350']",0.16937128,fold_10
4.1,Curated_annotation,CMP,636,0.10551248923341947,0.09780439121756487,0.1540880503144654,65073,904,538,98,4,"['ENSG00000270170', 'ENSG00000169019', 'ENSG00000164649', 'ENSG00000182087']","['ENSG00000270170', 'ENSG00000169019', 'ENSG00000102753', 'ENSG00000164649', 'ENSG00000182087', 'ENSG00000167258', 'ENSG00000126088', 'ENSG00000145354', 'ENSG00000110200', 'ENSG00000004468']",0.13962963,fold_10
4.1,Curated_annotation,CRTAM+ gamma-delta T cells,1371,0.09191839088746305,0.0816,0.18599562363238512,62372,2870,1116,255,2,"['ENSG00000134480', 'ENSG00000197043']","['ENSG00000141293', 'ENSG00000134480', 'ENSG00000197043']",0.087476134,fold_10
4.1,Curated_annotation,Classical monocytes,7615,0.6774853925875378,0.802678120262759,0.41720288903479974,58217,781,4438,3177,2,"['ENSG00000118564', 'ENSG00000126759']","['ENSG00000095015', 'ENSG00000118564', 'ENSG00000093072', 'ENSG00000126759', 'ENSG00000158517', 'ENSG00000139278', 'ENSG00000197043']",0.21845238,fold_10
4.1,Curated_annotation,Cycling T&NK,816,0.5588822355289421,0.7542087542087542,0.27450980392156865,65724,73,592,224,4,"['ENSG00000139618', 'ENSG00000004468', 'ENSG00000141293', 'ENSG00000197043']","['ENSG00000179119', 'ENSG00000162654', 'ENSG00000139618', 'ENSG00000004468', 'ENSG00000141293', 'ENSG00000197043', 'ENSG00000164031', 'ENSG00000111481', 'ENSG00000167258', 'ENSG00000145247']",0.1026692,fold_10
4.1,Curated_annotation,DC1,73,0.7655502392344498,0.9411764705882353,0.4383561643835616,66538,2,41,32,4,"['ENSG00000155367', 'ENSG00000099337', 'ENSG00000093072', 'ENSG00000101220']","['ENSG00000155367', 'ENSG00000175115', 'ENSG00000099337', 'ENSG00000093072', 'ENSG00000101220', 'ENSG00000158517', 'ENSG00000164031', 'ENSG00000182087', 'ENSG00000126088', 'ENSG00000139278']",0.41989815,fold_10
4.1,Curated_annotation,DC2,201,0.22544283413848631,0.26666666666666666,0.13930348258706468,66335,77,173,28,5,"['ENSG00000099337', 'ENSG00000126759', 'ENSG00000169019', 'ENSG00000182923', 'ENSG00000139278']","['ENSG00000099337', 'ENSG00000126759', 'ENSG00000093072', 'ENSG00000169019', 'ENSG00000182923', 'ENSG00000139278', 'ENSG00000182087', 'ENSG00000101220', 'ENSG00000111481', 'ENSG00000134809']",0.22426653,fold_10
4.1,Curated_annotation,DC precursor,238,0.17114093959731544,0.16293929712460065,0.21428571428571427,66113,262,187,51,4,"['ENSG00000106367', 'ENSG00000126759', 'ENSG00000139618', 'ENSG00000102753']","['ENSG00000106367', 'ENSG00000126759', 'ENSG00000169019', 'ENSG00000139618', 'ENSG00000182923', 'ENSG00000102753', 'ENSG00000182087', 'ENSG00000110200', 'ENSG00000164031', 'ENSG00000101220']",0.1781818,fold_10
4.1,Curated_annotation,ELP,154,0.04803675856307435,0.04107142857142857,0.14935064935064934,65922,537,131,23,5,"['ENSG00000164649', 'ENSG00000145247', 'ENSG00000004468', 'ENSG00000119866', 'ENSG00000109381']","['ENSG00000164649', 'ENSG00000145247', 'ENSG00000004468', 'ENSG00000119866', 'ENSG00000109381']",0.07895344,fold_10
4.1,Curated_annotation,ETP,105,0.02593965060878772,0.020985010706638114,0.4666666666666667,64222,2286,56,49,2,"['ENSG00000145247', 'ENSG00000119866']","['ENSG00000145247', 'ENSG00000119866']",0.096058905,fold_10
4.1,Curated_annotation,Early MK,216,0.5669398907103825,0.6434108527131783,0.38425925925925924,66351,46,133,83,3,"['ENSG00000147862', 'ENSG00000119772', 'ENSG00000078142']","['ENSG00000147862', 'ENSG00000119772', 'ENSG00000078142', 'ENSG00000115392', 'ENSG00000099337', 'ENSG00000156531', 'ENSG00000139618', 'ENSG00000104267', 'ENSG00000126088', 'ENSG00000145354']",1.0,fold_10
4.1,Curated_annotation,Early erythroid,1889,0.4944642522049165,0.6127906976744186,0.27898358920063526,64391,333,1362,527,4,"['ENSG00000270170', 'ENSG00000156531', 'ENSG00000121058', 'ENSG00000079999']","['ENSG00000138758', 'ENSG00000270170', 'ENSG00000156531', 'ENSG00000121058', 'ENSG00000077254', 'ENSG00000079999', 'ENSG00000104267', 'ENSG00000126088', 'ENSG00000145354', 'ENSG00000145247']",0.24159986,fold_10
4.1,Curated_annotation,Erythrocytes,48,0.10416666666666667,0.09259259259259259,0.20833333333333334,66467,98,38,10,5,"['ENSG00000105983', 'ENSG00000198646', 'ENSG00000143889', 'ENSG00000136842', 'ENSG00000179195']","['ENSG00000134709', 'ENSG00000105983', 'ENSG00000198646', 'ENSG00000143889', 'ENSG00000136842', 'ENSG00000179195', 'ENSG00000115392', 'ENSG00000156531', 'ENSG00000079999', 'ENSG00000104267']",0.8948322,fold_10
4.1,Curated_annotation,Follicular helper T cells,280,0.08498583569405099,0.08480565371024736,0.08571428571428572,66074,259,256,24,4,"['ENSG00000065357', 'ENSG00000141293', 'ENSG00000134480', 'ENSG00000139278']","['ENSG00000065357', 'ENSG00000141293', 'ENSG00000134480', 'ENSG00000139278']",0.08730371,fold_10
4.1,Curated_annotation,GMP,467,0.20477815699658702,0.21212121212121213,0.17987152034261242,65834,312,383,84,4,"['ENSG00000270170', 'ENSG00000169019', 'ENSG00000101220', 'ENSG00000004468']","['ENSG00000270170', 'ENSG00000169019', 'ENSG00000101220', 'ENSG00000164649', 'ENSG00000004468', 'ENSG00000126088', 'ENSG00000167258', 'ENSG00000110200']",0.16702971,fold_10
4.1,Curated_annotation,HSC/MPP,4448,0.556556614740758,0.6005017246785826,0.43053057553956836,60891,1274,2533,1915,2,"['ENSG00000110492', 'ENSG00000119866']","['ENSG00000110492', 'ENSG00000162654', 'ENSG00000164649', 'ENSG00000145247', 'ENSG00000119866']",0.52953863,fold_10
4.1,Curated_annotation,Late erythroid,77,0.43478260869565216,0.5,0.2857142857142857,66514,22,55,22,2,"['ENSG00000104267', 'ENSG00000022840']","['ENSG00000104267', 'ENSG00000022840', 'ENSG00000145354', 'ENSG00000126088']",0.24344182,fold_10
4.1,Curated_annotation,MAIT cells,704,0.03201921152691615,0.02607455693623956,0.36363636363636365,56347,9562,448,256,2,"['ENSG00000141293', 'ENSG00000134480']","['ENSG00000141293', 'ENSG00000134480']",0.088786125,fold_10
4.1,Curated_annotation,MEMP,766,0.13266461737582916,0.11314246291824767,0.4281984334203655,63276,2571,438,328,2,"['ENSG00000156531', 'ENSG00000126088']","['ENSG00000077254', 'ENSG00000156531', 'ENSG00000121058', 'ENSG00000079999', 'ENSG00000102753', 'ENSG00000126088', 'ENSG00000145354', 'ENSG00000164031', 'ENSG00000004468', 'ENSG00000182087']",0.14957426,fold_10
4.1,Curated_annotation,Mast cells,259,0.012422710974335808,0.010011376564277589,0.33976833976833976,57652,8702,171,88,2,"['ENSG00000022840', 'ENSG00000167258']","['ENSG00000022840', 'ENSG00000167258']",0.0588428,fold_10
4.1,Curated_annotation,Megakaryocyte precursor,397,0.06902321690023008,0.060218978102189784,0.16624685138539042,65186,1030,331,66,3,"['ENSG00000138758', 'ENSG00000126088', 'ENSG00000022840']","['ENSG00000138758', 'ENSG00000164031', 'ENSG00000126088', 'ENSG00000145354', 'ENSG00000022840', 'ENSG00000145247']",0.05938678,fold_10
4.1,Curated_annotation,Megakaryocytes/platelets,53,0.03400637619553666,0.027515047291487533,0.6037735849056604,65429,1131,21,32,1,['ENSG00000104267'],['ENSG00000104267'],0.19580288,fold_10
4.1,Curated_annotation,Memory B cells,1061,0.0745786093029271,0.06252258764004337,0.32610744580584355,60364,5188,715,346,2,"['ENSG00000158517', 'ENSG00000197043']","['ENSG00000158517', 'ENSG00000197043']",0.092208266,fold_10
4.1,Curated_annotation,Mid erythroid,894,0.7007722007722008,0.8561320754716981,0.40604026845637586,65658,61,531,363,2,"['ENSG00000109255', 'ENSG00000104267']","['ENSG00000109255', 'ENSG00000136842', 'ENSG00000100401', 'ENSG00000104267', 'ENSG00000079999', 'ENSG00000156531', 'ENSG00000139618', 'ENSG00000126088', 'ENSG00000102753', 'ENSG00000145354']",0.6215658,fold_10
4.1,Curated_annotation,NAMPT neutrophils,443,0.28321318228630277,0.4166666666666667,0.12415349887133183,66093,77,388,55,2,"['ENSG00000182541', 'ENSG00000118564']","['ENSG00000161533', 'ENSG00000182541', 'ENSG00000118564', 'ENSG00000022840', 'ENSG00000158517', 'ENSG00000139278', 'ENSG00000140350', 'ENSG00000109381']",0.70066065,fold_10
4.1,Curated_annotation,Naive B cells,1211,0.11785433272895214,0.09835831548893648,0.5689512799339389,59086,6316,522,689,1,['ENSG00000158517'],['ENSG00000158517'],0.14903519,fold_10
4.1,Curated_annotation,Neutrophil-myeloid progenitor,2022,0.22212350066637052,0.2089864158829676,0.29673590504451036,62320,2271,1422,600,3,"['ENSG00000164649', 'ENSG00000101220', 'ENSG00000004468']","['ENSG00000164649', 'ENSG00000101220', 'ENSG00000004468', 'ENSG00000110200', 'ENSG00000167258']",0.07715013,fold_10
4.1,Curated_annotation,Non-classical monocytes,961,0.20755686929700554,0.18944281524926687,0.33610822060353795,64270,1382,638,323,2,"['ENSG00000126759', 'ENSG00000101220']","['ENSG00000095015', 'ENSG00000126759', 'ENSG00000093072', 'ENSG00000101220', 'ENSG00000139278']",0.18634799,fold_10
4.1,Curated_annotation,Plasma cells,1033,0.38845979100408906,0.5856164383561644,0.16553727008712488,65459,121,862,171,3,"['ENSG00000139793', 'ENSG00000155304', 'ENSG00000004468']","['ENSG00000139793', 'ENSG00000155304', 'ENSG00000093072', 'ENSG00000004468', 'ENSG00000145354']",0.45932642,fold_10
4.1,Curated_annotation,Plasmablasts,249,0.17683970336565888,0.16489361702127658,0.24899598393574296,66050,314,187,62,5,"['ENSG00000158201', 'ENSG00000155304', 'ENSG00000179119', 'ENSG00000100401', 'ENSG00000198860']","['ENSG00000158201', 'ENSG00000155304', 'ENSG00000179119', 'ENSG00000100401', 'ENSG00000198860', 'ENSG00000079999', 'ENSG00000004468', 'ENSG00000145354', 'ENSG00000158517', 'ENSG00000182087']",0.346483,fold_10
4.1,Curated_annotation,Pro-B cells,1751,0.47770168698847504,0.5401322001888574,0.32667047401484867,64375,487,1179,572,2,"['ENSG00000004468', 'ENSG00000119866']","['ENSG00000162654', 'ENSG00000164649', 'ENSG00000004468', 'ENSG00000119866']",0.091028735,fold_10
4.1,Curated_annotation,Promyelocytes,400,0.057803468208092484,0.04809619238476954,0.3,63838,2375,280,120,2,"['ENSG00000101220', 'ENSG00000197043']","['ENSG00000101220', 'ENSG00000197043']",0.08308931,fold_10
4.1,Curated_annotation,Regulatory T cells,580,0.09162303664921466,0.11814345991561181,0.04827586206896552,65824,209,552,28,4,"['ENSG00000065357', 'ENSG00000141293', 'ENSG00000145247', 'ENSG00000134480']","['ENSG00000065357', 'ENSG00000141293', 'ENSG00000145247', 'ENSG00000134480']",0.104972854,fold_10
4.1,Curated_annotation,Small pre-B cells,42,0.42452830188679247,0.5625,0.21428571428571427,66564,7,33,9,3,"['ENSG00000177455', 'ENSG00000004468', 'ENSG00000158517']","['ENSG00000177455', 'ENSG00000004468', 'ENSG00000158517', 'ENSG00000182087', 'ENSG00000178913']",0.20349205,fold_10
4.1,Curated_annotation,Tcm/Naive cytotoxic T cells,698,0.019163370293701708,0.015441146112877255,0.5358166189111748,42068,23847,324,374,1,['ENSG00000134480'],['ENSG00000134480'],0.05984065,fold_10
4.1,Curated_annotation,Tem/Effector helper T cells,1604,0.05995339046759886,0.05104,0.19887780548628428,59078,5931,1285,319,3,"['ENSG00000141293', 'ENSG00000197043', 'ENSG00000134480']","['ENSG00000141293', 'ENSG00000197043', 'ENSG00000134480']",0.06816576,fold_10
4.1,Curated_annotation,Tem/Temra cytotoxic T cells,7013,0.29631249839170376,0.28924893242903793,0.3283901326108655,53941,5659,4710,2303,2,"['ENSG00000141293', 'ENSG00000197043']","['ENSG00000141293', 'ENSG00000197043', 'ENSG00000134480']",0.10198367,fold_10
4.1,Curated_annotation,Tem/Trm cytotoxic T cells,4771,0.20701052448464816,0.19219380888290713,0.2993083211066862,55840,6002,3343,1428,2,"['ENSG00000141293', 'ENSG00000134480']","['ENSG00000141293', 'ENSG00000134480']",0.09444721,fold_10
4.1,Curated_annotation,pDC,482,0.565410199556541,0.9714285714285714,0.21161825726141079,66128,3,380,102,3,"['ENSG00000146072', 'ENSG00000158517', 'ENSG00000119866']","['ENSG00000146072', 'ENSG00000158517', 'ENSG00000182087', 'ENSG00000119866', 'ENSG00000164031', 'ENSG00000111481', 'ENSG00000145247', 'ENSG00000167258', 'ENSG00000139278', 'ENSG00000109381']",0.14194489,fold_10
4.1,Curated_annotation,pDC precursor,524,0.22887323943661972,0.24863387978142076,0.1736641221374046,65814,275,433,91,5,"['ENSG00000270170', 'ENSG00000139618', 'ENSG00000110200', 'ENSG00000145247', 'ENSG00000119866']","['ENSG00000270170', 'ENSG00000139618', 'ENSG00000110200', 'ENSG00000164649', 'ENSG00000145247', 'ENSG00000119866', 'ENSG00000109381']",0.1355685,fold_10
4.1,Curated_annotation,Age-associated B cells,135,0.1978021978021978,0.225,0.13333333333333333,66416,62,117,18,2,"['ENSG00000269404', 'ENSG00000213626']","['ENSG00000124151', 'ENSG00000269404', 'ENSG00000213626', 'ENSG00000092820']",0.1762352,fold_11
4.1,Curated_annotation,CD16- NK cells,498,0.027519656897784132,0.02228009259259259,0.463855421686747,55978,10137,267,231,1,['ENSG00000213626'],['ENSG00000213626'],0.19200899,fold_11
4.1,Curated_annotation,CD24 neutrophils,2333,0.6325764043025439,0.8410896708286039,0.3176168024003429,64140,140,1592,741,2,"['ENSG00000106780', 'ENSG00000101782']","['ENSG00000106780', 'ENSG00000101782', 'ENSG00000090382', 'ENSG00000102580']",0.24397461,fold_11
4.1,Curated_annotation,CMP,636,0.29507133592736706,0.2973856209150327,0.2861635220125786,65547,430,454,182,3,"['ENSG00000101856', 'ENSG00000105472', 'ENSG00000111912']","['ENSG00000140044', 'ENSG00000101856', 'ENSG00000105472', 'ENSG00000111912', 'ENSG00000173163', 'ENSG00000114744', 'ENSG00000116670', 'ENSG00000167005', 'ENSG00000086758', 'ENSG00000090382']",0.15149477,fold_11
4.1,Curated_annotation,Classical monocytes,7615,0.7413777075392768,0.7762816353017521,0.6283650689428759,57619,1379,2830,4785,2,"['ENSG00000106780', 'ENSG00000090382']","['ENSG00000106780', 'ENSG00000140044', 'ENSG00000090382']",0.15023229,fold_11
4.1,Curated_annotation,Cycling T&NK,816,0.5048076923076923,0.7159090909090909,0.23161764705882354,65722,75,627,189,3,"['ENSG00000146670', 'ENSG00000258315', 'ENSG00000166333']","['ENSG00000146670', 'ENSG00000163848', 'ENSG00000258315', 'ENSG00000204899', 'ENSG00000166333', 'ENSG00000152332', 'ENSG00000116670', 'ENSG00000213626', 'ENSG00000167005', 'ENSG00000134748']",0.32577574,fold_11
4.1,Curated_annotation,DC1,73,0.26011560693641617,0.36,0.1232876712328767,66524,16,64,9,6,"['ENSG00000125089', 'ENSG00000124496', 'ENSG00000176393', 'ENSG00000258315', 'ENSG00000124177', 'ENSG00000166333']","['ENSG00000125089', 'ENSG00000124496', 'ENSG00000176393', 'ENSG00000258315', 'ENSG00000124177', 'ENSG00000166333', 'ENSG00000111912', 'ENSG00000152332', 'ENSG00000090382', 'ENSG00000131871']",0.17686477,fold_11
4.1,Curated_annotation,DC2,201,0.08645533141210375,0.08571428571428572,0.08955223880597014,66220,192,183,18,6,"['ENSG00000258315', 'ENSG00000176393', 'ENSG00000124151', 'ENSG00000166333', 'ENSG00000137207', 'ENSG00000152332']","['ENSG00000258315', 'ENSG00000176393', 'ENSG00000124151', 'ENSG00000166333', 'ENSG00000137207', 'ENSG00000152332', 'ENSG00000134001', 'ENSG00000090382', 'ENSG00000170248', 'ENSG00000116670']",0.115678504,fold_11
4.1,Curated_annotation,DC precursor,238,0.15793528505392912,0.15471698113207547,0.1722689075630252,66151,224,197,41,5,"['ENSG00000148719', 'ENSG00000176393', 'ENSG00000101856', 'ENSG00000204899', 'ENSG00000090382']","['ENSG00000148719', 'ENSG00000176393', 'ENSG00000101856', 'ENSG00000166333', 'ENSG00000204899', 'ENSG00000090382', 'ENSG00000134001', 'ENSG00000116670', 'ENSG00000167005', 'ENSG00000170248']",0.12501122,fold_11
4.1,Curated_annotation,ELP,154,0.014589256322011072,0.011807447774750226,0.2532467532467532,63195,3264,115,39,3,"['ENSG00000114744', 'ENSG00000105472', 'ENSG00000164258']","['ENSG00000114744', 'ENSG00000105472', 'ENSG00000134748', 'ENSG00000164258']",0.05985937,fold_11
4.1,Curated_annotation,Early MK,216,0.603448275862069,0.6577181208053692,0.4537037037037037,66346,51,118,98,4,"['ENSG00000160219', 'ENSG00000101082', 'ENSG00000177469', 'ENSG00000010278']","['ENSG00000111554', 'ENSG00000160219', 'ENSG00000101082', 'ENSG00000177469', 'ENSG00000010278', 'ENSG00000146670', 'ENSG00000105371', 'ENSG00000101856', 'ENSG00000166333', 'ENSG00000204899']",0.28423843,fold_11
4.1,Curated_annotation,Early erythroid,1889,0.6207428351111682,0.6558044806517311,0.5113816834303865,64217,507,923,966,2,"['ENSG00000071575', 'ENSG00000177469']","['ENSG00000071575', 'ENSG00000105371', 'ENSG00000123595', 'ENSG00000177469', 'ENSG00000066926', 'ENSG00000166260', 'ENSG00000151304', 'ENSG00000123545', 'ENSG00000101856', 'ENSG00000173163']",0.32224303,fold_11
4.1,Curated_annotation,Erythrocytes,48,0.21084337349397592,0.19718309859154928,0.2916666666666667,66508,57,34,14,6,"['ENSG00000124575', 'ENSG00000109458', 'ENSG00000134709', 'ENSG00000176410', 'ENSG00000099991', 'ENSG00000160219']","['ENSG00000124575', 'ENSG00000109458', 'ENSG00000134709', 'ENSG00000176410', 'ENSG00000099991', 'ENSG00000160219', 'ENSG00000109572', 'ENSG00000071575', 'ENSG00000158578', 'ENSG00000066926']",1.0,fold_11
4.1,Curated_annotation,Follicular helper T cells,280,0.008935814236463191,0.007174112140022388,0.5035714285714286,46820,19513,139,141,1,['ENSG00000071073'],['ENSG00000071073'],0.16035385,fold_11
4.1,Curated_annotation,GMP,467,0.21763187015861304,0.2103386809269162,0.25267665952890794,65703,443,349,118,3,"['ENSG00000105472', 'ENSG00000090382', 'ENSG00000173163']","['ENSG00000140044', 'ENSG00000105472', 'ENSG00000090382', 'ENSG00000111912', 'ENSG00000173163', 'ENSG00000170248', 'ENSG00000086758', 'ENSG00000167005', 'ENSG00000116670', 'ENSG00000131871']",0.11337121,fold_11
4.1,Curated_annotation,HSC/MPP,4448,0.28984691580369204,0.30930930930930933,0.23156474820143885,59865,2300,3418,1030,3,"['ENSG00000111912', 'ENSG00000105472', 'ENSG00000164258']","['ENSG00000111912', 'ENSG00000114744', 'ENSG00000105472', 'ENSG00000164258']",0.06746205,fold_11
4.1,Curated_annotation,Late erythroid,77,0.7198443579766537,0.8222222222222222,0.4805194805194805,66528,8,40,37,2,"['ENSG00000158578', 'ENSG00000101782']","['ENSG00000109572', 'ENSG00000158578', 'ENSG00000066926', 'ENSG00000101782']",0.37175894,fold_11
4.1,Curated_annotation,MAIT cells,704,0.041080680977054036,0.0337437300501596,0.3153409090909091,59552,6357,482,222,2,"['ENSG00000071073', 'ENSG00000213626']","['ENSG00000071073', 'ENSG00000213626']",0.20516647,fold_11
4.1,Curated_annotation,MEMP,766,0.21036428937916882,0.20945083014048532,0.21409921671018275,65228,619,602,164,3,"['ENSG00000105371', 'ENSG00000177469', 'ENSG00000151304']","['ENSG00000105371', 'ENSG00000071575', 'ENSG00000123595', 'ENSG00000177469', 'ENSG00000151304', 'ENSG00000101856', 'ENSG00000111912', 'ENSG00000114744', 'ENSG00000134001', 'ENSG00000173163']",0.21876137,fold_11
4.1,Curated_annotation,Mast cells,259,0.03291972651304128,0.026924404556437694,0.30115830115830117,63535,2819,181,78,2,"['ENSG00000105472', 'ENSG00000131871']","['ENSG00000105472', 'ENSG00000131871']",0.06579118,fold_11
4.1,Curated_annotation,Megakaryocyte precursor,397,0.09102024181497079,0.07696726019529006,0.33753148614609574,64609,1607,263,134,2,"['ENSG00000177469', 'ENSG00000105472']","['ENSG00000177469', 'ENSG00000111912', 'ENSG00000114744', 'ENSG00000105472', 'ENSG00000134748', 'ENSG00000164258']",0.16185129,fold_11
4.1,Curated_annotation,Megakaryocytes/platelets,53,0.8385093167701864,1.0,0.5094339622641509,66560,0,26,27,2,"['ENSG00000166333', 'ENSG00000010278']","['ENSG00000101082', 'ENSG00000101856', 'ENSG00000166333', 'ENSG00000010278', 'ENSG00000101782']",0.48893434,fold_11
4.1,Curated_annotation,Memory B cells,1061,0.33305048790835806,0.4845679012345679,0.14797360980207352,65385,167,904,157,2,"['ENSG00000124151', 'ENSG00000269404']","['ENSG00000124151', 'ENSG00000269404']",0.22058475,fold_11
4.1,Curated_annotation,Mid erythroid,894,0.6708760852407262,0.8292682926829268,0.38031319910514544,65649,70,554,340,3,"['ENSG00000158578', 'ENSG00000066926', 'ENSG00000123545']","['ENSG00000173145', 'ENSG00000158578', 'ENSG00000066926', 'ENSG00000146670', 'ENSG00000136270', 'ENSG00000123545', 'ENSG00000096080', 'ENSG00000166260', 'ENSG00000204899', 'ENSG00000134001']",0.2188918,fold_11
4.1,Curated_annotation,NAMPT neutrophils,443,0.3906810035842294,0.4579831932773109,0.24604966139954854,66041,129,334,109,2,"['ENSG00000181381', 'ENSG00000106780']","['ENSG00000181381', 'ENSG00000106780', 'ENSG00000102580', 'ENSG00000090382', 'ENSG00000101782']",0.7260425,fold_11
4.1,Curated_annotation,Neutrophil-myeloid progenitor,2022,0.5,0.5552995391705069,0.35756676557863504,64012,579,1299,723,2,"['ENSG00000105472', 'ENSG00000090382']","['ENSG00000105472', 'ENSG00000090382', 'ENSG00000167005', 'ENSG00000160131']",0.109623164,fold_11
4.1,Curated_annotation,Non-classical monocytes,961,0.2472893285143618,0.24208566108007448,0.27055150884495316,64838,814,701,260,3,"['ENSG00000089127', 'ENSG00000176393', 'ENSG00000090382']","['ENSG00000089127', 'ENSG00000176393', 'ENSG00000140044', 'ENSG00000170248', 'ENSG00000090382']",0.2493043,fold_11
4.1,Curated_annotation,Plasma cells,1033,0.34413965087281795,0.5679012345679012,0.1335914811229429,65475,105,895,138,2,"['ENSG00000152700', 'ENSG00000131871']","['ENSG00000152700', 'ENSG00000124151', 'ENSG00000131871', 'ENSG00000137207', 'ENSG00000102580']",0.21511069,fold_11
4.1,Curated_annotation,Plasmablasts,249,0.43973941368078173,0.48214285714285715,0.3253012048192771,66277,87,168,81,6,"['ENSG00000152700', 'ENSG00000096080', 'ENSG00000146670', 'ENSG00000124151', 'ENSG00000112249', 'ENSG00000258315']","['ENSG00000152700', 'ENSG00000096080', 'ENSG00000146670', 'ENSG00000124151', 'ENSG00000112249', 'ENSG00000258315', 'ENSG00000136270', 'ENSG00000123545', 'ENSG00000173163', 'ENSG00000131871']",0.22264712,fold_11
4.1,Curated_annotation,Promyelocytes,400,0.2518148820326679,0.24611973392461198,0.2775,65873,340,289,111,2,"['ENSG00000090382', 'ENSG00000105472']","['ENSG00000140044', 'ENSG00000090382', 'ENSG00000105472', 'ENSG00000086758', 'ENSG00000160131', 'ENSG00000134748', 'ENSG00000102580']",0.12932462,fold_11
4.1,Curated_annotation,Regulatory T cells,580,0.022167677598437338,0.017867315759490392,0.5948275862068966,47069,18964,235,345,1,['ENSG00000213626'],['ENSG00000213626'],0.15480693,fold_11
4.1,Curated_annotation,Small pre-B cells,42,0.32710280373831774,0.32558139534883723,0.3333333333333333,66542,29,28,14,2,"['ENSG00000010278', 'ENSG00000269404']","['ENSG00000010278', 'ENSG00000269404', 'ENSG00000092820']",0.3162902,fold_11
4.1,Curated_annotation,Tcm/Naive cytotoxic T cells,698,0.03729772002646935,0.030478063168243825,0.3553008595988539,58026,7889,450,248,2,"['ENSG00000071073', 'ENSG00000213626']","['ENSG00000071073', 'ENSG00000213626']",0.18011992,fold_11
4.1,Curated_annotation,Tcm/Naive helper T cells,7982,0.26028968014484005,0.23043222738686756,0.5403407667251315,44227,14404,3669,4313,1,['ENSG00000071073'],['ENSG00000071073'],0.20153843,fold_11
4.1,Curated_annotation,Tem/Effector helper T cells,1604,0.05628920031360251,0.045933923126905585,0.5729426433915212,45921,19088,685,919,1,['ENSG00000071073'],['ENSG00000071073'],0.19211303,fold_11
4.1,Curated_annotation,pDC,482,0.5954198473282443,0.7536231884057971,0.3236514522821577,66080,51,326,156,2,"['ENSG00000269404', 'ENSG00000131871']","['ENSG00000269404', 'ENSG00000258315', 'ENSG00000131871', 'ENSG00000102580']",0.20365793,fold_11
4.1,Curated_annotation,pDC precursor,524,0.2876984126984127,0.2905811623246493,0.2767175572519084,65735,354,379,145,3,"['ENSG00000269404', 'ENSG00000131871', 'ENSG00000102580']","['ENSG00000269404', 'ENSG00000116670', 'ENSG00000131871', 'ENSG00000102580', 'ENSG00000164258']",0.06529903,fold_11
4.1,Curated_annotation,Age-associated B cells,135,0.027722772277227723,0.02258064516129032,0.3111111111111111,64660,1818,93,42,2,"['ENSG00000183049', 'ENSG00000149925']","['ENSG00000183049', 'ENSG00000149925']",0.36868468,fold_12
4.1,Curated_annotation,CD16+ NK cells,8779,0.3295910841596329,0.30798682900681523,0.4581387401754186,48797,9037,4757,4022,1,['ENSG00000143851'],"['ENSG00000143851', 'ENSG00000115977']",0.13531792,fold_12
4.1,Curated_annotation,CD16- NK cells,498,0.12080141426045964,0.1132596685082873,0.1646586345381526,65473,642,416,82,2,"['ENSG00000117281', 'ENSG00000145241']","['ENSG00000117281', 'ENSG00000143851', 'ENSG00000145241', 'ENSG00000115977']",0.54089254,fold_12
4.1,Curated_annotation,CD24 neutrophils,2333,0.7368632170076214,0.7252270035530991,0.7873981997428204,63584,696,496,1837,1,['ENSG00000100504'],"['ENSG00000163812', 'ENSG00000002834', 'ENSG00000100504', 'ENSG00000099246', 'ENSG00000198055', 'ENSG00000058272']",0.3960975,fold_12
4.1,Curated_annotation,CMP,636,0.2111260053619303,0.196875,0.2971698113207547,65206,771,447,189,4,"['ENSG00000100504', 'ENSG00000174099', 'ENSG00000117868', 'ENSG00000134049']","['ENSG00000100504', 'ENSG00000174099', 'ENSG00000179833', 'ENSG00000117868', 'ENSG00000204138', 'ENSG00000134049', 'ENSG00000177479', 'ENSG00000013306', 'ENSG00000134330', 'ENSG00000143851']",0.13296482,fold_12
4.1,Curated_annotation,CRTAM+ gamma-delta T cells,1371,0.0549597407370285,0.04607843137254902,0.2399708242159008,58431,6811,1042,329,2,"['ENSG00000143851', 'ENSG00000115977']","['ENSG00000143851', 'ENSG00000115977']",0.10474966,fold_12
4.1,Curated_annotation,Classical monocytes,7615,0.5922782416163107,0.7303754266211604,0.33722915298752465,58050,948,5047,2568,2,"['ENSG00000113749', 'ENSG00000090013']","['ENSG00000113749', 'ENSG00000090013']",0.09663685,fold_12
4.1,Curated_annotation,Cycling T&NK,816,0.4663705583756345,0.7736842105263158,0.1801470588235294,65754,43,669,147,3,"['ENSG00000162654', 'ENSG00000088325', 'ENSG00000122122']","['ENSG00000162654', 'ENSG00000002834', 'ENSG00000088325', 'ENSG00000276045', 'ENSG00000198055', 'ENSG00000122122', 'ENSG00000167797', 'ENSG00000113810', 'ENSG00000143851', 'ENSG00000134049']",0.2563737,fold_12
4.1,Curated_annotation,DC1,73,0.6666666666666666,0.9565217391304348,0.3013698630136986,66539,1,51,22,2,"['ENSG00000173578', 'ENSG00000179833']","['ENSG00000173578', 'ENSG00000048052', 'ENSG00000183049', 'ENSG00000002834', 'ENSG00000179833', 'ENSG00000149925', 'ENSG00000167797', 'ENSG00000134330', 'ENSG00000013306', 'ENSG00000177479']",0.63559914,fold_12
4.1,Curated_annotation,DC2,201,0.15757109915449655,0.14909090909090908,0.20398009950248755,66178,234,160,41,5,"['ENSG00000131724', 'ENSG00000048052', 'ENSG00000122122', 'ENSG00000128487', 'ENSG00000167797']","['ENSG00000131724', 'ENSG00000048052', 'ENSG00000113749', 'ENSG00000122122', 'ENSG00000128487', 'ENSG00000167797', 'ENSG00000149925', 'ENSG00000013306', 'ENSG00000134330', 'ENSG00000090013']",0.15952033,fold_12
4.1,Curated_annotation,DC precursor,238,0.10314875135722042,0.09476309226932668,0.15966386554621848,66012,363,200,38,4,"['ENSG00000131724', 'ENSG00000114520', 'ENSG00000117868', 'ENSG00000128487']","['ENSG00000131724', 'ENSG00000002834', 'ENSG00000114520', 'ENSG00000113749', 'ENSG00000117868', 'ENSG00000128487', 'ENSG00000088325', 'ENSG00000167797', 'ENSG00000204138', 'ENSG00000134049']",0.17455348,fold_12
4.1,Curated_annotation,ELP,154,0.09836065573770492,0.10526315789473684,0.07792207792207792,66357,102,142,12,4,"['ENSG00000179833', 'ENSG00000117868', 'ENSG00000171604', 'ENSG00000105355']","['ENSG00000179833', 'ENSG00000122122', 'ENSG00000117868', 'ENSG00000171604', 'ENSG00000105355']",0.14858288,fold_12
4.1,Curated_annotation,ETP,105,0.10178117048346055,0.1111111111111111,0.0761904761904762,66444,64,97,8,2,"['ENSG00000171604', 'ENSG00000105355']","['ENSG00000171604', 'ENSG00000105355']",0.08909196,fold_12
4.1,Curated_annotation,Early MK,216,0.3353658536585366,0.36423841059602646,0.25462962962962965,66301,96,161,55,6,"['ENSG00000115904', 'ENSG00000106477', 'ENSG00000069966', 'ENSG00000167674', 'ENSG00000114520', 'ENSG00000276045']","['ENSG00000115904', 'ENSG00000106477', 'ENSG00000069966', 'ENSG00000167674', 'ENSG00000114520', 'ENSG00000276045', 'ENSG00000100504', 'ENSG00000117868', 'ENSG00000088325', 'ENSG00000204138']",0.31751484,fold_12
4.1,Curated_annotation,Early erythroid,1889,0.3652630162787569,0.3917748917748918,0.2874536791953414,63881,843,1346,543,4,"['ENSG00000167674', 'ENSG00000070785', 'ENSG00000276045', 'ENSG00000204138']","['ENSG00000101940', 'ENSG00000167674', 'ENSG00000070785', 'ENSG00000276045', 'ENSG00000204138', 'ENSG00000088325', 'ENSG00000174099', 'ENSG00000090013', 'ENSG00000128487', 'ENSG00000013306']",0.22807805,fold_12
4.1,Curated_annotation,Erythrocytes,48,0.11284722222222222,0.09848484848484848,0.2708333333333333,66446,119,35,13,6,"['ENSG00000113240', 'ENSG00000198039', 'ENSG00000148187', 'ENSG00000012822', 'ENSG00000147874', 'ENSG00000128487']","['ENSG00000113240', 'ENSG00000198039', 'ENSG00000148187', 'ENSG00000012822', 'ENSG00000147874', 'ENSG00000128487', 'ENSG00000149925', 'ENSG00000088325', 'ENSG00000090013', 'ENSG00000013306']",0.47915763,fold_12
4.1,Curated_annotation,Follicular helper T cells,280,0.012112804373032963,0.009746751082972342,0.41785714285714287,54446,11887,163,117,2,"['ENSG00000105939', 'ENSG00000115977']","['ENSG00000105939', 'ENSG00000115977']",0.08389112,fold_12
4.1,Curated_annotation,GMP,467,0.1928374655647383,0.18,0.2698072805139186,65572,574,341,126,3,"['ENSG00000113749', 'ENSG00000174099', 'ENSG00000128487']","['ENSG00000113749', 'ENSG00000100504', 'ENSG00000174099', 'ENSG00000117868', 'ENSG00000128487', 'ENSG00000134049', 'ENSG00000143851', 'ENSG00000090013', 'ENSG00000134330']",0.1583037,fold_12
4.1,Curated_annotation,HSC/MPP,4448,0.5677438482063445,0.6775762936753649,0.3444244604316547,61436,729,2916,1532,2,"['ENSG00000162654', 'ENSG00000174099']","['ENSG00000162654', 'ENSG00000174099', 'ENSG00000204138']",0.2585922,fold_12
4.1,Curated_annotation,Late erythroid,77,0.539906103286385,0.6764705882352942,0.2987012987012987,66525,11,54,23,2,"['ENSG00000090013', 'ENSG00000125037']","['ENSG00000012822', 'ENSG00000128487', 'ENSG00000013306', 'ENSG00000090013', 'ENSG00000125037', 'ENSG00000114126']",0.15284243,fold_12
4.1,Curated_annotation,MAIT cells,704,0.022829446473728577,0.01841533667012938,0.5539772727272727,45121,20788,314,390,1,['ENSG00000115977'],['ENSG00000115977'],0.07986814,fold_12
4.1,Curated_annotation,MEMP,766,0.1158330776311752,0.10500695410292073,0.19712793733681463,64560,1287,615,151,4,"['ENSG00000101940', 'ENSG00000167674', 'ENSG00000276045', 'ENSG00000204138']","['ENSG00000101940', 'ENSG00000167674', 'ENSG00000276045', 'ENSG00000204138', 'ENSG00000099246', 'ENSG00000177479', 'ENSG00000090013', 'ENSG00000134049', 'ENSG00000013306', 'ENSG00000143851']",0.19982448,fold_12
4.1,Curated_annotation,Megakaryocyte precursor,397,0.0800230282095567,0.06708494208494209,0.3501259445843829,64283,1933,258,139,3,"['ENSG00000204138', 'ENSG00000174099', 'ENSG00000114126']","['ENSG00000204138', 'ENSG00000174099', 'ENSG00000114126']",0.15053819,fold_12
4.1,Curated_annotation,Megakaryocytes/platelets,53,0.7671957671957672,0.8529411764705882,0.5471698113207547,66555,5,24,29,1,['ENSG00000127314'],"['ENSG00000069966', 'ENSG00000149925', 'ENSG00000125037', 'ENSG00000127314']",0.09094739,fold_12
4.1,Curated_annotation,Mid erythroid,894,0.3433038749150238,0.39453125,0.22595078299776286,65409,310,692,202,5,"['ENSG00000198039', 'ENSG00000148187', 'ENSG00000070785', 'ENSG00000147874', 'ENSG00000163812']","['ENSG00000198039', 'ENSG00000148187', 'ENSG00000132382', 'ENSG00000070785', 'ENSG00000147874', 'ENSG00000163812', 'ENSG00000088325', 'ENSG00000013306', 'ENSG00000090013', 'ENSG00000149925']",0.32242253,fold_12
4.1,Curated_annotation,NAMPT neutrophils,443,0.19411622859898722,0.17386609071274298,0.36343115124153497,65405,765,282,161,2,"['ENSG00000100504', 'ENSG00000058272']","['ENSG00000100504', 'ENSG00000099246', 'ENSG00000058272']",0.2490325,fold_12
4.1,Curated_annotation,Neutrophil-myeloid progenitor,2022,0.1825825072154599,0.16728945099166428,0.2878338278931751,61694,2897,1440,582,2,"['ENSG00000174099', 'ENSG00000143851']","['ENSG00000174099', 'ENSG00000143851']",0.06446025,fold_12
4.1,Curated_annotation,Non-classical monocytes,961,0.2176696542893726,0.2017139090309822,0.3184183142559833,64441,1211,655,306,2,"['ENSG00000149925', 'ENSG00000090013']","['ENSG00000149925', 'ENSG00000090013']",0.12732877,fold_12
4.1,Curated_annotation,Plasma cells,1033,0.08347781416554292,0.07152682255845942,0.25169409486931266,62205,3375,773,260,3,"['ENSG00000167797', 'ENSG00000149925', 'ENSG00000134049']","['ENSG00000167797', 'ENSG00000149925', 'ENSG00000134049']",0.039509,fold_12
4.1,Curated_annotation,Plasmablasts,249,0.18570624648283623,0.17277486910994763,0.26506024096385544,66048,316,183,66,6,"['ENSG00000106636', 'ENSG00000025770', 'ENSG00000145817', 'ENSG00000070785', 'ENSG00000198055', 'ENSG00000007520']","['ENSG00000106636', 'ENSG00000025770', 'ENSG00000145817', 'ENSG00000070785', 'ENSG00000198055', 'ENSG00000007520', 'ENSG00000134049', 'ENSG00000167797', 'ENSG00000088325', 'ENSG00000122122']",0.35663024,fold_12
4.1,Curated_annotation,Pro-B cells,1751,0.10179653632971726,0.08463331540254618,0.53912050256996,54652,10210,807,944,1,['ENSG00000162654'],['ENSG00000162654'],0.46534988,fold_12
4.1,Curated_annotation,Promyelocytes,400,0.10788690476190477,0.09581497797356828,0.2175,65392,821,313,87,4,"['ENSG00000113749', 'ENSG00000128487', 'ENSG00000090013', 'ENSG00000113810']","['ENSG00000113749', 'ENSG00000128487', 'ENSG00000090013', 'ENSG00000113810']",0.046621494,fold_12
4.1,Curated_annotation,Regulatory T cells,580,0.021381130015467202,0.01733357919970496,0.32413793103448274,55375,10658,392,188,2,"['ENSG00000105939', 'ENSG00000115977']","['ENSG00000105939', 'ENSG00000115977']",0.07864401,fold_12
4.1,Curated_annotation,Small pre-B cells,42,0.06756756756756757,0.125,0.023809523809523808,66564,7,41,1,2,"['ENSG00000177479', 'ENSG00000171604']","['ENSG00000177479', 'ENSG00000171604']",0.15152407,fold_12
4.1,Curated_annotation,Tcm/Naive cytotoxic T cells,698,0.023849321211627052,0.01935483870967742,0.335243553008596,54059,11856,464,234,2,"['ENSG00000105939', 'ENSG00000115977']","['ENSG00000105939', 'ENSG00000115977']",0.069922954,fold_12
4.1,Curated_annotation,Tcm/Naive helper T cells,7982,0.2221202634135809,0.2074964282712833,0.3093209721874217,49201,9430,5513,2469,2,"['ENSG00000105939', 'ENSG00000115977']","['ENSG00000105939', 'ENSG00000115977']",0.07017246,fold_12
4.1,Curated_annotation,Tem/Effector helper T cells,1604,0.06445327137825077,0.05316025343841756,0.428927680798005,52755,12254,916,688,2,"['ENSG00000105939', 'ENSG00000115977']","['ENSG00000105939', 'ENSG00000115977']",0.07769905,fold_12
4.1,Curated_annotation,Tem/Temra cytotoxic T cells,7013,0.23070772579373452,0.20015415000722578,0.5924711250534721,42996,16604,2858,4155,1,['ENSG00000115977'],['ENSG00000115977'],0.08527097,fold_12
4.1,Curated_annotation,Tem/Trm cytotoxic T cells,4771,0.12780759955100635,0.10797108252746221,0.4820792286732341,42840,19002,2471,2300,1,['ENSG00000115977'],['ENSG00000115977'],0.07094429,fold_12
4.1,Curated_annotation,pDC,482,0.15100671140939598,0.1571072319201995,0.13070539419087138,65793,338,419,63,5,"['ENSG00000179833', 'ENSG00000167797', 'ENSG00000134330', 'ENSG00000134049', 'ENSG00000171604']","['ENSG00000179833', 'ENSG00000167797', 'ENSG00000122122', 'ENSG00000134330', 'ENSG00000134049', 'ENSG00000171604', 'ENSG00000077147']",0.10777729,fold_12
4.1,Curated_annotation,pDC precursor,524,0.12730227518959913,0.11868686868686869,0.17938931297709923,65391,698,430,94,5,"['ENSG00000122122', 'ENSG00000171604', 'ENSG00000134330', 'ENSG00000113810', 'ENSG00000145241']","['ENSG00000122122', 'ENSG00000171604', 'ENSG00000134330', 'ENSG00000113810', 'ENSG00000145241']",0.081752434,fold_12
4.1,Curated_annotation,Age-associated B cells,135,0.015819447373971736,0.012776831345826235,0.3333333333333333,63001,3477,90,45,1,['ENSG00000076554'],['ENSG00000076554'],0.23827088,fold_13
4.1,Curated_annotation,CD16+ NK cells,8779,0.39909224942904226,0.4278630094529676,0.314500512586855,54142,3692,6018,2761,2,"['ENSG00000100030', 'ENSG00000110934']","['ENSG00000100030', 'ENSG00000110934']",0.10026915,fold_13
4.1,Curated_annotation,CD16- NK cells,498,0.028064284000959464,0.022722858807535443,0.46987951807228917,56051,10064,264,234,1,['ENSG00000100030'],['ENSG00000100030'],0.14907481,fold_13
4.1,Curated_annotation,CD24 neutrophils,2333,0.5447963800904977,0.7543859649122807,0.25803686240891555,64084,196,1731,602,2,"['ENSG00000134243', 'ENSG00000129292']","['ENSG00000134243', 'ENSG00000110422', 'ENSG00000129292', 'ENSG00000137845', 'ENSG00000100030', 'ENSG00000121552']",0.5976517,fold_13
4.1,Curated_annotation,CMP,636,0.2182904411764706,0.24675324675324675,0.14937106918238993,65687,290,541,95,5,"['ENSG00000250722', 'ENSG00000005206', 'ENSG00000256235', 'ENSG00000174437', 'ENSG00000083099']","['ENSG00000250722', 'ENSG00000005206', 'ENSG00000160208', 'ENSG00000256235', 'ENSG00000174437', 'ENSG00000083099', 'ENSG00000116670', 'ENSG00000121552', 'ENSG00000171960', 'ENSG00000140365']",0.11399422,fold_13
4.1,Curated_annotation,Classical monocytes,7615,0.5829417155782618,0.5476779334982138,0.7851608667104399,54060,4938,1636,5979,1,['ENSG00000121552'],"['ENSG00000137845', 'ENSG00000121552', 'ENSG00000129625', 'ENSG00000115350']",0.13752681,fold_13
4.1,Curated_annotation,Cycling T&NK,816,0.46724470134874757,0.6158730158730159,0.23774509803921567,65676,121,622,194,3,"['ENSG00000117280', 'ENSG00000100526', 'ENSG00000117748']","['ENSG00000131503', 'ENSG00000142396', 'ENSG00000117280', 'ENSG00000100526', 'ENSG00000117748', 'ENSG00000116670', 'ENSG00000214736', 'ENSG00000140365', 'ENSG00000137845', 'ENSG00000100030']",0.30696777,fold_13
4.1,Curated_annotation,DC1,73,0.39906103286384975,0.4857142857142857,0.2328767123287671,66522,18,56,17,6,"['ENSG00000090339', 'ENSG00000117280', 'ENSG00000154978', 'ENSG00000105854', 'ENSG00000133313', 'ENSG00000214736']","['ENSG00000090339', 'ENSG00000117280', 'ENSG00000154978', 'ENSG00000105854', 'ENSG00000133313', 'ENSG00000214736', 'ENSG00000102931', 'ENSG00000174437', 'ENSG00000126945', 'ENSG00000100412']",0.22379658,fold_13
4.1,Curated_annotation,DC2,201,0.24817518248175183,0.2809917355371901,0.1691542288557214,66325,87,167,34,4,"['ENSG00000117280', 'ENSG00000105854', 'ENSG00000109519', 'ENSG00000133313']","['ENSG00000156171', 'ENSG00000102871', 'ENSG00000117280', 'ENSG00000105854', 'ENSG00000109519', 'ENSG00000133313', 'ENSG00000100412', 'ENSG00000121552', 'ENSG00000129625', 'ENSG00000116670']",0.19017094,fold_13
4.1,Curated_annotation,DC precursor,238,0.06666666666666667,0.06074766355140187,0.1092436974789916,65973,402,212,26,6,"['ENSG00000100526', 'ENSG00000131475', 'ENSG00000174437', 'ENSG00000133313', 'ENSG00000117748', 'ENSG00000100412']","['ENSG00000100526', 'ENSG00000131475', 'ENSG00000174437', 'ENSG00000133313', 'ENSG00000117748', 'ENSG00000100412', 'ENSG00000121552', 'ENSG00000116670', 'ENSG00000164758', 'ENSG00000140365']",0.12778619,fold_13
4.1,Curated_annotation,ELP,154,0.019561815336463225,0.01603592046183451,0.16233766233766234,64925,1534,129,25,4,"['ENSG00000140365', 'ENSG00000164758', 'ENSG00000012061', 'ENSG00000163320']","['ENSG00000140365', 'ENSG00000164758', 'ENSG00000012061', 'ENSG00000163320']",0.07625248,fold_13
4.1,Curated_annotation,Early MK,216,0.2840909090909091,0.30120481927710846,0.23148148148148148,66281,116,166,50,6,"['ENSG00000138443', 'ENSG00000078142', 'ENSG00000120253', 'ENSG00000139579', 'ENSG00000047597', 'ENSG00000003436']","['ENSG00000138443', 'ENSG00000078142', 'ENSG00000120253', 'ENSG00000139579', 'ENSG00000047597', 'ENSG00000003436', 'ENSG00000116984', 'ENSG00000105854', 'ENSG00000102931', 'ENSG00000100526']",0.44539192,fold_13
4.1,Curated_annotation,Early erythroid,1889,0.3711100016641704,0.4330097087378641,0.23610375860243515,64140,584,1443,446,4,"['ENSG00000083635', 'ENSG00000003436', 'ENSG00000164902', 'ENSG00000112996']","['ENSG00000083635', 'ENSG00000003436', 'ENSG00000173786', 'ENSG00000164902', 'ENSG00000076554', 'ENSG00000112996', 'ENSG00000074696', 'ENSG00000109519', 'ENSG00000171843', 'ENSG00000131475']",0.2073201,fold_13
4.1,Curated_annotation,Erythrocytes,48,0.18092105263157895,0.171875,0.22916666666666666,66512,53,37,11,5,"['ENSG00000162735', 'ENSG00000047597', 'ENSG00000120253', 'ENSG00000250722', 'ENSG00000003436']","['ENSG00000162735', 'ENSG00000047597', 'ENSG00000120253', 'ENSG00000250722', 'ENSG00000166004', 'ENSG00000003436', 'ENSG00000154978', 'ENSG00000105854', 'ENSG00000131475', 'ENSG00000074696']",0.55417705,fold_13
4.1,Curated_annotation,Follicular helper T cells,280,0.04592791949450035,0.03735427075898168,0.5607142857142857,62287,4046,123,157,1,['ENSG00000102245'],['ENSG00000102245'],1.0,fold_13
4.1,Curated_annotation,GMP,467,0.14076701396586122,0.12561819980217606,0.27194860813704497,65262,884,340,127,4,"['ENSG00000174437', 'ENSG00000121552', 'ENSG00000256235', 'ENSG00000171960']","['ENSG00000174437', 'ENSG00000121552', 'ENSG00000256235', 'ENSG00000083099', 'ENSG00000125877', 'ENSG00000171960', 'ENSG00000115350', 'ENSG00000116670', 'ENSG00000140365', 'ENSG00000164758']",0.10640538,fold_13
4.1,Curated_annotation,HSC/MPP,4448,0.5607358870967742,0.623249299719888,0.4001798561151079,61089,1076,2668,1780,2,"['ENSG00000171843', 'ENSG00000256235']","['ENSG00000003436', 'ENSG00000171843', 'ENSG00000256235', 'ENSG00000163320', 'ENSG00000165416']",0.13512328,fold_13
4.1,Curated_annotation,Late erythroid,77,0.22552255225522552,0.1971153846153846,0.5324675324675324,66369,167,36,41,1,['ENSG00000204323'],['ENSG00000204323'],1.0,fold_13
4.1,Curated_annotation,MEMP,766,0.1311584553928096,0.11684460260972716,0.25718015665796345,64358,1489,569,197,4,"['ENSG00000112996', 'ENSG00000102931', 'ENSG00000171843', 'ENSG00000074696']","['ENSG00000116984', 'ENSG00000112996', 'ENSG00000102931', 'ENSG00000164902', 'ENSG00000171843', 'ENSG00000074696', 'ENSG00000114503', 'ENSG00000126945', 'ENSG00000083099', 'ENSG00000125877']",0.17015415,fold_13
4.1,Curated_annotation,Megakaryocyte precursor,397,0.06829410055216507,0.06176084099868594,0.11838790931989925,65502,714,350,47,5,"['ENSG00000171843', 'ENSG00000114503', 'ENSG00000083099', 'ENSG00000126945', 'ENSG00000163320']","['ENSG00000171843', 'ENSG00000114503', 'ENSG00000083099', 'ENSG00000126945', 'ENSG00000165416', 'ENSG00000163320']",0.12780772,fold_13
4.1,Curated_annotation,Megakaryocytes/platelets,53,0.8020477815699659,0.7833333333333333,0.8867924528301887,66547,13,6,47,1,['ENSG00000088726'],"['ENSG00000088726', 'ENSG00000256235', 'ENSG00000110934']",1.0,fold_13
4.1,Curated_annotation,Mid erythroid,894,0.43377674956622325,0.46801872074882994,0.33557046979865773,65378,341,594,300,4,"['ENSG00000047597', 'ENSG00000074696', 'ENSG00000109519', 'ENSG00000100526']","['ENSG00000047597', 'ENSG00000154719', 'ENSG00000173786', 'ENSG00000074696', 'ENSG00000109519', 'ENSG00000100526', 'ENSG00000105854', 'ENSG00000131475', 'ENSG00000102931', 'ENSG00000171843']",0.20328224,fold_13
4.1,Curated_annotation,NAMPT neutrophils,443,0.12093023255813953,0.16455696202531644,0.05869074492099323,66038,132,417,26,3,"['ENSG00000137845', 'ENSG00000129292', 'ENSG00000121552']","['ENSG00000110422', 'ENSG00000137845', 'ENSG00000129292', 'ENSG00000100030', 'ENSG00000121552']",0.17143309,fold_13
4.1,Curated_annotation,Neutrophil-myeloid progenitor,2022,0.32230364094343944,0.3355184743742551,0.2784371909000989,63476,1115,1459,563,3,"['ENSG00000256235', 'ENSG00000121552', 'ENSG00000171960']","['ENSG00000256235', 'ENSG00000121552', 'ENSG00000171960', 'ENSG00000115350', 'ENSG00000065526', 'ENSG00000165416']",0.06844106,fold_13
4.1,Curated_annotation,Non-classical monocytes,961,0.25388166177087707,0.23464770523594053,0.3777315296566077,64468,1184,598,363,3,"['ENSG00000010610', 'ENSG00000121552', 'ENSG00000129625']","['ENSG00000010610', 'ENSG00000137845', 'ENSG00000214736', 'ENSG00000121552', 'ENSG00000129625', 'ENSG00000115350', 'ENSG00000100030']",0.101378016,fold_13
4.1,Curated_annotation,Plasma cells,1033,0.24317121918720852,0.6239316239316239,0.07066795740561471,65536,44,960,73,2,"['ENSG00000076554', 'ENSG00000129625']","['ENSG00000076554', 'ENSG00000154978', 'ENSG00000183978', 'ENSG00000129625']",0.20169218,fold_13
4.1,Curated_annotation,Plasmablasts,249,0.6474258970358814,0.8469387755102041,0.3333333333333333,66349,15,166,83,3,"['ENSG00000154978', 'ENSG00000076554', 'ENSG00000100526']","['ENSG00000172613', 'ENSG00000154978', 'ENSG00000076554', 'ENSG00000139579', 'ENSG00000154719', 'ENSG00000100526', 'ENSG00000173786', 'ENSG00000160208', 'ENSG00000214736', 'ENSG00000100412']",0.33803317,fold_13
4.1,Curated_annotation,Pro-B cells,1751,0.14746313421644588,0.13811939133827547,0.202170188463735,62653,2209,1397,354,1,['ENSG00000143033'],['ENSG00000143033'],0.09975676,fold_13
4.1,Curated_annotation,Promyelocytes,400,0.07903494176372712,0.06896551724137931,0.19,65187,1026,324,76,4,"['ENSG00000121552', 'ENSG00000174437', 'ENSG00000115350', 'ENSG00000065526']","['ENSG00000121552', 'ENSG00000174437', 'ENSG00000115350', 'ENSG00000065526']",0.091377564,fold_13
4.1,Curated_annotation,Small pre-B cells,42,0.08746355685131195,0.07453416149068323,0.2857142857142857,66422,149,30,12,1,['ENSG00000256235'],['ENSG00000256235'],0.2123239,fold_13
4.1,Curated_annotation,Tcm/Naive cytotoxic T cells,698,0.018965263622417888,0.015284305008679453,0.5171919770773639,42657,23258,337,361,1,['ENSG00000214736'],['ENSG00000214736'],0.12569432,fold_13
4.1,Curated_annotation,Tcm/Naive helper T cells,7982,0.20286030560003163,0.176187819219709,0.5142821348033074,39437,19194,3877,4105,1,['ENSG00000214736'],['ENSG00000214736'],0.13098675,fold_13
4.1,Curated_annotation,Tem/Effector helper T cells,1604,0.10293301258327166,0.08551936196790622,0.5548628428927681,55492,9517,714,890,1,['ENSG00000102871'],['ENSG00000102871'],0.61312675,fold_13
4.1,Curated_annotation,pDC,482,0.3945371775417299,0.49760765550239233,0.2157676348547718,66026,105,378,104,4,"['ENSG00000010610', 'ENSG00000214736', 'ENSG00000256235', 'ENSG00000012061']","['ENSG00000010610', 'ENSG00000214736', 'ENSG00000133313', 'ENSG00000256235', 'ENSG00000164758', 'ENSG00000012061', 'ENSG00000129292', 'ENSG00000129625']",0.13031395,fold_13
4.1,Curated_annotation,pDC precursor,524,0.12048192771084337,0.1307901907356948,0.0916030534351145,65770,319,476,48,6,"['ENSG00000116670', 'ENSG00000256235', 'ENSG00000133313', 'ENSG00000164758', 'ENSG00000140365', 'ENSG00000012061']","['ENSG00000116670', 'ENSG00000256235', 'ENSG00000133313', 'ENSG00000164758', 'ENSG00000140365', 'ENSG00000012061', 'ENSG00000171960', 'ENSG00000165416', 'ENSG00000065526']",0.0856815,fold_13
4.1,Curated_annotation,CD16+ NK cells,8779,0.3249307590414643,0.29454214675560947,0.5532520788244675,46201,11633,3922,4857,1,['ENSG00000205220'],['ENSG00000205220'],0.11431554,fold_14
4.1,Curated_annotation,CD16- NK cells,498,0.03559563360227812,0.029644268774703556,0.18072289156626506,63169,2946,408,90,2,"['ENSG00000046651', 'ENSG00000205220']","['ENSG00000046651', 'ENSG00000205220']",0.14889458,fold_14
4.1,Curated_annotation,CD24 neutrophils,2333,0.6114671747791443,0.8209302325581396,0.30261465923703385,64126,154,1627,706,2,"['ENSG00000196358', 'ENSG00000152229']","['ENSG00000196358', 'ENSG00000152229']",0.59536666,fold_14
4.1,Curated_annotation,CMP,636,0.06755443234836703,0.057604641525072525,0.21855345911949686,63703,2274,497,139,3,"['ENSG00000138821', 'ENSG00000165209', 'ENSG00000067048']","['ENSG00000138821', 'ENSG00000174173', 'ENSG00000115364', 'ENSG00000165209', 'ENSG00000067048', 'ENSG00000159593', 'ENSG00000137547', 'ENSG00000123609', 'ENSG00000073578', 'ENSG00000203667']",0.11539514,fold_14
4.1,Curated_annotation,CRTAM+ gamma-delta T cells,1371,0.06633024086030984,0.05471732412288675,0.4390955506929249,54842,10400,769,602,1,['ENSG00000046651'],['ENSG00000046651'],0.1663653,fold_14
4.1,Curated_annotation,Classical monocytes,7615,0.16773317820438238,0.14339255468665538,0.522521339461589,35228,23770,3636,3979,1,['ENSG00000205220'],['ENSG00000205220'],0.053671777,fold_14
4.1,Curated_annotation,Cycling T&NK,816,0.243576017130621,0.34600760456273766,0.11151960784313726,65625,172,725,91,5,"['ENSG00000160299', 'ENSG00000093000', 'ENSG00000007168', 'ENSG00000205220', 'ENSG00000073578']","['ENSG00000160299', 'ENSG00000093000', 'ENSG00000007168', 'ENSG00000205220', 'ENSG00000132612', 'ENSG00000073578', 'ENSG00000130816', 'ENSG00000203667', 'ENSG00000115464']",0.15188989,fold_14
4.1,Curated_annotation,DC1,73,0.3416149068322981,0.5,0.1506849315068493,66529,11,62,11,4,"['ENSG00000145349', 'ENSG00000169220', 'ENSG00000038382', 'ENSG00000123358']","['ENSG00000145349', 'ENSG00000169220', 'ENSG00000038382', 'ENSG00000123358', 'ENSG00000120694', 'ENSG00000046651', 'ENSG00000073578', 'ENSG00000205220', 'ENSG00000123609', 'ENSG00000203667']",1.0,fold_14
4.1,Curated_annotation,DC2,201,0.03281999495077001,0.027659574468085105,0.12935323383084577,65498,914,175,26,5,"['ENSG00000108826', 'ENSG00000137547', 'ENSG00000123609', 'ENSG00000205220', 'ENSG00000007168']","['ENSG00000108826', 'ENSG00000137547', 'ENSG00000123609', 'ENSG00000205220', 'ENSG00000007168', 'ENSG00000203667', 'ENSG00000115464', 'ENSG00000164258']",0.07942658,fold_14
4.1,Curated_annotation,DC precursor,238,0.03438932888703627,0.02894736842105263,0.13865546218487396,65268,1107,205,33,5,"['ENSG00000160299', 'ENSG00000093000', 'ENSG00000007520', 'ENSG00000132612', 'ENSG00000108826']","['ENSG00000160299', 'ENSG00000093000', 'ENSG00000007520', 'ENSG00000132612', 'ENSG00000108826', 'ENSG00000137547', 'ENSG00000102978', 'ENSG00000159593', 'ENSG00000007168', 'ENSG00000073578']",0.12750109,fold_14
4.1,Curated_annotation,ELP,154,0.026712759270898806,0.022457067371202115,0.11038961038961038,65719,740,137,17,5,"['ENSG00000165209', 'ENSG00000159593', 'ENSG00000007168', 'ENSG00000253719', 'ENSG00000115464']","['ENSG00000165209', 'ENSG00000159593', 'ENSG00000007168', 'ENSG00000253719', 'ENSG00000164258', 'ENSG00000115464', 'ENSG00000130816']",0.081668146,fold_14
4.1,Curated_annotation,ETP,105,0.005246464598287745,0.0042077077555704315,0.41904761904761906,56095,10413,61,44,1,['ENSG00000253719'],['ENSG00000253719'],0.098757006,fold_14
4.1,Curated_annotation,Early MK,216,0.6558641975308642,0.7870370370370371,0.39351851851851855,66374,23,131,85,2,"['ENSG00000040275', 'ENSG00000005961']","['ENSG00000134508', 'ENSG00000132478', 'ENSG00000040275', 'ENSG00000064201', 'ENSG00000197959', 'ENSG00000005961', 'ENSG00000005194', 'ENSG00000115364', 'ENSG00000152229', 'ENSG00000159593']",0.6594326,fold_14
4.1,Curated_annotation,Early erythroid,1889,0.7468852459016393,0.794281729428173,0.6029645314981472,64429,295,750,1139,2,"['ENSG00000130208', 'ENSG00000005961']","['ENSG00000130208', 'ENSG00000196705', 'ENSG00000005961', 'ENSG00000138821', 'ENSG00000115364', 'ENSG00000159593', 'ENSG00000108826', 'ENSG00000067048', 'ENSG00000123609', 'ENSG00000137547']",0.22972648,fold_14
4.1,Curated_annotation,Erythrocytes,48,0.24305555555555555,0.2916666666666667,0.14583333333333334,66548,17,41,7,5,"['ENSG00000166979', 'ENSG00000157212', 'ENSG00000100413', 'ENSG00000173064', 'ENSG00000130208']","['ENSG00000166979', 'ENSG00000186767', 'ENSG00000157212', 'ENSG00000100413', 'ENSG00000173064', 'ENSG00000130208', 'ENSG00000160299', 'ENSG00000138821', 'ENSG00000093000', 'ENSG00000174173']",0.9639176,fold_14
4.1,Curated_annotation,GMP,467,0.03522504892367906,0.02924926876828079,0.19271948608137046,63159,2987,377,90,4,"['ENSG00000067048', 'ENSG00000123609', 'ENSG00000203667', 'ENSG00000130816']","['ENSG00000174173', 'ENSG00000067048', 'ENSG00000123609', 'ENSG00000007168', 'ENSG00000203667', 'ENSG00000130816', 'ENSG00000253719', 'ENSG00000164258', 'ENSG00000115464']",0.06741901,fold_14
4.1,Curated_annotation,HSC/MPP,4448,0.26762345140464144,0.26564191383416325,0.27585431654676257,58773,3392,3221,1227,3,"['ENSG00000067048', 'ENSG00000253719', 'ENSG00000164258']","['ENSG00000067048', 'ENSG00000253719', 'ENSG00000164258']",0.081549615,fold_14
4.1,Curated_annotation,Late erythroid,77,0.18823529411764706,0.1839080459770115,0.2077922077922078,66465,71,61,16,1,['ENSG00000173064'],['ENSG00000173064'],0.82216465,fold_14
4.1,Curated_annotation,MEMP,766,0.28028933092224234,0.24292555507183283,0.7284595300261096,64108,1739,208,558,2,"['ENSG00000005961', 'ENSG00000123609']","['ENSG00000196705', 'ENSG00000005961', 'ENSG00000130208', 'ENSG00000138821', 'ENSG00000174173', 'ENSG00000123609', 'ENSG00000159593', 'ENSG00000108826', 'ENSG00000152229', 'ENSG00000067048']",0.15046403,fold_14
4.1,Curated_annotation,Megakaryocyte precursor,397,0.09330223258913696,0.08602150537634409,0.14105793450881612,65621,595,341,56,4,"['ENSG00000067048', 'ENSG00000152229', 'ENSG00000102978', 'ENSG00000203667']","['ENSG00000067048', 'ENSG00000152229', 'ENSG00000102978', 'ENSG00000159593', 'ENSG00000123609', 'ENSG00000203667', 'ENSG00000253719', 'ENSG00000115464', 'ENSG00000164258']",0.10662592,fold_14
4.1,Curated_annotation,Megakaryocytes/platelets,53,0.6837606837606838,1.0,0.3018867924528302,66560,0,37,16,2,"['ENSG00000005961', 'ENSG00000130429']","['ENSG00000197959', 'ENSG00000005961', 'ENSG00000152229', 'ENSG00000130429', 'ENSG00000183726']",0.23878743,fold_14
4.1,Curated_annotation,Memory B cells,1061,0.2184519849190508,0.228538283062645,0.18567389255419417,64887,665,864,197,1,['ENSG00000122224'],['ENSG00000122224'],1.0,fold_14
4.1,Curated_annotation,Mid erythroid,894,0.4109211252068395,0.4363103953147877,0.3333333333333333,65334,385,596,298,5,"['ENSG00000100413', 'ENSG00000130208', 'ENSG00000125166', 'ENSG00000138821', 'ENSG00000108826']","['ENSG00000100413', 'ENSG00000130208', 'ENSG00000125166', 'ENSG00000138821', 'ENSG00000120694', 'ENSG00000108826', 'ENSG00000174173', 'ENSG00000115364', 'ENSG00000093000', 'ENSG00000165209']",0.22442882,fold_14
4.1,Curated_annotation,NAMPT neutrophils,443,0.1191806331471136,0.10089332632685234,0.43340857787810383,64459,1711,251,192,1,['ENSG00000152229'],['ENSG00000152229'],0.1965536,fold_14
4.1,Curated_annotation,Naive B cells,1211,0.8540986423784155,0.8628472222222222,0.8208092485549133,65244,158,217,994,1,['ENSG00000100721'],['ENSG00000100721'],0.414738,fold_14
4.1,Curated_annotation,Neutrophil-myeloid progenitor,2022,0.11089181775607146,0.09514925373134328,0.327893175074184,58286,6305,1359,663,3,"['ENSG00000130816', 'ENSG00000253719', 'ENSG00000164258']","['ENSG00000130816', 'ENSG00000253719', 'ENSG00000164258']",0.044302944,fold_14
4.1,Curated_annotation,Non-classical monocytes,961,0.34058534058534057,0.3627586206896552,0.2736732570239334,65190,462,698,263,3,"['ENSG00000136867', 'ENSG00000123358', 'ENSG00000205220']","['ENSG00000136867', 'ENSG00000123358', 'ENSG00000205220']",0.475254,fold_14
4.1,Curated_annotation,Plasma cells,1033,0.4825351098307526,0.6146788990825688,0.25943852855759925,65412,168,765,268,2,"['ENSG00000164938', 'ENSG00000239264']","['ENSG00000164938', 'ENSG00000239264']",0.33832774,fold_14
4.1,Curated_annotation,Plasmablasts,249,0.665742024965326,0.8135593220338984,0.3855421686746988,66342,22,153,96,4,"['ENSG00000239264', 'ENSG00000125166', 'ENSG00000093000', 'ENSG00000108826']","['ENSG00000142892', 'ENSG00000239264', 'ENSG00000164938', 'ENSG00000125166', 'ENSG00000093000', 'ENSG00000108826', 'ENSG00000115364', 'ENSG00000120694', 'ENSG00000137547', 'ENSG00000073578']",0.16746382,fold_14
4.1,Curated_annotation,Pro-B cells,1751,0.10268135522760341,0.08859397417503587,0.28212450028555114,59780,5082,1257,494,1,['ENSG00000253719'],['ENSG00000253719'],0.097247176,fold_14
4.1,Curated_annotation,Promyelocytes,400,0.0363484302624807,0.029846804014791336,0.2825,62540,3673,287,113,2,"['ENSG00000130816', 'ENSG00000203667']","['ENSG00000130816', 'ENSG00000203667']",0.04644414,fold_14
4.1,Curated_annotation,Regulatory T cells,580,0.015093706762819169,0.012148823082763858,0.496551724137931,42615,23418,292,288,1,['ENSG00000205220'],['ENSG00000205220'],0.0756243,fold_14
4.1,Curated_annotation,Small pre-B cells,42,0.08873929008567931,0.0728643216080402,0.6904761904761905,66202,369,13,29,1,['ENSG00000100721'],['ENSG00000100721'],0.585262,fold_14
4.1,Curated_annotation,Tem/Temra cytotoxic T cells,7013,0.18789359578787984,0.16346489696122948,0.4671324682732069,42835,16765,3737,3276,1,['ENSG00000205220'],['ENSG00000205220'],0.07135583,fold_14
4.1,Curated_annotation,pDC,482,0.4837702871410737,0.5535714285714286,0.3215767634854772,66006,125,327,155,4,"['ENSG00000123395', 'ENSG00000239264', 'ENSG00000046651', 'ENSG00000205220']","['ENSG00000123395', 'ENSG00000239264', 'ENSG00000046651', 'ENSG00000165209', 'ENSG00000205220', 'ENSG00000253719']",0.18785447,fold_14
4.1,Curated_annotation,pDC precursor,524,0.0682261208576998,0.06256983240223464,0.10687022900763359,65250,839,468,56,5,"['ENSG00000165209', 'ENSG00000046651', 'ENSG00000159593', 'ENSG00000007168', 'ENSG00000130816']","['ENSG00000165209', 'ENSG00000046651', 'ENSG00000159593', 'ENSG00000073578', 'ENSG00000007168', 'ENSG00000130816', 'ENSG00000164258', 'ENSG00000253719']",0.09379983,fold_14
4.1,Curated_annotation,Age-associated B cells,135,0.2969502407704655,0.30327868852459017,0.2740740740740741,66393,85,98,37,2,"['ENSG00000156738', 'ENSG00000198399']","['ENSG00000156738', 'ENSG00000135905', 'ENSG00000198399']",0.2548694,fold_15
4.1,Curated_annotation,CD16+ NK cells,8779,0.44672281215671916,0.4407139821504462,0.4724911721152751,52570,5264,4631,4148,1,['ENSG00000116667'],"['ENSG00000116667', 'ENSG00000162783']",0.30950144,fold_15
4.1,Curated_annotation,CD16- NK cells,498,0.02470418592815641,0.01997428204029147,0.4678714859437751,54683,11432,265,233,1,['ENSG00000162783'],['ENSG00000162783'],0.17081119,fold_15
4.1,Curated_annotation,CD24 neutrophils,2333,0.7994384275972723,0.7868140544808527,0.8542648949849978,63740,540,340,1993,1,['ENSG00000204936'],"['ENSG00000204936', 'ENSG00000110047', 'ENSG00000169499', 'ENSG00000168300', 'ENSG00000140199', 'ENSG00000177663', 'ENSG00000266094', 'ENSG00000074370', 'ENSG00000138449', 'ENSG00000198399']",0.507594,fold_15
4.1,Curated_annotation,CMP,636,0.12444279346210996,0.1303501945525292,0.10534591194968554,65530,447,569,67,5,"['ENSG00000188820', 'ENSG00000122025', 'ENSG00000103510', 'ENSG00000205339', 'ENSG00000171456']","['ENSG00000188820', 'ENSG00000122025', 'ENSG00000103510', 'ENSG00000205339', 'ENSG00000171456', 'ENSG00000138592', 'ENSG00000029993', 'ENSG00000108179', 'ENSG00000223496', 'ENSG00000128989']",0.09574515,fold_15
4.1,Curated_annotation,Classical monocytes,7615,0.706669454317374,0.8294478527607362,0.4438608010505581,58303,695,4235,3380,2,"['ENSG00000177663', 'ENSG00000182718']","['ENSG00000177663', 'ENSG00000182718']",0.14490196,fold_15
4.1,Curated_annotation,Cycling T&NK,816,0.3981660231660232,0.5254777070063694,0.20220588235294118,65648,149,651,165,3,"['ENSG00000160299', 'ENSG00000108798', 'ENSG00000105486']","['ENSG00000160299', 'ENSG00000108798', 'ENSG00000116667', 'ENSG00000105486', 'ENSG00000169499', 'ENSG00000135905', 'ENSG00000266094', 'ENSG00000171456', 'ENSG00000105402', 'ENSG00000074370']",0.3598934,fold_15
4.1,Curated_annotation,DC1,73,0.40145985401459855,0.6875,0.1506849315068493,66535,5,62,11,5,"['ENSG00000135905', 'ENSG00000116667', 'ENSG00000122025', 'ENSG00000169499', 'ENSG00000109103']","['ENSG00000188820', 'ENSG00000135905', 'ENSG00000116667', 'ENSG00000122025', 'ENSG00000169499', 'ENSG00000109103', 'ENSG00000160789', 'ENSG00000266094', 'ENSG00000177868', 'ENSG00000162783']",0.22687562,fold_15
4.1,Curated_annotation,DC2,201,0.27821939586645467,0.32710280373831774,0.17412935323383086,66340,72,166,35,5,"['ENSG00000108798', 'ENSG00000188820', 'ENSG00000135905', 'ENSG00000109103', 'ENSG00000122025']","['ENSG00000108798', 'ENSG00000188820', 'ENSG00000135905', 'ENSG00000109103', 'ENSG00000122025', 'ENSG00000266094', 'ENSG00000103510', 'ENSG00000177663', 'ENSG00000182718', 'ENSG00000162783']",0.21178553,fold_15
4.1,Curated_annotation,DC precursor,238,0.13500931098696461,0.13875598086124402,0.12184873949579832,66195,180,209,29,5,"['ENSG00000160299', 'ENSG00000109103', 'ENSG00000122025', 'ENSG00000105486', 'ENSG00000177663']","['ENSG00000167173', 'ENSG00000160299', 'ENSG00000109103', 'ENSG00000122025', 'ENSG00000105486', 'ENSG00000177663', 'ENSG00000182718', 'ENSG00000138592', 'ENSG00000162783', 'ENSG00000108179']",0.13493045,fold_15
4.1,Curated_annotation,ELP,154,0.05850234009360374,0.05319148936170213,0.09740259740259741,66192,267,139,15,5,"['ENSG00000188811', 'ENSG00000122025', 'ENSG00000223496', 'ENSG00000128989', 'ENSG00000119397']","['ENSG00000188811', 'ENSG00000122025', 'ENSG00000223496', 'ENSG00000128989', 'ENSG00000119397']",0.07626787,fold_15
4.1,Curated_annotation,Early MK,216,0.5681818181818182,0.8208955223880597,0.25462962962962965,66385,12,161,55,4,"['ENSG00000169599', 'ENSG00000108179', 'ENSG00000105486', 'ENSG00000102145']","['ENSG00000270629', 'ENSG00000112742', 'ENSG00000169599', 'ENSG00000108179', 'ENSG00000105486', 'ENSG00000102145', 'ENSG00000160789', 'ENSG00000205339', 'ENSG00000074370', 'ENSG00000029993']",0.17470556,fold_15
4.1,Curated_annotation,Early erythroid,1889,0.5621742367833209,0.5628328008519702,0.5595553202752779,63903,821,832,1057,3,"['ENSG00000140199', 'ENSG00000160789', 'ENSG00000102145']","['ENSG00000170522', 'ENSG00000088766', 'ENSG00000129317', 'ENSG00000140199', 'ENSG00000160789', 'ENSG00000102145', 'ENSG00000105486', 'ENSG00000138449', 'ENSG00000029993', 'ENSG00000205339']",0.13658123,fold_15
4.1,Curated_annotation,Erythrocytes,48,0.1906779661016949,0.19148936170212766,0.1875,66527,38,39,9,5,"['ENSG00000174306', 'ENSG00000151090', 'ENSG00000165661', 'ENSG00000145916', 'ENSG00000183032']","['ENSG00000174306', 'ENSG00000151090', 'ENSG00000165661', 'ENSG00000145916', 'ENSG00000183032', 'ENSG00000101928', 'ENSG00000160299', 'ENSG00000140199', 'ENSG00000102145', 'ENSG00000177868']",1.0,fold_15
4.1,Curated_annotation,Follicular helper T cells,280,0.01722128020347605,0.013984509466437178,0.23214285714285715,61750,4583,215,65,2,"['ENSG00000135272', 'ENSG00000159023']","['ENSG00000135272', 'ENSG00000159023']",0.15207598,fold_15
4.1,Curated_annotation,GMP,467,0.09980395651399038,0.08709175738724728,0.2398286937901499,64972,1174,355,112,4,"['ENSG00000122025', 'ENSG00000205339', 'ENSG00000108179', 'ENSG00000182718']","['ENSG00000122025', 'ENSG00000177663', 'ENSG00000205339', 'ENSG00000108179', 'ENSG00000138592', 'ENSG00000182718', 'ENSG00000029993', 'ENSG00000223496', 'ENSG00000119397']",0.08729031,fold_15
4.1,Curated_annotation,HSC/MPP,4448,0.17830569727891157,0.16176470588235295,0.3017086330935252,55211,6954,3106,1342,2,"['ENSG00000128989', 'ENSG00000223496']","['ENSG00000128989', 'ENSG00000223496']",0.069040135,fold_15
4.1,Curated_annotation,Late erythroid,77,0.425531914893617,0.75,0.15584415584415584,66532,4,65,12,2,"['ENSG00000159023', 'ENSG00000138449']","['ENSG00000101928', 'ENSG00000159023', 'ENSG00000138449']",0.22843689,fold_15
4.1,Curated_annotation,MEMP,766,0.24693205627057768,0.2231237322515213,0.4308093994778068,64698,1149,436,330,2,"['ENSG00000116667', 'ENSG00000102145']","['ENSG00000116667', 'ENSG00000140199', 'ENSG00000102145', 'ENSG00000177868', 'ENSG00000168300', 'ENSG00000103510', 'ENSG00000138449', 'ENSG00000074370', 'ENSG00000171456', 'ENSG00000029993']",0.11009171,fold_15
4.1,Curated_annotation,Mast cells,259,0.016196205460434984,0.013099693773392311,0.2972972972972973,60553,5801,182,77,2,"['ENSG00000074370', 'ENSG00000223496']","['ENSG00000074370', 'ENSG00000223496']",0.068293355,fold_15
4.1,Curated_annotation,Megakaryocyte precursor,397,0.08434864104967198,0.07703281027104136,0.13602015113350127,65569,647,343,54,5,"['ENSG00000103510', 'ENSG00000138449', 'ENSG00000029993', 'ENSG00000128989', 'ENSG00000119397']","['ENSG00000103510', 'ENSG00000138449', 'ENSG00000029993', 'ENSG00000128989', 'ENSG00000223496', 'ENSG00000119397']",0.08885101,fold_15
4.1,Curated_annotation,Megakaryocytes/platelets,53,0.38961038961038963,1.0,0.11320754716981132,66560,0,47,6,2,"['ENSG00000160789', 'ENSG00000112576']","['ENSG00000160789', 'ENSG00000102145', 'ENSG00000105402', 'ENSG00000074370', 'ENSG00000112576']",0.20053054,fold_15
4.1,Curated_annotation,Memory B cells,1061,0.46075733130872165,0.40987758547910513,0.9151743638077285,64154,1398,90,971,1,['ENSG00000156738'],"['ENSG00000156738', 'ENSG00000198399']",0.31004053,fold_15
4.1,Curated_annotation,Mid erythroid,894,0.5123911587407903,0.5850860420650096,0.3422818791946309,65502,217,588,306,3,"['ENSG00000183032', 'ENSG00000145916', 'ENSG00000160789']","['ENSG00000183032', 'ENSG00000145916', 'ENSG00000126453', 'ENSG00000170522', 'ENSG00000088766', 'ENSG00000160789', 'ENSG00000102145', 'ENSG00000105486', 'ENSG00000140199', 'ENSG00000177868']",0.40344712,fold_15
4.1,Curated_annotation,NAMPT neutrophils,443,0.45236463331048665,0.5196850393700787,0.2979683972911964,66048,122,311,132,2,"['ENSG00000163464', 'ENSG00000204936']","['ENSG00000163464', 'ENSG00000161533', 'ENSG00000204936', 'ENSG00000110047', 'ENSG00000140199', 'ENSG00000177663', 'ENSG00000266094', 'ENSG00000168300', 'ENSG00000138449', 'ENSG00000198399']",0.746203,fold_15
4.1,Curated_annotation,Naive B cells,1211,0.46600925037088753,0.4168618266978923,0.8819157720891825,63908,1494,143,1068,1,['ENSG00000156738'],['ENSG00000156738'],0.30908194,fold_15
4.1,Curated_annotation,Neutrophil-myeloid progenitor,2022,0.1697677577074562,0.1574307304785894,0.24727992087042533,61915,2676,1522,500,3,"['ENSG00000029993', 'ENSG00000182718', 'ENSG00000108179']","['ENSG00000029993', 'ENSG00000182718', 'ENSG00000108179']",0.05654802,fold_15
4.1,Curated_annotation,Non-classical monocytes,961,0.46202310115505774,0.5569620253164557,0.27471383975026015,65442,210,697,264,2,"['ENSG00000188820', 'ENSG00000108798']","['ENSG00000167173', 'ENSG00000188820', 'ENSG00000108798', 'ENSG00000109103', 'ENSG00000266094', 'ENSG00000162783', 'ENSG00000105402', 'ENSG00000182718', 'ENSG00000198399']",0.4488105,fold_15
4.1,Curated_annotation,Plasma cells,1033,0.033916394900681886,0.02746962493396725,0.5537270087124879,45329,20251,461,572,1,['ENSG00000168300'],"['ENSG00000168300', 'ENSG00000182718']",0.063800916,fold_15
4.1,Curated_annotation,Plasmablasts,249,0.41364296081277213,0.5181818181818182,0.2289156626506024,66311,53,192,57,6,"['ENSG00000168000', 'ENSG00000198380', 'ENSG00000126453', 'ENSG00000110047', 'ENSG00000129317', 'ENSG00000135272']","['ENSG00000168000', 'ENSG00000198380', 'ENSG00000126453', 'ENSG00000110047', 'ENSG00000129317', 'ENSG00000135272', 'ENSG00000171456', 'ENSG00000266094', 'ENSG00000105486', 'ENSG00000074370']",0.3289488,fold_15
4.1,Curated_annotation,Promyelocytes,400,0.0801952580195258,0.06896551724137931,0.23,64971,1242,308,92,4,"['ENSG00000177663', 'ENSG00000182718', 'ENSG00000119397', 'ENSG00000108179']","['ENSG00000177663', 'ENSG00000182718', 'ENSG00000119397', 'ENSG00000108179']",0.09036751,fold_15
4.1,Curated_annotation,Regulatory T cells,580,0.019786984561266367,0.015942528170053635,0.5586206896551724,46034,19999,256,324,1,['ENSG00000159023'],['ENSG00000159023'],0.11561761,fold_15
4.1,Curated_annotation,Small pre-B cells,42,0.03745318352059925,0.032520325203252036,0.09523809523809523,66452,119,38,4,2,"['ENSG00000169499', 'ENSG00000074370']","['ENSG00000169499', 'ENSG00000074370']",0.28860122,fold_15
4.1,Curated_annotation,Tem/Effector helper T cells,1604,0.10781122864117168,0.10306271268838113,0.13216957605985039,63164,1845,1392,212,3,"['ENSG00000135272', 'ENSG00000182718', 'ENSG00000159023']","['ENSG00000135272', 'ENSG00000182718', 'ENSG00000159023']",0.04619924,fold_15
4.1,Curated_annotation,pDC,482,0.7344827586206897,0.8801652892561983,0.44190871369294604,66102,29,269,213,2,"['ENSG00000171611', 'ENSG00000135272']","['ENSG00000171611', 'ENSG00000047579', 'ENSG00000135272', 'ENSG00000109103', 'ENSG00000122025', 'ENSG00000105402', 'ENSG00000074370', 'ENSG00000138592', 'ENSG00000119397']",0.6489424,fold_15
4.1,Curated_annotation,pDC precursor,524,0.10903426791277258,0.1095890410958904,0.10687022900763359,65634,455,468,56,5,"['ENSG00000135272', 'ENSG00000029993', 'ENSG00000128989', 'ENSG00000223496', 'ENSG00000174720']","['ENSG00000135272', 'ENSG00000029993', 'ENSG00000182718', 'ENSG00000128989', 'ENSG00000223496', 'ENSG00000174720']",0.072611414,fold_15
