clusterName,markerGene,score
AII,ENSG00000113504,0.7649440641175489
AII,ENSG00000128536,0.7649440641175489
AII*,ENSG00000113504,0.6548672566371682
AII*,ENSG00000132915,0.6548672566371682
AII*,ENSG00000188107,0.6548672566371682
BB,ENSG00000250971,0.8047403097458715
CAI,ENSG00000123243,0.7194899817850637
CAI,ENSG00000224141,0.7194899817850637
CAI,ENSG00000180176,0.7194899817850637
