software_version,cluster_header,clusterName,clusterSize,f_score,precision,recall,TN,FP,FN,TP,marker_count,NSForest_markers,binary_genes
4.1,author_cell_type,AII,8000,0.7649440641175489,0.9187766357483078,0.458125,503909,324,4335,3665,2,"['ENSG00000113504', 'ENSG00000128536']","['ENSG00000159251', 'ENSG00000136205', 'ENSG00000113504', 'ENSG00000138604', 'ENSG00000172403', 'ENSG00000128536', 'ENSG00000101463', 'ENSG00000237928', 'ENSG00000134215', 'ENSG00000228222']"
4.1,author_cell_type,AII*,1057,0.6548672566371682,0.8371040723981901,0.3500473036896878,511104,72,687,370,3,"['ENSG00000113504', 'ENSG00000132915', 'ENSG00000188107']","['ENSG00000113504', 'ENSG00000128536', 'ENSG00000132915', 'ENSG00000130561', 'ENSG00000188107', 'ENSG00000162946', 'ENSG00000198691', 'ENSG00000261873', 'ENSG00000258776', 'ENSG00000165588']"
4.1,author_cell_type,BB,2931,0.8047403097458715,0.8592964824120602,0.6417604912998977,508994,308,1050,1881,1,['ENSG00000250971'],"['ENSG00000250971', 'ENSG00000215474', 'ENSG00000147257', 'ENSG00000151012', 'ENSG00000186007', 'ENSG00000070159', 'ENSG00000134160', 'ENSG00000183662', 'ENSG00000156395', 'ENSG00000170624']"
4.1,author_cell_type,CAI,450,0.7194899817850637,0.9753086419753086,0.3511111111111111,511779,4,292,158,3,"['ENSG00000123243', 'ENSG00000224141', 'ENSG00000180176']","['ENSG00000270321', 'ENSG00000070193', 'ENSG00000123243', 'ENSG00000224141', 'ENSG00000225206', 'ENSG00000180176', 'ENSG00000106018', 'ENSG00000188641', 'ENSG00000171094', 'ENSG00000287092']"
