software_version,cluster_header,clusterName,clusterSize,f_score,precision,recall,TN,FP,FN,TP,marker_count,NSForest_markers,binary_genes,onTarget,fold
4.1,level2,BMYO1,30074,0.16776354310607303,0.14438039184068371,0.47635831615348806,392045,84898,15748,14326,1,['ENSG00000101335'],['ENSG00000101335'],0.11810081,fold_1
4.1,level2,CD4_Th,1802,0.03985702084585455,0.03282104714769471,0.27968923418423974,490363,14852,1298,504,1,['ENSG00000089327'],['ENSG00000089327'],0.111564875,fold_1
4.1,level2,CD4_naive,1914,0.09640545379424321,0.08883248730964467,0.14629049111807732,502231,2872,1634,280,2,"['ENSG00000154217', 'ENSG00000089327']","['ENSG00000154217', 'ENSG00000089327']",0.15774848,fold_1
4.1,level2,CD8_Tem,1075,0.013667961612133623,0.010992258140771823,0.5190697674418605,455737,50205,517,558,1,['ENSG00000154217'],['ENSG00000154217'],0.21801905,fold_1
4.1,level2,CD8_Trm,9426,0.12409808979281324,0.10517037298209383,0.4430299172501591,462060,35531,5250,4176,1,['ENSG00000089327'],['ENSG00000089327'],0.105918035,fold_1
4.1,level2,DC,243,0.40669856459330145,0.53125,0.20987654320987653,506729,45,192,51,4,"['ENSG00000110324', 'ENSG00000130592', 'ENSG00000184182', 'ENSG00000084733']","['ENSG00000110324', 'ENSG00000130592', 'ENSG00000184182', 'ENSG00000150977', 'ENSG00000084733', 'ENSG00000136826', 'ENSG00000104856', 'ENSG00000173272']",0.7466986,fold_1
4.1,level2,DDC1,705,0.032069420863987924,0.02959094865100087,0.04822695035460993,505197,1115,671,34,5,"['ENSG00000101335', 'ENSG00000125656', 'ENSG00000198171', 'ENSG00000173272', 'ENSG00000089327']","['ENSG00000101335', 'ENSG00000125656', 'ENSG00000135930', 'ENSG00000198171', 'ENSG00000173272', 'ENSG00000089327', 'ENSG00000198856', 'ENSG00000104856', 'ENSG00000163479']",0.1358077,fold_1
4.1,level2,DDC2,261,0.03341997772001486,0.029605263157894735,0.06896551724137931,506166,590,243,18,6,"['ENSG00000114021', 'ENSG00000125656', 'ENSG00000135930', 'ENSG00000101335', 'ENSG00000198171', 'ENSG00000140545']","['ENSG00000114021', 'ENSG00000125656', 'ENSG00000135930', 'ENSG00000101335', 'ENSG00000198171', 'ENSG00000140545', 'ENSG00000173272', 'ENSG00000089327', 'ENSG00000198856']",0.19279587,fold_1
4.1,level2,FB1,30970,0.16658485568099907,0.14306466773639187,0.48653535679690024,385792,90255,15902,15068,1,['ENSG00000136826'],['ENSG00000136826'],0.12240912,fold_1
4.1,level2,FB2,30970,0.11105964326256866,0.09258926871719561,0.5496609622215047,309215,166832,13947,17023,1,['ENSG00000104856'],['ENSG00000104856'],0.08384361,fold_1
4.1,level2,FB3,11334,0.3233705437522506,0.4370893161353127,0.15846126698429505,493370,2313,9538,1796,4,"['ENSG00000187955', 'ENSG00000140545', 'ENSG00000198856', 'ENSG00000104856']","['ENSG00000187955', 'ENSG00000140545', 'ENSG00000105856', 'ENSG00000173272', 'ENSG00000198856', 'ENSG00000104856']",0.11377574,fold_1
4.1,level2,FB4,8241,0.20265340863033315,0.20856507230255839,0.18201674554058975,493084,5692,6741,1500,3,"['ENSG00000101938', 'ENSG00000139163', 'ENSG00000105856']","['ENSG00000101938', 'ENSG00000139163', 'ENSG00000105856', 'ENSG00000136826', 'ENSG00000104856']",0.36089134,fold_1
4.1,level2,ILC,179,0.026737967914438502,0.5,0.00558659217877095,506837,1,178,1,1,['ENSG00000089327'],['ENSG00000089327'],0.1301677,fold_1
4.1,level2,LASP1,30970,0.33031301482701814,0.3320086106971353,0.3237003551824346,455877,20170,20945,10025,2,"['ENSG00000166750', 'ENSG00000114021']","['ENSG00000166750', 'ENSG00000170248', 'ENSG00000114021', 'ENSG00000114062', 'ENSG00000111676', 'ENSG00000125656', 'ENSG00000135930', 'ENSG00000198171', 'ENSG00000084733', 'ENSG00000140545']",0.39578724,fold_1
4.1,level2,LASP2,30970,0.29126817510302466,0.3069233920524375,0.24191152728446885,459129,16918,23478,7492,3,"['ENSG00000108468', 'ENSG00000140545', 'ENSG00000089327']","['ENSG00000108468', 'ENSG00000084733', 'ENSG00000140545', 'ENSG00000198171', 'ENSG00000173272', 'ENSG00000089327', 'ENSG00000198856', 'ENSG00000104856']",0.084562,fold_1
4.1,level2,LASP3,30970,0.20702643764426004,0.2121377008742337,0.18882789796577332,454328,21719,25122,5848,3,"['ENSG00000114062', 'ENSG00000102401', 'ENSG00000108468']","['ENSG00000145495', 'ENSG00000135316', 'ENSG00000144566', 'ENSG00000114062', 'ENSG00000102401', 'ENSG00000108468', 'ENSG00000111676', 'ENSG00000135930', 'ENSG00000140545', 'ENSG00000084733']",0.20146687,fold_1
4.1,level2,LASP4,7976,0.07705907341696237,0.06488007574163686,0.30930290872617855,463484,35557,5509,2467,4,"['ENSG00000140545', 'ENSG00000105856', 'ENSG00000173272', 'ENSG00000198856']","['ENSG00000140545', 'ENSG00000105856', 'ENSG00000173272', 'ENSG00000198856']",0.081365734,fold_1
4.1,level2,LASP5,209,0.3796095444685466,0.5555555555555556,0.1674641148325359,506780,28,174,35,6,"['ENSG00000138182', 'ENSG00000029993', 'ENSG00000166508', 'ENSG00000135912', 'ENSG00000106399', 'ENSG00000152284']","['ENSG00000138182', 'ENSG00000029993', 'ENSG00000166508', 'ENSG00000135912', 'ENSG00000106399', 'ENSG00000152284', 'ENSG00000174720', 'ENSG00000130159', 'ENSG00000102225', 'ENSG00000166750']",1.0,fold_1
4.1,level2,LE1,8407,0.07625558769392585,0.06388670338316287,0.33805162364696084,456967,41643,5565,2842,2,"['ENSG00000136826', 'ENSG00000143878']","['ENSG00000136826', 'ENSG00000143878']",0.10537601,fold_1
4.1,level2,LE2,5349,0.34571990477176273,0.6196660482374768,0.124883155730043,501258,410,4681,668,3,"['ENSG00000178573', 'ENSG00000130755', 'ENSG00000136826']","['ENSG00000178573', 'ENSG00000130755', 'ENSG00000136826', 'ENSG00000143878']",0.68021566,fold_1
4.1,level2,LHS1,30970,0.1674211641077386,0.1558790546116248,0.23787536325476266,436153,39894,23603,7367,3,"['ENSG00000084733', 'ENSG00000198171', 'ENSG00000173272']","['ENSG00000111676', 'ENSG00000084733', 'ENSG00000198171', 'ENSG00000173272', 'ENSG00000198856', 'ENSG00000104856']",0.07564279,fold_1
4.1,level2,LHS2,18115,0.08306172427559332,0.07448968686544832,0.15390560309136075,454262,34640,15327,2788,3,"['ENSG00000105856', 'ENSG00000173272', 'ENSG00000198856']","['ENSG00000105856', 'ENSG00000173272', 'ENSG00000198856']",0.05391405,fold_1
4.1,level2,LHS3,11373,0.1487156927438473,0.16477118873544544,0.10700782555174536,489475,6169,10156,1217,4,"['ENSG00000134287', 'ENSG00000102401', 'ENSG00000108468', 'ENSG00000105856']","['ENSG00000134287', 'ENSG00000102401', 'ENSG00000108468', 'ENSG00000198171', 'ENSG00000084733', 'ENSG00000105856', 'ENSG00000104856', 'ENSG00000198856', 'ENSG00000173272']",0.26890323,fold_1
4.1,level2,Macro,2492,0.05068586071751583,0.04185901758389958,0.3238362760834671,486053,18472,1685,807,1,['ENSG00000150977'],['ENSG00000150977'],0.35986897,fold_1
4.1,level2,Macro-lipo,56,0.28061224489795916,0.3142857142857143,0.19642857142857142,506937,24,45,11,5,"['ENSG00000110031', 'ENSG00000104774', 'ENSG00000101474', 'ENSG00000184182', 'ENSG00000130755']","['ENSG00000110031', 'ENSG00000104774', 'ENSG00000182287', 'ENSG00000101474', 'ENSG00000184182', 'ENSG00000130755', 'ENSG00000130592', 'ENSG00000170248', 'ENSG00000150977', 'ENSG00000134287']",0.65784883,fold_1
4.1,level2,NK,183,0.005600244374299969,0.004508196721311476,0.18032786885245902,499547,7287,150,33,2,"['ENSG00000154217', 'ENSG00000089327']","['ENSG00000154217', 'ENSG00000089327']",0.10979228,fold_1
4.1,level2,NKT,282,0.0019402671633750605,0.0015542146644724813,0.30141843971631205,452130,54605,197,85,1,['ENSG00000163479'],['ENSG00000163479'],0.058585923,fold_1
4.1,level2,PV1,27410,0.14978776154164006,0.14465370779044107,0.1745713243341846,451313,28294,22625,4785,2,"['ENSG00000105856', 'ENSG00000104856']","['ENSG00000105856', 'ENSG00000104856']",0.10621076,fold_1
4.1,level2,PV2,14828,0.2254657886283328,0.25683247570040024,0.15147019152953872,485690,6499,12582,2246,3,"['ENSG00000105856', 'ENSG00000154217', 'ENSG00000104856']","['ENSG00000105856', 'ENSG00000154217', 'ENSG00000104856', 'ENSG00000143878']",0.1813959,fold_1
4.1,level2,PV3,22317,0.5337701676784832,0.5954333380460908,0.3774252811757853,478977,5723,13894,8423,2,"['ENSG00000101335', 'ENSG00000140545']","['ENSG00000101335', 'ENSG00000140545', 'ENSG00000143878']",0.25333127,fold_1
4.1,level2,PV4,20158,0.40744442571229017,0.4304433560206094,0.33569798591130073,477905,8954,13391,6767,2,"['ENSG00000187955', 'ENSG00000101335']","['ENSG00000187955', 'ENSG00000101335']",0.2881022,fold_1
4.1,level2,PV5,5534,0.035732690206748706,0.028916004303622216,0.6264907842428623,385051,116432,2067,3467,1,['ENSG00000143878'],['ENSG00000143878'],0.06972955,fold_1
4.1,level2,Plasma_cell,623,0.016378879573593914,0.013572578789970095,0.09470304975922954,502106,4288,564,59,3,"['ENSG00000102401', 'ENSG00000198856', 'ENSG00000104856']","['ENSG00000102401', 'ENSG00000198856', 'ENSG00000104856']",0.08598283,fold_1
4.1,level2,VEA,29436,0.3813252730837457,0.4646945886368485,0.22200706617746976,470053,7528,22901,6535,2,"['ENSG00000136826', 'ENSG00000143878']","['ENSG00000136826', 'ENSG00000143878']",0.090639,fold_1
4.1,level2,VEAT,28785,0.24568125294078108,0.3206140350877193,0.12697585548028487,470487,7745,25130,3655,3,"['ENSG00000154217', 'ENSG00000089327', 'ENSG00000143878']","['ENSG00000154217', 'ENSG00000089327', 'ENSG00000143878']",0.06408466,fold_1
4.1,level2,VEC,14024,0.2324521422060164,0.26211891134213294,0.16001140901312036,486676,6317,11780,2244,3,"['ENSG00000136826', 'ENSG00000143878', 'ENSG00000086061']","['ENSG00000136826', 'ENSG00000143878', 'ENSG00000086061']",0.05931005,fold_1
4.1,level2,VEV,30970,0.2535850545980792,0.262225077469579,0.22405553761704874,456524,19523,24031,6939,2,"['ENSG00000154217', 'ENSG00000136826']","['ENSG00000154217', 'ENSG00000136826', 'ENSG00000089327']",0.11597663,fold_1
4.1,level2,BMYO1,30074,0.5501337560685624,0.8742947119800552,0.22155350136330385,475985,958,23411,6663,2,"['ENSG00000075223', 'ENSG00000111371']","['ENSG00000075223', 'ENSG00000111371', 'ENSG00000169230']",0.3068583,fold_2
4.1,level2,BMYO2,1471,0.11310311635182288,0.10994152046783626,0.12780421481985044,504024,1522,1283,188,2,"['ENSG00000075223', 'ENSG00000150347']","['ENSG00000075223', 'ENSG00000150347']",0.32796854,fold_2
4.1,level2,B_mem_switched,1619,0.0075450846858622226,0.006049804056067515,0.6646077825818406,328617,176781,543,1076,1,['ENSG00000150347'],['ENSG00000150347'],0.053012736,fold_2
4.1,level2,B_mem_unswitched,476,0.001428591585066456,0.0011435132680479806,0.5105042016806722,294281,212260,233,243,1,['ENSG00000169230'],['ENSG00000169230'],0.04898751,fold_2
4.1,level2,CD8_Tem,1075,0.03290080124796143,0.026728110599078342,0.4316279069767442,489046,16896,611,464,1,['ENSG00000127824'],['ENSG00000127824'],0.44055557,fold_2
4.1,level2,DC,243,0.1078894133513149,0.1032258064516129,0.13168724279835392,506496,278,211,32,3,"['ENSG00000001561', 'ENSG00000023445', 'ENSG00000160213']","['ENSG00000001561', 'ENSG00000165997', 'ENSG00000023445', 'ENSG00000160213']",0.2205199,fold_2
4.1,level2,DDC1,705,0.2662473794549266,0.30238095238095236,0.18014184397163122,506019,293,578,127,5,"['ENSG00000196754', 'ENSG00000118849', 'ENSG00000127824', 'ENSG00000145494', 'ENSG00000042493']","['ENSG00000196754', 'ENSG00000118849', 'ENSG00000127824', 'ENSG00000142694', 'ENSG00000145494', 'ENSG00000042493', 'ENSG00000140307', 'ENSG00000111639', 'ENSG00000169230', 'ENSG00000160213']",0.20246148,fold_2
4.1,level2,DDC2,261,0.1072463768115942,0.10109289617486339,0.1417624521072797,506427,329,224,37,6,"['ENSG00000189001', 'ENSG00000196754', 'ENSG00000104783', 'ENSG00000127824', 'ENSG00000118849', 'ENSG00000142694']","['ENSG00000189001', 'ENSG00000196754', 'ENSG00000104783', 'ENSG00000127824', 'ENSG00000118849', 'ENSG00000142694', 'ENSG00000173207', 'ENSG00000042493', 'ENSG00000145494', 'ENSG00000140307']",0.2705865,fold_2
4.1,level2,FB1,30970,0.13077190300840685,0.10932218156473253,0.6077494349370358,322699,153348,12148,18822,1,['ENSG00000150347'],['ENSG00000150347'],0.05339671,fold_2
4.1,level2,FB2,30970,0.2670754323667678,0.2748455819802493,0.23994187923797222,456441,19606,23539,7431,2,"['ENSG00000157827', 'ENSG00000012983']","['ENSG00000157827', 'ENSG00000012983', 'ENSG00000169230']",0.3019904,fold_2
4.1,level2,FB3,11334,0.17117213951738594,0.19690880989180834,0.11240515263808011,490487,5196,10060,1274,5,"['ENSG00000012983', 'ENSG00000109814', 'ENSG00000140307', 'ENSG00000111639', 'ENSG00000097033']","['ENSG00000012983', 'ENSG00000109814', 'ENSG00000140307', 'ENSG00000111639', 'ENSG00000097033']",0.11531226,fold_2
4.1,level2,FB4,8241,0.2354521436024955,0.23054347826086957,0.2573716781943939,491697,7079,6120,2121,3,"['ENSG00000157827', 'ENSG00000012983', 'ENSG00000109814']","['ENSG00000157827', 'ENSG00000012983', 'ENSG00000109814', 'ENSG00000169230']",0.35393444,fold_2
4.1,level2,LASP1,30970,0.689842749340288,0.7251601914186065,0.5773651921214078,469270,6777,13089,17881,2,"['ENSG00000118849', 'ENSG00000023445']","['ENSG00000118849', 'ENSG00000188112', 'ENSG00000173207', 'ENSG00000104783', 'ENSG00000142694', 'ENSG00000023445', 'ENSG00000152492', 'ENSG00000196586', 'ENSG00000111371', 'ENSG00000145494']",0.3129356,fold_2
4.1,level2,LASP2,30970,0.330286096094272,0.3254526410294778,0.35114627058443654,453507,22540,20095,10875,3,"['ENSG00000188112', 'ENSG00000196586', 'ENSG00000023445']","['ENSG00000188112', 'ENSG00000196586', 'ENSG00000152492', 'ENSG00000023445', 'ENSG00000042493', 'ENSG00000145494', 'ENSG00000111639', 'ENSG00000097033', 'ENSG00000169230', 'ENSG00000160213']",0.15060957,fold_2
4.1,level2,LASP3,30970,0.269694150345656,0.2638780860196468,0.29577010009686794,450494,25553,21810,9160,3,"['ENSG00000188112', 'ENSG00000163714', 'ENSG00000196586']","['ENSG00000188112', 'ENSG00000163714', 'ENSG00000142694', 'ENSG00000182149', 'ENSG00000196586', 'ENSG00000152492', 'ENSG00000111371', 'ENSG00000023445', 'ENSG00000042493', 'ENSG00000140307']",0.2538904,fold_2
4.1,level2,LASP4,7976,0.10398467947856471,0.08916096507021966,0.3104312938816449,473747,25294,5500,2476,2,"['ENSG00000123395', 'ENSG00000104783']","['ENSG00000123395', 'ENSG00000104783', 'ENSG00000163714', 'ENSG00000023445', 'ENSG00000140307', 'ENSG00000145494', 'ENSG00000111639', 'ENSG00000169230']",0.27184764,fold_2
4.1,level2,LASP5,209,0.5718270571827058,0.6456692913385826,0.3923444976076555,506763,45,127,82,3,"['ENSG00000157456', 'ENSG00000143228', 'ENSG00000237649']","['ENSG00000157456', 'ENSG00000143228', 'ENSG00000237649', 'ENSG00000106268', 'ENSG00000130175', 'ENSG00000102054', 'ENSG00000133119', 'ENSG00000169139', 'ENSG00000173207', 'ENSG00000104783']",1.0,fold_2
4.1,level2,LE1,8407,0.03771684050663365,0.030603322646458757,0.537052456286428,355592,143018,3892,4515,1,['ENSG00000150347'],['ENSG00000150347'],0.053146172,fold_2
4.1,level2,LE2,5349,0.07994192110950708,0.06694151352106771,0.3581977939801832,474962,26706,3433,1916,1,['ENSG00000214063'],['ENSG00000214063'],0.6878739,fold_2
4.1,level2,LHS1,30970,0.45031594207466,0.4765299316324829,0.3690991281885696,463490,12557,19539,11431,2,"['ENSG00000196586', 'ENSG00000109814']","['ENSG00000112972', 'ENSG00000182149', 'ENSG00000196586', 'ENSG00000109814', 'ENSG00000152492', 'ENSG00000111371', 'ENSG00000042493', 'ENSG00000145494', 'ENSG00000140307', 'ENSG00000111639']",0.1866945,fold_2
4.1,level2,LHS2,18115,0.20606439512347607,0.21312641448431943,0.18194866133038917,476733,12169,14819,3296,3,"['ENSG00000109814', 'ENSG00000196586', 'ENSG00000111371']","['ENSG00000109814', 'ENSG00000196586', 'ENSG00000111371', 'ENSG00000111639']",0.114630826,fold_2
4.1,level2,LHS3,11373,0.29816587177107007,0.37507549828870546,0.16380902136639408,492540,3104,9510,1863,3,"['ENSG00000112972', 'ENSG00000109814', 'ENSG00000196586']","['ENSG00000112972', 'ENSG00000165997', 'ENSG00000109814', 'ENSG00000182149', 'ENSG00000196586', 'ENSG00000140307', 'ENSG00000042493', 'ENSG00000145494', 'ENSG00000111639', 'ENSG00000097033']",0.28742594,fold_2
4.1,level2,Macro,2492,0.5532121998702142,0.7429193899782135,0.2736757624398074,504289,236,1810,682,2,"['ENSG00000085514', 'ENSG00000102393']","['ENSG00000085514', 'ENSG00000102393', 'ENSG00000160213']",0.46087036,fold_2
4.1,level2,Macro-lipo,56,0.033783783783783786,0.028846153846153848,0.10714285714285714,506759,202,50,6,6,"['ENSG00000092020', 'ENSG00000121064', 'ENSG00000136867', 'ENSG00000132334', 'ENSG00000142166', 'ENSG00000273749']","['ENSG00000092020', 'ENSG00000121064', 'ENSG00000136867', 'ENSG00000132334', 'ENSG00000142166', 'ENSG00000273749', 'ENSG00000102393', 'ENSG00000085514', 'ENSG00000214063', 'ENSG00000170248']",1.0,fold_2
4.1,level2,NK,183,0.0027049257249476956,0.002166128818354626,0.5355191256830601,461690,45144,85,98,1,['ENSG00000111371'],['ENSG00000111371'],0.20421913,fold_2
4.1,level2,NKT,282,0.004472916341454628,0.0035844018379080564,0.5283687943262412,465315,41420,133,149,1,['ENSG00000111371'],['ENSG00000111371'],0.2116544,fold_2
4.1,level2,PV1,27410,0.13484150572521345,0.11404226198424355,0.4985406785844582,373448,106159,13745,13665,1,['ENSG00000150347'],['ENSG00000150347'],0.056155983,fold_2
4.1,level2,PV2,14828,0.1510494752623688,0.13595115204264077,0.27178311302940383,466576,25613,10798,4030,2,"['ENSG00000097033', 'ENSG00000150347']","['ENSG00000097033', 'ENSG00000150347']",0.07918346,fold_2
4.1,level2,PV4,20158,0.11115197254111904,0.09222435141509434,0.6207461057644608,363692,123167,7645,12513,1,['ENSG00000150347'],['ENSG00000150347'],0.061849166,fold_2
4.1,level2,Plasma_cell,623,0.04697986577181208,0.042682926829268296,0.07865168539325842,505295,1099,574,49,4,"['ENSG00000144867', 'ENSG00000127824', 'ENSG00000023445', 'ENSG00000097033']","['ENSG00000144867', 'ENSG00000127824', 'ENSG00000023445', 'ENSG00000097033', 'ENSG00000169230']",0.09776701,fold_2
4.1,level2,VEA,29436,0.20570966643975494,0.21956314427137733,0.16425465416496807,460395,17186,24601,4835,1,['ENSG00000023445'],"['ENSG00000023445', 'ENSG00000097033']",0.09005868,fold_2
4.1,level2,VEAT,28785,0.2516078737088287,0.3215442092154421,0.13454924439812402,470060,8172,24912,3873,2,"['ENSG00000097033', 'ENSG00000160213']","['ENSG00000152492', 'ENSG00000097033', 'ENSG00000160213', 'ENSG00000169230']",0.08353395,fold_2
4.1,level2,VEV,30970,0.2221409635250023,0.33648742210939303,0.09415563448498547,470297,5750,28054,2916,2,"['ENSG00000097033', 'ENSG00000160213']","['ENSG00000152492', 'ENSG00000097033', 'ENSG00000160213']",0.06719821,fold_2
4.1,level2,BMYO1,30074,0.15890789368776997,0.13677188874984864,0.4506550508745095,391404,85539,16521,13553,1,['ENSG00000142910'],['ENSG00000142910'],0.1288054,fold_3
4.1,level2,BMYO2,1471,0.0064321235963270785,0.005157500202682898,0.5622025832766825,346024,159522,644,827,1,['ENSG00000170421'],['ENSG00000170421'],0.060317326,fold_3
4.1,level2,DC,243,0.37585421412300685,0.673469387755102,0.13580246913580246,506758,16,210,33,3,"['ENSG00000139597', 'ENSG00000136167', 'ENSG00000161921']","['ENSG00000139597', 'ENSG00000136167', 'ENSG00000161921']",0.24765731,fold_3
4.1,level2,DDC1,705,0.03259098316132537,0.02823529411764706,0.0851063829787234,504247,2065,645,60,5,"['ENSG00000196998', 'ENSG00000174851', 'ENSG00000102007', 'ENSG00000142910', 'ENSG00000140307']","['ENSG00000196998', 'ENSG00000174851', 'ENSG00000102007', 'ENSG00000142910', 'ENSG00000126934', 'ENSG00000140307', 'ENSG00000143183', 'ENSG00000107262', 'ENSG00000170421', 'ENSG00000161921']",0.20334494,fold_3
4.1,level2,DDC2,261,0.025246149962130773,0.021621621621621623,0.07662835249042145,505851,905,241,20,5,"['ENSG00000125775', 'ENSG00000120675', 'ENSG00000196998', 'ENSG00000174851', 'ENSG00000137210']","['ENSG00000185499', 'ENSG00000125775', 'ENSG00000120675', 'ENSG00000196998', 'ENSG00000174851', 'ENSG00000137210', 'ENSG00000106263', 'ENSG00000102007', 'ENSG00000126934', 'ENSG00000142910']",0.3086221,fold_3
4.1,level2,FB1,30970,0.10638725483299803,0.08784361231652575,0.6836938973199871,256179,219868,9796,21174,1,['ENSG00000163453'],['ENSG00000163453'],0.043923214,fold_3
4.1,level2,FB2,30970,0.16131721016118897,0.16102915293289385,0.16247981917985146,449830,26217,25938,5032,2,"['ENSG00000075292', 'ENSG00000106263']","['ENSG00000075292', 'ENSG00000106263', 'ENSG00000144674', 'ENSG00000107262', 'ENSG00000163453']",0.18046877,fold_3
4.1,level2,FB3,11334,0.09383220132699933,0.09654615229246617,0.08434797953061585,486737,8946,10378,956,5,"['ENSG00000102007', 'ENSG00000164463', 'ENSG00000140307', 'ENSG00000144674', 'ENSG00000107262']","['ENSG00000102007', 'ENSG00000164463', 'ENSG00000140307', 'ENSG00000144674', 'ENSG00000107262', 'ENSG00000163453']",0.095550984,fold_3
4.1,level2,FB4,8241,0.12801587692105823,0.11841905628887878,0.1894187598592404,487155,11621,6680,1561,4,"['ENSG00000106263', 'ENSG00000144674', 'ENSG00000107262', 'ENSG00000163453']","['ENSG00000106263', 'ENSG00000164463', 'ENSG00000144674', 'ENSG00000107262', 'ENSG00000163453']",0.10765402,fold_3
4.1,level2,LASP1,30970,0.4424180578087114,0.48491945891687777,0.32757507265095254,465271,10776,20825,10145,3,"['ENSG00000185499', 'ENSG00000125775', 'ENSG00000174851']","['ENSG00000185499', 'ENSG00000125775', 'ENSG00000196998', 'ENSG00000174851', 'ENSG00000119314', 'ENSG00000106263', 'ENSG00000137210', 'ENSG00000126934', 'ENSG00000142910', 'ENSG00000143183']",0.24602379,fold_3
4.1,level2,LASP2,30970,0.37622838920789087,0.35889852623207497,0.4662899580238941,450251,25796,16529,14441,2,"['ENSG00000125775', 'ENSG00000161921']","['ENSG00000125775', 'ENSG00000102007', 'ENSG00000126934', 'ENSG00000142910', 'ENSG00000161921', 'ENSG00000170421', 'ENSG00000144674']",0.23658124,fold_3
4.1,level2,LASP3,30970,0.2517376341183616,0.2545981914349087,0.24091055860510172,454203,21844,23509,7461,3,"['ENSG00000183963', 'ENSG00000106263', 'ENSG00000137210']","['ENSG00000183963', 'ENSG00000198492', 'ENSG00000119314', 'ENSG00000106263', 'ENSG00000174851', 'ENSG00000137210', 'ENSG00000054267', 'ENSG00000126934', 'ENSG00000143183', 'ENSG00000164463']",0.1796146,fold_3
4.1,level2,LASP4,7976,0.07685158707463541,0.06939513265767219,0.13477933801404213,484625,14416,6901,1075,4,"['ENSG00000198492', 'ENSG00000138771', 'ENSG00000054267', 'ENSG00000137210']","['ENSG00000198492', 'ENSG00000138771', 'ENSG00000054267', 'ENSG00000137210', 'ENSG00000126934', 'ENSG00000143183', 'ENSG00000140307', 'ENSG00000170421', 'ENSG00000161921', 'ENSG00000144674']",0.16158459,fold_3
4.1,level2,LASP5,209,0.48623853211009177,0.6309523809523809,0.2535885167464115,506777,31,156,53,4,"['ENSG00000088325', 'ENSG00000019169', 'ENSG00000163918', 'ENSG00000116221']","['ENSG00000088325', 'ENSG00000019169', 'ENSG00000163918', 'ENSG00000116221', 'ENSG00000159111', 'ENSG00000170430', 'ENSG00000120733', 'ENSG00000131844', 'ENSG00000137210', 'ENSG00000138771']",1.0,fold_3
4.1,level2,LE1,8407,0.17820002826969286,0.17170931024418717,0.20994409420720828,490096,8514,6642,1765,3,"['ENSG00000131018', 'ENSG00000164463', 'ENSG00000163453']","['ENSG00000131018', 'ENSG00000164463', 'ENSG00000163453']",0.23646858,fold_3
4.1,level2,LE2,5349,0.3062027363727762,0.31971702418986764,0.2619181155356141,498687,2981,3948,1401,2,"['ENSG00000114698', 'ENSG00000163453']","['ENSG00000114698', 'ENSG00000163453']",0.54589796,fold_3
4.1,level2,LHS1,30970,0.44910392734622995,0.4608698827739839,0.40749112043913466,461284,14763,18350,12620,2,"['ENSG00000107262', 'ENSG00000170421']","['ENSG00000138771', 'ENSG00000119314', 'ENSG00000143183', 'ENSG00000164463', 'ENSG00000107262', 'ENSG00000170421', 'ENSG00000140307', 'ENSG00000161921', 'ENSG00000144674']",0.11264163,fold_3
4.1,level2,LHS2,18115,0.3206896020460043,0.35587279876902034,0.22980955009660503,481367,7535,13952,4163,2,"['ENSG00000143183', 'ENSG00000170421']","['ENSG00000138771', 'ENSG00000143183', 'ENSG00000170421', 'ENSG00000107262', 'ENSG00000144674']",0.1369319,fold_3
4.1,level2,LHS3,11373,0.16353729955465654,0.16063130908508252,0.17629473313989272,485167,10477,9368,2005,4,"['ENSG00000138771', 'ENSG00000054267', 'ENSG00000140307', 'ENSG00000107262']","['ENSG00000138771', 'ENSG00000054267', 'ENSG00000143183', 'ENSG00000164463', 'ENSG00000140307', 'ENSG00000107262', 'ENSG00000170421', 'ENSG00000144674', 'ENSG00000161921']",0.17307095,fold_3
4.1,level2,Macro,2492,0.24104683195592286,0.45064377682403434,0.08426966292134831,504269,256,2282,210,2,"['ENSG00000136167', 'ENSG00000161921']","['ENSG00000136167', 'ENSG00000161921']",0.105287254,fold_3
4.1,level2,Macro-lipo,56,0.023529411764705882,0.019464720194647202,0.14285714285714285,506558,403,48,8,6,"['ENSG00000135124', 'ENSG00000169682', 'ENSG00000153989', 'ENSG00000166946', 'ENSG00000117862', 'ENSG00000204463']","['ENSG00000135124', 'ENSG00000169682', 'ENSG00000153989', 'ENSG00000166946', 'ENSG00000117862', 'ENSG00000204463', 'ENSG00000115756', 'ENSG00000104325', 'ENSG00000139597', 'ENSG00000120675']",1.0,fold_3
4.1,level2,NK,183,0.006830286565056561,0.005479620736362517,0.48633879781420764,490681,16153,94,89,1,['ENSG00000136167'],['ENSG00000136167'],0.19771431,fold_3
4.1,level2,NKT,282,0.014225194168708726,0.011447192513368985,0.4858156028368794,494904,11831,145,137,1,['ENSG00000136167'],['ENSG00000136167'],0.27717763,fold_3
4.1,level2,PV1,27410,0.17432473619611688,0.1572075920216915,0.30882889456402773,434226,45381,18945,8465,2,"['ENSG00000164463', 'ENSG00000163453']","['ENSG00000164463', 'ENSG00000163453']",0.1023289,fold_3
4.1,level2,PV2,14828,0.09788836259466205,0.08265600910084273,0.3724035608308605,430904,61285,9306,5522,2,"['ENSG00000107262', 'ENSG00000163453']","['ENSG00000107262', 'ENSG00000163453']",0.06629282,fold_3
4.1,level2,PV3,22317,0.38067385994918246,0.36128924515698063,0.4846977640363848,465577,19123,11500,10817,2,"['ENSG00000142910', 'ENSG00000163453']","['ENSG00000142910', 'ENSG00000163453']",0.15760733,fold_3
4.1,level2,PV4,20158,0.3762872536315897,0.39050427602477145,0.32845520388927474,476525,10334,13537,6621,2,"['ENSG00000142910', 'ENSG00000163453']","['ENSG00000142910', 'ENSG00000163453']",0.14617082,fold_3
4.1,level2,PV5,5534,0.0687857717659611,0.056440693684503385,0.5498735092157572,450611,50872,2491,3043,1,['ENSG00000163453'],['ENSG00000163453'],0.094862126,fold_3
4.1,level2,Plasma_cell,623,0.003733767219345164,0.002990784493309234,0.5922953451043339,383384,123010,254,369,1,['ENSG00000102007'],['ENSG00000102007'],0.18683268,fold_3
4.1,level2,VEA,29436,0.08977190222652469,0.07401449112699066,0.6048715858132898,254825,222756,11631,17805,1,['ENSG00000163453'],['ENSG00000163453'],0.033996027,fold_3
4.1,level2,VEAT,28785,0.18471520088417692,0.1838834555827221,0.18811881188118812,454199,24033,23370,5415,2,"['ENSG00000163453', 'ENSG00000144674']","['ENSG00000163453', 'ENSG00000144674']",0.07041534,fold_3
4.1,level2,VEC,14024,0.05971315067718495,0.04857304404492659,0.7228322875071307,294434,198559,3887,10137,1,['ENSG00000163453'],['ENSG00000163453'],0.061495926,fold_3
4.1,level2,VEV,30970,0.15189506679915574,0.12605857530489867,0.8430416532127866,295038,181009,4861,26109,1,['ENSG00000163453'],['ENSG00000163453'],0.07063256,fold_3
4.1,level2,BMYO1,30074,0.09442893970388058,0.078536680493114,0.49547782137394425,302111,174832,15173,14901,1,['ENSG00000157654'],['ENSG00000157654'],0.0460399,fold_4
4.1,level2,BMYO2,1471,0.026596913878753244,0.02274863696183493,0.08225696804894629,500348,5198,1350,121,2,"['ENSG00000100591', 'ENSG00000072364']","['ENSG00000100591', 'ENSG00000072364']",0.14833452,fold_4
4.1,level2,B_mem_switched,1619,0.01910056763875187,0.015356864876885633,0.7677578752316244,425700,79698,376,1243,1,['ENSG00000196126'],['ENSG00000196126'],0.08616884,fold_4
4.1,level2,B_mem_unswitched,476,0.027991875846266015,0.022674541236026156,0.45168067226890757,497274,9267,261,215,1,['ENSG00000196126'],['ENSG00000196126'],0.1186781,fold_4
4.1,level2,B_naive,866,0.01378119236608553,0.011073811765669137,0.6247113163972287,457838,48313,325,541,1,['ENSG00000196126'],['ENSG00000196126'],0.094789155,fold_4
4.1,level2,DC,243,0.3554868624420402,0.45544554455445546,0.18930041152263374,506719,55,197,46,3,"['ENSG00000128271', 'ENSG00000135842', 'ENSG00000196126']","['ENSG00000128271', 'ENSG00000135842', 'ENSG00000196126', 'ENSG00000116489', 'ENSG00000144224']",0.5785582,fold_4
4.1,level2,DDC1,705,0.01737015806843842,0.01583531274742676,0.028368794326241134,505069,1243,685,20,6,"['ENSG00000115233', 'ENSG00000115286', 'ENSG00000170860', 'ENSG00000176731', 'ENSG00000168701', 'ENSG00000110717']","['ENSG00000115233', 'ENSG00000115286', 'ENSG00000170860', 'ENSG00000176731', 'ENSG00000168701', 'ENSG00000110717', 'ENSG00000134717', 'ENSG00000180992', 'ENSG00000165215', 'ENSG00000115241']",0.13770998,fold_4
4.1,level2,DDC2,261,0.05394190871369295,0.05508474576271186,0.04980842911877394,506533,223,248,13,6,"['ENSG00000198417', 'ENSG00000103254', 'ENSG00000006118', 'ENSG00000115286', 'ENSG00000170860', 'ENSG00000165215']","['ENSG00000198417', 'ENSG00000103254', 'ENSG00000006118', 'ENSG00000115286', 'ENSG00000170860', 'ENSG00000165215', 'ENSG00000168701', 'ENSG00000176731', 'ENSG00000110717', 'ENSG00000134717']",0.26115775,fold_4
4.1,level2,FB1,30970,0.4249527787588876,0.4460249022847242,0.3574103971585405,462299,13748,19901,11069,2,"['ENSG00000087245', 'ENSG00000059804']","['ENSG00000087245', 'ENSG00000059804', 'ENSG00000169554', 'ENSG00000072364']",0.21538487,fold_4
4.1,level2,FB2,30970,0.5701604788785238,0.6198090470893586,0.4318049725540846,467844,8203,17597,13373,2,"['ENSG00000087245', 'ENSG00000157654']","['ENSG00000087245', 'ENSG00000169554', 'ENSG00000157654', 'ENSG00000144224']",0.24866316,fold_4
4.1,level2,FB3,11334,0.40497522234255523,0.39800032252862444,0.4355037938944768,488217,7466,6398,4936,2,"['ENSG00000106819', 'ENSG00000087245']","['ENSG00000106819', 'ENSG00000087245', 'ENSG00000171612', 'ENSG00000100591', 'ENSG00000072364', 'ENSG00000144224']",0.6406386,fold_4
4.1,level2,FB4,8241,0.11469389808340459,0.10646742937193555,0.16599927193301783,487295,11481,6873,1368,4,"['ENSG00000100591', 'ENSG00000169554', 'ENSG00000157654', 'ENSG00000144224']","['ENSG00000100591', 'ENSG00000169554', 'ENSG00000157654', 'ENSG00000072364', 'ENSG00000144224']",0.09288892,fold_4
4.1,level2,ILC,179,0.057128152341739576,0.04656040268456376,0.6201117318435754,504565,2273,68,111,1,['ENSG00000143184'],['ENSG00000143184'],0.53522223,fold_4
4.1,level2,LASP1,30970,0.39200236722222986,0.39853779690068913,0.36787213432353894,458853,17194,19577,11393,3,"['ENSG00000170293', 'ENSG00000006118', 'ENSG00000165215']","['ENSG00000170293', 'ENSG00000006118', 'ENSG00000162522', 'ENSG00000165215', 'ENSG00000100591', 'ENSG00000039068', 'ENSG00000110717', 'ENSG00000176731', 'ENSG00000134717', 'ENSG00000115241']",0.2803657,fold_4
4.1,level2,LASP2,30970,0.35531310557192536,0.32938233122795507,0.5186309331611236,443345,32702,14908,16062,2,"['ENSG00000105976', 'ENSG00000039068']","['ENSG00000105976', 'ENSG00000006118', 'ENSG00000162522', 'ENSG00000039068', 'ENSG00000115241', 'ENSG00000116489', 'ENSG00000165215', 'ENSG00000176731', 'ENSG00000110717', 'ENSG00000134717']",0.5859659,fold_4
4.1,level2,LASP3,30970,0.3437909720921521,0.34095975232198145,0.35560219567323215,454760,21287,19957,11013,3,"['ENSG00000108179', 'ENSG00000100591', 'ENSG00000165215']","['ENSG00000136450', 'ENSG00000108179', 'ENSG00000162522', 'ENSG00000100591', 'ENSG00000039068', 'ENSG00000165215', 'ENSG00000176731', 'ENSG00000134717', 'ENSG00000115241', 'ENSG00000110717']",0.12008183,fold_4
4.1,level2,LASP4,7976,0.1797734088637121,0.16585965721312734,0.2705616850551655,488188,10853,5818,2158,4,"['ENSG00000171612', 'ENSG00000169242', 'ENSG00000100591', 'ENSG00000165215']","['ENSG00000171612', 'ENSG00000169242', 'ENSG00000100591', 'ENSG00000165215', 'ENSG00000170860', 'ENSG00000176731', 'ENSG00000180992', 'ENSG00000072364', 'ENSG00000188290', 'ENSG00000144224']",0.22024491,fold_4
4.1,level2,LASP5,209,0.08903728436282693,0.08060453400503778,0.15311004784688995,506443,365,177,32,6,"['ENSG00000182481', 'ENSG00000156284', 'ENSG00000163655', 'ENSG00000145781', 'ENSG00000136485', 'ENSG00000146247']","['ENSG00000182481', 'ENSG00000156284', 'ENSG00000163655', 'ENSG00000145781', 'ENSG00000136485', 'ENSG00000146247', 'ENSG00000135842', 'ENSG00000171612', 'ENSG00000160014', 'ENSG00000108179']",1.0,fold_4
4.1,level2,LE1,8407,0.1366821202982701,0.12512876862852826,0.21672415843939574,485871,12739,6585,1822,2,"['ENSG00000116514', 'ENSG00000157654']","['ENSG00000116514', 'ENSG00000157654']",0.43760106,fold_4
4.1,level2,LHS1,30970,0.30029130253849357,0.3236600134559318,0.23299967710687763,460968,15079,23754,7216,3,"['ENSG00000169242', 'ENSG00000162522', 'ENSG00000039068']","['ENSG00000169242', 'ENSG00000162522', 'ENSG00000039068', 'ENSG00000116489', 'ENSG00000134717', 'ENSG00000180992', 'ENSG00000168701', 'ENSG00000110717', 'ENSG00000115241', 'ENSG00000165215']",0.22217405,fold_4
4.1,level2,LHS2,18115,0.23940879490744127,0.2606133014735165,0.18062379243720675,479619,9283,14843,3272,3,"['ENSG00000169242', 'ENSG00000039068', 'ENSG00000072364']","['ENSG00000169242', 'ENSG00000039068', 'ENSG00000072364', 'ENSG00000165215', 'ENSG00000188290', 'ENSG00000144224']",0.13232848,fold_4
4.1,level2,LHS3,11373,0.16574631721192506,0.16364684565969362,0.17471203728128024,485489,10155,9386,1987,4,"['ENSG00000160014', 'ENSG00000162522', 'ENSG00000170860', 'ENSG00000180992']","['ENSG00000160014', 'ENSG00000162522', 'ENSG00000039068', 'ENSG00000116489', 'ENSG00000170860', 'ENSG00000180992', 'ENSG00000110717', 'ENSG00000168701', 'ENSG00000134717', 'ENSG00000176731']",0.17645693,fold_4
4.1,level2,Macro,2492,0.5391630901287554,0.7780645161290323,0.24197431781701445,504353,172,1889,603,2,"['ENSG00000169554', 'ENSG00000196126']","['ENSG00000108179', 'ENSG00000169554', 'ENSG00000196126']",0.1525331,fold_4
4.1,level2,Macro-lipo,56,0.06386861313868614,0.056910569105691054,0.125,506845,116,49,7,6,"['ENSG00000051382', 'ENSG00000111670', 'ENSG00000103249', 'ENSG00000140391', 'ENSG00000008130', 'ENSG00000266412']","['ENSG00000051382', 'ENSG00000111670', 'ENSG00000103249', 'ENSG00000140391', 'ENSG00000008130', 'ENSG00000266412', 'ENSG00000057657', 'ENSG00000160014', 'ENSG00000115286', 'ENSG00000108179']",1.0,fold_4
4.1,level2,NK,183,0.03992835286215389,0.03238498789346247,0.5846994535519126,503637,3197,76,107,1,['ENSG00000143184'],['ENSG00000143184'],0.46477774,fold_4
4.1,level2,NKT,282,0.05813953488372093,0.04785276073619632,0.4148936170212766,504407,2328,165,117,1,['ENSG00000126264'],['ENSG00000126264'],1.0,fold_4
4.1,level2,PV1,27410,0.35460135629362394,0.3417468188063803,0.41740240788033567,457570,22037,15969,11441,2,"['ENSG00000169554', 'ENSG00000157654']","['ENSG00000169554', 'ENSG00000157654', 'ENSG00000188290']",0.14549387,fold_4
4.1,level2,PV2,14828,0.3237961034186987,0.4746295464750786,0.1425681143782034,489849,2340,12714,2114,2,"['ENSG00000157654', 'ENSG00000188290']","['ENSG00000169554', 'ENSG00000157654', 'ENSG00000188290', 'ENSG00000171735']",0.117038235,fold_4
4.1,level2,PV3,22317,0.13356641573213454,0.11268349453795073,0.5162880315454587,393971,90729,10795,11522,1,['ENSG00000188290'],['ENSG00000188290'],0.106230125,fold_4
4.1,level2,PV4,20158,0.23427876444264265,0.22237022237022236,0.29814465720805633,465842,21017,14148,6010,2,"['ENSG00000059804', 'ENSG00000169554']","['ENSG00000059804', 'ENSG00000169554']",0.16679475,fold_4
4.1,level2,PV5,5534,0.07711326529073886,0.06437606192184256,0.3697144922298518,471747,29736,3488,2046,1,['ENSG00000059804'],['ENSG00000059804'],0.26063937,fold_4
4.1,level2,Plasma_cell,623,0.023982412897208715,0.020016680567139282,0.11556982343499198,502869,3525,551,72,2,"['ENSG00000057657', 'ENSG00000168701']","['ENSG00000057657', 'ENSG00000168701', 'ENSG00000144224']",0.29832038,fold_4
4.1,level2,VEA,29436,0.23553782415221727,0.21546379693531406,0.3754586220953934,437339,40242,18384,11052,2,"['ENSG00000157654', 'ENSG00000196126']","['ENSG00000157654', 'ENSG00000196126']",0.07530298,fold_4
4.1,level2,VEAT,28785,0.28575688301361696,0.2931142655478002,0.25968386312315445,460205,18027,21310,7475,2,"['ENSG00000115241', 'ENSG00000196126']","['ENSG00000111961', 'ENSG00000115241', 'ENSG00000157654', 'ENSG00000196126', 'ENSG00000144224']",0.088033155,fold_4
4.1,level2,VEC,14024,0.3314710090617974,0.34840211261301585,0.2775242441528808,485714,7279,10132,3892,2,"['ENSG00000059804', 'ENSG00000196126']","['ENSG00000059804', 'ENSG00000157654', 'ENSG00000196126']",0.18937209,fold_4
4.1,level2,VEV,30970,0.42146618741118447,0.45495150011279045,0.3256054246044559,463966,12081,20886,10084,3,"['ENSG00000111961', 'ENSG00000157654', 'ENSG00000196126']","['ENSG00000111961', 'ENSG00000059804', 'ENSG00000157654', 'ENSG00000196126']",0.12515028,fold_4
4.1,level2,BMYO1,30074,0.368658482473007,0.5312233589087809,0.1657577974329986,472544,4399,25089,4985,2,"['ENSG00000169715', 'ENSG00000067225']","['ENSG00000169715', 'ENSG00000067225']",0.094780676,fold_5
4.1,level2,BMYO2,1471,0.031027827319146856,0.025747592498732895,0.1726716519374575,495935,9611,1217,254,2,"['ENSG00000145632', 'ENSG00000169715']","['ENSG00000145632', 'ENSG00000169715']",0.17294843,fold_5
4.1,level2,CD4_Th,1802,0.041924095322153576,0.034641190198366395,0.26359600443951164,491978,13237,1327,475,1,['ENSG00000080822'],['ENSG00000080822'],0.10768153,fold_5
4.1,level2,CD4_naive,1914,0.009659134493102349,0.007757279035082031,0.5,382692,122411,957,957,1,['ENSG00000168209'],['ENSG00000168209'],0.06650861,fold_5
4.1,level2,CD8_Trm,9426,0.2056197030885615,0.224743549891203,0.1534054742202419,492603,4988,7980,1446,1,['ENSG00000080822'],['ENSG00000080822'],0.09419989,fold_5
4.1,level2,DC,243,0.30511060259344014,0.299625468164794,0.3292181069958848,506587,187,163,80,4,"['ENSG00000130592', 'ENSG00000134460', 'ENSG00000143549', 'ENSG00000080822']","['ENSG00000130592', 'ENSG00000134460', 'ENSG00000175354', 'ENSG00000143549', 'ENSG00000080822', 'ENSG00000067225', 'ENSG00000167552', 'ENSG00000198355']",0.22462824,fold_5
4.1,level2,DDC1,705,0.07860399308284861,0.07072135785007072,0.14184397163120568,504998,1314,605,100,4,"['ENSG00000241370', 'ENSG00000169715', 'ENSG00000177106', 'ENSG00000111481']","['ENSG00000241370', 'ENSG00000169715', 'ENSG00000177106', 'ENSG00000111481', 'ENSG00000108561', 'ENSG00000242616', 'ENSG00000132698', 'ENSG00000131495', 'ENSG00000067225', 'ENSG00000167552']",0.16727582,fold_5
4.1,level2,DDC2,261,0.3649167733674776,0.43846153846153846,0.21839080459770116,506683,73,204,57,5,"['ENSG00000102837', 'ENSG00000182600', 'ENSG00000163347', 'ENSG00000241370', 'ENSG00000169715']","['ENSG00000102837', 'ENSG00000182600', 'ENSG00000163347', 'ENSG00000177106', 'ENSG00000241370', 'ENSG00000169715', 'ENSG00000108561', 'ENSG00000132698', 'ENSG00000111481', 'ENSG00000131495']",0.24504219,fold_5
4.1,level2,FB1,30970,0.24452793810483123,0.24192217161373156,0.2555376170487569,451248,24799,23056,7914,2,"['ENSG00000104870', 'ENSG00000117318']","['ENSG00000104870', 'ENSG00000117318', 'ENSG00000169715', 'ENSG00000134531']",0.122986495,fold_5
4.1,level2,FB2,30970,0.35733159252696695,0.5511867657636058,0.14846625766871166,472303,3744,26372,4598,2,"['ENSG00000122691', 'ENSG00000067225']","['ENSG00000122691', 'ENSG00000106052', 'ENSG00000067225', 'ENSG00000080822']",0.5327985,fold_5
4.1,level2,FB3,11334,0.15204285306937146,0.15814002753945558,0.13172754543850362,487735,7948,9841,1493,4,"['ENSG00000145632', 'ENSG00000104870', 'ENSG00000169715', 'ENSG00000080822']","['ENSG00000145632', 'ENSG00000104870', 'ENSG00000242616', 'ENSG00000169715', 'ENSG00000117318', 'ENSG00000080822']",0.110422984,fold_5
4.1,level2,FB4,8241,0.08373046992821379,0.07437972241573335,0.16842616187355902,481503,17273,6853,1388,4,"['ENSG00000184014', 'ENSG00000080822', 'ENSG00000134531', 'ENSG00000067225']","['ENSG00000184014', 'ENSG00000117318', 'ENSG00000080822', 'ENSG00000134531', 'ENSG00000067225']",0.0635542,fold_5
4.1,level2,ILC,179,0.11778918755662941,0.09961685823754789,0.43575418994413406,506133,705,101,78,1,['ENSG00000134460'],['ENSG00000134460'],0.6301548,fold_5
4.1,level2,LASP1,30970,0.4337417265173919,0.4579547331901536,0.35802389409105584,462923,13124,19882,11088,3,"['ENSG00000175354', 'ENSG00000182600', 'ENSG00000177106']","['ENSG00000114686', 'ENSG00000163347', 'ENSG00000175354', 'ENSG00000182600', 'ENSG00000177106', 'ENSG00000197930', 'ENSG00000108561', 'ENSG00000111481', 'ENSG00000132698', 'ENSG00000106052']",0.21430011,fold_5
4.1,level2,LASP2,30970,0.3314474557410896,0.29586967253579066,0.6386180174362286,428978,47069,11192,19778,1,['ENSG00000163347'],"['ENSG00000163347', 'ENSG00000109787', 'ENSG00000175354', 'ENSG00000177106', 'ENSG00000197930', 'ENSG00000108561', 'ENSG00000111481', 'ENSG00000132698', 'ENSG00000106052', 'ENSG00000134531']",0.30190566,fold_5
4.1,level2,LASP3,30970,0.40678566628792046,0.40136218431679827,0.4300290603810139,456183,19864,17652,13318,2,"['ENSG00000163347', 'ENSG00000182600']","['ENSG00000163347', 'ENSG00000182600', 'ENSG00000177106', 'ENSG00000175354', 'ENSG00000145632', 'ENSG00000197930', 'ENSG00000108561', 'ENSG00000111481', 'ENSG00000132698', 'ENSG00000106052']",0.2852643,fold_5
4.1,level2,LASP4,7976,0.14375735430730166,0.1312089309686992,0.2328234704112337,486745,12296,6119,1857,3,"['ENSG00000182600', 'ENSG00000104870', 'ENSG00000205323']","['ENSG00000182600', 'ENSG00000104870', 'ENSG00000145632', 'ENSG00000205323', 'ENSG00000241370', 'ENSG00000108561', 'ENSG00000132698', 'ENSG00000131495', 'ENSG00000106052', 'ENSG00000125743']",0.15993571,fold_5
4.1,level2,LASP5,209,0.3393213572854291,0.4657534246575342,0.16267942583732056,506769,39,175,34,5,"['ENSG00000138778', 'ENSG00000092036', 'ENSG00000132017', 'ENSG00000111615', 'ENSG00000172262']","['ENSG00000138778', 'ENSG00000092036', 'ENSG00000171960', 'ENSG00000132017', 'ENSG00000111615', 'ENSG00000172262', 'ENSG00000185808', 'ENSG00000114686', 'ENSG00000182600', 'ENSG00000205323']",1.0,fold_5
4.1,level2,LE1,8407,0.04374377571919803,0.036136723479556675,0.2769120970619722,436516,62094,6079,2328,2,"['ENSG00000117318', 'ENSG00000143549']","['ENSG00000117318', 'ENSG00000143549', 'ENSG00000134531']",0.07328974,fold_5
4.1,level2,LE2,5349,0.3775246964072233,0.4552352048558422,0.2243409983174425,500232,1436,4149,1200,2,"['ENSG00000186994', 'ENSG00000104870']","['ENSG00000186994', 'ENSG00000104870', 'ENSG00000117318', 'ENSG00000167552', 'ENSG00000134531', 'ENSG00000143549', 'ENSG00000197747']",0.65067536,fold_5
4.1,level2,LHS1,30970,0.34921930595671646,0.35637748745149694,0.3232483048111075,457967,18080,20959,10011,2,"['ENSG00000197930', 'ENSG00000132698']","['ENSG00000197930', 'ENSG00000205323', 'ENSG00000111481', 'ENSG00000242616', 'ENSG00000132698', 'ENSG00000108561', 'ENSG00000106052', 'ENSG00000131495', 'ENSG00000167552', 'ENSG00000143549']",0.16469774,fold_5
4.1,level2,LHS2,18115,0.12196018601915336,0.1462742504409171,0.07325420921887939,481157,7745,16788,1327,4,"['ENSG00000145632', 'ENSG00000131495', 'ENSG00000169715', 'ENSG00000067225']","['ENSG00000145632', 'ENSG00000131495', 'ENSG00000106052', 'ENSG00000169715', 'ENSG00000067225', 'ENSG00000143549']",0.048786,fold_5
4.1,level2,LHS3,11373,0.13979727148090712,0.1502415458937198,0.10938186933966412,488608,7036,10129,1244,5,"['ENSG00000166900', 'ENSG00000205323', 'ENSG00000197930', 'ENSG00000111481', 'ENSG00000106052']","['ENSG00000166900', 'ENSG00000205323', 'ENSG00000197930', 'ENSG00000111481', 'ENSG00000242616', 'ENSG00000106052', 'ENSG00000131495', 'ENSG00000132698', 'ENSG00000143549', 'ENSG00000125743']",0.17036305,fold_5
4.1,level2,Macro,2492,0.03387806579724145,0.0280399777901166,0.20264847512038522,487020,17505,1987,505,2,"['ENSG00000143549', 'ENSG00000067225']","['ENSG00000143549', 'ENSG00000067225']",0.0713543,fold_5
4.1,level2,Macro-lipo,56,0.08547008547008547,0.07766990291262135,0.14285714285714285,506866,95,48,8,6,"['ENSG00000057252', 'ENSG00000134575', 'ENSG00000068366', 'ENSG00000115977', 'ENSG00000116604', 'ENSG00000179933']","['ENSG00000057252', 'ENSG00000134575', 'ENSG00000068366', 'ENSG00000115977', 'ENSG00000116604', 'ENSG00000179933', 'ENSG00000167986', 'ENSG00000130592', 'ENSG00000104870', 'ENSG00000175354']",1.0,fold_5
4.1,level2,NK,183,0.022026431718061675,0.09090909090909091,0.00546448087431694,506824,10,182,1,1,['ENSG00000080822'],['ENSG00000080822'],0.08306177,fold_5
4.1,level2,PV1,27410,0.18223081536011912,0.20343971835863103,0.12860269974461874,465805,13802,23885,3525,2,"['ENSG00000184014', 'ENSG00000080822']","['ENSG00000184014', 'ENSG00000080822']",0.29123917,fold_5
4.1,level2,PV2,14828,0.0814086062512911,0.06710327043510295,0.552805503102239,378231,113958,6631,8197,1,['ENSG00000080822'],['ENSG00000080822'],0.08328072,fold_5
4.1,level2,PV3,22317,0.21850834565814495,0.21544037996833598,0.23170677062329167,465869,18831,17146,5171,3,"['ENSG00000169715', 'ENSG00000117318', 'ENSG00000167552']","['ENSG00000169715', 'ENSG00000117318', 'ENSG00000167552']",0.07428657,fold_5
4.1,level2,PV4,20158,0.1974811888091572,0.22339988497247557,0.13488441313622382,477407,9452,17439,2719,3,"['ENSG00000117318', 'ENSG00000168209', 'ENSG00000167552']","['ENSG00000117318', 'ENSG00000169715', 'ENSG00000168209', 'ENSG00000167552']",0.07051968,fold_5
4.1,level2,PV5,5534,0.06407079646017699,0.054837406584528375,0.19624141669678352,482765,18718,4448,1086,2,"['ENSG00000117318', 'ENSG00000167552']","['ENSG00000117318', 'ENSG00000167552']",0.07332804,fold_5
4.1,level2,Plasma_cell,623,0.0022635016138997477,0.0018121050466201004,0.6292134831460674,290463,215931,231,392,1,['ENSG00000080822'],['ENSG00000080822'],0.056334272,fold_5
4.1,level2,VEA,29436,0.19378831804572025,0.18788699133139417,0.22163337409974182,449382,28199,22912,6524,2,"['ENSG00000134531', 'ENSG00000143549']","['ENSG00000117318', 'ENSG00000134531', 'ENSG00000143549']",0.08162926,fold_5
4.1,level2,VEAT,28785,0.5147938969906432,0.4913113435237329,0.6364773319437207,459263,18969,10464,18321,1,['ENSG00000127533'],"['ENSG00000127533', 'ENSG00000197930', 'ENSG00000117318', 'ENSG00000143549', 'ENSG00000134531']",1.0,fold_5
4.1,level2,VEC,14024,0.18241689316328663,0.23036303630363036,0.0995436394751854,488329,4664,12628,1396,3,"['ENSG00000117318', 'ENSG00000169715', 'ENSG00000134531']","['ENSG00000117318', 'ENSG00000169715', 'ENSG00000134531']",0.08030959,fold_5
4.1,level2,VEV,30970,0.6502074748373943,0.6688822421624017,0.5848886018727801,467080,8967,12856,18114,1,['ENSG00000213088'],"['ENSG00000213088', 'ENSG00000143549', 'ENSG00000117318', 'ENSG00000134531']",1.0,fold_5
4.1,level2,BMYO1,30074,0.22653343975422796,0.23427948448389985,0.20007315288953914,457277,19666,24057,6017,1,['ENSG00000198931'],"['ENSG00000167522', 'ENSG00000198931']",0.07838587,fold_6
4.1,level2,B_mem_switched,1619,0.01632253325716151,0.013122243417615398,0.6670784434836319,424175,81223,539,1080,1,['ENSG00000213145'],['ENSG00000213145'],0.12700568,fold_6
4.1,level2,B_mem_unswitched,476,0.018539646320593267,0.015352819604369648,0.1092436974789916,503206,3335,424,52,2,"['ENSG00000213145', 'ENSG00000198931']","['ENSG00000213145', 'ENSG00000198931']",0.089625716,fold_6
4.1,level2,CD4_Th,1802,0.16605568647988128,0.14418340280409245,0.4223085460599334,500698,4517,1041,761,2,"['ENSG00000168685', 'ENSG00000213145']","['ENSG00000168685', 'ENSG00000020633', 'ENSG00000213145']",0.15745632,fold_6
4.1,level2,CD4_naive,1914,0.1594326131488424,0.1324450152512442,0.8620689655172413,494295,10808,264,1650,1,['ENSG00000168685'],['ENSG00000168685'],0.22187223,fold_6
4.1,level2,CD8_Tc1,2984,0.16072426858811106,0.13482706962808572,0.6936997319034852,490750,13283,914,2070,1,['ENSG00000168685'],"['ENSG00000168685', 'ENSG00000020633']",0.1558562,fold_6
4.1,level2,CD8_Tem,1075,0.07572858552697831,0.061923583662714096,0.6995348837209302,494550,11392,323,752,1,['ENSG00000020633'],['ENSG00000020633'],0.17009488,fold_6
4.1,level2,CD8_Trm,9426,0.6100762452632059,0.6218731820826061,0.5670485890091237,494341,3250,4081,5345,2,"['ENSG00000168685', 'ENSG00000020633']","['ENSG00000168685', 'ENSG00000020633', 'ENSG00000213145']",0.18215315,fold_6
4.1,level2,DC,243,0.21394611727416799,0.27835051546391754,0.1111111111111111,506704,70,216,27,5,"['ENSG00000156232', 'ENSG00000161835', 'ENSG00000020633', 'ENSG00000114353', 'ENSG00000108946']","['ENSG00000156232', 'ENSG00000161835', 'ENSG00000213145', 'ENSG00000020633', 'ENSG00000114353', 'ENSG00000108946', 'ENSG00000177556', 'ENSG00000167522', 'ENSG00000147123']",0.09528722,fold_6
4.1,level2,DDC1,705,0.020659576096105286,0.017470074409576188,0.07659574468085106,503275,3037,651,54,4,"['ENSG00000166979', 'ENSG00000105402', 'ENSG00000145494', 'ENSG00000267795']","['ENSG00000166979', 'ENSG00000105402', 'ENSG00000145494', 'ENSG00000267795', 'ENSG00000214253', 'ENSG00000115241', 'ENSG00000198931', 'ENSG00000147123', 'ENSG00000169976', 'ENSG00000177556']",0.22143695,fold_6
4.1,level2,DDC2,261,0.0859106529209622,0.07882882882882883,0.13409961685823754,506347,409,226,35,5,"['ENSG00000161281', 'ENSG00000267795', 'ENSG00000145494', 'ENSG00000214253', 'ENSG00000177556']","['ENSG00000161281', 'ENSG00000267795', 'ENSG00000145494', 'ENSG00000214253', 'ENSG00000130396', 'ENSG00000177556', 'ENSG00000115241', 'ENSG00000198931', 'ENSG00000147123', 'ENSG00000169976']",0.15846393,fold_6
4.1,level2,FB1,30970,0.5468023444427623,0.657713319458897,0.32654181465934773,470784,5263,20857,10113,2,"['ENSG00000168542', 'ENSG00000142173']","['ENSG00000168542', 'ENSG00000142173']",0.5653353,fold_6
4.1,level2,FB2,30970,0.2074877459134562,0.25282075535436793,0.12082660639328383,464988,11059,27228,3742,3,"['ENSG00000108946', 'ENSG00000142173', 'ENSG00000167522']","['ENSG00000108946', 'ENSG00000142173', 'ENSG00000167522']",0.088736564,fold_6
4.1,level2,FB3,11334,0.3560869391505853,0.3682470819130255,0.31454032115757896,489567,6116,7769,3565,3,"['ENSG00000106819', 'ENSG00000142173', 'ENSG00000169976']","['ENSG00000106819', 'ENSG00000142173', 'ENSG00000104852', 'ENSG00000167522', 'ENSG00000169976', 'ENSG00000198931']",0.09860097,fold_6
4.1,level2,FB4,8241,0.04707068612946088,0.040827169071069515,0.12122315253003277,475306,23470,7242,999,4,"['ENSG00000167522', 'ENSG00000142173', 'ENSG00000104852', 'ENSG00000169976']","['ENSG00000167522', 'ENSG00000142173', 'ENSG00000104852', 'ENSG00000108946', 'ENSG00000169976']",0.06562012,fold_6
4.1,level2,ILC,179,0.014113219382154618,0.011397214014352047,0.3016759776536313,502154,4684,125,54,2,"['ENSG00000168685', 'ENSG00000169976']","['ENSG00000168685', 'ENSG00000169976']",0.14992636,fold_6
4.1,level2,LASP1,30970,0.3873518099368461,0.4104918857717952,0.31608007749434935,461989,14058,21181,9789,4,"['ENSG00000166979', 'ENSG00000130396', 'ENSG00000267795', 'ENSG00000145494']","['ENSG00000214706', 'ENSG00000166979', 'ENSG00000115339', 'ENSG00000130396', 'ENSG00000267795', 'ENSG00000145494', 'ENSG00000115241', 'ENSG00000214253', 'ENSG00000114353', 'ENSG00000198931']",0.12312041,fold_6
4.1,level2,LASP2,30970,0.32831859624032234,0.3337177202362232,0.30836293186955116,456980,19067,21420,9550,3,"['ENSG00000115339', 'ENSG00000130396', 'ENSG00000115241']","['ENSG00000115339', 'ENSG00000137714', 'ENSG00000130396', 'ENSG00000115241', 'ENSG00000145494', 'ENSG00000214253', 'ENSG00000142173', 'ENSG00000104852', 'ENSG00000147123', 'ENSG00000167522']",0.20330748,fold_6
4.1,level2,LASP3,30970,0.30492391861856727,0.29622145328719723,0.34552793025508555,450623,25424,20269,10701,3,"['ENSG00000125952', 'ENSG00000115339', 'ENSG00000130396']","['ENSG00000125952', 'ENSG00000115339', 'ENSG00000130396', 'ENSG00000085224', 'ENSG00000115241', 'ENSG00000145494', 'ENSG00000214253', 'ENSG00000198931', 'ENSG00000104852', 'ENSG00000147123']",0.27961344,fold_6
4.1,level2,LASP4,7976,0.1930080555689547,0.17083844799060682,0.40132898696088265,483505,15536,4775,3201,3,"['ENSG00000102760', 'ENSG00000267795', 'ENSG00000198931']","['ENSG00000102760', 'ENSG00000267795', 'ENSG00000130396', 'ENSG00000145494', 'ENSG00000214253', 'ENSG00000198931', 'ENSG00000147123', 'ENSG00000104852', 'ENSG00000169976', 'ENSG00000177556']",0.11099681,fold_6
4.1,level2,LASP5,209,0.12341062079281974,0.11702127659574468,0.15789473684210525,506559,249,176,33,6,"['ENSG00000119403', 'ENSG00000163655', 'ENSG00000039650', 'ENSG00000128708', 'ENSG00000134278', 'ENSG00000122482']","['ENSG00000119403', 'ENSG00000163655', 'ENSG00000039650', 'ENSG00000128708', 'ENSG00000134278', 'ENSG00000122482', 'ENSG00000104960', 'ENSG00000179912', 'ENSG00000115756', 'ENSG00000102760']",1.0,fold_6
4.1,level2,LE1,8407,0.04185764050300382,0.03405241432583139,0.5033900321160937,378563,120047,4175,4232,1,['ENSG00000114353'],['ENSG00000114353'],0.098980114,fold_6
4.1,level2,LE2,5349,0.053719149268064405,0.044125890926563625,0.4120396335763694,453924,47744,3145,2204,1,['ENSG00000114353'],['ENSG00000114353'],0.13221434,fold_6
4.1,level2,LHS1,30970,0.48259280935132315,0.5113122171945701,0.39405876654827254,464383,11664,18766,12204,2,"['ENSG00000156127', 'ENSG00000130396']","['ENSG00000156127', 'ENSG00000124422', 'ENSG00000085224', 'ENSG00000267795', 'ENSG00000130396', 'ENSG00000145494', 'ENSG00000115241', 'ENSG00000214253', 'ENSG00000104852', 'ENSG00000147123']",0.5616019,fold_6
4.1,level2,LHS2,18115,0.36498134927841963,0.3909172527308095,0.2884349986199282,480761,8141,12890,5225,2,"['ENSG00000267795', 'ENSG00000213145']","['ENSG00000267795', 'ENSG00000104852', 'ENSG00000213145', 'ENSG00000214253', 'ENSG00000147123', 'ENSG00000177556', 'ENSG00000198931', 'ENSG00000169976']",0.11858216,fold_6
4.1,level2,LHS3,11373,0.17369561593598934,0.15905968554419173,0.2748615141123714,479117,16527,8247,3126,3,"['ENSG00000105402', 'ENSG00000267795', 'ENSG00000214253']","['ENSG00000105402', 'ENSG00000267795', 'ENSG00000130396', 'ENSG00000214253', 'ENSG00000145494', 'ENSG00000115241', 'ENSG00000213145', 'ENSG00000147123', 'ENSG00000108946', 'ENSG00000104852']",0.18233408,fold_6
4.1,level2,Macro,2492,0.4918146503884573,0.6013570822731128,0.2845104333868379,504055,470,1783,709,2,"['ENSG00000085514', 'ENSG00000114353']","['ENSG00000085514', 'ENSG00000114353', 'ENSG00000177556']",0.2749976,fold_6
4.1,level2,Macro-lipo,56,0.17543859649122806,0.18604651162790697,0.14285714285714285,506926,35,48,8,5,"['ENSG00000001036', 'ENSG00000060762', 'ENSG00000161057', 'ENSG00000115756', 'ENSG00000085514']","['ENSG00000001036', 'ENSG00000060762', 'ENSG00000161057', 'ENSG00000115756', 'ENSG00000085514', 'ENSG00000137714', 'ENSG00000218739', 'ENSG00000131368', 'ENSG00000102760', 'ENSG00000177556']",0.5323262,fold_6
4.1,level2,NK,183,0.011126464834987347,0.008930500540151242,0.6775956284153005,493073,13761,59,124,1,['ENSG00000020633'],['ENSG00000020633'],0.15694225,fold_6
4.1,level2,NKT,282,0.15920826161790017,0.16818181818181818,0.13120567375886524,506552,183,245,37,3,"['ENSG00000100450', 'ENSG00000020633', 'ENSG00000114353']","['ENSG00000100450', 'ENSG00000020633', 'ENSG00000114353']",0.17250285,fold_6
4.1,level2,PV1,27410,0.2353842008989975,0.23372874793199339,0.24224735497993433,457838,21769,20770,6640,2,"['ENSG00000108946', 'ENSG00000142173']","['ENSG00000108946', 'ENSG00000142173']",0.10452596,fold_6
4.1,level2,PV2,14828,0.21526683733753446,0.21065943992773262,0.23590504451038577,479082,13107,11330,3498,2,"['ENSG00000108946', 'ENSG00000142173']","['ENSG00000108946', 'ENSG00000142173']",0.11540695,fold_6
4.1,level2,PV3,22317,0.5195666416324444,0.6460361613351877,0.2913922122149034,481137,3563,15814,6503,2,"['ENSG00000081189', 'ENSG00000213145']","['ENSG00000081189', 'ENSG00000213145', 'ENSG00000142173']",0.58960736,fold_6
4.1,level2,PV4,20158,0.24118384477026217,0.21676300578034682,0.43903164996527433,454881,31978,11308,8850,2,"['ENSG00000213145', 'ENSG00000142173']","['ENSG00000213145', 'ENSG00000142173']",0.09950246,fold_6
4.1,level2,Plasma_cell,623,0.013802507732730236,0.011275641896481456,0.1332263242375602,499116,7278,540,83,4,"['ENSG00000090686', 'ENSG00000129657', 'ENSG00000147123', 'ENSG00000169976']","['ENSG00000090686', 'ENSG00000129657', 'ENSG00000114353', 'ENSG00000167522', 'ENSG00000147123', 'ENSG00000169976']",0.06926049,fold_6
4.1,level2,VEA,29436,0.36350263239393,0.4311860404093414,0.22329800244598452,468910,8671,22863,6573,2,"['ENSG00000178695', 'ENSG00000114353']","['ENSG00000178695', 'ENSG00000129657', 'ENSG00000114353', 'ENSG00000108946']",0.555446,fold_6
4.1,level2,VEAT,28785,0.4660125527030212,0.49792473068134124,0.3709223553934341,467466,10766,18108,10677,2,"['ENSG00000102760', 'ENSG00000129657']","['ENSG00000102760', 'ENSG00000129657', 'ENSG00000085224', 'ENSG00000167522', 'ENSG00000114353', 'ENSG00000115241', 'ENSG00000108946', 'ENSG00000177556']",0.31925654,fold_6
4.1,level2,VEC,14024,0.13256123643113676,0.12352526439482961,0.18739304050199657,474346,18647,11396,2628,2,"['ENSG00000102760', 'ENSG00000129657']","['ENSG00000102760', 'ENSG00000129657']",0.18853183,fold_6
4.1,level2,VEV,30970,0.6502074748373943,0.6688822421624017,0.5848886018727801,467080,8967,12856,18114,1,['ENSG00000213088'],"['ENSG00000213088', 'ENSG00000161835', 'ENSG00000129657', 'ENSG00000167522', 'ENSG00000114353']",1.0,fold_6
4.1,level2,B_mem_switched,1619,0.08229054446009779,0.06764765992233804,0.6133415688696726,491712,13686,626,993,1,['ENSG00000204287'],['ENSG00000204287'],0.12638651,fold_7
4.1,level2,B_mem_unswitched,476,0.05660377358490566,0.046379170056956874,0.4789915966386555,501853,4688,248,228,1,['ENSG00000204287'],['ENSG00000204287'],0.14489713,fold_7
4.1,level2,B_naive,866,0.027147087857847977,0.021887775406099635,0.6986143187066974,479115,27036,261,605,1,['ENSG00000204287'],['ENSG00000204287'],0.11514939,fold_7
4.1,level2,CD4_Th,1802,0.14995374653098983,0.12410044403613535,0.8995560488346281,493774,11441,181,1621,1,['ENSG00000168685'],['ENSG00000168685'],0.22312136,fold_7
4.1,level2,CD4_naive,1914,0.1594326131488424,0.1324450152512442,0.8620689655172413,494295,10808,264,1650,1,['ENSG00000168685'],['ENSG00000168685'],0.22187223,fold_7
4.1,level2,CD8_Tc1,2984,0.6002087682672234,0.7863247863247863,0.30831099195710454,503783,250,2064,920,2,"['ENSG00000168685', 'ENSG00000109971']","['ENSG00000168685', 'ENSG00000109971']",0.107226685,fold_7
4.1,level2,CD8_Trm,9426,0.5541889331863036,0.5115156260194428,0.8317419902397624,490104,7487,1586,7840,1,['ENSG00000168685'],['ENSG00000168685'],0.19800185,fold_7
4.1,level2,DC,243,0.32244196044711954,0.32608695652173914,0.30864197530864196,506619,155,168,75,3,"['ENSG00000204287', 'ENSG00000157106', 'ENSG00000108946']","['ENSG00000204287', 'ENSG00000157106', 'ENSG00000177156', 'ENSG00000108946']",0.13309129,fold_7
4.1,level2,DDC1,705,0.07334273624823695,0.07323943661971831,0.07375886524822695,505654,658,653,52,5,"['ENSG00000163220', 'ENSG00000184990', 'ENSG00000116586', 'ENSG00000130706', 'ENSG00000243317']","['ENSG00000163220', 'ENSG00000184990', 'ENSG00000116586', 'ENSG00000130706', 'ENSG00000243317', 'ENSG00000177156', 'ENSG00000128245', 'ENSG00000100138']",0.13960923,fold_7
4.1,level2,DDC2,261,0.04036697247706422,0.03571428571428571,0.0842911877394636,506162,594,239,22,5,"['ENSG00000141971', 'ENSG00000006118', 'ENSG00000163220', 'ENSG00000184990', 'ENSG00000116586']","['ENSG00000185499', 'ENSG00000141971', 'ENSG00000006118', 'ENSG00000163220', 'ENSG00000184990', 'ENSG00000116586', 'ENSG00000243317', 'ENSG00000136950', 'ENSG00000177156', 'ENSG00000130706']",0.25638163,fold_7
4.1,level2,FB2,30970,0.16344611624532193,0.17126850740296118,0.13819825637713917,455337,20710,26690,4280,2,"['ENSG00000108946', 'ENSG00000130706']","['ENSG00000108946', 'ENSG00000130706', 'ENSG00000158417', 'ENSG00000157106']",0.09569524,fold_7
4.1,level2,FB3,11334,0.1880362321006846,0.18111143103944716,0.22198694194459148,484307,11376,8818,2516,3,"['ENSG00000115461', 'ENSG00000130706', 'ENSG00000158417']","['ENSG00000115461', 'ENSG00000130706', 'ENSG00000157106', 'ENSG00000158417', 'ENSG00000113575', 'ENSG00000128245']",0.09381852,fold_7
4.1,level2,FB4,8241,0.04705204532360284,0.04396769720205563,0.06540468389758525,487056,11720,7702,539,5,"['ENSG00000132780', 'ENSG00000158417', 'ENSG00000157106', 'ENSG00000130706', 'ENSG00000113575']","['ENSG00000132780', 'ENSG00000158417', 'ENSG00000157106', 'ENSG00000130706', 'ENSG00000113575', 'ENSG00000108946']",0.11747676,fold_7
4.1,level2,ILC,179,0.013414693997742404,0.01076327361029074,0.9162011173184358,491765,15073,15,164,1,['ENSG00000168685'],['ENSG00000168685'],0.20114829,fold_7
4.1,level2,LASP1,30970,0.6097462566125706,0.6753227408142999,0.4391669357442686,469508,6539,17369,13601,2,"['ENSG00000185499', 'ENSG00000163220']","['ENSG00000119787', 'ENSG00000185499', 'ENSG00000163220', 'ENSG00000184900', 'ENSG00000006118', 'ENSG00000105855', 'ENSG00000196781', 'ENSG00000168615', 'ENSG00000116586', 'ENSG00000243317']",0.4210828,fold_7
4.1,level2,LASP2,30970,0.3335014031878552,0.3035450648357317,0.551017113335486,436893,39154,13905,17065,2,"['ENSG00000105855', 'ENSG00000168615']","['ENSG00000006118', 'ENSG00000164327', 'ENSG00000105855', 'ENSG00000168615', 'ENSG00000163220', 'ENSG00000196781', 'ENSG00000128245', 'ENSG00000113575', 'ENSG00000158417', 'ENSG00000177156']",0.24716115,fold_7
4.1,level2,LASP3,30970,0.3834735461818396,0.39745743299992364,0.33616402970616727,460264,15783,20559,10411,3,"['ENSG00000196781', 'ENSG00000105855', 'ENSG00000128245']","['ENSG00000196781', 'ENSG00000105855', 'ENSG00000168615', 'ENSG00000136950', 'ENSG00000243317', 'ENSG00000128245', 'ENSG00000158417', 'ENSG00000130706', 'ENSG00000157106', 'ENSG00000113575']",0.19082868,fold_7
4.1,level2,LASP4,7976,0.047993804927243915,0.04032583476243317,0.20047642928786358,460988,38053,6377,1599,3,"['ENSG00000196781', 'ENSG00000243317', 'ENSG00000113575']","['ENSG00000196781', 'ENSG00000243317', 'ENSG00000157106', 'ENSG00000113575', 'ENSG00000177156', 'ENSG00000128245']",0.074289195,fold_7
4.1,level2,LASP5,209,0.33213644524236985,0.42528735632183906,0.17703349282296652,506758,50,172,37,4,"['ENSG00000087586', 'ENSG00000154473', 'ENSG00000184260', 'ENSG00000123104']","['ENSG00000087586', 'ENSG00000154473', 'ENSG00000184260', 'ENSG00000123104', 'ENSG00000102974', 'ENSG00000125821', 'ENSG00000102901', 'ENSG00000119787', 'ENSG00000141971', 'ENSG00000184990']",1.0,fold_7
4.1,level2,LE1,8407,0.3235623065518766,0.33129161118508654,0.2959438563102177,493588,5022,5919,2488,2,"['ENSG00000175745', 'ENSG00000164687']","['ENSG00000175745', 'ENSG00000164687', 'ENSG00000128245', 'ENSG00000143878']",0.3499319,fold_7
4.1,level2,LE2,5349,0.3934500795997271,0.41596537629237795,0.32342493924097965,499239,2429,3619,1730,2,"['ENSG00000175745', 'ENSG00000164687']","['ENSG00000175745', 'ENSG00000164687', 'ENSG00000128245']",0.48081404,fold_7
4.1,level2,LHS1,30970,0.2716396842270359,0.29762757172180054,0.20132386180174364,461333,14714,24735,6235,3,"['ENSG00000168615', 'ENSG00000116586', 'ENSG00000243317']","['ENSG00000164327', 'ENSG00000168615', 'ENSG00000116586', 'ENSG00000243317', 'ENSG00000157106', 'ENSG00000158417', 'ENSG00000113575', 'ENSG00000177156', 'ENSG00000108946', 'ENSG00000128245']",0.13903548,fold_7
4.1,level2,LHS2,18115,0.13167583853759718,0.11728333249887347,0.2586254485233232,453641,35261,13430,4685,2,"['ENSG00000029725', 'ENSG00000113575']","['ENSG00000029725', 'ENSG00000157106', 'ENSG00000113575', 'ENSG00000128245']",0.21955165,fold_7
4.1,level2,LHS3,11373,0.2666581075876236,0.3013201798926447,0.18262551657434273,490828,4816,9296,2077,3,"['ENSG00000188938', 'ENSG00000029725', 'ENSG00000121410']","['ENSG00000188938', 'ENSG00000029725', 'ENSG00000121410', 'ENSG00000164327', 'ENSG00000116586', 'ENSG00000136950', 'ENSG00000168615', 'ENSG00000243317', 'ENSG00000113575', 'ENSG00000158417']",0.42008948,fold_7
4.1,level2,Macro,2492,0.5177966101694915,0.5251396648044693,0.49036918138041735,503420,1105,1270,1222,1,['ENSG00000204287'],"['ENSG00000105246', 'ENSG00000105855', 'ENSG00000204287', 'ENSG00000177156']",0.17080107,fold_7
4.1,level2,Macro-lipo,56,0.1111111111111111,0.12903225806451613,0.07142857142857142,506934,27,52,4,6,"['ENSG00000162144', 'ENSG00000104853', 'ENSG00000071537', 'ENSG00000184900', 'ENSG00000141971', 'ENSG00000029725']","['ENSG00000162144', 'ENSG00000104853', 'ENSG00000071537', 'ENSG00000184900', 'ENSG00000141971', 'ENSG00000029725', 'ENSG00000121410', 'ENSG00000164687', 'ENSG00000243317', 'ENSG00000116586']",0.2981212,fold_7
4.1,level2,PV1,27410,0.180166996642851,0.1886435331230284,0.15271798613644655,461603,18004,23224,4186,2,"['ENSG00000132780', 'ENSG00000108946']","['ENSG00000132780', 'ENSG00000108946']",0.1177031,fold_7
4.1,level2,PV2,14828,0.2289528965015755,0.2614763552479815,0.15288643107634206,485786,6403,12561,2267,2,"['ENSG00000108946', 'ENSG00000113575']","['ENSG00000108946', 'ENSG00000113575', 'ENSG00000143878']",0.14806338,fold_7
4.1,level2,PV3,22317,0.33013289390347117,0.30186551865518657,0.5278487251870772,457456,27244,10537,11780,2,"['ENSG00000115461', 'ENSG00000143878']","['ENSG00000115461', 'ENSG00000143878']",0.15079992,fold_7
4.1,level2,PV4,20158,0.47635247393154956,0.45338855421686747,0.5973806925290207,472341,14518,8116,12042,1,['ENSG00000115461'],['ENSG00000115461'],0.40047997,fold_7
4.1,level2,PV5,5534,0.10662133972031214,0.09184182796295269,0.2992410552945428,485108,16375,3878,1656,2,"['ENSG00000115461', 'ENSG00000143878']","['ENSG00000115461', 'ENSG00000143878']",0.119083844,fold_7
4.1,level2,Plasma_cell,623,0.17715112075198844,0.2578947368421053,0.07865168539325842,506253,141,574,49,4,"['ENSG00000071537', 'ENSG00000121410', 'ENSG00000136950', 'ENSG00000158417']","['ENSG00000071537', 'ENSG00000121410', 'ENSG00000136950', 'ENSG00000158417']",0.31624368,fold_7
4.1,level2,VEA,29436,0.40378188586657643,0.46904176904176903,0.25941024595733114,468937,8644,21800,7636,2,"['ENSG00000132780', 'ENSG00000143878']","['ENSG00000132780', 'ENSG00000143878', 'ENSG00000108946', 'ENSG00000128245']",0.1524567,fold_7
4.1,level2,VEAT,28785,0.27140957878011607,0.3151948785539446,0.1744658676393955,467321,10911,23763,5022,3,"['ENSG00000132780', 'ENSG00000136950', 'ENSG00000128245']","['ENSG00000132780', 'ENSG00000136950', 'ENSG00000130706', 'ENSG00000108946', 'ENSG00000128245', 'ENSG00000143878']",0.22070153,fold_7
4.1,level2,VEC,14024,0.259652063345278,0.3492711370262391,0.1281374786081004,489645,3348,12227,1797,3,"['ENSG00000164687', 'ENSG00000204287', 'ENSG00000143878']","['ENSG00000164687', 'ENSG00000204287', 'ENSG00000143878']",0.06269299,fold_7
4.1,level2,VEV,30970,0.2725275955175646,0.27831553380719365,0.2515983209557636,455842,20205,23178,7792,2,"['ENSG00000132780', 'ENSG00000204287']","['ENSG00000132780', 'ENSG00000204287', 'ENSG00000128245']",0.08666873,fold_7
4.1,level2,BMYO1,30074,0.6824801851937022,0.709555307618744,0.5921061381924586,469654,7289,12267,17807,1,['ENSG00000151914'],"['ENSG00000151914', 'ENSG00000010278', 'ENSG00000142192']",0.22228226,fold_8
4.1,level2,BMYO2,1471,0.10439321444106132,0.09577015163607343,0.16315431679129844,503280,2266,1231,240,2,"['ENSG00000151914', 'ENSG00000083896']","['ENSG00000151914', 'ENSG00000166483', 'ENSG00000083896']",0.17033733,fold_8
4.1,level2,B_mem_unswitched,476,0.004052310878014834,0.0032484098098574782,0.4012605042016807,447934,58607,285,191,1,['ENSG00000168884'],['ENSG00000168884'],0.10124637,fold_8
4.1,level2,CD4_Th,1802,0.129558301235556,0.10853850183342063,0.5749167591564928,496706,8509,766,1036,1,['ENSG00000116824'],['ENSG00000116824'],0.3651681,fold_8
4.1,level2,CD8_Tc1,2984,0.18140288117567438,0.15640304261748464,0.5030160857908847,495937,8096,1483,1501,1,['ENSG00000116824'],['ENSG00000116824'],0.25485665,fold_8
4.1,level2,CD8_Trm,9426,0.5729940959096121,0.5731279872543813,0.572459155527265,493572,4019,4030,5396,1,['ENSG00000116824'],['ENSG00000116824'],0.37997532,fold_8
4.1,level2,DC,243,0.43993231810490696,0.5977011494252874,0.2139917695473251,506739,35,191,52,2,"['ENSG00000151012', 'ENSG00000115738']","['ENSG00000196730', 'ENSG00000151012', 'ENSG00000115738', 'ENSG00000168884', 'ENSG00000034713']",0.5486696,fold_8
4.1,level2,DDC1,705,0.18219142930459328,0.17794486215538846,0.20141843971631207,505656,656,563,142,4,"['ENSG00000172551', 'ENSG00000159352', 'ENSG00000143575', 'ENSG00000143153']","['ENSG00000172551', 'ENSG00000159352', 'ENSG00000143575', 'ENSG00000110801', 'ENSG00000168884', 'ENSG00000143153', 'ENSG00000166483', 'ENSG00000151914', 'ENSG00000127540', 'ENSG00000010278']",0.19596487,fold_8
4.1,level2,DDC2,261,0.064343163538874,0.059850374064837904,0.09195402298850575,506379,377,237,24,6,"['ENSG00000163347', 'ENSG00000110801', 'ENSG00000143575', 'ENSG00000159352', 'ENSG00000143153', 'ENSG00000127540']","['ENSG00000163347', 'ENSG00000110801', 'ENSG00000143575', 'ENSG00000159352', 'ENSG00000143153', 'ENSG00000127540', 'ENSG00000166483', 'ENSG00000010278', 'ENSG00000176340', 'ENSG00000034713']",0.19609341,fold_8
4.1,level2,FB1,30970,0.09704718626115556,0.08251285461711895,0.32851146270584436,362919,113128,20796,10174,1,['ENSG00000111897'],['ENSG00000111897'],0.065721,fold_8
4.1,level2,FB2,30970,0.0954665239719946,0.0792799524162984,0.5207620277688085,288744,187303,14842,16128,1,['ENSG00000111897'],"['ENSG00000111897', 'ENSG00000142192']",0.10363026,fold_8
4.1,level2,FB3,11334,0.2417939430150491,0.2453580901856764,0.22851596964884419,487717,7966,8744,2590,3,"['ENSG00000104213', 'ENSG00000151914', 'ENSG00000097033']","['ENSG00000104213', 'ENSG00000121579', 'ENSG00000111897', 'ENSG00000151914', 'ENSG00000097033', 'ENSG00000083896']",0.07181805,fold_8
4.1,level2,FB4,8241,0.0406409394322077,0.03341604185770538,0.3006916636330542,427098,71678,5763,2478,2,"['ENSG00000121579', 'ENSG00000111897']","['ENSG00000121579', 'ENSG00000111897', 'ENSG00000083896']",0.14376442,fold_8
4.1,level2,ILC,179,0.002029750340708093,0.001625487646293888,0.39106145251396646,463844,42994,109,70,1,['ENSG00000115738'],['ENSG00000115738'],0.2192049,fold_8
4.1,level2,LASP1,30970,0.34650189744088744,0.39676880222841227,0.22996448175653858,465219,10828,23848,7122,4,"['ENSG00000163347', 'ENSG00000159352', 'ENSG00000143575', 'ENSG00000168884']","['ENSG00000214706', 'ENSG00000075089', 'ENSG00000163347', 'ENSG00000159352', 'ENSG00000143575', 'ENSG00000168884', 'ENSG00000143153', 'ENSG00000151914', 'ENSG00000166483', 'ENSG00000111897']",0.13604237,fold_8
4.1,level2,LASP2,30970,0.43701096903366865,0.4317264812062009,0.45950920245398774,457315,18732,16739,14231,2,"['ENSG00000163347', 'ENSG00000143153']","['ENSG00000163347', 'ENSG00000143153', 'ENSG00000166483', 'ENSG00000111897', 'ENSG00000151914', 'ENSG00000097033', 'ENSG00000083896', 'ENSG00000142192', 'ENSG00000010278']",0.23687012,fold_8
4.1,level2,LASP3,30970,0.35798189769998007,0.3419148030352358,0.4408459799806264,449769,26278,17317,13653,2,"['ENSG00000163347', 'ENSG00000141551']","['ENSG00000234545', 'ENSG00000163347', 'ENSG00000141551', 'ENSG00000138398', 'ENSG00000110801', 'ENSG00000159352', 'ENSG00000121579', 'ENSG00000143575', 'ENSG00000143153', 'ENSG00000166483']",0.28159416,fold_8
4.1,level2,LASP4,7976,0.14789614530547174,0.1334703577622198,0.26053159478435306,485550,13491,5898,2078,4,"['ENSG00000160570', 'ENSG00000103978', 'ENSG00000166483', 'ENSG00000143153']","['ENSG00000160570', 'ENSG00000103978', 'ENSG00000138398', 'ENSG00000166483', 'ENSG00000143153', 'ENSG00000151914', 'ENSG00000083896', 'ENSG00000142192']",0.16429844,fold_8
4.1,level2,LASP5,209,0.403530895334174,0.4383561643835616,0.3062200956937799,506726,82,145,64,4,"['ENSG00000156970', 'ENSG00000083857', 'ENSG00000146247', 'ENSG00000136522']","['ENSG00000156970', 'ENSG00000109881', 'ENSG00000167674', 'ENSG00000083857', 'ENSG00000146247', 'ENSG00000136522', 'ENSG00000234545', 'ENSG00000075089', 'ENSG00000138398', 'ENSG00000110801']",0.8324378,fold_8
4.1,level2,LE1,8407,0.22039947404670965,0.3722897937599154,0.08373974069228024,497423,1187,7703,704,2,"['ENSG00000010278', 'ENSG00000034713']","['ENSG00000010278', 'ENSG00000142192', 'ENSG00000034713']",0.07086623,fold_8
4.1,level2,LE2,5349,0.24598122774840867,0.46530612244897956,0.08524957936062816,501144,524,4893,456,2,"['ENSG00000010278', 'ENSG00000127540']","['ENSG00000010278', 'ENSG00000151914', 'ENSG00000142192', 'ENSG00000127540', 'ENSG00000034713']",0.07996605,fold_8
4.1,level2,LHS1,30970,0.40646187327362515,0.43896045197740113,0.3135938004520504,463634,12413,21258,9712,3,"['ENSG00000115468', 'ENSG00000143153', 'ENSG00000166483']","['ENSG00000115468', 'ENSG00000141551', 'ENSG00000143153', 'ENSG00000166483', 'ENSG00000151914', 'ENSG00000111897', 'ENSG00000083896', 'ENSG00000097033', 'ENSG00000127540', 'ENSG00000142192']",0.14680202,fold_8
4.1,level2,LHS2,18115,0.44179493941454884,0.4721501149595787,0.3514214739166437,481785,7117,11749,6366,2,"['ENSG00000115468', 'ENSG00000143153']","['ENSG00000115468', 'ENSG00000103978', 'ENSG00000166483', 'ENSG00000143153', 'ENSG00000111897', 'ENSG00000083896', 'ENSG00000127540', 'ENSG00000142192', 'ENSG00000010278']",0.3540865,fold_8
4.1,level2,LHS3,11373,0.5331880363501916,0.547780887644942,0.48184296139980654,491120,4524,5893,5480,1,['ENSG00000172551'],"['ENSG00000172551', 'ENSG00000121410', 'ENSG00000115468', 'ENSG00000103978', 'ENSG00000138398', 'ENSG00000166483', 'ENSG00000111897', 'ENSG00000143153', 'ENSG00000151914', 'ENSG00000083896']",0.5007295,fold_8
4.1,level2,Macro,2492,0.024351012019123364,0.01975577153990802,0.34991974317817015,461258,43267,1620,872,1,['ENSG00000115738'],['ENSG00000115738'],0.19307774,fold_8
4.1,level2,Macro-lipo,56,0.3125,0.4090909090909091,0.16071428571428573,506948,13,47,9,5,"['ENSG00000105223', 'ENSG00000103642', 'ENSG00000105698', 'ENSG00000108528', 'ENSG00000151012']","['ENSG00000105223', 'ENSG00000103642', 'ENSG00000105698', 'ENSG00000108528', 'ENSG00000084090', 'ENSG00000151012', 'ENSG00000160570', 'ENSG00000121410', 'ENSG00000168884', 'ENSG00000121579']",0.655021,fold_8
4.1,level2,PV2,14828,0.09420858145470012,0.08360612226842432,0.19119233881845157,461115,31074,11993,2835,2,"['ENSG00000083896', 'ENSG00000097033']","['ENSG00000083896', 'ENSG00000097033']",0.11136809,fold_8
4.1,level2,Plasma_cell,623,0.0711743772241993,0.066815144766147,0.09630818619582665,505556,838,563,60,4,"['ENSG00000121410', 'ENSG00000143575', 'ENSG00000097033', 'ENSG00000083896']","['ENSG00000121410', 'ENSG00000143575', 'ENSG00000097033', 'ENSG00000083896']",0.12149164,fold_8
4.1,level2,VEA,29436,0.4081902634054563,0.45893240786646833,0.2830207908683245,467759,9822,21105,8331,1,['ENSG00000034713'],"['ENSG00000097033', 'ENSG00000142192', 'ENSG00000034713']",0.08195738,fold_8
4.1,level2,VEAT,28785,0.31374862567375505,0.3379549393414211,0.24387701928087546,464480,13752,21765,7020,2,"['ENSG00000188559', 'ENSG00000168884']","['ENSG00000188559', 'ENSG00000168884', 'ENSG00000097033', 'ENSG00000142192', 'ENSG00000034713', 'ENSG00000010278']",0.35182625,fold_8
4.1,level2,VEV,30970,0.28525164616588755,0.25674998788152986,0.513077171456248,430048,45999,15080,15890,1,['ENSG00000188559'],"['ENSG00000188559', 'ENSG00000097033', 'ENSG00000142192', 'ENSG00000034713', 'ENSG00000010278']",0.512409,fold_8
4.1,level2,BMYO1,30074,0.3018515420221962,0.3351739085560945,0.21596728070758794,464060,12883,23579,6495,2,"['ENSG00000105971', 'ENSG00000198431']","['ENSG00000105971', 'ENSG00000198431']",0.13765535,fold_9
4.1,level2,BMYO2,1471,0.04074142304476597,0.03328702095635058,0.3908905506458192,488847,16699,896,575,1,['ENSG00000130176'],['ENSG00000130176'],1.0,fold_9
4.1,level2,B_mem_switched,1619,0.028982593690841166,0.02383248381319741,0.21371216800494133,491226,14172,1273,346,2,"['ENSG00000112511', 'ENSG00000117616']","['ENSG00000112511', 'ENSG00000117616']",0.24496566,fold_9
4.1,level2,CD8_Trm,9426,0.08458280509656994,0.07000293083235638,0.5067897305325695,434128,63463,4649,4777,1,['ENSG00000139112'],['ENSG00000139112'],0.11548549,fold_9
4.1,level2,DC,243,0.39564787339268054,0.4166666666666667,0.3292181069958848,506662,112,163,80,3,"['ENSG00000114013', 'ENSG00000161835', 'ENSG00000084733']","['ENSG00000114013', 'ENSG00000161835', 'ENSG00000084733', 'ENSG00000138071', 'ENSG00000198431', 'ENSG00000117616', 'ENSG00000144224']",0.5566642,fold_9
4.1,level2,DDC1,705,0.09269108038292052,0.08304969366916269,0.17304964539007092,504965,1347,583,122,5,"['ENSG00000125144', 'ENSG00000087191', 'ENSG00000187840', 'ENSG00000125611', 'ENSG00000139684']","['ENSG00000125144', 'ENSG00000087191', 'ENSG00000187840', 'ENSG00000125611', 'ENSG00000139684', 'ENSG00000143106', 'ENSG00000177889', 'ENSG00000105971', 'ENSG00000134248', 'ENSG00000173436']",0.18542728,fold_9
4.1,level2,DDC2,261,0.0699196667658435,0.06064516129032258,0.18007662835249041,506028,728,214,47,4,"['ENSG00000125144', 'ENSG00000014216', 'ENSG00000187840', 'ENSG00000125611']","['ENSG00000125144', 'ENSG00000014216', 'ENSG00000187840', 'ENSG00000087191', 'ENSG00000125611', 'ENSG00000139684', 'ENSG00000177889', 'ENSG00000105971', 'ENSG00000143106', 'ENSG00000134248']",0.25441334,fold_9
4.1,level2,FB1,30970,0.6000731796560557,0.6840458811261731,0.40245398773006136,470290,5757,18506,12464,2,"['ENSG00000145423', 'ENSG00000166482']","['ENSG00000145423', 'ENSG00000166482']",0.74504006,fold_9
4.1,level2,FB2,30970,0.25124822040865435,0.2915139882510324,0.1618340329350985,463866,12181,25958,5012,3,"['ENSG00000146592', 'ENSG00000198431', 'ENSG00000144224']","['ENSG00000146592', 'ENSG00000177889', 'ENSG00000198431', 'ENSG00000144224', 'ENSG00000139112', 'ENSG00000134248', 'ENSG00000173436']",0.07716502,fold_9
4.1,level2,FB3,11334,0.29851203858888936,0.3108108108108108,0.25772013410975825,489206,6477,8413,2921,3,"['ENSG00000166482', 'ENSG00000102580', 'ENSG00000101294']","['ENSG00000171621', 'ENSG00000166482', 'ENSG00000102580', 'ENSG00000101294', 'ENSG00000109814', 'ENSG00000146592', 'ENSG00000177889', 'ENSG00000139684', 'ENSG00000133773', 'ENSG00000198431']",0.2742264,fold_9
4.1,level2,FB4,8241,0.17733648104429942,0.18397925370984008,0.1549569227035554,493112,5664,6964,1277,3,"['ENSG00000109814', 'ENSG00000133773', 'ENSG00000198431']","['ENSG00000109814', 'ENSG00000177889', 'ENSG00000134186', 'ENSG00000133773', 'ENSG00000198431', 'ENSG00000143106', 'ENSG00000139112', 'ENSG00000144224', 'ENSG00000134248', 'ENSG00000173436']",0.14416409,fold_9
4.1,level2,ILC,179,0.001326529557490413,0.0010618785597065353,0.4301675977653631,434402,72436,102,77,1,['ENSG00000117616'],['ENSG00000117616'],0.092349,fold_9
4.1,level2,LASP1,30970,0.4416882132234297,0.5055348500862212,0.2934452696157572,467158,8889,21882,9088,4,"['ENSG00000109861', 'ENSG00000014216', 'ENSG00000087191', 'ENSG00000187840']","['ENSG00000109861', 'ENSG00000106443', 'ENSG00000163898', 'ENSG00000014216', 'ENSG00000087191', 'ENSG00000187840', 'ENSG00000139684', 'ENSG00000084733', 'ENSG00000177889', 'ENSG00000143106']",0.20552613,fold_9
4.1,level2,LASP2,30970,0.5094237077583028,0.5826719209635345,0.33897319987084273,468528,7519,20472,10498,2,"['ENSG00000183741', 'ENSG00000163898']","['ENSG00000183741', 'ENSG00000163898', 'ENSG00000014216', 'ENSG00000134186', 'ENSG00000187840', 'ENSG00000084733', 'ENSG00000105971', 'ENSG00000138071', 'ENSG00000143106', 'ENSG00000134248']",0.5600658,fold_9
4.1,level2,LASP3,30970,0.38348731485555065,0.3866003628788388,0.3715208266063933,457791,18256,19464,11506,2,"['ENSG00000163898', 'ENSG00000146592']","['ENSG00000180354', 'ENSG00000163898', 'ENSG00000135720', 'ENSG00000014216', 'ENSG00000087191', 'ENSG00000146592', 'ENSG00000187840', 'ENSG00000084733', 'ENSG00000139684', 'ENSG00000105971']",0.16970733,fold_9
4.1,level2,LASP4,7976,0.06783846100901644,0.05826928761454331,0.19771815446339017,473554,25487,6399,1577,4,"['ENSG00000120889', 'ENSG00000133773', 'ENSG00000134186', 'ENSG00000139684']","['ENSG00000120889', 'ENSG00000133773', 'ENSG00000134186', 'ENSG00000139684', 'ENSG00000187840', 'ENSG00000134248', 'ENSG00000144224', 'ENSG00000173436']",0.16278608,fold_9
4.1,level2,LASP5,209,0.14672686230248308,0.1392857142857143,0.18660287081339713,506567,241,170,39,5,"['ENSG00000109881', 'ENSG00000249992', 'ENSG00000136518', 'ENSG00000136897', 'ENSG00000106443']","['ENSG00000109881', 'ENSG00000249992', 'ENSG00000136518', 'ENSG00000136897', 'ENSG00000198677', 'ENSG00000106443', 'ENSG00000104805', 'ENSG00000134186', 'ENSG00000146592', 'ENSG00000187840']",1.0,fold_9
4.1,level2,LE1,8407,0.13367070490211114,0.18752240946575835,0.06221006304270251,496344,2266,7884,523,3,"['ENSG00000120889', 'ENSG00000105971', 'ENSG00000139112']","['ENSG00000120889', 'ENSG00000105971', 'ENSG00000139112', 'ENSG00000117616']",0.13324144,fold_9
4.1,level2,LE2,5349,0.05347061877879293,0.0454630847266579,0.18096840530940364,481344,20324,4381,968,2,"['ENSG00000146592', 'ENSG00000105971']","['ENSG00000146592', 'ENSG00000105971']",0.16279553,fold_9
4.1,level2,LHS1,30970,0.3583399840383081,0.44314416637292914,0.20297061672586375,468148,7899,24684,6286,3,"['ENSG00000109814', 'ENSG00000125611', 'ENSG00000187840']","['ENSG00000180354', 'ENSG00000135720', 'ENSG00000133983', 'ENSG00000109814', 'ENSG00000125611', 'ENSG00000187840', 'ENSG00000084733', 'ENSG00000138071', 'ENSG00000143106', 'ENSG00000134248']",0.15837063,fold_9
4.1,level2,LHS2,18115,0.1436105272432065,0.1488196165384114,0.12597295059343086,475850,13052,15833,2282,3,"['ENSG00000109814', 'ENSG00000173436', 'ENSG00000134248']","['ENSG00000109814', 'ENSG00000133773', 'ENSG00000173436', 'ENSG00000134248', 'ENSG00000144224']",0.081320025,fold_9
4.1,level2,LHS3,11373,0.2709013766368548,0.3319618477651019,0.15607139716873297,492072,3572,9598,1775,2,"['ENSG00000109814', 'ENSG00000125611']","['ENSG00000197223', 'ENSG00000109814', 'ENSG00000112511', 'ENSG00000118985', 'ENSG00000153147', 'ENSG00000125611', 'ENSG00000084733', 'ENSG00000133773', 'ENSG00000138071', 'ENSG00000143106']",0.24444827,fold_9
4.1,level2,Macro,2492,0.01838235294117647,0.015100021510002152,0.14085072231139648,481631,22894,2141,351,3,"['ENSG00000138071', 'ENSG00000198431', 'ENSG00000117616']","['ENSG00000138071', 'ENSG00000198431', 'ENSG00000117616']",0.059914254,fold_9
4.1,level2,Macro-lipo,56,0.078125,0.0684931506849315,0.17857142857142858,506825,136,46,10,6,"['ENSG00000076944', 'ENSG00000166340', 'ENSG00000188735', 'ENSG00000160211', 'ENSG00000175348', 'ENSG00000072274']","['ENSG00000076944', 'ENSG00000166340', 'ENSG00000188735', 'ENSG00000160211', 'ENSG00000175348', 'ENSG00000072274', 'ENSG00000024048', 'ENSG00000109861', 'ENSG00000102580', 'ENSG00000101294']",1.0,fold_9
4.1,level2,NK,183,0.004394745837199082,0.0035474970437524636,0.09836065573770492,501778,5056,165,18,2,"['ENSG00000139112', 'ENSG00000117616']","['ENSG00000139112', 'ENSG00000117616']",0.09209997,fold_9
4.1,level2,PV2,14828,0.20556845830568457,0.2787253983130272,0.10028324790936066,488341,3848,13341,1487,3,"['ENSG00000118985', 'ENSG00000139112', 'ENSG00000173436']","['ENSG00000118985', 'ENSG00000139112', 'ENSG00000173436']",0.09117534,fold_9
4.1,level2,Plasma_cell,623,0.031266284523189164,0.026749888542131076,0.09630818619582665,504211,2183,563,60,5,"['ENSG00000112511', 'ENSG00000118985', 'ENSG00000101294', 'ENSG00000102580', 'ENSG00000139112']","['ENSG00000112511', 'ENSG00000118985', 'ENSG00000101294', 'ENSG00000102580', 'ENSG00000139112', 'ENSG00000144224']",0.2835703,fold_9
4.1,level2,VEA,29436,0.18324352565153254,0.1726217761586528,0.2430697105584998,443287,34294,22281,7155,2,"['ENSG00000146592', 'ENSG00000139112']","['ENSG00000146592', 'ENSG00000105971', 'ENSG00000139112']",0.14416632,fold_9
4.1,level2,VEAT,28785,0.3093592348792142,0.31968542240959946,0.2739621330554108,461450,16782,20899,7886,2,"['ENSG00000198431', 'ENSG00000141522']","['ENSG00000198431', 'ENSG00000138071', 'ENSG00000105971', 'ENSG00000141522', 'ENSG00000139112', 'ENSG00000144224', 'ENSG00000134248']",0.121379524,fold_9
4.1,level2,VEV,30970,0.30677187626902663,0.3133671863824918,0.28295124313852116,456846,19201,22207,8763,2,"['ENSG00000161835', 'ENSG00000198431']","['ENSG00000161835', 'ENSG00000198431', 'ENSG00000141522', 'ENSG00000139112']",0.27452117,fold_9
4.1,level2,BMYO1,30074,0.14749410405507338,0.1377764894755619,0.20545986566469376,438274,38669,23895,6179,1,['ENSG00000176915'],['ENSG00000176915'],0.071042776,fold_10
4.1,level2,B_mem_switched,1619,0.08782421866347709,0.07287263370703914,0.4898085237801112,495309,10089,826,793,1,['ENSG00000140968'],['ENSG00000140968'],0.5908449,fold_10
4.1,level2,CD4_Th,1802,0.016593521784706123,0.013327045343394118,0.8468368479467259,392237,112978,276,1526,1,['ENSG00000122862'],['ENSG00000122862'],0.05698143,fold_10
4.1,level2,CD4_naive,1914,0.021713860877877234,0.01746973652978875,0.7690700104493208,422315,82788,442,1472,1,['ENSG00000122862'],['ENSG00000122862'],0.062395748,fold_10
4.1,level2,CD8_Tc1,2984,0.02798526552747365,0.022560422337705187,0.7332439678284183,409237,94796,796,2188,1,['ENSG00000122862'],['ENSG00000122862'],0.055623863,fold_10
4.1,level2,CD8_Tem,1075,0.013736917004144854,0.011032922475723163,0.6986046511627907,438624,67318,324,751,1,['ENSG00000122862'],['ENSG00000122862'],0.06125962,fold_10
4.1,level2,CD8_Trm,9426,0.08333885465668411,0.06808852319989896,0.8006577551453427,394297,103294,1879,7547,1,['ENSG00000122862'],['ENSG00000122862'],0.052281227,fold_10
4.1,level2,DC,243,0.2972972972972973,0.4230769230769231,0.13580246913580246,506729,45,210,33,4,"['ENSG00000172175', 'ENSG00000146535', 'ENSG00000130592', 'ENSG00000122862']","['ENSG00000172175', 'ENSG00000146535', 'ENSG00000130592', 'ENSG00000157557', 'ENSG00000176915', 'ENSG00000122862']",0.79075813,fold_10
4.1,level2,DDC1,705,0.04875166198847688,0.04353562005277045,0.09361702127659574,504862,1450,639,66,4,"['ENSG00000130513', 'ENSG00000157916', 'ENSG00000103187', 'ENSG00000143158']","['ENSG00000130513', 'ENSG00000157916', 'ENSG00000179632', 'ENSG00000103187', 'ENSG00000140740', 'ENSG00000143158', 'ENSG00000111843']",0.1808845,fold_10
4.1,level2,DDC2,261,0.005763688760806916,0.004633435468201181,0.23754789272030652,493437,13319,199,62,4,"['ENSG00000103187', 'ENSG00000157916', 'ENSG00000179632', 'ENSG00000111843']","['ENSG00000103187', 'ENSG00000157916', 'ENSG00000179632', 'ENSG00000140740', 'ENSG00000143158', 'ENSG00000111843']",0.19337645,fold_10
4.1,level2,FB2,30970,0.1053710669212689,0.08896955117879107,0.40125928317726833,348797,127250,18543,12427,1,['ENSG00000065548'],['ENSG00000065548'],0.10901883,fold_10
4.1,level2,FB3,11334,0.04351191053940976,0.035847309610487994,0.30059996470795836,404048,91635,7927,3407,2,"['ENSG00000065548', 'ENSG00000143158']","['ENSG00000065548', 'ENSG00000143158', 'ENSG00000176915']",0.07768636,fold_10
4.1,level2,FB4,8241,0.03445128970427923,0.02820579785844868,0.3014197306152166,413193,85583,5757,2484,2,"['ENSG00000065548', 'ENSG00000176915']","['ENSG00000065548', 'ENSG00000176915']",0.0992122,fold_10
4.1,level2,ILC,179,0.18773466833541927,0.1935483870967742,0.16759776536312848,506713,125,149,30,1,['ENSG00000122862'],['ENSG00000122862'],0.083902776,fold_10
4.1,level2,LASP1,30970,0.32799061050083445,0.3664583546767749,0.23099773974814336,463679,12368,23816,7154,3,"['ENSG00000159593', 'ENSG00000030582', 'ENSG00000096063']","['ENSG00000159593', 'ENSG00000030582', 'ENSG00000115307', 'ENSG00000096063', 'ENSG00000117298', 'ENSG00000157916', 'ENSG00000103187', 'ENSG00000077380', 'ENSG00000140740', 'ENSG00000197930']",0.24827233,fold_10
4.1,level2,LASP2,30970,0.2702812262477831,0.256473133790119,0.34446238295124315,445120,30927,20302,10668,3,"['ENSG00000096063', 'ENSG00000103187', 'ENSG00000176915']","['ENSG00000096063', 'ENSG00000100852', 'ENSG00000103187', 'ENSG00000197930', 'ENSG00000168264', 'ENSG00000176915', 'ENSG00000143158', 'ENSG00000065548', 'ENSG00000157557', 'ENSG00000111843']",0.14362344,fold_10
4.1,level2,LASP3,30970,0.23241794625120255,0.2305356755584472,0.24026477236034874,451211,24836,23529,7441,3,"['ENSG00000187079', 'ENSG00000096063', 'ENSG00000077380']","['ENSG00000187079', 'ENSG00000100852', 'ENSG00000096063', 'ENSG00000174780', 'ENSG00000077380', 'ENSG00000157916', 'ENSG00000168264', 'ENSG00000140740', 'ENSG00000103187', 'ENSG00000197930']",0.2093174,fold_10
4.1,level2,LASP4,7976,0.056510557661072006,0.0468960611052868,0.31406720160481444,448130,50911,5471,2505,3,"['ENSG00000168264', 'ENSG00000140740', 'ENSG00000111843']","['ENSG00000168264', 'ENSG00000140740', 'ENSG00000143158', 'ENSG00000065548', 'ENSG00000111843', 'ENSG00000176915']",0.13793111,fold_10
4.1,level2,LASP5,209,0.3908984830805134,0.41358024691358025,0.32057416267942584,506713,95,142,67,3,"['ENSG00000237649', 'ENSG00000140511', 'ENSG00000127838']","['ENSG00000237649', 'ENSG00000140511', 'ENSG00000127838', 'ENSG00000167674', 'ENSG00000214087', 'ENSG00000075618', 'ENSG00000214944', 'ENSG00000165525', 'ENSG00000159593', 'ENSG00000096063']",1.0,fold_10
4.1,level2,LE1,8407,0.5338024629303845,0.7395543175487466,0.25264660402045913,497862,748,6283,2124,2,"['ENSG00000179776', 'ENSG00000140968']","['ENSG00000179776', 'ENSG00000140968', 'ENSG00000196628', 'ENSG00000176915']",0.70457757,fold_10
4.1,level2,LHS1,30970,0.28697240965951937,0.3276851749641241,0.19170164675492413,463866,12181,25033,5937,3,"['ENSG00000159592', 'ENSG00000077380', 'ENSG00000197930']","['ENSG00000159592', 'ENSG00000077380', 'ENSG00000197930', 'ENSG00000168264', 'ENSG00000065548', 'ENSG00000111843', 'ENSG00000176915']",0.23903368,fold_10
4.1,level2,LHS2,18115,0.09315401731251753,0.0797866533584941,0.28241788573005794,429897,59005,12999,5116,2,"['ENSG00000168264', 'ENSG00000111843']","['ENSG00000168264', 'ENSG00000111843']",0.091035955,fold_10
4.1,level2,LHS3,11373,0.12576238307386278,0.12374636040116467,0.13452914798206278,484810,10834,9843,1530,4,"['ENSG00000163320', 'ENSG00000159592', 'ENSG00000197930', 'ENSG00000143158']","['ENSG00000163320', 'ENSG00000159592', 'ENSG00000174780', 'ENSG00000077380', 'ENSG00000197930', 'ENSG00000143158', 'ENSG00000065548', 'ENSG00000111843', 'ENSG00000176915']",0.19644943,fold_10
4.1,level2,Macro,2492,0.7973939114391144,0.8951456310679612,0.554975922953451,504363,162,1109,1383,1,['ENSG00000173369'],"['ENSG00000173369', 'ENSG00000157557', 'ENSG00000176915', 'ENSG00000122862']",0.6386851,fold_10
4.1,level2,Macro-lipo,56,0.45454545454545453,1.0,0.14285714285714285,506961,0,48,8,3,"['ENSG00000025434', 'ENSG00000156711', 'ENSG00000180353']","['ENSG00000025434', 'ENSG00000156711', 'ENSG00000180353', 'ENSG00000099995', 'ENSG00000123728', 'ENSG00000030582', 'ENSG00000173369', 'ENSG00000146535', 'ENSG00000130592', 'ENSG00000157916']",1.0,fold_10
4.1,level2,NK,183,0.06265664160401002,0.09259259259259259,0.0273224043715847,506785,49,178,5,1,['ENSG00000122862'],['ENSG00000122862'],0.07078101,fold_10
4.1,level2,NKT,282,0.0028648058600097798,0.0022934419423080725,0.8226950354609929,405809,100926,50,232,1,['ENSG00000122862'],['ENSG00000122862'],0.057893895,fold_10
4.1,level2,PV2,14828,0.07564439885836603,0.06223010310539068,0.5490963042891827,369494,122695,6686,8142,1,['ENSG00000122862'],"['ENSG00000157557', 'ENSG00000122862']",0.029605208,fold_10
4.1,level2,Plasma_cell,623,0.005108049305831523,0.004091064330714956,0.9036918138041734,369340,137054,60,563,1,['ENSG00000122862'],['ENSG00000122862'],0.046917334,fold_10
4.1,level2,VEA,29436,0.4660794423756326,0.45232096834911534,0.5306427503736921,458668,18913,13816,15620,2,"['ENSG00000196628', 'ENSG00000122862']","['ENSG00000117298', 'ENSG00000196628', 'ENSG00000157557', 'ENSG00000122862']",0.1363686,fold_10
4.1,level2,VEAT,28785,0.371815416057038,0.38273966053071956,0.33371547681083896,462740,15492,19179,9606,3,"['ENSG00000117298', 'ENSG00000196628', 'ENSG00000122862']","['ENSG00000100647', 'ENSG00000117298', 'ENSG00000196628', 'ENSG00000157557', 'ENSG00000197930', 'ENSG00000122862']",0.2459921,fold_10
4.1,level2,VEC,14024,0.168169602383111,0.15176419022572868,0.2962778094694809,469770,23223,9869,4155,2,"['ENSG00000157557', 'ENSG00000122862']","['ENSG00000196628', 'ENSG00000157557', 'ENSG00000122862']",0.09911386,fold_10
4.1,level2,VEV,30970,0.3222527068737446,0.3039159062030727,0.42476590248627705,445917,30130,17815,13155,2,"['ENSG00000196628', 'ENSG00000157557']","['ENSG00000117298', 'ENSG00000196628', 'ENSG00000157557', 'ENSG00000122862']",0.1800997,fold_10
4.1,level2,BMYO2,1471,0.014205095255420772,0.011494972906943965,0.2494901427600272,473986,31560,1104,367,1,['ENSG00000168439'],['ENSG00000168439'],0.22365534,fold_11
4.1,level2,B_mem_unswitched,476,0.017091541135573582,0.014061010486177312,0.12394957983193278,502404,4137,417,59,1,['ENSG00000163584'],['ENSG00000163584'],0.053979848,fold_11
4.1,level2,DC,243,0.0028413126864611452,0.0022761932943345547,0.411522633744856,462941,43833,143,100,2,"['ENSG00000150977', 'ENSG00000165527']","['ENSG00000150977', 'ENSG00000165527']",0.18623127,fold_11
4.1,level2,DDC1,705,0.1407954945441746,0.149812734082397,0.11347517730496454,505858,454,625,80,6,"['ENSG00000205364', 'ENSG00000116586', 'ENSG00000181061', 'ENSG00000211450', 'ENSG00000187479', 'ENSG00000165527']","['ENSG00000205364', 'ENSG00000116586', 'ENSG00000181061', 'ENSG00000211450', 'ENSG00000187479', 'ENSG00000165527', 'ENSG00000129625', 'ENSG00000122705']",0.10643312,fold_11
4.1,level2,DDC2,261,0.0844187168355041,0.0772626931567329,0.13409961685823754,506338,418,226,35,6,"['ENSG00000104886', 'ENSG00000103202', 'ENSG00000204272', 'ENSG00000116586', 'ENSG00000205364', 'ENSG00000211450']","['ENSG00000104886', 'ENSG00000103202', 'ENSG00000204272', 'ENSG00000116586', 'ENSG00000205364', 'ENSG00000211450', 'ENSG00000165527', 'ENSG00000129625', 'ENSG00000122705', 'ENSG00000163584']",0.28142473,fold_11
4.1,level2,FB1,30970,0.30258725042659007,0.3126860329301835,0.26796900226025183,457805,18242,22671,8299,3,"['ENSG00000189129', 'ENSG00000106624', 'ENSG00000100234']","['ENSG00000189129', 'ENSG00000106624', 'ENSG00000100234', 'ENSG00000187479', 'ENSG00000129625']",0.22462715,fold_11
4.1,level2,FB2,30970,0.3870816390365968,0.4330485796624125,0.2717145624798192,465030,11017,22555,8415,2,"['ENSG00000187479', 'ENSG00000129625']","['ENSG00000106624', 'ENSG00000187479', 'ENSG00000129625', 'ENSG00000169714', 'ENSG00000122705']",0.09242906,fold_11
4.1,level2,FB3,11334,0.37019554956169926,0.34959246051961285,0.48438327157226047,485469,10214,5844,5490,2,"['ENSG00000106819', 'ENSG00000106624']","['ENSG00000106819', 'ENSG00000106624', 'ENSG00000189129', 'ENSG00000168439', 'ENSG00000115306', 'ENSG00000100234', 'ENSG00000187479', 'ENSG00000129625', 'ENSG00000122705', 'ENSG00000169714']",0.69484395,fold_11
4.1,level2,FB4,8241,0.15986708510245523,0.18382509021439186,0.1050843344254338,494931,3845,7375,866,3,"['ENSG00000115306', 'ENSG00000187479', 'ENSG00000129625']","['ENSG00000115306', 'ENSG00000187479', 'ENSG00000100234', 'ENSG00000129625', 'ENSG00000169714', 'ENSG00000122705']",0.09065438,fold_11
4.1,level2,ILC,179,0.15507753876938468,0.13626373626373625,0.3463687150837989,506445,393,117,62,1,['ENSG00000186891'],['ENSG00000186891'],0.4944589,fold_11
4.1,level2,LASP1,30970,0.31255979628784647,0.3238647195638083,0.2742654181465935,458314,17733,22476,8494,3,"['ENSG00000165959', 'ENSG00000103202', 'ENSG00000104886']","['ENSG00000165959', 'ENSG00000103202', 'ENSG00000204272', 'ENSG00000104886', 'ENSG00000197223', 'ENSG00000104671', 'ENSG00000116586', 'ENSG00000181061', 'ENSG00000211450', 'ENSG00000115306']",0.22852491,fold_11
4.1,level2,LASP2,30970,0.32976024554864775,0.3482593235756223,0.2719728769777204,460284,15763,22547,8423,2,"['ENSG00000073792', 'ENSG00000127666']","['ENSG00000073792', 'ENSG00000127666', 'ENSG00000165959', 'ENSG00000181061', 'ENSG00000211450', 'ENSG00000165527', 'ENSG00000129625', 'ENSG00000122705']",0.3638333,fold_11
4.1,level2,LASP3,30970,0.37969235375575433,0.3764844136566056,0.393090087181143,455885,20162,18796,12174,2,"['ENSG00000073792', 'ENSG00000104886']","['ENSG00000073792', 'ENSG00000127666', 'ENSG00000104886', 'ENSG00000165959', 'ENSG00000103202', 'ENSG00000104671', 'ENSG00000168439', 'ENSG00000211450', 'ENSG00000165527', 'ENSG00000129625']",0.33796832,fold_11
4.1,level2,LASP4,7976,0.051648810046544306,0.0425612109516343,0.3539368104312939,435536,63505,5153,2823,3,"['ENSG00000168439', 'ENSG00000211450', 'ENSG00000165527']","['ENSG00000168439', 'ENSG00000211450', 'ENSG00000165527', 'ENSG00000129625']",0.08065173,fold_11
4.1,level2,LASP5,209,0.06610995128740431,0.06188925081433225,0.09090909090909091,506520,288,190,19,6,"['ENSG00000140365', 'ENSG00000120053', 'ENSG00000213551', 'ENSG00000080503', 'ENSG00000126602', 'ENSG00000154719']","['ENSG00000140365', 'ENSG00000120053', 'ENSG00000213551', 'ENSG00000080503', 'ENSG00000126602', 'ENSG00000154719', 'ENSG00000147155', 'ENSG00000107485', 'ENSG00000185808', 'ENSG00000159111']",1.0,fold_11
4.1,level2,LE1,8407,0.11115849840748437,0.0962709733191874,0.29142381348875934,475611,22999,5957,2450,2,"['ENSG00000115306', 'ENSG00000100234']","['ENSG00000115306', 'ENSG00000100234', 'ENSG00000187479']",0.13108687,fold_11
4.1,level2,LE2,5349,0.09885645334484629,0.08406288242492704,0.33389418582912694,482208,19460,3563,1786,2,"['ENSG00000115306', 'ENSG00000100234']","['ENSG00000115306', 'ENSG00000100234', 'ENSG00000187479']",0.14523533,fold_11
4.1,level2,LHS1,30970,0.2924155453091183,0.3301460823373174,0.20067807555699063,463437,12610,24755,6215,4,"['ENSG00000181061', 'ENSG00000116586', 'ENSG00000129625', 'ENSG00000165527']","['ENSG00000181061', 'ENSG00000116586', 'ENSG00000115306', 'ENSG00000211450', 'ENSG00000129625', 'ENSG00000165527']",0.10814515,fold_11
4.1,level2,LHS2,18115,0.17212346198740885,0.21075445173383317,0.09930996411813414,482165,6737,16316,1799,3,"['ENSG00000181061', 'ENSG00000211450', 'ENSG00000129625']","['ENSG00000181061', 'ENSG00000211450', 'ENSG00000129625', 'ENSG00000165527']",0.08608941,fold_11
4.1,level2,LHS3,11373,0.28081764106608825,0.35873215785054574,0.1502681790204871,492589,3055,9664,1709,3,"['ENSG00000197223', 'ENSG00000181061', 'ENSG00000129625']","['ENSG00000197223', 'ENSG00000181061', 'ENSG00000104671', 'ENSG00000116586', 'ENSG00000211450', 'ENSG00000129625', 'ENSG00000165527']",0.26341477,fold_11
4.1,level2,Macro,2492,0.05068586071751583,0.04185901758389958,0.3238362760834671,486053,18472,1685,807,1,['ENSG00000150977'],['ENSG00000150977'],0.35986897,fold_11
4.1,level2,Macro-lipo,56,0.015756302521008403,0.012987012987012988,0.10714285714285714,506505,456,50,6,6,"['ENSG00000128340', 'ENSG00000149925', 'ENSG00000131100', 'ENSG00000101940', 'ENSG00000153827', 'ENSG00000117862']","['ENSG00000128340', 'ENSG00000149925', 'ENSG00000131100', 'ENSG00000101940', 'ENSG00000153827', 'ENSG00000117862', 'ENSG00000138433', 'ENSG00000150977', 'ENSG00000197223', 'ENSG00000104671']",0.69929755,fold_11
4.1,level2,NK,183,0.14592933947772657,0.1623931623931624,0.10382513661202186,506736,98,164,19,2,"['ENSG00000186891', 'ENSG00000165527']","['ENSG00000186891', 'ENSG00000165527']",0.20808059,fold_11
4.1,level2,PV1,27410,0.3341448669139393,0.3444500589523328,0.2984312294782926,464039,15568,19230,8180,2,"['ENSG00000187479', 'ENSG00000169714']","['ENSG00000187479', 'ENSG00000100234', 'ENSG00000169714']",0.09114302,fold_11
4.1,level2,PV2,14828,0.3357591279632695,0.3037795831861533,0.5799838144051794,472479,19710,6228,8600,1,['ENSG00000187479'],"['ENSG00000187479', 'ENSG00000169714']",0.13594885,fold_11
4.1,level2,PV3,22317,0.4216142676008107,0.4250921476228246,0.4082537975534346,472378,12322,13206,9111,3,"['ENSG00000189129', 'ENSG00000205364', 'ENSG00000187479']","['ENSG00000189129', 'ENSG00000205364', 'ENSG00000100234', 'ENSG00000187479']",0.2160872,fold_11
4.1,level2,PV4,20158,0.41767997544447855,0.43849538328065935,0.3510268875880544,477798,9061,13082,7076,3,"['ENSG00000205364', 'ENSG00000100234', 'ENSG00000187479']","['ENSG00000106624', 'ENSG00000205364', 'ENSG00000100234', 'ENSG00000187479']",0.1451847,fold_11
4.1,level2,PV5,5534,0.07900137480324373,0.06688878579562228,0.2865919768702566,479358,22125,3948,1586,2,"['ENSG00000205364', 'ENSG00000100234']","['ENSG00000205364', 'ENSG00000100234', 'ENSG00000187479']",0.15732494,fold_11
4.1,level2,Plasma_cell,623,0.04270341057905825,0.03541912632821724,0.24077046548956663,502309,4085,473,150,2,"['ENSG00000186891', 'ENSG00000129625']","['ENSG00000186891', 'ENSG00000165527', 'ENSG00000129625']",0.121980056,fold_11
4.1,level2,VEA,29436,0.11306782033337574,0.09397406882548277,0.603750509580106,306237,171344,11664,17772,1,['ENSG00000100234'],['ENSG00000100234'],0.060987867,fold_11
4.1,level2,VEAT,28785,0.18515336803274546,0.2088939566704675,0.12728851832551677,464356,13876,25121,3664,2,"['ENSG00000115306', 'ENSG00000122705']","['ENSG00000115306', 'ENSG00000129625', 'ENSG00000122705']",0.094042346,fold_11
4.1,level2,VEC,14024,0.21596858638743455,0.3193033381712627,0.09412435824301198,490179,2814,12704,1320,3,"['ENSG00000205364', 'ENSG00000115306', 'ENSG00000187479']","['ENSG00000205364', 'ENSG00000115306', 'ENSG00000100234', 'ENSG00000187479']",0.084902324,fold_11
4.1,level2,VEV,30970,0.15526258924594616,0.1333137696662186,0.45473038424281564,384492,91555,16887,14083,1,['ENSG00000115306'],"['ENSG00000115306', 'ENSG00000165527']",0.12258728,fold_11
4.1,level2,BMYO1,30074,0.1804805922617201,0.16108094805973822,0.34824100551971804,422399,54544,19601,10473,1,['ENSG00000108848'],['ENSG00000108848'],0.080890134,fold_12
4.1,level2,BMYO2,1471,0.04074142304476597,0.03328702095635058,0.3908905506458192,488847,16699,896,575,1,['ENSG00000130176'],['ENSG00000130176'],1.0,fold_12
4.1,level2,B_mem_switched,1619,0.009709250413733425,0.0077963727514007665,0.5225447807288449,397732,107666,773,846,1,['ENSG00000108848'],['ENSG00000108848'],0.08827491,fold_12
4.1,level2,B_mem_unswitched,476,0.024581450969970768,0.02030735455543359,0.15546218487394958,502971,3570,402,74,2,"['ENSG00000176788', 'ENSG00000108848']","['ENSG00000176788', 'ENSG00000108848']",0.12245272,fold_12
4.1,level2,B_naive,866,0.006342459886000461,0.005088486802976434,0.4445727482678984,430875,75276,481,385,1,['ENSG00000108848'],['ENSG00000108848'],0.08770766,fold_12
4.1,level2,CD8_Trm,9426,0.22047868124900935,0.20736434108527133,0.29514109908763,486957,10634,6644,2782,1,['ENSG00000141232'],['ENSG00000141232'],0.3897736,fold_12
4.1,level2,DC,243,0.04164839982463832,0.034545454545454546,0.2345679012345679,505181,1593,186,57,3,"['ENSG00000151461', 'ENSG00000176788', 'ENSG00000166337']","['ENSG00000151461', 'ENSG00000176788', 'ENSG00000166337']",0.25747105,fold_12
4.1,level2,DDC1,705,0.5788783207609052,0.6023890784982935,0.500709219858156,506079,233,352,353,3,"['ENSG00000160182', 'ENSG00000103187', 'ENSG00000108691']","['ENSG00000160182', 'ENSG00000103187', 'ENSG00000108691', 'ENSG00000214253']",0.15459003,fold_12
4.1,level2,DDC2,261,0.06357856494096276,0.06666666666666667,0.05363984674329502,506560,196,247,14,5,"['ENSG00000142273', 'ENSG00000114115', 'ENSG00000198417', 'ENSG00000162444', 'ENSG00000138685']","['ENSG00000142273', 'ENSG00000114115', 'ENSG00000198417', 'ENSG00000157765', 'ENSG00000162444', 'ENSG00000138685', 'ENSG00000103187', 'ENSG00000104823', 'ENSG00000105355', 'ENSG00000214253']",1.0,fold_12
4.1,level2,FB1,30970,0.39047077824968596,0.45191253677955345,0.2529221827575073,466547,9500,23137,7833,2,"['ENSG00000118523', 'ENSG00000169554']","['ENSG00000118523', 'ENSG00000169554', 'ENSG00000108691']",0.24734735,fold_12
4.1,level2,FB2,30970,0.45100695385171136,0.5009027081243731,0.3225056506296416,466095,9952,20982,9988,2,"['ENSG00000176788', 'ENSG00000169554']","['ENSG00000176788', 'ENSG00000169554', 'ENSG00000109920', 'ENSG00000108848']",0.12863769,fold_12
4.1,level2,FB3,11334,0.25104988693525315,0.2719660042494688,0.19198870654667372,489858,5825,9158,2176,3,"['ENSG00000125730', 'ENSG00000111790', 'ENSG00000138685']","['ENSG00000125730', 'ENSG00000111790', 'ENSG00000138685', 'ENSG00000118523', 'ENSG00000108691', 'ENSG00000108848']",0.43897974,fold_12
4.1,level2,FB4,8241,0.23323615160349853,0.2497535326979954,0.18444363548113094,494210,4566,6721,1520,3,"['ENSG00000140285', 'ENSG00000139163', 'ENSG00000138685']","['ENSG00000140285', 'ENSG00000139163', 'ENSG00000138685', 'ENSG00000169554', 'ENSG00000109920', 'ENSG00000108848', 'ENSG00000108691']",0.36089134,fold_12
4.1,level2,LASP1,30970,0.6342690854724814,0.6396311502995221,0.6136906683887633,465339,10708,11964,19006,2,"['ENSG00000157765', 'ENSG00000125730']","['ENSG00000157765', 'ENSG00000152229', 'ENSG00000125730', 'ENSG00000001630', 'ENSG00000137714', 'ENSG00000168259', 'ENSG00000102554', 'ENSG00000105355', 'ENSG00000141232', 'ENSG00000103187']",0.47801837,fold_12
4.1,level2,LASP2,30970,0.28140963812381664,0.27602417730020146,0.3052308685824992,451253,24794,21517,9453,2,"['ENSG00000138685', 'ENSG00000102554']","['ENSG00000137714', 'ENSG00000138685', 'ENSG00000102554', 'ENSG00000103187', 'ENSG00000166337', 'ENSG00000109920', 'ENSG00000214253', 'ENSG00000108848', 'ENSG00000108691']",0.19165362,fold_12
4.1,level2,LASP3,30970,0.3152433259802818,0.32853735778238263,0.2713270907329674,458873,17174,22567,8403,3,"['ENSG00000162613', 'ENSG00000102554', 'ENSG00000105355']","['ENSG00000162613', 'ENSG00000168259', 'ENSG00000001630', 'ENSG00000102554', 'ENSG00000105355', 'ENSG00000139163', 'ENSG00000103187', 'ENSG00000166337', 'ENSG00000109920', 'ENSG00000214253']",0.23234232,fold_12
4.1,level2,LASP4,7976,0.08161544945972872,0.07069366080318619,0.2136409227683049,476641,22400,6272,1704,3,"['ENSG00000141232', 'ENSG00000102554', 'ENSG00000104823']","['ENSG00000141232', 'ENSG00000102554', 'ENSG00000104823', 'ENSG00000166337', 'ENSG00000214253', 'ENSG00000109920', 'ENSG00000108848']",0.15585773,fold_12
4.1,level2,LASP5,209,0.4642313546423135,0.5446428571428571,0.291866028708134,506757,51,148,61,3,"['ENSG00000011426', 'ENSG00000164087', 'ENSG00000106462']","['ENSG00000011426', 'ENSG00000164087', 'ENSG00000106462', 'ENSG00000179051', 'ENSG00000176402', 'ENSG00000170430', 'ENSG00000162613', 'ENSG00000145365', 'ENSG00000152229', 'ENSG00000157765']",1.0,fold_12
4.1,level2,LE1,8407,0.13195183757928355,0.12078786630979342,0.2093493517307006,485799,12811,6647,1760,2,"['ENSG00000039560', 'ENSG00000108691']","['ENSG00000039560', 'ENSG00000108691']",0.51907575,fold_12
4.1,level2,LE2,5349,0.40875121227679845,0.47060755336617405,0.2679005421574126,500056,1612,3916,1433,2,"['ENSG00000184058', 'ENSG00000118523']","['ENSG00000184058', 'ENSG00000118523', 'ENSG00000108691']",0.6065717,fold_12
4.1,level2,LHS1,30970,0.41367059826630664,0.5910659898477157,0.18798837584759445,472019,4028,25148,5822,3,"['ENSG00000137845', 'ENSG00000188994', 'ENSG00000048544']","['ENSG00000137845', 'ENSG00000188994', 'ENSG00000048544', 'ENSG00000166337', 'ENSG00000214253', 'ENSG00000108848', 'ENSG00000183726']",0.5280537,fold_12
4.1,level2,LHS2,18115,0.20468353683713797,0.2543366723674566,0.11493237648357714,482798,6104,16033,2082,3,"['ENSG00000141232', 'ENSG00000104823', 'ENSG00000214253']","['ENSG00000141232', 'ENSG00000104823', 'ENSG00000214253']",0.17505677,fold_12
4.1,level2,LHS3,11373,0.14017847057494634,0.1509181563906117,0.10911808669656203,488662,6982,10132,1241,5,"['ENSG00000048544', 'ENSG00000001630', 'ENSG00000166337', 'ENSG00000214253', 'ENSG00000109920']","['ENSG00000048544', 'ENSG00000001630', 'ENSG00000166337', 'ENSG00000214253', 'ENSG00000109920']",0.15437682,fold_12
4.1,level2,Macro,2492,0.12933732784832766,0.1095747703381002,0.4642857142857143,495123,9402,1335,1157,2,"['ENSG00000176788', 'ENSG00000169554']","['ENSG00000176788', 'ENSG00000169554']",0.217704,fold_12
4.1,level2,Macro-lipo,56,0.08333333333333333,1.0,0.017857142857142856,506961,0,55,1,2,"['ENSG00000203485', 'ENSG00000137714']","['ENSG00000196498', 'ENSG00000116604', 'ENSG00000203485', 'ENSG00000137714', 'ENSG00000278311', 'ENSG00000168259', 'ENSG00000176788', 'ENSG00000105355', 'ENSG00000104823', 'ENSG00000103187']",0.7506387,fold_12
4.1,level2,NK,183,0.001308357087283118,0.001047354382828974,0.4098360655737705,435300,71534,108,75,1,['ENSG00000108848'],['ENSG00000108848'],0.08642046,fold_12
4.1,level2,PV1,27410,0.27794171252017846,0.29175966838245343,0.23367384166362642,464059,15548,21005,6405,2,"['ENSG00000169554', 'ENSG00000109920']","['ENSG00000169554', 'ENSG00000109920', 'ENSG00000108691']",0.1382326,fold_12
4.1,level2,PV2,14828,0.11515313628460612,0.10226260466773561,0.23226328567574858,461955,30234,11384,3444,2,"['ENSG00000169554', 'ENSG00000108848']","['ENSG00000169554', 'ENSG00000108848']",0.07789036,fold_12
4.1,level2,PV3,22317,0.08156369457271342,0.0670205319645357,0.6178249764753327,292760,191940,8529,13788,1,['ENSG00000108691'],['ENSG00000108691'],0.06359638,fold_12
4.1,level2,PV4,20158,0.39955431754874654,0.4122312909529831,0.35578926480801665,476633,10226,12986,7172,2,"['ENSG00000169554', 'ENSG00000108691']","['ENSG00000118523', 'ENSG00000169554', 'ENSG00000108691']",0.14092469,fold_12
4.1,level2,PV5,5534,0.027854339335975923,0.022485455212537343,0.6201662450307192,352283,149200,2102,3432,1,['ENSG00000108691'],['ENSG00000108691'],0.0956249,fold_12
4.1,level2,Plasma_cell,623,0.010557474099654662,0.008551106848877168,0.17174959871589085,493988,12406,516,107,3,"['ENSG00000145365', 'ENSG00000151461', 'ENSG00000108848']","['ENSG00000145365', 'ENSG00000151461', 'ENSG00000108848']",0.34481063,fold_12
4.1,level2,VEA,29436,0.12324463063488317,0.12593737046388062,0.11353444761516511,454386,23195,26094,3342,1,['ENSG00000108691'],['ENSG00000108691'],0.041257042,fold_12
4.1,level2,VEAT,28785,0.3711544159108503,0.40960869106634323,0.26982803543512246,467037,11195,21018,7767,2,"['ENSG00000162444', 'ENSG00000108848']","['ENSG00000162444', 'ENSG00000109920', 'ENSG00000108848', 'ENSG00000183726']",0.1926624,fold_12
4.1,level2,VEC,14024,0.42860573075076036,0.4766355140186916,0.30547632629777527,488289,4704,9740,4284,2,"['ENSG00000162444', 'ENSG00000108691']","['ENSG00000162444', 'ENSG00000108691']",0.3302592,fold_12
4.1,level2,VEV,30970,0.03309038676384529,0.031694267515923566,0.04016790442363578,438041,38006,29726,1244,1,['ENSG00000108691'],['ENSG00000108691'],0.022684995,fold_12
4.1,level2,BMYO1,30074,0.31529533993867676,0.2889349020822045,0.4964753607767507,440198,36745,15143,14931,1,['ENSG00000196878'],"['ENSG00000196878', 'ENSG00000075142', 'ENSG00000106588']",0.22912566,fold_13
4.1,level2,BMYO2,1471,0.011742835581896155,0.009445414976460486,0.433718558803535,438638,66908,833,638,1,['ENSG00000182463'],['ENSG00000182463'],0.25370222,fold_13
4.1,level2,B_mem_switched,1619,0.010779102101777521,0.008650805542193378,0.6775787523162446,379686,125712,522,1097,1,['ENSG00000265972'],['ENSG00000265972'],0.09188453,fold_13
4.1,level2,B_naive,866,0.13188745603751464,0.21428571428571427,0.05196304849884527,505986,165,821,45,2,"['ENSG00000117906', 'ENSG00000265972']","['ENSG00000117906', 'ENSG00000265972']",0.32436186,fold_13
4.1,level2,CD4_Th,1802,0.011638161604186847,0.009351132106521592,0.5360710321864595,402878,102337,836,966,1,['ENSG00000265972'],['ENSG00000265972'],0.08633194,fold_13
4.1,level2,CD4_naive,1914,0.05569079226697614,0.04579308739671826,0.4111807732497388,488704,16399,1127,787,1,['ENSG00000265972'],['ENSG00000265972'],0.14043537,fold_13
4.1,level2,CD8_Tc1,2984,0.01995714519494334,0.016088471131449303,0.5231233243967829,408568,95465,1423,1561,1,['ENSG00000265972'],['ENSG00000265972'],0.08682603,fold_13
4.1,level2,CD8_Trm,9426,0.0595137406220426,0.048659458550215404,0.5524082325482708,395789,101802,4219,5207,1,['ENSG00000265972'],['ENSG00000265972'],0.086259305,fold_13
4.1,level2,DC,243,0.0007422845562231642,0.0005939937561586562,0.5308641975308642,289729,217045,114,129,1,['ENSG00000183172'],"['ENSG00000131508', 'ENSG00000183172']",0.049994584,fold_13
4.1,level2,DDC1,705,0.09424218951717016,0.09217171717171717,0.10354609929078014,505593,719,632,73,5,"['ENSG00000133048', 'ENSG00000169689', 'ENSG00000196878', 'ENSG00000013275', 'ENSG00000138085']","['ENSG00000133048', 'ENSG00000136718', 'ENSG00000169689', 'ENSG00000196878', 'ENSG00000013275', 'ENSG00000138085', 'ENSG00000160209', 'ENSG00000135047', 'ENSG00000075142', 'ENSG00000143222']",0.16355236,fold_13
4.1,level2,DDC2,261,0.0357593605384939,0.03213610586011342,0.06513409961685823,506244,512,244,17,6,"['ENSG00000262814', 'ENSG00000136718', 'ENSG00000133048', 'ENSG00000169689', 'ENSG00000138085', 'ENSG00000196878']","['ENSG00000262814', 'ENSG00000136718', 'ENSG00000133048', 'ENSG00000169689', 'ENSG00000138085', 'ENSG00000196878', 'ENSG00000160209', 'ENSG00000013275', 'ENSG00000075142', 'ENSG00000183172']",0.23120281,fold_13
4.1,level2,FB1,30970,0.1872870779505515,0.18141472446090176,0.21514368743945753,445982,30065,24307,6663,2,"['ENSG00000135047', 'ENSG00000265972']","['ENSG00000135047', 'ENSG00000265972']",0.047270857,fold_13
4.1,level2,FB2,30970,0.4069813067976708,0.43012357966326614,0.33490474652889896,462305,13742,20598,10372,2,"['ENSG00000138448', 'ENSG00000135047']","['ENSG00000138448', 'ENSG00000135047', 'ENSG00000135241', 'ENSG00000013275', 'ENSG00000173436']",0.1675773,fold_13
4.1,level2,FB3,11334,0.1999934908546508,0.25350660066006603,0.10843479795306159,492064,3619,10105,1229,5,"['ENSG00000135241', 'ENSG00000135047', 'ENSG00000013275', 'ENSG00000173436', 'ENSG00000131508']","['ENSG00000135241', 'ENSG00000135047', 'ENSG00000013275', 'ENSG00000173436', 'ENSG00000075142', 'ENSG00000131508', 'ENSG00000183172']",0.092390135,fold_13
4.1,level2,FB4,8241,0.12209029315086872,0.11973684210526316,0.13250819075354933,490748,8028,7149,1092,4,"['ENSG00000138448', 'ENSG00000135241', 'ENSG00000135047', 'ENSG00000013275']","['ENSG00000138448', 'ENSG00000135241', 'ENSG00000135047', 'ENSG00000013275', 'ENSG00000131508', 'ENSG00000173436']",0.13545433,fold_13
4.1,level2,ILC,179,0.0008138523278982965,0.000651299979787242,0.4860335195530726,373346,133492,92,87,1,['ENSG00000265972'],['ENSG00000265972'],0.060884655,fold_13
4.1,level2,LASP1,30970,0.4592106579756136,0.4718020267293288,0.414917662253794,461661,14386,18120,12850,2,"['ENSG00000158716', 'ENSG00000133048']","['ENSG00000158716', 'ENSG00000149418', 'ENSG00000188112', 'ENSG00000262814', 'ENSG00000133048', 'ENSG00000133030', 'ENSG00000196878', 'ENSG00000138085', 'ENSG00000160209', 'ENSG00000143222']",0.6474221,fold_13
4.1,level2,LASP2,30970,0.3572916833619156,0.380191012194082,0.28792379722311917,461510,14537,22053,8917,2,"['ENSG00000188112', 'ENSG00000133048']","['ENSG00000149418', 'ENSG00000188112', 'ENSG00000133030', 'ENSG00000133048', 'ENSG00000196878', 'ENSG00000160209', 'ENSG00000135241', 'ENSG00000075142', 'ENSG00000143222', 'ENSG00000131508']",0.2915486,fold_13
4.1,level2,LASP3,30970,0.27391154664273154,0.2706618473407648,0.28773006134969326,452035,24012,22059,8911,2,"['ENSG00000054523', 'ENSG00000188112']","['ENSG00000054523', 'ENSG00000188112', 'ENSG00000135018', 'ENSG00000133030', 'ENSG00000169689', 'ENSG00000196878', 'ENSG00000112697', 'ENSG00000160209', 'ENSG00000013275', 'ENSG00000135241']",0.3033822,fold_13
4.1,level2,LASP4,7976,0.06912813681677553,0.06048500798947269,0.1613590772316951,479050,19991,6689,1287,5,"['ENSG00000169689', 'ENSG00000138085', 'ENSG00000143222', 'ENSG00000183172', 'ENSG00000265972']","['ENSG00000169689', 'ENSG00000138085', 'ENSG00000143222', 'ENSG00000183172', 'ENSG00000131508', 'ENSG00000265972', 'ENSG00000173436']",0.092324205,fold_13
4.1,level2,LASP5,209,0.37786774628879893,0.42105263157894735,0.2679425837320574,506731,77,153,56,4,"['ENSG00000145386', 'ENSG00000092140', 'ENSG00000094916', 'ENSG00000075914']","['ENSG00000145386', 'ENSG00000092140', 'ENSG00000094916', 'ENSG00000096080', 'ENSG00000148291', 'ENSG00000075914', 'ENSG00000121691', 'ENSG00000117906', 'ENSG00000262814', 'ENSG00000169689']",1.0,fold_13
4.1,level2,LE1,8407,0.08305274971941638,0.06842883969726285,0.5721422624003807,433128,65482,3597,4810,1,['ENSG00000182463'],['ENSG00000182463'],0.38488632,fold_13
4.1,level2,LE2,5349,0.05090153514852733,0.04152101753664483,0.5285100018695084,436409,65259,2522,2827,1,['ENSG00000182463'],['ENSG00000182463'],0.36141145,fold_13
4.1,level2,LHS1,30970,0.2988360601734929,0.36226289517470883,0.17575072650952533,466465,9582,25527,5443,4,"['ENSG00000028203', 'ENSG00000138448', 'ENSG00000075142', 'ENSG00000143222']","['ENSG00000028203', 'ENSG00000138448', 'ENSG00000112697', 'ENSG00000075142', 'ENSG00000143222', 'ENSG00000131508', 'ENSG00000183172', 'ENSG00000173436']",0.14272726,fold_13
4.1,level2,LHS2,18115,0.21972621972621972,0.3051177904142973,0.10367099089152636,484625,4277,16237,1878,4,"['ENSG00000138085', 'ENSG00000075142', 'ENSG00000173436', 'ENSG00000183172']","['ENSG00000116667', 'ENSG00000138085', 'ENSG00000143222', 'ENSG00000075142', 'ENSG00000173436', 'ENSG00000183172']",0.07820144,fold_13
4.1,level2,LHS3,11373,0.09768703233043206,0.09319967488485505,0.12098830563615581,482256,13388,9997,1376,4,"['ENSG00000135018', 'ENSG00000028203', 'ENSG00000112697', 'ENSG00000013275']","['ENSG00000135018', 'ENSG00000028203', 'ENSG00000112697', 'ENSG00000116667', 'ENSG00000160209', 'ENSG00000013275', 'ENSG00000143222', 'ENSG00000075142', 'ENSG00000183172', 'ENSG00000131508']",0.25542328,fold_13
4.1,level2,Macro,2492,0.46735905044510384,0.6951724137931035,0.20224719101123595,504304,221,1988,504,2,"['ENSG00000143226', 'ENSG00000102393']","['ENSG00000143226', 'ENSG00000102393', 'ENSG00000135047', 'ENSG00000135241']",0.5863612,fold_13
4.1,level2,Macro-lipo,56,0.03333333333333333,0.0273972602739726,0.25,506464,497,42,14,6,"['ENSG00000178927', 'ENSG00000111275', 'ENSG00000179918', 'ENSG00000132522', 'ENSG00000102393', 'ENSG00000161057']","['ENSG00000178927', 'ENSG00000111275', 'ENSG00000179918', 'ENSG00000132522', 'ENSG00000102393', 'ENSG00000161057', 'ENSG00000143226', 'ENSG00000138448', 'ENSG00000135047', 'ENSG00000138085']",0.7855902,fold_13
4.1,level2,PV1,27410,0.23337507153096088,0.20241780922895475,0.6010944910616564,414687,64920,10934,16476,1,['ENSG00000135047'],"['ENSG00000135047', 'ENSG00000135241']",0.117435604,fold_13
4.1,level2,PV2,14828,0.18713503649635035,0.20524367056939857,0.13831939573779337,484247,7942,12777,2051,3,"['ENSG00000109906', 'ENSG00000133030', 'ENSG00000135047']","['ENSG00000109906', 'ENSG00000133030', 'ENSG00000135241', 'ENSG00000135047', 'ENSG00000173436']",0.31684482,fold_13
4.1,level2,Plasma_cell,623,0.05470459518599562,0.05434782608695652,0.056179775280898875,505785,609,588,35,6,"['ENSG00000147535', 'ENSG00000160209', 'ENSG00000183172', 'ENSG00000143222', 'ENSG00000131508', 'ENSG00000265972']","['ENSG00000147535', 'ENSG00000160209', 'ENSG00000183172', 'ENSG00000143222', 'ENSG00000131508', 'ENSG00000265972']",0.08000322,fold_13
4.1,level2,VEA,29436,0.16140259140544358,0.14346074333398723,0.3229718711781492,420819,56762,19929,9507,1,['ENSG00000265972'],"['ENSG00000116667', 'ENSG00000265972']",0.059010614,fold_13
4.1,level2,VEAT,28785,0.23593745988549716,0.25044283962392694,0.19155810317873892,461729,16503,23271,5514,2,"['ENSG00000116667', 'ENSG00000138448']","['ENSG00000116667', 'ENSG00000138448', 'ENSG00000112697', 'ENSG00000075142']",0.26662004,fold_13
4.1,level2,VEC,14024,0.16491849204773565,0.14299376001147585,0.4264831717056475,457147,35846,8043,5981,1,['ENSG00000265972'],['ENSG00000265972'],0.11112821,fold_13
4.1,level2,VEV,30970,0.1635718894593745,0.14307593974988242,0.38308040038747176,404990,71057,19106,11864,1,['ENSG00000116667'],['ENSG00000116667'],0.2539836,fold_13
4.1,level2,BMYO2,1471,0.010502360242112074,0.008441466945060013,0.4479945615227736,428138,77408,812,659,1,['ENSG00000173110'],['ENSG00000173110'],0.10668635,fold_14
4.1,level2,CD8_Tc1,2984,0.022482506845147552,0.018150781662552653,0.4953083109919571,424082,79951,1506,1478,1,['ENSG00000173110'],['ENSG00000173110'],0.13403034,fold_14
4.1,level2,CD8_Tem,1075,0.06507113709054814,0.05332128332580208,0.5488372093023256,495467,10475,485,590,1,['ENSG00000275302'],['ENSG00000275302'],0.25490808,fold_14
4.1,level2,DC,243,0.05710850616170724,0.04928664072632944,0.15637860082304528,506041,733,205,38,4,"['ENSG00000131378', 'ENSG00000056558', 'ENSG00000115594', 'ENSG00000071127']","['ENSG00000131378', 'ENSG00000056558', 'ENSG00000115594', 'ENSG00000107341', 'ENSG00000071127', 'ENSG00000104856', 'ENSG00000091164']",0.37945715,fold_14
4.1,level2,DDC1,705,0.11072133304099978,0.10477178423236515,0.14326241134751774,505449,863,604,101,4,"['ENSG00000189306', 'ENSG00000102030', 'ENSG00000108244', 'ENSG00000130303']","['ENSG00000189306', 'ENSG00000102030', 'ENSG00000108244', 'ENSG00000116898', 'ENSG00000130303', 'ENSG00000105202', 'ENSG00000198818', 'ENSG00000160862', 'ENSG00000106400', 'ENSG00000071127']",0.19385281,fold_14
4.1,level2,DDC2,261,0.025353132922854037,0.0224,0.05363984674329502,506145,611,247,14,5,"['ENSG00000106077', 'ENSG00000172586', 'ENSG00000189306', 'ENSG00000101457', 'ENSG00000108828']","['ENSG00000106077', 'ENSG00000185499', 'ENSG00000172586', 'ENSG00000189306', 'ENSG00000101457', 'ENSG00000108828', 'ENSG00000102030', 'ENSG00000108244', 'ENSG00000116898', 'ENSG00000198818']",0.35307166,fold_14
4.1,level2,FB1,30970,0.26280495792500735,0.23272385792410097,0.5441394898288666,420487,55560,14118,16852,1,['ENSG00000173110'],['ENSG00000173110'],0.19083072,fold_14
4.1,level2,FB2,30970,0.2967724943734138,0.3153676532948859,0.24013561511139814,459902,16145,23533,7437,3,"['ENSG00000115594', 'ENSG00000189266', 'ENSG00000104856']","['ENSG00000115594', 'ENSG00000189266', 'ENSG00000107341', 'ENSG00000104856']",0.12575267,fold_14
4.1,level2,FB3,11334,0.2002282568560975,0.1978113082407561,0.21051702841009354,486007,9676,8948,2386,4,"['ENSG00000083799', 'ENSG00000115594', 'ENSG00000102172', 'ENSG00000107341']","['ENSG00000083799', 'ENSG00000115594', 'ENSG00000173110', 'ENSG00000189266', 'ENSG00000102172', 'ENSG00000107341', 'ENSG00000091164', 'ENSG00000104856']",0.105387285,fold_14
4.1,level2,FB4,8241,0.09347637453656228,0.08595676773538373,0.1437932289770659,486175,12601,7056,1185,4,"['ENSG00000083799', 'ENSG00000115594', 'ENSG00000105202', 'ENSG00000189266']","['ENSG00000083799', 'ENSG00000115594', 'ENSG00000105202', 'ENSG00000189266', 'ENSG00000107341', 'ENSG00000104856', 'ENSG00000091164']",0.14590573,fold_14
4.1,level2,ILC,179,0.001407485548393334,0.0011265618243473908,0.553072625698324,419059,87779,80,99,1,['ENSG00000115594'],['ENSG00000115594'],0.15583333,fold_14
4.1,level2,LASP1,30970,0.5195020658060925,0.6216856667093634,0.3134323538908621,470140,5907,21263,9707,3,"['ENSG00000152229', 'ENSG00000185499', 'ENSG00000101457']","['ENSG00000152229', 'ENSG00000112699', 'ENSG00000185499', 'ENSG00000101457', 'ENSG00000181467', 'ENSG00000116898', 'ENSG00000102030', 'ENSG00000108244', 'ENSG00000198818', 'ENSG00000198561']",0.4925979,fold_14
4.1,level2,LASP2,30970,0.38192356991345183,0.3706414948950106,0.4348724572166613,453178,22869,17502,13468,2,"['ENSG00000108244', 'ENSG00000083799']","['ENSG00000181467', 'ENSG00000108244', 'ENSG00000124225', 'ENSG00000083799', 'ENSG00000198818', 'ENSG00000105202', 'ENSG00000102172', 'ENSG00000071127', 'ENSG00000160862', 'ENSG00000107341']",0.15567687,fold_14
4.1,level2,LASP3,30970,0.3902357807917419,0.3894178541759857,0.39354213755247014,456937,19110,18782,12188,3,"['ENSG00000181467', 'ENSG00000153714', 'ENSG00000105202']","['ENSG00000181467', 'ENSG00000153714', 'ENSG00000101457', 'ENSG00000112110', 'ENSG00000150593', 'ENSG00000105202', 'ENSG00000108244', 'ENSG00000116898', 'ENSG00000198818', 'ENSG00000083799']",0.24759154,fold_14
4.1,level2,LASP4,7976,0.35357321339330333,0.5637450199203188,0.141925777331996,498165,876,6844,1132,4,"['ENSG00000110011', 'ENSG00000150593', 'ENSG00000173110', 'ENSG00000105202']","['ENSG00000110011', 'ENSG00000112110', 'ENSG00000150593', 'ENSG00000173110', 'ENSG00000120071', 'ENSG00000105202', 'ENSG00000198561', 'ENSG00000106400', 'ENSG00000160862', 'ENSG00000102172']",0.22201672,fold_14
4.1,level2,LASP5,209,0.5279503105590062,0.5704697986577181,0.40669856459330145,506744,64,124,85,3,"['ENSG00000129810', 'ENSG00000137807', 'ENSG00000112699']","['ENSG00000129810', 'ENSG00000137807', 'ENSG00000189283', 'ENSG00000095739', 'ENSG00000112699', 'ENSG00000152229', 'ENSG00000112110', 'ENSG00000101457', 'ENSG00000150593', 'ENSG00000116898']",1.0,fold_14
4.1,level2,LE1,8407,0.2174726882891468,0.2437070938215103,0.15201617699536102,494644,3966,7129,1278,2,"['ENSG00000182809', 'ENSG00000083799']","['ENSG00000182809', 'ENSG00000083799']",0.31336272,fold_14
4.1,level2,LE2,5349,0.27840481565086533,0.3226022803487592,0.1798467003178164,499648,2020,4387,962,3,"['ENSG00000131477', 'ENSG00000182809', 'ENSG00000173110']","['ENSG00000131477', 'ENSG00000182809', 'ENSG00000173110']",0.64914876,fold_14
4.1,level2,LHS1,30970,0.3605665875758396,0.3828626986810957,0.29244430093639007,461448,14599,21913,9057,3,"['ENSG00000108828', 'ENSG00000198561', 'ENSG00000160862']","['ENSG00000153714', 'ENSG00000108828', 'ENSG00000198561', 'ENSG00000120071', 'ENSG00000124225', 'ENSG00000160862', 'ENSG00000071127', 'ENSG00000102172', 'ENSG00000189266', 'ENSG00000107341']",0.20211636,fold_14
4.1,level2,LHS2,18115,0.3751846747861497,0.38723731419784724,0.3336461495997792,479338,9564,12071,6044,2,"['ENSG00000160862', 'ENSG00000106400']","['ENSG00000198561', 'ENSG00000160862', 'ENSG00000106400', 'ENSG00000102172', 'ENSG00000189266']",0.12405897,fold_14
4.1,level2,LHS3,11373,0.39895573538119244,0.40099188458070334,0.391013804624989,489001,6643,6926,4447,2,"['ENSG00000153714', 'ENSG00000160862']","['ENSG00000153714', 'ENSG00000135018', 'ENSG00000120071', 'ENSG00000124225', 'ENSG00000198561', 'ENSG00000160862', 'ENSG00000108244', 'ENSG00000106400', 'ENSG00000189266', 'ENSG00000104856']",0.27794212,fold_14
4.1,level2,Macro,2492,0.60511690302798,0.6359516616314199,0.5068218298555377,503802,723,1229,1263,1,['ENSG00000197405'],"['ENSG00000197405', 'ENSG00000056558', 'ENSG00000275302']",0.63936216,fold_14
4.1,level2,Macro-lipo,56,0.3888888888888889,0.45161290322580644,0.25,506944,17,42,14,5,"['ENSG00000110719', 'ENSG00000164823', 'ENSG00000204463', 'ENSG00000197405', 'ENSG00000108828']","['ENSG00000110719', 'ENSG00000164823', 'ENSG00000204463', 'ENSG00000131378', 'ENSG00000197405', 'ENSG00000108828', 'ENSG00000172586', 'ENSG00000102030', 'ENSG00000116898', 'ENSG00000198818']",0.5766597,fold_14
4.1,level2,NKT,282,0.022850112053434107,0.01839405730456314,0.7375886524822695,495635,11100,74,208,1,['ENSG00000275302'],['ENSG00000275302'],0.3457086,fold_14
4.1,level2,PV1,27410,0.4105778254457702,0.5192878338278932,0.223458591754834,473937,5670,21285,6125,2,"['ENSG00000124225', 'ENSG00000115594']","['ENSG00000124225', 'ENSG00000115594', 'ENSG00000104856']",0.22337481,fold_14
4.1,level2,PV2,14828,0.1119503405022115,0.09806785567855679,0.25809279741030483,456992,35197,11001,3827,2,"['ENSG00000115594', 'ENSG00000104856']","['ENSG00000115594', 'ENSG00000189266', 'ENSG00000104856']",0.11377019,fold_14
4.1,level2,PV3,22317,0.3073899877585207,0.34517435971639415,0.21378321458977462,475649,9051,17546,4771,2,"['ENSG00000173110', 'ENSG00000130303']","['ENSG00000173110', 'ENSG00000130303']",0.15504958,fold_14
4.1,level2,PV4,20158,0.14659180932042848,0.12602342211628148,0.42226411350332377,427828,59031,11646,8512,1,['ENSG00000124225'],['ENSG00000124225'],0.2502436,fold_14
4.1,level2,Plasma_cell,623,0.004729505874670495,0.0037949567529040086,0.3162118780096308,454680,51714,426,197,2,"['ENSG00000150593', 'ENSG00000104856']","['ENSG00000150593', 'ENSG00000104856']",0.12997165,fold_14
4.1,level2,VEA,29436,0.26900669320228593,0.2573114963309582,0.3287810843864655,449647,27934,19758,9678,1,['ENSG00000130303'],['ENSG00000130303'],0.19712058,fold_14
4.1,level2,VEAT,28785,0.2487393791062393,0.26525984543477255,0.19913149209657807,462355,15877,23053,5732,2,"['ENSG00000130303', 'ENSG00000091164']","['ENSG00000130303', 'ENSG00000071127', 'ENSG00000091164', 'ENSG00000107341']",0.11788832,fold_14
4.1,level2,VEC,14024,0.23541382889018617,0.21249268149882905,0.41407586993725043,471472,21521,8217,5807,1,['ENSG00000130303'],['ENSG00000130303'],0.25911212,fold_14
4.1,level2,VEV,30970,0.1622711294003965,0.17495172661547442,0.1257991604778818,457674,18373,27074,3896,2,"['ENSG00000130303', 'ENSG00000091164']","['ENSG00000130303', 'ENSG00000091164']",0.091434866,fold_14
4.1,level2,BMYO1,30074,0.40059847431196527,0.40631233969791963,0.3792644809469974,460277,16666,18668,11406,1,['ENSG00000105281'],"['ENSG00000105281', 'ENSG00000115091', 'ENSG00000138668', 'ENSG00000182196']",0.25022617,fold_15
4.1,level2,BMYO2,1471,0.10953780390061447,0.1443661971830986,0.0557443915703603,505060,486,1389,82,3,"['ENSG00000122591', 'ENSG00000151929', 'ENSG00000116560']","['ENSG00000122591', 'ENSG00000151929', 'ENSG00000114416', 'ENSG00000116560']",0.21384212,fold_15
4.1,level2,B_mem_switched,1619,0.329153605015674,0.3303964757709251,0.3242742433600988,504334,1064,1094,525,2,"['ENSG00000162511', 'ENSG00000127528']","['ENSG00000162511', 'ENSG00000127528']",0.16314617,fold_15
4.1,level2,B_mem_unswitched,476,0.027965062825620595,0.022787576088653037,0.3067226890756303,500280,6261,330,146,2,"['ENSG00000114861', 'ENSG00000162511']","['ENSG00000114861', 'ENSG00000162511']",0.1302903,fold_15
4.1,level2,B_naive,866,0.33154121863799285,0.38461538461538464,0.21362586605080833,505855,296,681,185,2,"['ENSG00000162511', 'ENSG00000127528']","['ENSG00000162511', 'ENSG00000127528', 'ENSG00000114861']",0.17787287,fold_15
4.1,level2,CD4_Th,1802,0.09927500411929478,0.09326625386996903,0.13374028856825748,502872,2343,1561,241,3,"['ENSG00000114861', 'ENSG00000173762', 'ENSG00000162511']","['ENSG00000114861', 'ENSG00000173762', 'ENSG00000162511']",0.09536781,fold_15
4.1,level2,CD4_naive,1914,0.13230177623145944,0.1283303730017762,0.1509926854754441,503140,1963,1625,289,3,"['ENSG00000114861', 'ENSG00000162511', 'ENSG00000173762']","['ENSG00000114861', 'ENSG00000162511', 'ENSG00000173762']",0.112482585,fold_15
4.1,level2,CD8_Tc1,2984,0.14100830596870775,0.11849847818735204,0.5871313672922251,491000,13033,1232,1752,1,['ENSG00000173762'],['ENSG00000173762'],0.10049689,fold_15
4.1,level2,CD8_Tem,1075,0.06943578969857746,0.05663254192986277,0.7255813953488373,492949,12993,295,780,1,['ENSG00000173762'],['ENSG00000173762'],0.13687043,fold_15
4.1,level2,CD8_Trm,9426,0.6340050996897176,0.5930742151016596,0.8757691491618926,491927,5664,1171,8255,1,['ENSG00000173762'],['ENSG00000173762'],0.15425812,fold_15
4.1,level2,DC,243,0.3424657534246575,0.5223880597014925,0.1440329218106996,506742,32,208,35,3,"['ENSG00000131203', 'ENSG00000153898', 'ENSG00000114861']","['ENSG00000131203', 'ENSG00000153898', 'ENSG00000087088', 'ENSG00000119801', 'ENSG00000114861', 'ENSG00000162511', 'ENSG00000187837', 'ENSG00000115091', 'ENSG00000182196']",1.0,fold_15
4.1,level2,DDC1,705,0.04508972855983407,0.03852080123266564,0.14184397163120568,503816,2496,605,100,6,"['ENSG00000253276', 'ENSG00000105281', 'ENSG00000106400', 'ENSG00000124226', 'ENSG00000100804', 'ENSG00000187837']","['ENSG00000253276', 'ENSG00000105281', 'ENSG00000106400', 'ENSG00000124226', 'ENSG00000100804', 'ENSG00000187837', 'ENSG00000182196']",0.10653289,fold_15
4.1,level2,DDC2,261,0.027977617905675458,0.024054982817869417,0.08045977011494253,505904,852,240,21,5,"['ENSG00000106077', 'ENSG00000128626', 'ENSG00000120675', 'ENSG00000105281', 'ENSG00000106400']","['ENSG00000106077', 'ENSG00000128626', 'ENSG00000120675', 'ENSG00000087088', 'ENSG00000105281', 'ENSG00000106400', 'ENSG00000124226', 'ENSG00000100804', 'ENSG00000187837', 'ENSG00000182196']",0.36988902,fold_15
4.1,level2,FB1,30970,0.1712209346398953,0.1486062679562252,0.4375847594446238,398405,77642,17418,13552,1,['ENSG00000151929'],['ENSG00000151929'],0.17581508,fold_15
4.1,level2,FB2,30970,0.2421698201636337,0.24441666385106597,0.23358088472715532,453684,22363,23736,7234,2,"['ENSG00000003989', 'ENSG00000100804']","['ENSG00000003989', 'ENSG00000141867', 'ENSG00000138668', 'ENSG00000100804']",0.5306498,fold_15
4.1,level2,FB3,11334,0.13302709868360205,0.1289503175196115,0.15228515969648845,484024,11659,9608,1726,3,"['ENSG00000253276', 'ENSG00000151929', 'ENSG00000100804']","['ENSG00000253276', 'ENSG00000151929', 'ENSG00000114416', 'ENSG00000124226', 'ENSG00000119801', 'ENSG00000100804', 'ENSG00000138668', 'ENSG00000182196']",0.111243956,fold_15
4.1,level2,FB4,8241,0.03551998199892315,0.030431340149402734,0.10726853537192088,470611,28165,7357,884,4,"['ENSG00000124226', 'ENSG00000141867', 'ENSG00000100804', 'ENSG00000138668']","['ENSG00000124226', 'ENSG00000141867', 'ENSG00000100804', 'ENSG00000138668']",0.07139041,fold_15
4.1,level2,ILC,179,0.010724759111855886,0.008605620545919053,0.7150837988826816,492092,14746,51,128,1,['ENSG00000173762'],['ENSG00000173762'],0.12598868,fold_15
4.1,level2,LASP1,30970,0.359198081790329,0.48916099773242633,0.1741362608976429,470415,5632,25577,5393,4,"['ENSG00000149823', 'ENSG00000140464', 'ENSG00000253276', 'ENSG00000087088']","['ENSG00000149823', 'ENSG00000185608', 'ENSG00000128626', 'ENSG00000140464', 'ENSG00000253276', 'ENSG00000087088', 'ENSG00000168615', 'ENSG00000124226', 'ENSG00000100804', 'ENSG00000187837']",0.2320687,fold_15
4.1,level2,LASP2,30970,0.39797219355230407,0.4636878094788965,0.25398773006134967,466949,9098,23104,7866,3,"['ENSG00000140464', 'ENSG00000168615', 'ENSG00000124226']","['ENSG00000140464', 'ENSG00000168615', 'ENSG00000173039', 'ENSG00000124226', 'ENSG00000119801', 'ENSG00000114416', 'ENSG00000141867', 'ENSG00000187837', 'ENSG00000115091', 'ENSG00000100804']",0.22158994,fold_15
4.1,level2,LASP3,30970,0.258539449087735,0.2718706847534725,0.21614465611882466,458119,17928,24276,6694,3,"['ENSG00000125991', 'ENSG00000149823', 'ENSG00000168615']","['ENSG00000125991', 'ENSG00000149823', 'ENSG00000140464', 'ENSG00000173039', 'ENSG00000168615', 'ENSG00000106400', 'ENSG00000124226', 'ENSG00000114416', 'ENSG00000141867', 'ENSG00000119801']",0.24845737,fold_15
4.1,level2,LASP4,7976,0.11037084604270349,0.0959776633801588,0.275827482447342,478319,20722,5776,2200,4,"['ENSG00000151929', 'ENSG00000114416', 'ENSG00000106400', 'ENSG00000187837']","['ENSG00000151929', 'ENSG00000114416', 'ENSG00000106400', 'ENSG00000187837', 'ENSG00000119801', 'ENSG00000141867', 'ENSG00000100804', 'ENSG00000138668', 'ENSG00000182196']",0.10669319,fold_15
4.1,level2,LASP5,209,0.07741027445460943,0.07260726072607261,0.10526315789473684,506527,281,187,22,5,"['ENSG00000095739', 'ENSG00000179051', 'ENSG00000084092', 'ENSG00000070018', 'ENSG00000145241']","['ENSG00000095739', 'ENSG00000179051', 'ENSG00000084092', 'ENSG00000070018', 'ENSG00000102309', 'ENSG00000145241', 'ENSG00000253729', 'ENSG00000106077', 'ENSG00000149823', 'ENSG00000140464']",1.0,fold_15
4.1,level2,LE1,8407,0.19340630587414417,0.24428532084825116,0.10550731533246105,495866,2744,7520,887,3,"['ENSG00000020577', 'ENSG00000182809', 'ENSG00000114861']","['ENSG00000020577', 'ENSG00000182809', 'ENSG00000127528', 'ENSG00000114861', 'ENSG00000114416']",0.35085124,fold_15
4.1,level2,LE2,5349,0.41370176076455617,0.45828538550057535,0.2978126752664049,499785,1883,3756,1593,2,"['ENSG00000182809', 'ENSG00000162511']","['ENSG00000182809', 'ENSG00000127528', 'ENSG00000162511', 'ENSG00000114861', 'ENSG00000182196']",0.36586466,fold_15
4.1,level2,LHS1,30970,0.26212433672405405,0.3270453888407054,0.14610913787536325,466736,9311,26445,4525,4,"['ENSG00000065613', 'ENSG00000168615', 'ENSG00000187837', 'ENSG00000114861']","['ENSG00000065613', 'ENSG00000168615', 'ENSG00000187837', 'ENSG00000114861', 'ENSG00000119801', 'ENSG00000141867', 'ENSG00000124226', 'ENSG00000114416', 'ENSG00000100804', 'ENSG00000138668']",0.13525958,fold_15
4.1,level2,LHS2,18115,0.4363352599627019,0.45905517289361997,0.364228539884074,481127,7775,11517,6598,2,"['ENSG00000144218', 'ENSG00000187837']","['ENSG00000144218', 'ENSG00000116667', 'ENSG00000106400', 'ENSG00000187837', 'ENSG00000114416', 'ENSG00000119801', 'ENSG00000138668', 'ENSG00000182196']",0.5467378,fold_15
4.1,level2,LHS3,11373,0.08868645506005496,0.08104052026013006,0.1424426272751253,477274,18370,9753,1620,4,"['ENSG00000116667', 'ENSG00000106400', 'ENSG00000114861', 'ENSG00000124226']","['ENSG00000116667', 'ENSG00000173039', 'ENSG00000168615', 'ENSG00000106400', 'ENSG00000114861', 'ENSG00000124226', 'ENSG00000119801', 'ENSG00000187837', 'ENSG00000114416', 'ENSG00000141867']",0.09901981,fold_15
4.1,level2,Macro,2492,0.5708204334365325,0.8819133034379671,0.23675762439807382,504446,79,1902,590,2,"['ENSG00000129226', 'ENSG00000162511']","['ENSG00000129226', 'ENSG00000162511', 'ENSG00000115091']",0.2343456,fold_15
4.1,level2,Macro-lipo,56,0.3977272727272727,0.875,0.125,506960,1,49,7,4,"['ENSG00000160211', 'ENSG00000129226', 'ENSG00000185608', 'ENSG00000120675']","['ENSG00000171604', 'ENSG00000160211', 'ENSG00000129226', 'ENSG00000104325', 'ENSG00000185608', 'ENSG00000120675', 'ENSG00000128626', 'ENSG00000087088', 'ENSG00000162511', 'ENSG00000106400']",0.52122706,fold_15
4.1,level2,NK,183,0.03032692424334324,0.02453385672227674,0.546448087431694,502858,3976,83,100,2,"['ENSG00000134545', 'ENSG00000173762']","['ENSG00000134545', 'ENSG00000173762']",0.5778855,fold_15
4.1,level2,NKT,282,0.019982947884471917,0.016066838046272493,0.7978723404255319,492956,13779,57,225,1,['ENSG00000173762'],['ENSG00000173762'],0.13728808,fold_15
4.1,level2,PV1,27410,0.117112552165472,0.10161913818868949,0.3001824151769427,406866,72741,19182,8228,1,['ENSG00000141867'],['ENSG00000141867'],0.10278372,fold_15
4.1,level2,PV2,14828,0.0651119016370795,0.05345838384268022,0.5085648772592393,358667,133522,7287,7541,1,['ENSG00000141867'],['ENSG00000141867'],0.13439968,fold_15
4.1,level2,PV3,22317,0.1589165027075544,0.14657748293538747,0.23959313527803916,453568,31132,16970,5347,2,"['ENSG00000151929', 'ENSG00000127528']","['ENSG00000151929', 'ENSG00000127528']",0.14475298,fold_15
4.1,level2,Plasma_cell,623,0.1307596513075965,0.4666666666666667,0.033707865168539325,506370,24,602,21,2,"['ENSG00000105281', 'ENSG00000187837']","['ENSG00000105281', 'ENSG00000119801', 'ENSG00000187837', 'ENSG00000124226', 'ENSG00000182196']",0.11972137,fold_15
4.1,level2,VEA,29436,0.1949177693488143,0.1745280725917524,0.36591248810979754,426637,50944,18665,10771,1,['ENSG00000127528'],"['ENSG00000116667', 'ENSG00000127528', 'ENSG00000115091']",0.12078925,fold_15
4.1,level2,VEAT,28785,0.2841312761783575,0.32716727716727717,0.186173354177523,467211,11021,23426,5359,2,"['ENSG00000116667', 'ENSG00000105281']","['ENSG00000116667', 'ENSG00000105281', 'ENSG00000141867', 'ENSG00000115091', 'ENSG00000138668', 'ENSG00000100804', 'ENSG00000182196']",0.23274052,fold_15
4.1,level2,VEC,14024,0.17529814487632508,0.17390113651923866,0.1811180832857958,480927,12066,11484,2540,2,"['ENSG00000151929', 'ENSG00000127528']","['ENSG00000151929', 'ENSG00000127528']",0.16384049,fold_15
4.1,level2,VEV,30970,0.188611868588495,0.21170162927489458,0.13132063287051987,460903,15144,26903,4067,2,"['ENSG00000116667', 'ENSG00000115091']","['ENSG00000116667', 'ENSG00000115091', 'ENSG00000138668']",0.1633916,fold_15
