software_version,cluster_header,clusterName,clusterSize,f_score,precision,recall,TN,FP,FN,TP,marker_count,NSForest_markers,binary_genes,onTarget,fold
4.1,subclass.full,Adaptive / Maladaptive / Repairing Fibroblast,425,0.17406440382941687,0.22099447513812154,0.09411764705882353,107135,141,385,40,3,"['ENSG00000077942', 'ENSG00000163637', 'ENSG00000128512']","['ENSG00000077942', 'ENSG00000163637', 'ENSG00000166833', 'ENSG00000117859', 'ENSG00000171914', 'ENSG00000128512', 'ENSG00000132485', 'ENSG00000162599', 'ENSG00000120594', 'ENSG00000173120']",0.0862659,fold_1
4.1,subclass.full,Adaptive / Maladaptive / Repairing Proximal Tubule Epithelial Cell,5872,0.47229791099000906,0.5667574931880109,0.28337874659400547,100557,1272,4208,1664,3,"['ENSG00000109667', 'ENSG00000154310', 'ENSG00000071054']","['ENSG00000109667', 'ENSG00000154310', 'ENSG00000080493', 'ENSG00000071054', 'ENSG00000163637', 'ENSG00000171914', 'ENSG00000186094', 'ENSG00000135678', 'ENSG00000154240', 'ENSG00000112576']",0.13173884,fold_1
4.1,subclass.full,Adaptive / Maladaptive / Repairing Thick Ascending Limb Cell,2787,0.42596197035484357,0.5847893114080165,0.20416218155723,104510,404,2218,569,3,"['ENSG00000115221', 'ENSG00000163637', 'ENSG00000112576']","['ENSG00000115221', 'ENSG00000074416', 'ENSG00000163637', 'ENSG00000112576', 'ENSG00000135678', 'ENSG00000186094', 'ENSG00000166833', 'ENSG00000119707', 'ENSG00000151746', 'ENSG00000143919']",0.08485155,fold_1
4.1,subclass.full,Afferent / Efferent Arteriole Endothelial Cell,563,0.28272251308900526,0.5510204081632653,0.09591474245115453,107094,44,509,54,2,"['ENSG00000169908', 'ENSG00000182809']","['ENSG00000169908', 'ENSG00000182809', 'ENSG00000071242', 'ENSG00000168036', 'ENSG00000127947', 'ENSG00000177119', 'ENSG00000128512']",0.70733786,fold_1
4.1,subclass.full,Ascending Thin Limb Cell,1765,0.22542554822879926,0.24726661059714045,0.16657223796033993,105041,895,1471,294,3,"['ENSG00000186510', 'ENSG00000066468', 'ENSG00000163435']","['ENSG00000164199', 'ENSG00000174607', 'ENSG00000164188', 'ENSG00000186510', 'ENSG00000066468', 'ENSG00000163435', 'ENSG00000157450', 'ENSG00000154310', 'ENSG00000151746', 'ENSG00000093167']",0.12065196,fold_1
4.1,subclass.full,Ascending Vasa Recta Endothelial Cell,2580,0.4618578100674624,0.5553822152886115,0.27596899224806204,104551,570,1868,712,2,"['ENSG00000164188', 'ENSG00000128512']","['ENSG00000164188', 'ENSG00000071054', 'ENSG00000127947', 'ENSG00000154240', 'ENSG00000128512', 'ENSG00000151746', 'ENSG00000151532', 'ENSG00000162599', 'ENSG00000120594', 'ENSG00000173120']",0.14835344,fold_1
4.1,subclass.full,B Cell,422,0.13932702418506834,0.12036336109008328,0.3767772511848341,106117,1162,263,159,1,['ENSG00000112576'],['ENSG00000112576'],0.12546526,fold_1
4.1,subclass.full,Classical Dendritic Cell,58,0.47752808988764045,0.5666666666666667,0.29310344827586204,107630,13,41,17,2,"['ENSG00000122025', 'ENSG00000151702']","['ENSG00000122025', 'ENSG00000070961', 'ENSG00000196562', 'ENSG00000151702', 'ENSG00000168036', 'ENSG00000112576', 'ENSG00000119707', 'ENSG00000173120', 'ENSG00000181090', 'ENSG00000151532']",0.3704406,fold_1
4.1,subclass.full,Connecting Tubule Cell,2945,0.18344883815735832,0.19313304721030042,0.15280135823429541,102876,1880,2495,450,3,"['ENSG00000163637', 'ENSG00000186094', 'ENSG00000151746']","['ENSG00000163637', 'ENSG00000186094', 'ENSG00000151746', 'ENSG00000101126', 'ENSG00000132485', 'ENSG00000116560', 'ENSG00000136111', 'ENSG00000143919', 'ENSG00000151532', 'ENSG00000163399']",0.056806773,fold_1
4.1,subclass.full,Connecting Tubule Intercalated Cell Type A,110,0.03424657534246575,0.1111111111111111,0.00909090909090909,107583,8,109,1,2,"['ENSG00000154265', 'ENSG00000141867']","['ENSG00000132964', 'ENSG00000121774', 'ENSG00000154265', 'ENSG00000141867', 'ENSG00000153292', 'ENSG00000186510', 'ENSG00000141736', 'ENSG00000186094', 'ENSG00000077549', 'ENSG00000118816']",0.09868051,fold_1
4.1,subclass.full,Connecting Tubule Principal Cell,2145,0.262865399577637,0.2761237594862814,0.2205128205128205,104316,1240,1672,473,4,"['ENSG00000123505', 'ENSG00000240972', 'ENSG00000137714', 'ENSG00000143774']","['ENSG00000123505', 'ENSG00000240972', 'ENSG00000137714', 'ENSG00000188186', 'ENSG00000112695', 'ENSG00000143774', 'ENSG00000102144', 'ENSG00000139112', 'ENSG00000152518', 'ENSG00000145592']",0.17429455,fold_1
4.1,subclass.full,Cortical Collecting Duct Intercalated Cell Type A,3517,0.4520263249047454,0.6088646967340591,0.22263292578902474,103681,503,2734,783,2,"['ENSG00000154265', 'ENSG00000153292']","['ENSG00000123243', 'ENSG00000174607', 'ENSG00000154265', 'ENSG00000153292', 'ENSG00000139112', 'ENSG00000164327', 'ENSG00000186510', 'ENSG00000077549', 'ENSG00000136111', 'ENSG00000118816']",0.118847735,fold_1
4.1,subclass.full,Cortical Collecting Duct Principal Cell,2471,0.25793047532177965,0.2752839372633856,0.20598947794415218,103890,1340,1962,509,4,"['ENSG00000080493', 'ENSG00000186094', 'ENSG00000141736', 'ENSG00000151746']","['ENSG00000080493', 'ENSG00000141867', 'ENSG00000186094', 'ENSG00000141736', 'ENSG00000171914', 'ENSG00000151746', 'ENSG00000166833', 'ENSG00000138081', 'ENSG00000132485', 'ENSG00000116560']",0.077885985,fold_1
4.1,subclass.full,Cortical Thick Ascending Limb Cell,7354,0.38495483335063857,0.49815250251931475,0.20165896110960022,98853,1494,5871,1483,3,"['ENSG00000180354', 'ENSG00000074416', 'ENSG00000187783']","['ENSG00000137872', 'ENSG00000180354', 'ENSG00000074416', 'ENSG00000187783', 'ENSG00000174607', 'ENSG00000186510', 'ENSG00000135678', 'ENSG00000166833', 'ENSG00000117859', 'ENSG00000118816']",0.18646789,fold_1
4.1,subclass.full,Cycling Connecting Tubule Cell,12,0.25,0.5,0.08333333333333333,107688,1,11,1,5,"['ENSG00000132478', 'ENSG00000095564', 'ENSG00000173898', 'ENSG00000273706', 'ENSG00000187783']","['ENSG00000132478', 'ENSG00000030419', 'ENSG00000095564', 'ENSG00000173898', 'ENSG00000273706', 'ENSG00000187783', 'ENSG00000080493', 'ENSG00000153292', 'ENSG00000171914', 'ENSG00000186094']",0.16195332,fold_1
4.1,subclass.full,Cycling Distal Convoluted Tubule Cell,6,0.0641025641025641,0.05555555555555555,0.16666666666666666,107678,17,5,1,2,"['ENSG00000196591', 'ENSG00000198718']","['ENSG00000197808', 'ENSG00000171793', 'ENSG00000167741', 'ENSG00000196591', 'ENSG00000141738', 'ENSG00000198718', 'ENSG00000119121', 'ENSG00000137872', 'ENSG00000170471', 'ENSG00000152558']",0.81824714,fold_1
4.1,subclass.full,Cycling Endothelial Cell,54,0.18181818181818182,0.2857142857142857,0.07407407407407407,107637,10,50,4,2,"['ENSG00000071054', 'ENSG00000166833']","['ENSG00000062650', 'ENSG00000071054', 'ENSG00000168036', 'ENSG00000154240', 'ENSG00000166833', 'ENSG00000127947', 'ENSG00000128512', 'ENSG00000177119', 'ENSG00000056097', 'ENSG00000181090']",0.12929232,fold_1
4.1,subclass.full,Cycling Mononuclear Phagocyte,48,0.08333333333333333,0.3333333333333333,0.020833333333333332,107651,2,47,1,2,"['ENSG00000151702', 'ENSG00000173120']","['ENSG00000108669', 'ENSG00000151702', 'ENSG00000128512', 'ENSG00000077549', 'ENSG00000120594', 'ENSG00000173120']",0.13726285,fold_1
4.1,subclass.full,Cycling Myofibroblast,18,0.22727272727272727,1.0,0.05555555555555555,107683,0,17,1,2,"['ENSG00000163872', 'ENSG00000166068']","['ENSG00000157654', 'ENSG00000112941', 'ENSG00000163872', 'ENSG00000166068', 'ENSG00000158966', 'ENSG00000121774', 'ENSG00000071054', 'ENSG00000171914', 'ENSG00000166833', 'ENSG00000122376']",0.6468553,fold_1
4.1,subclass.full,Cycling Natural Killer Cell / Natural Killer T Cell,16,0.625,1.0,0.25,107685,0,12,4,3,"['ENSG00000176890', 'ENSG00000136950', 'ENSG00000153048']","['ENSG00000176890', 'ENSG00000175063', 'ENSG00000217555', 'ENSG00000136950', 'ENSG00000153048', 'ENSG00000123975', 'ENSG00000170540', 'ENSG00000155926', 'ENSG00000119335', 'ENSG00000123144']",1.0,fold_1
4.1,subclass.full,Cycling Proximal Tubule Epithelial Cell,145,0.019157088122605363,0.034482758620689655,0.006896551724137931,107528,28,144,1,3,"['ENSG00000186094', 'ENSG00000138081', 'ENSG00000143919']","['ENSG00000186094', 'ENSG00000138081', 'ENSG00000119707', 'ENSG00000181090', 'ENSG00000143919']",0.032752372,fold_1
4.1,subclass.full,Degenerative Ascending Thin Limb Cell,1100,0.2734375,0.3993993993993994,0.12090909090909091,106401,200,967,133,4,"['ENSG00000164188', 'ENSG00000163435', 'ENSG00000186510', 'ENSG00000105193']","['ENSG00000164188', 'ENSG00000152558', 'ENSG00000163435', 'ENSG00000133639', 'ENSG00000186510', 'ENSG00000105193', 'ENSG00000108298', 'ENSG00000145592', 'ENSG00000118816', 'ENSG00000151746']",0.09436495,fold_1
4.1,subclass.full,Degenerative Connecting Tubule Cell,356,0.08108108108108109,0.08540925266903915,0.06741573033707865,107088,257,332,24,4,"['ENSG00000273706', 'ENSG00000152518', 'ENSG00000163637', 'ENSG00000145592']","['ENSG00000273706', 'ENSG00000139112', 'ENSG00000152518', 'ENSG00000141736', 'ENSG00000163637', 'ENSG00000145592', 'ENSG00000108298', 'ENSG00000186094', 'ENSG00000105193', 'ENSG00000077549']",0.061921515,fold_1
4.1,subclass.full,Degenerative Cortical Intercalated Cell Type A,1034,0.4720575783234547,0.6716867469879518,0.21566731141199227,106558,109,811,223,3,"['ENSG00000185290', 'ENSG00000075914', 'ENSG00000112695']","['ENSG00000185290', 'ENSG00000084073', 'ENSG00000181061', 'ENSG00000075914', 'ENSG00000240972', 'ENSG00000112695', 'ENSG00000139112', 'ENSG00000145592', 'ENSG00000108298', 'ENSG00000153292']",0.35220253,fold_1
4.1,subclass.full,Degenerative Cortical Thick Ascending Limb Cell,346,0.12751677852348994,0.13286713286713286,0.10982658959537572,107107,248,308,38,3,"['ENSG00000105193', 'ENSG00000108298', 'ENSG00000163399']","['ENSG00000105193', 'ENSG00000108298', 'ENSG00000145592', 'ENSG00000163399']",0.08665629,fold_1
4.1,subclass.full,Degenerative Descending Thin Limb Cell Type 3,399,0.33490011750881316,0.504424778761062,0.14285714285714285,107246,56,342,57,5,"['ENSG00000162814', 'ENSG00000166446', 'ENSG00000119125', 'ENSG00000077238', 'ENSG00000135052']","['ENSG00000162814', 'ENSG00000166446', 'ENSG00000119125', 'ENSG00000077238', 'ENSG00000115221', 'ENSG00000135052', 'ENSG00000119042', 'ENSG00000196562', 'ENSG00000074416', 'ENSG00000188313']",1.0,fold_1
4.1,subclass.full,Degenerative Distal Convoluted Tubule Cell,1535,0.39613765783609806,0.5111821086261981,0.20846905537459284,105860,306,1215,320,5,"['ENSG00000128626', 'ENSG00000171227', 'ENSG00000135052', 'ENSG00000240972', 'ENSG00000137714']","['ENSG00000128626', 'ENSG00000171227', 'ENSG00000181061', 'ENSG00000135052', 'ENSG00000240972', 'ENSG00000137714', 'ENSG00000065518', 'ENSG00000112695', 'ENSG00000187783', 'ENSG00000139112']",0.33003893,fold_1
4.1,subclass.full,Degenerative Fibroblast,90,0.24096385542168675,0.42105263157894735,0.08888888888888889,107600,11,82,8,2,"['ENSG00000077942', 'ENSG00000118523']","['ENSG00000172216', 'ENSG00000077942', 'ENSG00000118523', 'ENSG00000145592', 'ENSG00000105193', 'ENSG00000221869', 'ENSG00000108298', 'ENSG00000118816']",0.34193623,fold_1
4.1,subclass.full,Degenerative Inner Medullary Collecting Duct Cell,1773,0.4364834259831171,0.5499351491569391,0.23914269599548788,105581,347,1349,424,4,"['ENSG00000140297', 'ENSG00000177697', 'ENSG00000119335', 'ENSG00000173898']","['ENSG00000140297', 'ENSG00000177697', 'ENSG00000163435', 'ENSG00000119335', 'ENSG00000173898', 'ENSG00000152558', 'ENSG00000154310', 'ENSG00000133639', 'ENSG00000153292', 'ENSG00000141736']",0.1184304,fold_1
4.1,subclass.full,Degenerative Medullary Thick Ascending Limb Cell,831,0.10683412167672485,0.09886792452830188,0.15764139590854392,105676,1194,700,131,3,"['ENSG00000186510', 'ENSG00000136111', 'ENSG00000163399']","['ENSG00000186510', 'ENSG00000136111', 'ENSG00000163399']",0.048349172,fold_1
4.1,subclass.full,Degenerative Outer Medullary Collecting Duct Principal Cell,1563,0.23422860712054966,0.2777777777777778,0.14395393474088292,105553,585,1338,225,4,"['ENSG00000173898', 'ENSG00000143774', 'ENSG00000188313', 'ENSG00000080493']","['ENSG00000173898', 'ENSG00000102144', 'ENSG00000143774', 'ENSG00000188313', 'ENSG00000080493', 'ENSG00000221869', 'ENSG00000141736', 'ENSG00000152518', 'ENSG00000145592', 'ENSG00000108298']",0.09462978,fold_1
4.1,subclass.full,Degenerative Peritubular Capilary Endothelial Cell,127,0.014486293737463784,0.011926605504587157,0.10236220472440945,106497,1077,114,13,2,"['ENSG00000128512', 'ENSG00000162599']","['ENSG00000128512', 'ENSG00000162599']",0.05028309,fold_1
4.1,subclass.full,Degenerative Podocyte,192,0.3353658536585366,0.6470588235294118,0.11458333333333333,107497,12,170,22,2,"['ENSG00000118526', 'ENSG00000177697']","['ENSG00000118526', 'ENSG00000177697', 'ENSG00000065613', 'ENSG00000118523', 'ENSG00000082781']",0.6877739,fold_1
4.1,subclass.full,Degenerative Proximal Tubule Epithelial Cell,7586,0.4115095994542442,0.5222634508348795,0.22264698128130767,98570,1545,5897,1689,3,"['ENSG00000109667', 'ENSG00000080493', 'ENSG00000135678']","['ENSG00000124299', 'ENSG00000109667', 'ENSG00000080493', 'ENSG00000135678', 'ENSG00000120594']",0.18262951,fold_1
4.1,subclass.full,Degenerative Vascular Smooth Muscle Cell,762,0.35084202085004007,0.40415704387990764,0.22965879265091863,106681,258,587,175,3,"['ENSG00000182809', 'ENSG00000172216', 'ENSG00000177697']","['ENSG00000117318', 'ENSG00000182809', 'ENSG00000172216', 'ENSG00000177697', 'ENSG00000242485', 'ENSG00000100632', 'ENSG00000129559', 'ENSG00000112695', 'ENSG00000143774', 'ENSG00000221869']",0.5247794,fold_1
4.1,subclass.full,Descending Thin Limb Cell Type 1,1529,0.3659440429868445,0.40847983453981385,0.25833878351863965,105600,572,1134,395,2,"['ENSG00000119042', 'ENSG00000136111']","['ENSG00000119042', 'ENSG00000136111', 'ENSG00000151746', 'ENSG00000214944', 'ENSG00000056097', 'ENSG00000143919', 'ENSG00000181090', 'ENSG00000173120', 'ENSG00000151532']",0.20486908,fold_1
4.1,subclass.full,Descending Thin Limb Cell Type 2,908,0.2601626016260163,0.32989690721649484,0.14096916299559473,106533,260,780,128,3,"['ENSG00000119042', 'ENSG00000154240', 'ENSG00000136111']","['ENSG00000137073', 'ENSG00000119042', 'ENSG00000066468', 'ENSG00000154240', 'ENSG00000171914', 'ENSG00000136111', 'ENSG00000186094', 'ENSG00000138081', 'ENSG00000214944', 'ENSG00000166833']",0.08596604,fold_1
4.1,subclass.full,Descending Thin Limb Cell Type 3,1392,0.13464630225080385,0.14955357142857142,0.09626436781609195,105547,762,1258,134,4,"['ENSG00000164188', 'ENSG00000163435', 'ENSG00000066468', 'ENSG00000151746']","['ENSG00000164188', 'ENSG00000163435', 'ENSG00000066468', 'ENSG00000157450', 'ENSG00000154310', 'ENSG00000151746', 'ENSG00000056097', 'ENSG00000128512', 'ENSG00000181090', 'ENSG00000143919']",0.0871211,fold_1
4.1,subclass.full,Descending Vasa Recta Endothelial Cell,1880,0.4364440868865648,0.5614489003880984,0.23085106382978723,105482,339,1446,434,2,"['ENSG00000123243', 'ENSG00000151702']","['ENSG00000078269', 'ENSG00000123243', 'ENSG00000071242', 'ENSG00000151702', 'ENSG00000168036', 'ENSG00000127947', 'ENSG00000071054', 'ENSG00000154240', 'ENSG00000128512', 'ENSG00000151532']",0.2856949,fold_1
4.1,subclass.full,Distal Convoluted Tubule Cell Type 1,3551,0.5605310293962702,0.7164983164983165,0.2996339059419882,103729,421,2487,1064,2,"['ENSG00000151136', 'ENSG00000119121']","['ENSG00000158966', 'ENSG00000151136', 'ENSG00000119121', 'ENSG00000273706', 'ENSG00000187783', 'ENSG00000082781', 'ENSG00000154265', 'ENSG00000163637', 'ENSG00000135678', 'ENSG00000166833']",0.32008803,fold_1
4.1,subclass.full,Distal Convoluted Tubule Cell Type 2,363,0.08288288288288288,0.07628524046434494,0.12672176308539945,106781,557,317,46,4,"['ENSG00000119121', 'ENSG00000273706', 'ENSG00000139112', 'ENSG00000186510']","['ENSG00000119121', 'ENSG00000273706', 'ENSG00000187783', 'ENSG00000139112', 'ENSG00000154265', 'ENSG00000186510', 'ENSG00000163637', 'ENSG00000186094', 'ENSG00000166833', 'ENSG00000132485']",0.14832136,fold_1
4.1,subclass.full,Fibroblast,1865,0.3470813612801442,0.47900466562986005,0.1651474530831099,105501,335,1557,308,2,"['ENSG00000120594', 'ENSG00000162599']","['ENSG00000163637', 'ENSG00000166833', 'ENSG00000120594', 'ENSG00000162599']",0.047794662,fold_1
4.1,subclass.full,Glomerular Capillary Endothelial Cell,1830,0.33197475677097027,0.3497229916897507,0.27595628415300544,104932,939,1325,505,2,"['ENSG00000128052', 'ENSG00000177119']","['ENSG00000128052', 'ENSG00000077238', 'ENSG00000177119', 'ENSG00000127947', 'ENSG00000128512', 'ENSG00000120594']",0.5727143,fold_1
4.1,subclass.full,Inner Medullary Collecting Duct Cell,4095,0.508068494115989,0.5713153724247226,0.35213675213675216,102524,1082,2653,1442,3,"['ENSG00000140297', 'ENSG00000030419', 'ENSG00000154310']","['ENSG00000140297', 'ENSG00000132680', 'ENSG00000030419', 'ENSG00000082781', 'ENSG00000163435', 'ENSG00000154310', 'ENSG00000188313', 'ENSG00000157450', 'ENSG00000153292', 'ENSG00000133639']",0.37316805,fold_1
4.1,subclass.full,Intercalated Cell Type B,1114,0.1824134705332086,0.3046875,0.07001795332136446,106409,178,1036,78,3,"['ENSG00000090661', 'ENSG00000154265', 'ENSG00000136111']","['ENSG00000090661', 'ENSG00000154265', 'ENSG00000077549', 'ENSG00000118816', 'ENSG00000136111', 'ENSG00000116560']",0.045061707,fold_1
4.1,subclass.full,Lymphatic Endothelial Cell,136,0.21929824561403508,0.43478260869565216,0.07352941176470588,107552,13,126,10,4,"['ENSG00000107719', 'ENSG00000071242', 'ENSG00000151702', 'ENSG00000166833']","['ENSG00000107719', 'ENSG00000071242', 'ENSG00000151702', 'ENSG00000168036', 'ENSG00000154240', 'ENSG00000166833', 'ENSG00000128512', 'ENSG00000162599', 'ENSG00000120594', 'ENSG00000173120']",0.22191566,fold_1
4.1,subclass.full,M2 Macrophage,1355,0.24445068839561673,0.3157894736842105,0.12841328413284134,105969,377,1181,174,2,"['ENSG00000135678', 'ENSG00000120594']","['ENSG00000135678', 'ENSG00000128512', 'ENSG00000120594']",0.049176566,fold_1
4.1,subclass.full,Macula Densa Cell,1186,0.2596075224856909,0.4031746031746032,0.10708263069139966,106327,188,1059,127,3,"['ENSG00000198682', 'ENSG00000074416', 'ENSG00000174607']","['ENSG00000198682', 'ENSG00000109606', 'ENSG00000074416', 'ENSG00000115221', 'ENSG00000180354', 'ENSG00000174607', 'ENSG00000164188', 'ENSG00000154265', 'ENSG00000112576', 'ENSG00000163637']",0.27350113,fold_1
4.1,subclass.full,Mast Cell,112,0.7352941176470589,0.7692307692307693,0.625,107568,21,42,70,1,['ENSG00000163751'],"['ENSG00000163751', 'ENSG00000154310', 'ENSG00000135678', 'ENSG00000112576', 'ENSG00000120594']",1.0,fold_1
4.1,subclass.full,Medullary Fibroblast,4589,0.6027101172167263,0.7795698924731183,0.31597297886249726,102702,410,3139,1450,2,"['ENSG00000077942', 'ENSG00000164188']","['ENSG00000187955', 'ENSG00000077942', 'ENSG00000164188', 'ENSG00000127947', 'ENSG00000163637', 'ENSG00000166833', 'ENSG00000171914', 'ENSG00000120594', 'ENSG00000102908', 'ENSG00000173120']",0.20868224,fold_1
4.1,subclass.full,Medullary Thick Ascending Limb Cell,4201,0.42045364735635815,0.5035494557501183,0.2532730302308974,102451,1049,3137,1064,3,"['ENSG00000137872', 'ENSG00000135052', 'ENSG00000174607']","['ENSG00000137872', 'ENSG00000151136', 'ENSG00000164199', 'ENSG00000135052', 'ENSG00000187783', 'ENSG00000174607', 'ENSG00000164188', 'ENSG00000186510', 'ENSG00000122376', 'ENSG00000135678']",0.42015117,fold_1
4.1,subclass.full,Mesangial Cell,229,0.16703786191536749,0.2727272727272727,0.06550218340611354,107432,40,214,15,2,"['ENSG00000135678', 'ENSG00000128512']","['ENSG00000135678', 'ENSG00000127947', 'ENSG00000128512', 'ENSG00000120594']",0.088309884,fold_1
4.1,subclass.full,Monocyte-derived Cell,1044,0.3057553956834532,0.3342696629213483,0.22796934865900384,106183,474,806,238,1,['ENSG00000120594'],"['ENSG00000152518', 'ENSG00000112576', 'ENSG00000120594']",0.055881277,fold_1
4.1,subclass.full,Myofibroblast,698,0.09483667017913593,0.12,0.05157593123209169,106739,264,662,36,3,"['ENSG00000163637', 'ENSG00000077549', 'ENSG00000117859']","['ENSG00000177119', 'ENSG00000163637', 'ENSG00000077549', 'ENSG00000117859', 'ENSG00000166833', 'ENSG00000171914', 'ENSG00000151746', 'ENSG00000120594', 'ENSG00000162599', 'ENSG00000173120']",0.072370425,fold_1
4.1,subclass.full,Natural Killer Cell / Natural Killer T Cell,573,0.28406355320173327,0.31382978723404253,0.20593368237347295,106870,258,455,118,2,"['ENSG00000133639', 'ENSG00000145592']","['ENSG00000133639', 'ENSG00000152518', 'ENSG00000145592', 'ENSG00000108298', 'ENSG00000105193', 'ENSG00000112576']",0.15867707,fold_1
4.1,subclass.full,Neutrophil,89,0.04950495049504951,0.3333333333333333,0.011235955056179775,107610,2,88,1,1,['ENSG00000221869'],['ENSG00000221869'],0.13707644,fold_1
4.1,subclass.full,Non-classical Monocyte,244,0.16129032258064516,0.25396825396825395,0.06557377049180328,107410,47,228,16,3,"['ENSG00000155926', 'ENSG00000221869', 'ENSG00000077549']","['ENSG00000142347', 'ENSG00000155926', 'ENSG00000221869', 'ENSG00000077549', 'ENSG00000112576', 'ENSG00000120594']",0.104425654,fold_1
4.1,subclass.full,Outer Medullary Collecting Duct Intercalated Cell Type A,938,0.46278158667972574,0.6847826086956522,0.20149253731343283,106676,87,749,189,3,"['ENSG00000166387', 'ENSG00000132680', 'ENSG00000075914']","['ENSG00000146950', 'ENSG00000166387', 'ENSG00000117643', 'ENSG00000132680', 'ENSG00000075914', 'ENSG00000123243', 'ENSG00000173898', 'ENSG00000153292', 'ENSG00000074416', 'ENSG00000174607']",0.5378119,fold_1
4.1,subclass.full,Outer Medullary Collecting Duct Principal Cell,896,0.2690129449838188,0.33756345177664976,0.1484375,106544,261,763,133,3,"['ENSG00000198682', 'ENSG00000196440', 'ENSG00000273706']","['ENSG00000198682', 'ENSG00000117643', 'ENSG00000196440', 'ENSG00000273706', 'ENSG00000173898', 'ENSG00000188313', 'ENSG00000080493', 'ENSG00000066468', 'ENSG00000153292', 'ENSG00000171914']",0.22536467,fold_1
4.1,subclass.full,Papillary Tip Epithelial Cell,400,0.5330882352941176,0.8365384615384616,0.2175,107284,17,313,87,3,"['ENSG00000100867', 'ENSG00000008394', 'ENSG00000166387']","['ENSG00000100867', 'ENSG00000110400', 'ENSG00000008394', 'ENSG00000030419', 'ENSG00000166387', 'ENSG00000065613', 'ENSG00000163435', 'ENSG00000115221', 'ENSG00000152558', 'ENSG00000153292']",1.0,fold_1
4.1,subclass.full,Parietal Epithelial Cell,778,0.32608695652173914,0.5048076923076923,0.13496143958868895,106820,103,673,105,2,"['ENSG00000118523', 'ENSG00000135678']","['ENSG00000118523', 'ENSG00000221869', 'ENSG00000135678', 'ENSG00000151746', 'ENSG00000214944', 'ENSG00000120594']",0.1497173,fold_1
4.1,subclass.full,Peritubular Capilary Endothelial Cell ,4148,0.28998640688717714,0.4376068376068376,0.12343297974927676,102895,658,3636,512,2,"['ENSG00000168036', 'ENSG00000128512']","['ENSG00000168036', 'ENSG00000128512']",0.098321036,fold_1
4.1,subclass.full,Plasmacytoid Dendritic Cell,31,0.2542372881355932,0.42857142857142855,0.0967741935483871,107666,4,28,3,2,"['ENSG00000122025', 'ENSG00000071242']","['ENSG00000145685', 'ENSG00000107719', 'ENSG00000122025', 'ENSG00000108669', 'ENSG00000196562', 'ENSG00000071242', 'ENSG00000151702', 'ENSG00000152518', 'ENSG00000071054', 'ENSG00000119707']",0.36002892,fold_1
4.1,subclass.full,Podocyte,1066,0.6006191950464397,0.7171903881700554,0.36397748592870544,106482,153,678,388,2,"['ENSG00000123119', 'ENSG00000078269']","['ENSG00000123119', 'ENSG00000203485', 'ENSG00000137834', 'ENSG00000078269', 'ENSG00000065613', 'ENSG00000123243', 'ENSG00000196562', 'ENSG00000118523', 'ENSG00000082781', 'ENSG00000154310']",0.73862594,fold_1
4.1,subclass.full,Proximal Tubule Epithelial Cell Segment 1 / Segment 2,8551,0.4216709694316609,0.4960387323943662,0.2635949011811484,96860,2290,6297,2254,2,"['ENSG00000124299', 'ENSG00000080493']","['ENSG00000176974', 'ENSG00000124299', 'ENSG00000109667', 'ENSG00000080493']",0.35337263,fold_1
4.1,subclass.full,Proximal Tubule Epithelial Cell Segment 3,2124,0.12158217032184562,0.10522261592974888,0.3215630885122411,99769,5808,1441,683,2,"['ENSG00000109667', 'ENSG00000162599']","['ENSG00000109667', 'ENSG00000080493', 'ENSG00000214944', 'ENSG00000143919', 'ENSG00000120594', 'ENSG00000162599']",0.15721644,fold_1
4.1,subclass.full,Renin-positive Juxtaglomerular Granular Cell,60,0.03571428571428571,0.05,0.016666666666666666,107622,19,59,1,2,"['ENSG00000135678', 'ENSG00000116560']","['ENSG00000133639', 'ENSG00000135678', 'ENSG00000116560']",0.054377783,fold_1
4.1,subclass.full,Schwann Cell / Neural,35,0.44776119402985076,0.75,0.17142857142857143,107664,2,29,6,1,['ENSG00000149294'],"['ENSG00000149294', 'ENSG00000120594', 'ENSG00000162599']",1.0,fold_1
4.1,subclass.full,T Cell,1732,0.38353272343420125,0.44129554655870445,0.2517321016166282,105417,552,1296,436,1,['ENSG00000112576'],"['ENSG00000152518', 'ENSG00000112576', 'ENSG00000133639']",0.11684215,fold_1
4.1,subclass.full,Transitional Principal-Intercalated Cell,171,0.06318449873631002,0.05905511811023622,0.08771929824561403,107291,239,156,15,4,"['ENSG00000117643', 'ENSG00000075914', 'ENSG00000173898', 'ENSG00000143774']","['ENSG00000117643', 'ENSG00000075914', 'ENSG00000090060', 'ENSG00000173898', 'ENSG00000102144', 'ENSG00000143774', 'ENSG00000163435', 'ENSG00000080493', 'ENSG00000153292', 'ENSG00000152518']",0.15028578,fold_1
4.1,subclass.full,Vascular Smooth Muscle Cell,491,0.09450945094509451,0.13548387096774195,0.04276985743380855,107076,134,470,21,3,"['ENSG00000135678', 'ENSG00000166833', 'ENSG00000162599']","['ENSG00000135678', 'ENSG00000166833', 'ENSG00000162599']",0.06467827,fold_1
4.1,subclass.full,Vascular Smooth Muscle Cell / Pericyte,1443,0.19589893811790554,0.33229813664596275,0.07415107415107415,106043,215,1336,107,3,"['ENSG00000135678', 'ENSG00000128512', 'ENSG00000162599']","['ENSG00000135678', 'ENSG00000127947', 'ENSG00000128512', 'ENSG00000162599']",0.046535578,fold_1
4.1,subclass.full,Adaptive / Maladaptive / Repairing Fibroblast,425,0.305591677503251,0.5465116279069767,0.11058823529411765,107237,39,378,47,3,"['ENSG00000197442', 'ENSG00000122786', 'ENSG00000188158']","['ENSG00000172260', 'ENSG00000197442', 'ENSG00000122786', 'ENSG00000115504', 'ENSG00000188158', 'ENSG00000100154', 'ENSG00000137831']",0.06708821,fold_2
4.1,subclass.full,Adaptive / Maladaptive / Repairing Proximal Tubule Epithelial Cell,5872,0.3489399293286219,0.3839856740854439,0.2556198910081744,99421,2408,4371,1501,3,"['ENSG00000138079', 'ENSG00000112902', 'ENSG00000154655']","['ENSG00000138079', 'ENSG00000112902', 'ENSG00000176771', 'ENSG00000154655', 'ENSG00000152779', 'ENSG00000090565', 'ENSG00000157551', 'ENSG00000177103', 'ENSG00000188158', 'ENSG00000143164']",0.1424643,fold_2
4.1,subclass.full,Adaptive / Maladaptive / Repairing Thick Ascending Limb Cell,2787,0.14385163430684722,0.13564102564102565,0.1898098313598852,101543,3371,2258,529,4,"['ENSG00000115091', 'ENSG00000152779', 'ENSG00000143164', 'ENSG00000141441']","['ENSG00000115091', 'ENSG00000152779', 'ENSG00000177103', 'ENSG00000090565', 'ENSG00000143164', 'ENSG00000141441', 'ENSG00000188158', 'ENSG00000117616', 'ENSG00000158528', 'ENSG00000173320']",0.069648966,fold_2
4.1,subclass.full,Afferent / Efferent Arteriole Endothelial Cell,563,0.21688970927549608,0.2344139650872818,0.1669626998223801,106831,307,469,94,4,"['ENSG00000165949', 'ENSG00000175899', 'ENSG00000102024', 'ENSG00000182718']","['ENSG00000165949', 'ENSG00000142089', 'ENSG00000175899', 'ENSG00000102024', 'ENSG00000182718', 'ENSG00000122786', 'ENSG00000137831', 'ENSG00000136141', 'ENSG00000129003', 'ENSG00000100154']",0.13017988,fold_2
4.1,subclass.full,Ascending Thin Limb Cell,1765,0.2621639635636525,0.34502923976608185,0.13371104815864024,105488,448,1529,236,4,"['ENSG00000138430', 'ENSG00000163788', 'ENSG00000177103', 'ENSG00000152779']","['ENSG00000143502', 'ENSG00000138430', 'ENSG00000163788', 'ENSG00000177103', 'ENSG00000103769', 'ENSG00000152779', 'ENSG00000157551', 'ENSG00000147050', 'ENSG00000129003', 'ENSG00000158528']",0.13399231,fold_2
4.1,subclass.full,Ascending Vasa Recta Endothelial Cell,2580,0.42774321266968324,0.5387355298308103,0.23449612403100775,104603,518,1975,605,2,"['ENSG00000115414', 'ENSG00000173320']","['ENSG00000115414', 'ENSG00000163788', 'ENSG00000172985', 'ENSG00000175899', 'ENSG00000173320', 'ENSG00000136141', 'ENSG00000129003', 'ENSG00000137831', 'ENSG00000100154', 'ENSG00000151532']",0.16418147,fold_2
4.1,subclass.full,Classical Dendritic Cell,58,0.21428571428571427,1.0,0.05172413793103448,107643,0,55,3,2,"['ENSG00000135077', 'ENSG00000120658']","['ENSG00000135077', 'ENSG00000111252', 'ENSG00000120658', 'ENSG00000154978', 'ENSG00000055208', 'ENSG00000141564', 'ENSG00000010810', 'ENSG00000172260', 'ENSG00000176771', 'ENSG00000109920']",0.70270556,fold_2
4.1,subclass.full,Connecting Tubule Cell,2945,0.14637904468412943,0.14938225383751405,0.13548387096774195,102484,2272,2546,399,3,"['ENSG00000147853', 'ENSG00000141441', 'ENSG00000184305']","['ENSG00000072657', 'ENSG00000047249', 'ENSG00000090565', 'ENSG00000147853', 'ENSG00000141441', 'ENSG00000184305', 'ENSG00000158528', 'ENSG00000117616', 'ENSG00000136141', 'ENSG00000188158']",0.045406617,fold_2
4.1,subclass.full,Connecting Tubule Intercalated Cell Type A,110,0.02570694087403599,0.023952095808383235,0.03636363636363636,107428,163,106,4,4,"['ENSG00000115091', 'ENSG00000177103', 'ENSG00000060762', 'ENSG00000047249']","['ENSG00000115091', 'ENSG00000141867', 'ENSG00000177103', 'ENSG00000141367', 'ENSG00000060762', 'ENSG00000047249', 'ENSG00000141441', 'ENSG00000147853', 'ENSG00000139154', 'ENSG00000076685']",0.065991506,fold_2
4.1,subclass.full,Connecting Tubule Principal Cell,2145,0.41842427541162064,0.4727132974634896,0.2867132867132867,104870,686,1530,615,2,"['ENSG00000176340', 'ENSG00000165272']","['ENSG00000198355', 'ENSG00000139318', 'ENSG00000176340', 'ENSG00000163660', 'ENSG00000165272', 'ENSG00000150201', 'ENSG00000189043', 'ENSG00000102024', 'ENSG00000231500', 'ENSG00000060762']",0.16049638,fold_2
4.1,subclass.full,Cortical Collecting Duct Intercalated Cell Type A,3517,0.28996195947519604,0.31909440410081163,0.2123969292010236,102590,1594,2770,747,2,"['ENSG00000182220', 'ENSG00000060762']","['ENSG00000182220', 'ENSG00000154655', 'ENSG00000177103', 'ENSG00000141867', 'ENSG00000047249', 'ENSG00000060762', 'ENSG00000151090', 'ENSG00000117616', 'ENSG00000106052']",0.1017889,fold_2
4.1,subclass.full,Cortical Collecting Duct Principal Cell,2471,0.2972642518722299,0.38212180746561886,0.15742614326183732,104601,629,2082,389,4,"['ENSG00000165272', 'ENSG00000150201', 'ENSG00000107745', 'ENSG00000072657']","['ENSG00000163660', 'ENSG00000165272', 'ENSG00000150201', 'ENSG00000141867', 'ENSG00000107745', 'ENSG00000072657', 'ENSG00000141441', 'ENSG00000157551', 'ENSG00000090565', 'ENSG00000158528']",0.09160905,fold_2
4.1,subclass.full,Cortical Thick Ascending Limb Cell,7354,0.4557063352900816,0.5065677966101695,0.3251291813978787,98018,2329,4963,2391,3,"['ENSG00000060762', 'ENSG00000152779', 'ENSG00000147853']","['ENSG00000154930', 'ENSG00000120658', 'ENSG00000138079', 'ENSG00000060762', 'ENSG00000152779', 'ENSG00000147853', 'ENSG00000104529', 'ENSG00000184305', 'ENSG00000117616', 'ENSG00000188158']",0.09519588,fold_2
4.1,subclass.full,Cycling Connecting Tubule Cell,12,0.11363636363636363,0.125,0.08333333333333333,107682,7,11,1,5,"['ENSG00000165533', 'ENSG00000186575', 'ENSG00000138801', 'ENSG00000186952', 'ENSG00000143502']","['ENSG00000198920', 'ENSG00000165533', 'ENSG00000186575', 'ENSG00000138801', 'ENSG00000186952', 'ENSG00000143502', 'ENSG00000107745', 'ENSG00000102024', 'ENSG00000157551', 'ENSG00000158528']",0.26733038,fold_2
4.1,subclass.full,Cycling Distal Convoluted Tubule Cell,6,0.5,1.0,0.16666666666666666,107695,0,5,1,3,"['ENSG00000066279', 'ENSG00000137824', 'ENSG00000122966']","['ENSG00000066279', 'ENSG00000135917', 'ENSG00000137824', 'ENSG00000110844', 'ENSG00000103047', 'ENSG00000122966', 'ENSG00000183495', 'ENSG00000102678', 'ENSG00000119326', 'ENSG00000176978']",1.0,fold_2
4.1,subclass.full,Cycling Endothelial Cell,54,0.11538461538461539,0.15789473684210525,0.05555555555555555,107631,16,51,3,5,"['ENSG00000100503', 'ENSG00000010810', 'ENSG00000113580', 'ENSG00000172985', 'ENSG00000173320']","['ENSG00000100503', 'ENSG00000010810', 'ENSG00000113580', 'ENSG00000172985', 'ENSG00000136141', 'ENSG00000173320', 'ENSG00000100154', 'ENSG00000137831', 'ENSG00000151532', 'ENSG00000113391']",0.18466195,fold_2
4.1,subclass.full,Cycling Mononuclear Phagocyte,48,0.08064516129032258,0.10526315789473684,0.041666666666666664,107636,17,46,2,3,"['ENSG00000154978', 'ENSG00000005339', 'ENSG00000104447']","['ENSG00000154978', 'ENSG00000145715', 'ENSG00000005339', 'ENSG00000197442', 'ENSG00000104447']",0.036760576,fold_2
4.1,subclass.full,Cycling Myofibroblast,18,0.23809523809523808,0.3333333333333333,0.1111111111111111,107679,4,16,2,3,"['ENSG00000077044', 'ENSG00000115414', 'ENSG00000170085']","['ENSG00000163872', 'ENSG00000077044', 'ENSG00000115414', 'ENSG00000170085', 'ENSG00000109220', 'ENSG00000136527', 'ENSG00000196924', 'ENSG00000172260', 'ENSG00000154978', 'ENSG00000172985']",0.51276785,fold_2
4.1,subclass.full,Cycling Natural Killer Cell / Natural Killer T Cell,16,0.5357142857142857,1.0,0.1875,107685,0,13,3,3,"['ENSG00000198851', 'ENSG00000130755', 'ENSG00000128951']","['ENSG00000130706', 'ENSG00000198851', 'ENSG00000130755', 'ENSG00000103495', 'ENSG00000108055', 'ENSG00000128951', 'ENSG00000265241', 'ENSG00000076928', 'ENSG00000163041', 'ENSG00000113387']",1.0,fold_2
4.1,subclass.full,Cycling Proximal Tubule Epithelial Cell,145,0.026455026455026454,0.09090909090909091,0.006896551724137931,107546,10,144,1,3,"['ENSG00000005339', 'ENSG00000169519', 'ENSG00000090565']","['ENSG00000005339', 'ENSG00000169519', 'ENSG00000090565', 'ENSG00000173320', 'ENSG00000188158', 'ENSG00000136141', 'ENSG00000129003', 'ENSG00000184305', 'ENSG00000115504', 'ENSG00000137831']",0.033706646,fold_2
4.1,subclass.full,Degenerative Ascending Thin Limb Cell,1100,0.21618625277161863,0.4431818181818182,0.07090909090909091,106503,98,1022,78,4,"['ENSG00000104341', 'ENSG00000163788', 'ENSG00000104763', 'ENSG00000189043']","['ENSG00000198431', 'ENSG00000104341', 'ENSG00000150201', 'ENSG00000163788', 'ENSG00000104763', 'ENSG00000189043', 'ENSG00000103769', 'ENSG00000177103', 'ENSG00000152779', 'ENSG00000113558']",0.11103049,fold_2
4.1,subclass.full,Degenerative Connecting Tubule Cell,356,0.05649717514124294,0.09090909090909091,0.02247191011235955,107265,80,348,8,3,"['ENSG00000164919', 'ENSG00000115091', 'ENSG00000113558']","['ENSG00000164919', 'ENSG00000115091', 'ENSG00000072657', 'ENSG00000113558', 'ENSG00000141367', 'ENSG00000060762', 'ENSG00000140988', 'ENSG00000231500', 'ENSG00000104529', 'ENSG00000147853']",0.048022963,fold_2
4.1,subclass.full,Degenerative Cortical Intercalated Cell Type A,1034,0.5095785440613027,0.6751269035532995,0.2572533849129594,106539,128,768,266,3,"['ENSG00000182220', 'ENSG00000159199', 'ENSG00000124614']","['ENSG00000204580', 'ENSG00000182220', 'ENSG00000159199', 'ENSG00000124614', 'ENSG00000148672', 'ENSG00000176340', 'ENSG00000126267', 'ENSG00000164919', 'ENSG00000198918', 'ENSG00000163682']",0.2950286,fold_2
4.1,subclass.full,Degenerative Cortical Thick Ascending Limb Cell,346,0.2614138438880707,0.28063241106719367,0.20520231213872833,107173,182,275,71,2,"['ENSG00000198431', 'ENSG00000231500']","['ENSG00000198431', 'ENSG00000189043', 'ENSG00000113558', 'ENSG00000140988', 'ENSG00000231500', 'ENSG00000182718']",0.17352052,fold_2
4.1,subclass.full,Degenerative Descending Thin Limb Cell Type 3,399,0.36082474226804123,0.46107784431137727,0.19298245614035087,107212,90,322,77,4,"['ENSG00000132639', 'ENSG00000198729', 'ENSG00000116815', 'ENSG00000189221']","['ENSG00000132639', 'ENSG00000198729', 'ENSG00000116815', 'ENSG00000189221', 'ENSG00000108846', 'ENSG00000163660', 'ENSG00000186952', 'ENSG00000154978', 'ENSG00000177103', 'ENSG00000072657']",0.86623514,fold_2
4.1,subclass.full,Degenerative Distal Convoluted Tubule Cell,1535,0.31751157033688515,0.3042805569881382,0.38436482084690554,104817,1349,945,590,4,"['ENSG00000155066', 'ENSG00000159199', 'ENSG00000176340', 'ENSG00000126267']","['ENSG00000155066', 'ENSG00000119326', 'ENSG00000159199', 'ENSG00000176340', 'ENSG00000126267', 'ENSG00000124614', 'ENSG00000138079', 'ENSG00000164919', 'ENSG00000189043', 'ENSG00000198918']",0.27360687,fold_2
4.1,subclass.full,Degenerative Endothelial Cell,70,0.012055939559556342,0.009699321047526674,0.42857142857142855,104568,3063,40,30,1,['ENSG00000142089'],['ENSG00000142089'],0.23827009,fold_2
4.1,subclass.full,Degenerative Fibroblast,90,0.13636363636363635,0.6,0.03333333333333333,107609,2,87,3,3,"['ENSG00000100097', 'ENSG00000198918', 'ENSG00000231500']","['ENSG00000100097', 'ENSG00000142089', 'ENSG00000198918', 'ENSG00000163682', 'ENSG00000231500', 'ENSG00000140988', 'ENSG00000182718', 'ENSG00000104529', 'ENSG00000175899', 'ENSG00000122786']",0.09587397,fold_2
4.1,subclass.full,Degenerative Inner Medullary Collecting Duct Cell,1773,0.48705789369689784,0.5997566909975669,0.27805978567399886,105599,329,1280,493,3,"['ENSG00000150201', 'ENSG00000165272', 'ENSG00000198431']","['ENSG00000204385', 'ENSG00000150201', 'ENSG00000104341', 'ENSG00000165272', 'ENSG00000198431', 'ENSG00000104763', 'ENSG00000102024', 'ENSG00000189043', 'ENSG00000113558', 'ENSG00000182718']",0.15105578,fold_2
4.1,subclass.full,Degenerative Medullary Thick Ascending Limb Cell,831,0.04892367906066536,0.058004640371229696,0.030084235860409144,106464,406,806,25,4,"['ENSG00000152779', 'ENSG00000147853', 'ENSG00000184305', 'ENSG00000104447']","['ENSG00000152779', 'ENSG00000147853', 'ENSG00000184305', 'ENSG00000151090', 'ENSG00000104447']",0.05319718,fold_2
4.1,subclass.full,Degenerative Outer Medullary Collecting Duct Principal Cell,1563,0.41432376442734536,0.6167400881057269,0.17914267434420986,105964,174,1283,280,3,"['ENSG00000165272', 'ENSG00000150201', 'ENSG00000104763']","['ENSG00000139318', 'ENSG00000204580', 'ENSG00000165272', 'ENSG00000150201', 'ENSG00000104763', 'ENSG00000102024', 'ENSG00000189043', 'ENSG00000113558', 'ENSG00000231500', 'ENSG00000157551']",0.2078149,fold_2
4.1,subclass.full,Degenerative Peritubular Capilary Endothelial Cell,127,0.012173780719774785,0.009834050399508297,0.25196850393700787,104352,3222,95,32,2,"['ENSG00000172985', 'ENSG00000173320']","['ENSG00000172985', 'ENSG00000173320', 'ENSG00000137831', 'ENSG00000100154']",0.06189713,fold_2
4.1,subclass.full,Degenerative Podocyte,192,0.3125,0.4166666666666667,0.15625,107467,42,162,30,2,"['ENSG00000112902', 'ENSG00000182718']","['ENSG00000163171', 'ENSG00000112902', 'ENSG00000182718', 'ENSG00000137831']",0.16944933,fold_2
4.1,subclass.full,Degenerative Proximal Tubule Epithelial Cell,7586,0.3993045235689235,0.41243284727551804,0.354205114684946,96287,3828,4899,2687,2,"['ENSG00000130707', 'ENSG00000090565']","['ENSG00000130707', 'ENSG00000176771', 'ENSG00000090565', 'ENSG00000154655', 'ENSG00000152779', 'ENSG00000157551', 'ENSG00000188158', 'ENSG00000100154', 'ENSG00000184305', 'ENSG00000104447']",0.31020582,fold_2
4.1,subclass.full,Degenerative Vascular Smooth Muscle Cell,762,0.6943192064923355,0.8461538461538461,0.4041994750656168,106883,56,454,308,2,"['ENSG00000100097', 'ENSG00000196924']","['ENSG00000091436', 'ENSG00000187193', 'ENSG00000258289', 'ENSG00000100097', 'ENSG00000196924', 'ENSG00000142089', 'ENSG00000176340', 'ENSG00000164919', 'ENSG00000198918', 'ENSG00000163682']",0.3842612,fold_2
4.1,subclass.full,Descending Thin Limb Cell Type 1,1529,0.276522201542143,0.3727598566308244,0.13603662524525834,105822,350,1321,208,3,"['ENSG00000165443', 'ENSG00000163788', 'ENSG00000177103']","['ENSG00000165443', 'ENSG00000072657', 'ENSG00000163788', 'ENSG00000177103', 'ENSG00000169519', 'ENSG00000157551', 'ENSG00000143164', 'ENSG00000173320', 'ENSG00000129003', 'ENSG00000147050']",0.12880461,fold_2
4.1,subclass.full,Descending Thin Limb Cell Type 2,908,0.20273297491039427,0.20359955005624297,0.19933920704845814,106085,708,727,181,3,"['ENSG00000165443', 'ENSG00000072657', 'ENSG00000154655']","['ENSG00000165443', 'ENSG00000072657', 'ENSG00000154655', 'ENSG00000177103', 'ENSG00000169519', 'ENSG00000157551', 'ENSG00000173320', 'ENSG00000143164', 'ENSG00000129003', 'ENSG00000158528']",0.13910201,fold_2
4.1,subclass.full,Descending Thin Limb Cell Type 3,1392,0.34455128205128205,0.4387755102040816,0.1853448275862069,105979,330,1134,258,4,"['ENSG00000165443', 'ENSG00000163788', 'ENSG00000177103', 'ENSG00000157551']","['ENSG00000165443', 'ENSG00000163788', 'ENSG00000177103', 'ENSG00000103769', 'ENSG00000157551', 'ENSG00000147050', 'ENSG00000173320', 'ENSG00000129003', 'ENSG00000158528', 'ENSG00000115504']",0.15004295,fold_2
4.1,subclass.full,Descending Vasa Recta Endothelial Cell,1880,0.3694581280788177,0.48128342245989303,0.19148936170212766,105433,388,1520,360,3,"['ENSG00000166265', 'ENSG00000175899', 'ENSG00000137831']","['ENSG00000166265', 'ENSG00000163788', 'ENSG00000175899', 'ENSG00000122786', 'ENSG00000136141', 'ENSG00000137831', 'ENSG00000173320', 'ENSG00000147050', 'ENSG00000100154', 'ENSG00000076685']",0.11830244,fold_2
4.1,subclass.full,Distal Convoluted Tubule Cell Type 1,3551,0.42172299669040214,0.52398753894081,0.23683469445226696,103386,764,2710,841,2,"['ENSG00000196428', 'ENSG00000147853']","['ENSG00000070018', 'ENSG00000196428', 'ENSG00000154655', 'ENSG00000005339', 'ENSG00000147853', 'ENSG00000047249', 'ENSG00000060762', 'ENSG00000136141', 'ENSG00000090565', 'ENSG00000188158']",0.17328714,fold_2
4.1,subclass.full,Distal Convoluted Tubule Cell Type 2,363,0.06545820745216516,0.05963302752293578,0.10743801652892562,106723,615,324,39,4,"['ENSG00000196428', 'ENSG00000060762', 'ENSG00000047249', 'ENSG00000147853']","['ENSG00000196428', 'ENSG00000060762', 'ENSG00000047249', 'ENSG00000147853', 'ENSG00000005339', 'ENSG00000117616', 'ENSG00000136141', 'ENSG00000184305', 'ENSG00000188158', 'ENSG00000158528']",0.07914671,fold_2
4.1,subclass.full,Fibroblast,1865,0.6188257222739981,0.7588571428571429,0.3560321715817694,105625,211,1201,664,2,"['ENSG00000172260', 'ENSG00000122786']","['ENSG00000172260', 'ENSG00000172985', 'ENSG00000122786', 'ENSG00000175899', 'ENSG00000197442', 'ENSG00000188158', 'ENSG00000100154', 'ENSG00000137831']",0.15816486,fold_2
4.1,subclass.full,Glomerular Capillary Endothelial Cell,1830,0.45943041375604515,0.7230443974630021,0.18688524590163935,105740,131,1488,342,2,"['ENSG00000138411', 'ENSG00000142089']","['ENSG00000138411', 'ENSG00000165949', 'ENSG00000010810', 'ENSG00000142089', 'ENSG00000175899', 'ENSG00000136141', 'ENSG00000137831', 'ENSG00000100154']",0.57719624,fold_2
4.1,subclass.full,Inner Medullary Collecting Duct Cell,4095,0.3252521513833626,0.4189511323003576,0.17167277167277167,102631,975,3392,703,3,"['ENSG00000168143', 'ENSG00000138604', 'ENSG00000108846']","['ENSG00000168143', 'ENSG00000138604', 'ENSG00000170085', 'ENSG00000163913', 'ENSG00000108846', 'ENSG00000181827', 'ENSG00000113580', 'ENSG00000150201', 'ENSG00000102024', 'ENSG00000103769']",1.0,fold_2
4.1,subclass.full,Intercalated Cell Type B,1114,0.12691771269177127,0.1202113606340819,0.16337522441651706,105255,1332,932,182,3,"['ENSG00000182220', 'ENSG00000060762', 'ENSG00000104529']","['ENSG00000148672', 'ENSG00000182220', 'ENSG00000047249', 'ENSG00000060762', 'ENSG00000104529', 'ENSG00000197442', 'ENSG00000141441', 'ENSG00000117616']",0.041859437,fold_2
4.1,subclass.full,Lymphatic Endothelial Cell,136,0.16304347826086957,0.20689655172413793,0.08823529411764706,107519,46,124,12,4,"['ENSG00000173320', 'ENSG00000182718', 'ENSG00000122786', 'ENSG00000100154']","['ENSG00000173320', 'ENSG00000182718', 'ENSG00000122786', 'ENSG00000136141', 'ENSG00000115504', 'ENSG00000100154', 'ENSG00000113391', 'ENSG00000137831']",0.05095689,fold_2
4.1,subclass.full,M2 Macrophage,1355,0.06580419893459868,0.05604269919939001,0.21697416974169742,101394,4952,1061,294,1,['ENSG00000104447'],['ENSG00000104447'],0.040662467,fold_2
4.1,subclass.full,Macula Densa Cell,1186,0.2341947392708814,0.2579415501905972,0.1711635750421585,105931,584,983,203,2,"['ENSG00000120658', 'ENSG00000143502']","['ENSG00000120658', 'ENSG00000143502', 'ENSG00000152779', 'ENSG00000090565', 'ENSG00000188158', 'ENSG00000117616', 'ENSG00000184305', 'ENSG00000141441', 'ENSG00000136141', 'ENSG00000158528']",0.3962205,fold_2
4.1,subclass.full,Mast Cell,112,0.7352941176470589,0.7692307692307693,0.625,107568,21,42,70,1,['ENSG00000163751'],['ENSG00000163751'],1.0,fold_2
4.1,subclass.full,Medullary Fibroblast,4589,0.4492422076065199,0.48728287841191065,0.34234037916757465,101459,1653,3018,1571,2,"['ENSG00000175899', 'ENSG00000197442']","['ENSG00000109220', 'ENSG00000113580', 'ENSG00000067141', 'ENSG00000172985', 'ENSG00000175899', 'ENSG00000197442', 'ENSG00000122786', 'ENSG00000139154', 'ENSG00000076685', 'ENSG00000151090']",0.093625695,fold_2
4.1,subclass.full,Medullary Thick Ascending Limb Cell,4201,0.3512207316056995,0.4323076923076923,0.20066650797429184,102393,1107,3358,843,3,"['ENSG00000154930', 'ENSG00000143502', 'ENSG00000163788']","['ENSG00000132570', 'ENSG00000154930', 'ENSG00000172817', 'ENSG00000070018', 'ENSG00000143502', 'ENSG00000163788', 'ENSG00000152779', 'ENSG00000147853', 'ENSG00000060762', 'ENSG00000090565']",0.1816455,fold_2
4.1,subclass.full,Mesangial Cell,229,0.32418952618453867,0.6046511627906976,0.11353711790393013,107455,17,203,26,3,"['ENSG00000107242', 'ENSG00000197442', 'ENSG00000137831']","['ENSG00000107242', 'ENSG00000175899', 'ENSG00000197442', 'ENSG00000122786', 'ENSG00000137831', 'ENSG00000100154', 'ENSG00000151090']",0.08822556,fold_2
4.1,subclass.full,Monocyte-derived Cell,1044,0.038161057692307696,0.03257245447550654,0.12164750957854406,102885,3772,917,127,1,['ENSG00000104447'],['ENSG00000104447'],0.021685816,fold_2
4.1,subclass.full,Myofibroblast,698,0.3184504267892318,0.33049403747870526,0.27793696275071633,106610,393,504,194,2,"['ENSG00000115414', 'ENSG00000122786']","['ENSG00000115414', 'ENSG00000172260', 'ENSG00000196924', 'ENSG00000067141', 'ENSG00000122786', 'ENSG00000107745', 'ENSG00000139154', 'ENSG00000197442', 'ENSG00000213079', 'ENSG00000188158']",0.15799993,fold_2
4.1,subclass.full,Natural Killer Cell / Natural Killer T Cell,573,0.18229891455608127,0.17350993377483442,0.2286212914485166,106504,624,442,131,2,"['ENSG00000198918', 'ENSG00000231500']","['ENSG00000124614', 'ENSG00000198918', 'ENSG00000163682', 'ENSG00000231500', 'ENSG00000140988', 'ENSG00000104529']",0.14529166,fold_2
4.1,subclass.full,Non-classical Monocyte,244,0.0680515759312321,0.06597222222222222,0.0778688524590164,107188,269,225,19,3,"['ENSG00000196924', 'ENSG00000104763', 'ENSG00000104529']","['ENSG00000196924', 'ENSG00000104763', 'ENSG00000104529']",0.091688074,fold_2
4.1,subclass.full,Outer Medullary Collecting Duct Intercalated Cell Type A,938,0.3232971372161895,0.48161764705882354,0.1396588486140725,106622,141,807,131,5,"['ENSG00000164983', 'ENSG00000103995', 'ENSG00000186575', 'ENSG00000148672', 'ENSG00000104341']","['ENSG00000164983', 'ENSG00000103995', 'ENSG00000186575', 'ENSG00000127663', 'ENSG00000148672', 'ENSG00000104341', 'ENSG00000154655', 'ENSG00000047249', 'ENSG00000103769', 'ENSG00000182718']",0.6798707,fold_2
4.1,subclass.full,Outer Medullary Collecting Duct Principal Cell,896,0.2056451612903226,0.25757575757575757,0.11383928571428571,106511,294,794,102,5,"['ENSG00000112062', 'ENSG00000176771', 'ENSG00000102024', 'ENSG00000157551', 'ENSG00000151090']","['ENSG00000112062', 'ENSG00000176771', 'ENSG00000102024', 'ENSG00000107745', 'ENSG00000157551', 'ENSG00000151090', 'ENSG00000158528', 'ENSG00000141441', 'ENSG00000136141', 'ENSG00000173320']",0.08435754,fold_2
4.1,subclass.full,Papillary Tip Epithelial Cell,400,0.49129353233830847,0.7821782178217822,0.1975,107279,22,321,79,3,"['ENSG00000089356', 'ENSG00000189221', 'ENSG00000112902']","['ENSG00000089356', 'ENSG00000196605', 'ENSG00000155066', 'ENSG00000189221', 'ENSG00000108846', 'ENSG00000112902', 'ENSG00000165272', 'ENSG00000198431', 'ENSG00000140988', 'ENSG00000182718']",0.40793666,fold_2
4.1,subclass.full,Parietal Epithelial Cell,778,0.09951749095295537,0.15,0.042416452442159386,106736,187,745,33,3,"['ENSG00000122786', 'ENSG00000151090', 'ENSG00000137831']","['ENSG00000182718', 'ENSG00000122786', 'ENSG00000151090', 'ENSG00000137831', 'ENSG00000100154']",0.0185331,fold_2
4.1,subclass.full,Peritubular Capilary Endothelial Cell ,4148,0.19233835605517022,0.1677385711802538,0.4652844744455159,93977,9576,2218,1930,1,['ENSG00000175899'],"['ENSG00000175899', 'ENSG00000137831', 'ENSG00000100154']",0.08103639,fold_2
4.1,subclass.full,Plasma Cell,121,0.06278916060806344,0.05459770114942529,0.15702479338842976,107251,329,102,19,1,['ENSG00000154978'],['ENSG00000154978'],0.20596173,fold_2
4.1,subclass.full,Plasmacytoid Dendritic Cell,31,0.5063291139240507,0.6666666666666666,0.25806451612903225,107666,4,23,8,2,"['ENSG00000167483', 'ENSG00000172985']","['ENSG00000167483', 'ENSG00000172985', 'ENSG00000197442', 'ENSG00000076685', 'ENSG00000147050', 'ENSG00000152061', 'ENSG00000113391', 'ENSG00000184305']",0.56589395,fold_2
4.1,subclass.full,Podocyte,1066,0.7447195921340131,0.9738095238095238,0.38367729831144465,106624,11,657,409,2,"['ENSG00000163995', 'ENSG00000136944']","['ENSG00000163995', 'ENSG00000136944', 'ENSG00000164764', 'ENSG00000178184', 'ENSG00000137486', 'ENSG00000163171', 'ENSG00000138801', 'ENSG00000112902', 'ENSG00000010810', 'ENSG00000151532']",1.0,fold_2
4.1,subclass.full,Proximal Tubule Epithelial Cell Segment 1 / Segment 2,8551,0.4655562881632887,0.4933920704845815,0.3798386153666238,95815,3335,5303,3248,2,"['ENSG00000130707', 'ENSG00000157551']","['ENSG00000130707', 'ENSG00000176771', 'ENSG00000090565', 'ENSG00000154655', 'ENSG00000152779', 'ENSG00000157551', 'ENSG00000188158']",0.30909553,fold_2
4.1,subclass.full,Proximal Tubule Epithelial Cell Segment 3,2124,0.3052687789248843,0.30114135206321335,0.3229755178907721,103985,1592,1438,686,2,"['ENSG00000108846', 'ENSG00000090565']","['ENSG00000108846', 'ENSG00000138079', 'ENSG00000176771', 'ENSG00000154655', 'ENSG00000090565', 'ENSG00000152779', 'ENSG00000157551', 'ENSG00000188158', 'ENSG00000173320', 'ENSG00000104447']",0.16706052,fold_2
4.1,subclass.full,Renin-positive Juxtaglomerular Granular Cell,60,0.21428571428571427,0.3,0.1,107627,14,54,6,3,"['ENSG00000185477', 'ENSG00000107242', 'ENSG00000122786']","['ENSG00000185477', 'ENSG00000107242', 'ENSG00000196924', 'ENSG00000175899', 'ENSG00000122786', 'ENSG00000104529', 'ENSG00000231500']",0.3463098,fold_2
4.1,subclass.full,Schwann Cell / Neural,35,0.2112676056338028,0.3333333333333333,0.08571428571428572,107660,6,32,3,2,"['ENSG00000172260', 'ENSG00000115504']","['ENSG00000172260', 'ENSG00000172985', 'ENSG00000115504', 'ENSG00000104447']",0.16066444,fold_2
4.1,subclass.full,T Cell,1732,0.37913156189241737,0.42162162162162165,0.2702078521939954,105327,642,1264,468,1,['ENSG00000010810'],['ENSG00000010810'],0.2375872,fold_2
4.1,subclass.full,Transitional Principal-Intercalated Cell,171,0.1277139208173691,0.13071895424836602,0.11695906432748537,107397,133,151,20,5,"['ENSG00000204580', 'ENSG00000148672', 'ENSG00000146729', 'ENSG00000182220', 'ENSG00000165272']","['ENSG00000204580', 'ENSG00000148672', 'ENSG00000146729', 'ENSG00000182220', 'ENSG00000165272', 'ENSG00000150201', 'ENSG00000113558', 'ENSG00000141867', 'ENSG00000047249', 'ENSG00000117616']",0.18373051,fold_2
4.1,subclass.full,Vascular Smooth Muscle Cell,491,0.4138594802694899,0.6277372262773723,0.17515274949083504,107159,51,405,86,2,"['ENSG00000107242', 'ENSG00000172985']","['ENSG00000107242', 'ENSG00000196924', 'ENSG00000172985', 'ENSG00000122786', 'ENSG00000197442', 'ENSG00000188158', 'ENSG00000100154']",0.22811098,fold_2
4.1,subclass.full,Vascular Smooth Muscle Cell / Pericyte,1443,0.2915711739241151,0.3687600644122383,0.1586971586971587,105866,392,1214,229,3,"['ENSG00000112902', 'ENSG00000122786', 'ENSG00000197442']","['ENSG00000113580', 'ENSG00000112902', 'ENSG00000122786', 'ENSG00000197442', 'ENSG00000188158', 'ENSG00000100154']",0.07520221,fold_2
4.1,subclass.full,Adaptive / Maladaptive / Repairing Fibroblast,425,0.39662447257383965,0.49473684210526314,0.2211764705882353,107180,96,331,94,2,"['ENSG00000169946', 'ENSG00000116667']","['ENSG00000112964', 'ENSG00000169946', 'ENSG00000116667', 'ENSG00000144218', 'ENSG00000178764', 'ENSG00000070366', 'ENSG00000138069', 'ENSG00000141627', 'ENSG00000182247', 'ENSG00000168610']",0.18843223,fold_3
4.1,subclass.full,Adaptive / Maladaptive / Repairing Proximal Tubule Epithelial Cell,5872,0.3722736544798368,0.3869520897043833,0.3232288828337875,98822,3007,3974,1898,3,"['ENSG00000153707', 'ENSG00000178764', 'ENSG00000140743']","['ENSG00000153707', 'ENSG00000105707', 'ENSG00000184863', 'ENSG00000178764', 'ENSG00000140743', 'ENSG00000166949', 'ENSG00000173320', 'ENSG00000130338', 'ENSG00000198130', 'ENSG00000099204']",0.05319522,fold_3
4.1,subclass.full,Adaptive / Maladaptive / Repairing Thick Ascending Limb Cell,2787,0.13607966846044411,0.13153961136023917,0.15787585217079297,102009,2905,2347,440,6,"['ENSG00000178764', 'ENSG00000178104', 'ENSG00000070366', 'ENSG00000088448', 'ENSG00000079805', 'ENSG00000173320']","['ENSG00000178764', 'ENSG00000178104', 'ENSG00000070366', 'ENSG00000088448', 'ENSG00000079805', 'ENSG00000173320', 'ENSG00000115112', 'ENSG00000176463', 'ENSG00000099204', 'ENSG00000111319']",0.06128154,fold_3
4.1,subclass.full,Afferent / Efferent Arteriole Endothelial Cell,563,0.32076984763432237,0.4678362573099415,0.14209591474245115,107047,91,483,80,3,"['ENSG00000184916', 'ENSG00000143537', 'ENSG00000136238']","['ENSG00000184916', 'ENSG00000143537', 'ENSG00000197077', 'ENSG00000136238', 'ENSG00000177119', 'ENSG00000136237', 'ENSG00000163466', 'ENSG00000117335', 'ENSG00000081803', 'ENSG00000099204']",1.0,fold_3
4.1,subclass.full,Ascending Thin Limb Cell,1765,0.4503735325506937,0.5780821917808219,0.23909348441926345,105628,308,1343,422,3,"['ENSG00000118898', 'ENSG00000154127', 'ENSG00000186510']","['ENSG00000118898', 'ENSG00000154127', 'ENSG00000126822', 'ENSG00000105221', 'ENSG00000174607', 'ENSG00000186510', 'ENSG00000140743', 'ENSG00000178104', 'ENSG00000176463', 'ENSG00000079805']",0.37909666,fold_3
4.1,subclass.full,Ascending Vasa Recta Endothelial Cell,2580,0.5008441193021947,0.6289752650176679,0.27596899224806204,104701,420,1868,712,3,"['ENSG00000122679', 'ENSG00000116667', 'ENSG00000136237']","['ENSG00000122679', 'ENSG00000080298', 'ENSG00000116667', 'ENSG00000136237', 'ENSG00000173320', 'ENSG00000081803', 'ENSG00000168610']",0.12553017,fold_3
4.1,subclass.full,B Cell,422,0.37865748709122204,0.4756756756756757,0.20853080568720378,107182,97,334,88,2,"['ENSG00000075884', 'ENSG00000144218']","['ENSG00000075884', 'ENSG00000144218']",0.15681411,fold_3
4.1,subclass.full,Classical Dendritic Cell,58,0.5392156862745098,1.0,0.1896551724137931,107643,0,47,11,2,"['ENSG00000188676', 'ENSG00000007237']","['ENSG00000188676', 'ENSG00000166128', 'ENSG00000107282', 'ENSG00000007237', 'ENSG00000100077', 'ENSG00000144218', 'ENSG00000075884', 'ENSG00000171310', 'ENSG00000116667', 'ENSG00000166949']",0.701493,fold_3
4.1,subclass.full,Connecting Tubule Cell,2945,0.29041805401405846,0.3648334624322231,0.1599320882852292,103936,820,2474,471,3,"['ENSG00000104327', 'ENSG00000101871', 'ENSG00000118596']","['ENSG00000104327', 'ENSG00000101871', 'ENSG00000073712', 'ENSG00000109436', 'ENSG00000164946', 'ENSG00000118596', 'ENSG00000171843', 'ENSG00000081803', 'ENSG00000115112', 'ENSG00000111319']",0.11759162,fold_3
4.1,subclass.full,Connecting Tubule Intercalated Cell Type A,110,0.012512512512512513,0.010197144799456152,0.13636363636363635,106135,1456,95,15,3,"['ENSG00000137198', 'ENSG00000139173', 'ENSG00000186510']","['ENSG00000137198', 'ENSG00000139173', 'ENSG00000186510', 'ENSG00000109436', 'ENSG00000118596', 'ENSG00000164946', 'ENSG00000166949', 'ENSG00000115112', 'ENSG00000111319', 'ENSG00000081803']",0.06966942,fold_3
4.1,subclass.full,Connecting Tubule Principal Cell,2145,0.4771019424358429,0.5484922575387123,0.31375291375291375,105002,554,1472,673,2,"['ENSG00000196754', 'ENSG00000104327']","['ENSG00000196754', 'ENSG00000104327', 'ENSG00000167642', 'ENSG00000102172', 'ENSG00000143774', 'ENSG00000009307', 'ENSG00000182899', 'ENSG00000117335', 'ENSG00000138069', 'ENSG00000111319']",0.47426456,fold_3
4.1,subclass.full,Cortical Collecting Duct Intercalated Cell Type A,3517,0.47805705972682455,0.5343270099367661,0.3363662212112596,103153,1031,2334,1183,2,"['ENSG00000137198', 'ENSG00000139173']","['ENSG00000137198', 'ENSG00000174607', 'ENSG00000139173', 'ENSG00000186510', 'ENSG00000118596', 'ENSG00000164946', 'ENSG00000138069', 'ENSG00000115112', 'ENSG00000130338', 'ENSG00000088448']",0.20483959,fold_3
4.1,subclass.full,Cortical Collecting Duct Principal Cell,2471,0.3360612920076615,0.4718826405867971,0.15621205989477943,104798,432,2085,386,3,"['ENSG00000184985', 'ENSG00000132780', 'ENSG00000111344']","['ENSG00000184985', 'ENSG00000143674', 'ENSG00000132780', 'ENSG00000111344', 'ENSG00000101871', 'ENSG00000107745', 'ENSG00000178764', 'ENSG00000164946', 'ENSG00000166949', 'ENSG00000081803']",0.18056466,fold_3
4.1,subclass.full,Cortical Thick Ascending Limb Cell,7354,0.41264526295056136,0.43517396572615547,0.34185477291270056,97084,3263,4840,2514,2,"['ENSG00000148053', 'ENSG00000174514']","['ENSG00000148053', 'ENSG00000174514', 'ENSG00000174607', 'ENSG00000105707', 'ENSG00000186510', 'ENSG00000118596', 'ENSG00000172340', 'ENSG00000178104', 'ENSG00000079805', 'ENSG00000111319']",0.3101034,fold_3
4.1,subclass.full,Cycling Connecting Tubule Cell,12,0.0872093023255814,0.075,0.25,107652,37,9,3,4,"['ENSG00000197565', 'ENSG00000100629', 'ENSG00000203666', 'ENSG00000132780']","['ENSG00000197565', 'ENSG00000100629', 'ENSG00000203666', 'ENSG00000132780', 'ENSG00000126822', 'ENSG00000143674', 'ENSG00000136720', 'ENSG00000186409', 'ENSG00000073712', 'ENSG00000139173']",0.41973647,fold_3
4.1,subclass.full,Cycling Distal Convoluted Tubule Cell,6,0.09259259259259259,0.08333333333333333,0.16666666666666666,107684,11,5,1,2,"['ENSG00000161021', 'ENSG00000119326']","['ENSG00000132694', 'ENSG00000161021', 'ENSG00000255872', 'ENSG00000206418', 'ENSG00000104412', 'ENSG00000119326', 'ENSG00000227345', 'ENSG00000176978', 'ENSG00000151136', 'ENSG00000083828']",0.8342543,fold_3
4.1,subclass.full,Cycling Endothelial Cell,54,0.09433962264150944,0.15384615384615385,0.037037037037037035,107636,11,52,2,4,"['ENSG00000136237', 'ENSG00000080298', 'ENSG00000173320', 'ENSG00000176463']","['ENSG00000136237', 'ENSG00000080298', 'ENSG00000177119', 'ENSG00000173320', 'ENSG00000171843', 'ENSG00000176463', 'ENSG00000081803']",0.08400054,fold_3
4.1,subclass.full,Cycling Mononuclear Phagocyte,48,0.08928571428571429,0.5,0.020833333333333332,107652,1,47,1,1,['ENSG00000075884'],"['ENSG00000108669', 'ENSG00000075884', 'ENSG00000171310', 'ENSG00000144218', 'ENSG00000079805', 'ENSG00000153310', 'ENSG00000182247']",0.16215417,fold_3
4.1,subclass.full,Cycling Myofibroblast,18,0.19230769230769232,0.5,0.05555555555555555,107682,1,17,1,4,"['ENSG00000074047', 'ENSG00000107282', 'ENSG00000132780', 'ENSG00000164111']","['ENSG00000074047', 'ENSG00000107282', 'ENSG00000197256', 'ENSG00000076641', 'ENSG00000132780', 'ENSG00000164111', 'ENSG00000169946', 'ENSG00000196924', 'ENSG00000116667', 'ENSG00000168818']",0.3919205,fold_3
4.1,subclass.full,Cycling Natural Killer Cell / Natural Killer T Cell,16,0.5357142857142857,1.0,0.1875,107685,0,13,3,2,"['ENSG00000102879', 'ENSG00000167088']","['ENSG00000102879', 'ENSG00000128340', 'ENSG00000120802', 'ENSG00000167088', 'ENSG00000166226', 'ENSG00000141543', 'ENSG00000077984', 'ENSG00000166136', 'ENSG00000132780', 'ENSG00000154518']",1.0,fold_3
4.1,subclass.full,Cycling Proximal Tubule Epithelial Cell,145,0.05672609400324149,0.059322033898305086,0.04827586206896552,107445,111,138,7,4,"['ENSG00000100629', 'ENSG00000140743', 'ENSG00000088448', 'ENSG00000173320']","['ENSG00000100629', 'ENSG00000140743', 'ENSG00000070366', 'ENSG00000088448', 'ENSG00000173320', 'ENSG00000143442', 'ENSG00000099204', 'ENSG00000081803', 'ENSG00000153310']",0.037504725,fold_3
4.1,subclass.full,Degenerative Ascending Thin Limb Cell,1100,0.28578528827037775,0.5043859649122807,0.10454545454545454,106488,113,985,115,4,"['ENSG00000154127', 'ENSG00000133639', 'ENSG00000186510', 'ENSG00000136238']","['ENSG00000154127', 'ENSG00000105221', 'ENSG00000133639', 'ENSG00000186510', 'ENSG00000136238', 'ENSG00000178104', 'ENSG00000182899', 'ENSG00000140743', 'ENSG00000140988', 'ENSG00000177600']",0.09321004,fold_3
4.1,subclass.full,Degenerative Connecting Tubule Cell,356,0.17076502732240437,0.26595744680851063,0.0702247191011236,107276,69,331,25,4,"['ENSG00000104327', 'ENSG00000101871', 'ENSG00000109436', 'ENSG00000140988']","['ENSG00000104327', 'ENSG00000101871', 'ENSG00000009307', 'ENSG00000109436', 'ENSG00000136238', 'ENSG00000140988', 'ENSG00000177600', 'ENSG00000118596', 'ENSG00000088448', 'ENSG00000171843']",0.109562844,fold_3
4.1,subclass.full,Degenerative Cortical Intercalated Cell Type A,1034,0.531986531986532,0.6528925619834711,0.3056092843326886,106499,168,718,316,3,"['ENSG00000130208', 'ENSG00000125743', 'ENSG00000166136']","['ENSG00000130208', 'ENSG00000070087', 'ENSG00000125743', 'ENSG00000166136', 'ENSG00000173436', 'ENSG00000137198', 'ENSG00000154518', 'ENSG00000198886', 'ENSG00000182899', 'ENSG00000177600']",0.3457451,fold_3
4.1,subclass.full,Degenerative Cortical Thick Ascending Limb Cell,346,0.03001801080648389,0.024875621890547265,0.17341040462427745,105003,2352,286,60,2,"['ENSG00000177600', 'ENSG00000140988']","['ENSG00000182899', 'ENSG00000177600', 'ENSG00000140988']",0.0871952,fold_3
4.1,subclass.full,Degenerative Descending Thin Limb Cell Type 3,399,0.4691462383770076,0.5663265306122449,0.2781954887218045,107217,85,288,111,2,"['ENSG00000115641', 'ENSG00000105221']","['ENSG00000128274', 'ENSG00000115641', 'ENSG00000116815', 'ENSG00000178852', 'ENSG00000139514', 'ENSG00000105221', 'ENSG00000154127', 'ENSG00000111344', 'ENSG00000178764', 'ENSG00000105707']",0.53544986,fold_3
4.1,subclass.full,Degenerative Distal Convoluted Tubule Cell,1535,0.3376246371323993,0.33500313087038197,0.3485342019543974,105104,1062,1000,535,5,"['ENSG00000070087', 'ENSG00000102172', 'ENSG00000174514', 'ENSG00000173436', 'ENSG00000166136']","['ENSG00000141959', 'ENSG00000070087', 'ENSG00000102172', 'ENSG00000174514', 'ENSG00000173436', 'ENSG00000166136', 'ENSG00000154518', 'ENSG00000198886', 'ENSG00000186510', 'ENSG00000105707']",0.31547746,fold_3
4.1,subclass.full,Degenerative Fibroblast,90,0.01311443559354964,0.010584084672677381,0.3,105087,2524,63,27,2,"['ENSG00000198886', 'ENSG00000140988']","['ENSG00000198886', 'ENSG00000140988', 'ENSG00000182899', 'ENSG00000177600']",0.09702661,fold_3
4.1,subclass.full,Degenerative Inner Medullary Collecting Duct Cell,1773,0.40676117775354415,0.5305832147937412,0.21037789058093626,105598,330,1400,373,5,"['ENSG00000183018', 'ENSG00000139514', 'ENSG00000118898', 'ENSG00000136720', 'ENSG00000133639']","['ENSG00000183018', 'ENSG00000139514', 'ENSG00000118898', 'ENSG00000136720', 'ENSG00000111344', 'ENSG00000133639', 'ENSG00000109436', 'ENSG00000136238', 'ENSG00000163466', 'ENSG00000182899']",0.25336498,fold_3
4.1,subclass.full,Degenerative Medullary Thick Ascending Limb Cell,831,0.08489564909798372,0.09619238476953908,0.05776173285198556,106419,451,783,48,4,"['ENSG00000186510', 'ENSG00000118596', 'ENSG00000099204', 'ENSG00000115112']","['ENSG00000186510', 'ENSG00000118596', 'ENSG00000178104', 'ENSG00000099204', 'ENSG00000115112', 'ENSG00000111319', 'ENSG00000081803', 'ENSG00000189337', 'ENSG00000134215']",0.040772006,fold_3
4.1,subclass.full,Degenerative Outer Medullary Collecting Duct Principal Cell,1563,0.39438364650010327,0.4658536585365854,0.24440179142674345,105700,438,1181,382,2,"['ENSG00000160951', 'ENSG00000136720']","['ENSG00000160951', 'ENSG00000136720', 'ENSG00000009307', 'ENSG00000136238', 'ENSG00000182899', 'ENSG00000109436', 'ENSG00000177600', 'ENSG00000140988', 'ENSG00000164946', 'ENSG00000117335']",0.59848875,fold_3
4.1,subclass.full,Degenerative Peritubular Capilary Endothelial Cell,127,0.00338409475465313,0.0027162557459256163,0.2047244094488189,98028,9546,101,26,2,"['ENSG00000173320', 'ENSG00000081803']","['ENSG00000173320', 'ENSG00000081803']",0.03389308,fold_3
4.1,subclass.full,Degenerative Podocyte,192,0.04310344827586207,0.2,0.010416666666666666,107501,8,190,2,1,['ENSG00000178104'],"['ENSG00000012171', 'ENSG00000178104']",0.016196111,fold_3
4.1,subclass.full,Degenerative Proximal Tubule Epithelial Cell,7586,0.375070821529745,0.5262321144674086,0.17453203269180068,98923,1192,6262,1324,3,"['ENSG00000167107', 'ENSG00000153707', 'ENSG00000099204']","['ENSG00000162366', 'ENSG00000104765', 'ENSG00000167107', 'ENSG00000153707', 'ENSG00000105707', 'ENSG00000099204', 'ENSG00000182247', 'ENSG00000115112']",0.11357808,fold_3
4.1,subclass.full,Degenerative Vascular Smooth Muscle Cell,762,0.7754342431761787,0.9057971014492754,0.4921259842519685,106900,39,387,375,2,"['ENSG00000198523', 'ENSG00000173436']","['ENSG00000198523', 'ENSG00000105971', 'ENSG00000197256', 'ENSG00000196924', 'ENSG00000166136', 'ENSG00000173436', 'ENSG00000143774', 'ENSG00000198886', 'ENSG00000009307', 'ENSG00000133639']",0.58349586,fold_3
4.1,subclass.full,Descending Thin Limb Cell Type 1,1529,0.11385701676963812,0.12475822050290135,0.08436886854153042,105267,905,1400,129,4,"['ENSG00000140743', 'ENSG00000178764', 'ENSG00000166949', 'ENSG00000173320']","['ENSG00000140743', 'ENSG00000178764', 'ENSG00000166949', 'ENSG00000173320', 'ENSG00000171843', 'ENSG00000176463', 'ENSG00000079805', 'ENSG00000189337', 'ENSG00000143442', 'ENSG00000134215']",0.06250374,fold_3
4.1,subclass.full,Descending Thin Limb Cell Type 2,908,0.288135593220339,0.3100303951367781,0.22466960352422907,106339,454,704,204,3,"['ENSG00000183775', 'ENSG00000153707', 'ENSG00000140743']","['ENSG00000183775', 'ENSG00000153707', 'ENSG00000186409', 'ENSG00000112079', 'ENSG00000140743', 'ENSG00000166949', 'ENSG00000178764', 'ENSG00000173320', 'ENSG00000176463', 'ENSG00000171843']",0.1021307,fold_3
4.1,subclass.full,Descending Thin Limb Cell Type 3,1392,0.23719563392107473,0.2680901542111507,0.16235632183908047,105692,617,1166,226,3,"['ENSG00000154127', 'ENSG00000105221', 'ENSG00000140743']","['ENSG00000104765', 'ENSG00000154127', 'ENSG00000105221', 'ENSG00000140743', 'ENSG00000178104', 'ENSG00000166949', 'ENSG00000176463', 'ENSG00000173320', 'ENSG00000134215', 'ENSG00000153310']",0.24939895,fold_3
4.1,subclass.full,Descending Vasa Recta Endothelial Cell,1880,0.3012295081967213,0.392,0.15638297872340426,105365,456,1586,294,3,"['ENSG00000166265', 'ENSG00000116667', 'ENSG00000140743']","['ENSG00000166265', 'ENSG00000080298', 'ENSG00000197077', 'ENSG00000116667', 'ENSG00000136237', 'ENSG00000140743', 'ENSG00000171843', 'ENSG00000117335', 'ENSG00000176463', 'ENSG00000173320']",0.0897195,fold_3
4.1,subclass.full,Distal Convoluted Tubule Cell Type 1,3551,0.3752326834525326,0.46033653846153844,0.21571388341312306,103252,898,2785,766,2,"['ENSG00000151136', 'ENSG00000109436']","['ENSG00000151136', 'ENSG00000168818', 'ENSG00000073712', 'ENSG00000109436', 'ENSG00000105707', 'ENSG00000164946', 'ENSG00000118596', 'ENSG00000134215', 'ENSG00000100852', 'ENSG00000099204']",0.23096648,fold_3
4.1,subclass.full,Distal Convoluted Tubule Cell Type 2,363,0.14537902388369678,0.18666666666666668,0.07713498622589532,107216,122,335,28,3,"['ENSG00000165973', 'ENSG00000073712', 'ENSG00000109436']","['ENSG00000165973', 'ENSG00000073712', 'ENSG00000109436', 'ENSG00000186510', 'ENSG00000164946', 'ENSG00000118596', 'ENSG00000070366', 'ENSG00000171843', 'ENSG00000115112', 'ENSG00000099204']",0.13565843,fold_3
4.1,subclass.full,Fibroblast,1865,0.34449988120693753,0.4948805460750853,0.1554959785522788,105540,296,1575,290,2,"['ENSG00000145246', 'ENSG00000169946']","['ENSG00000076641', 'ENSG00000112964', 'ENSG00000145246', 'ENSG00000169946', 'ENSG00000136237', 'ENSG00000144218', 'ENSG00000182247', 'ENSG00000168610', 'ENSG00000189337', 'ENSG00000152217']",0.15594757,fold_3
4.1,subclass.full,Glomerular Capillary Endothelial Cell,1830,0.24646253769427048,0.2502944640753828,0.23224043715846995,104598,1273,1405,425,2,"['ENSG00000122679', 'ENSG00000177119']","['ENSG00000122679', 'ENSG00000177119', 'ENSG00000136238', 'ENSG00000176463', 'ENSG00000081803']",0.18250707,fold_3
4.1,subclass.full,Inner Medullary Collecting Duct Cell,4095,0.4176416365312345,0.4708233413269384,0.28766788766788765,102282,1324,2917,1178,3,"['ENSG00000163293', 'ENSG00000111344', 'ENSG00000101871']","['ENSG00000163293', 'ENSG00000105357', 'ENSG00000139514', 'ENSG00000111344', 'ENSG00000136720', 'ENSG00000101871', 'ENSG00000171310', 'ENSG00000109436', 'ENSG00000178104', 'ENSG00000139173']",0.25826886,fold_3
4.1,subclass.full,Intercalated Cell Type B,1114,0.19230769230769232,0.24780701754385964,0.10143626570915619,106244,343,1001,113,3,"['ENSG00000139173', 'ENSG00000172869', 'ENSG00000111319']","['ENSG00000139173', 'ENSG00000164946', 'ENSG00000172869', 'ENSG00000115112', 'ENSG00000117335', 'ENSG00000111319', 'ENSG00000182247', 'ENSG00000169045', 'ENSG00000100852']",0.041011773,fold_3
4.1,subclass.full,Lymphatic Endothelial Cell,136,0.48,0.5274725274725275,0.35294117647058826,107522,43,88,48,2,"['ENSG00000169946', 'ENSG00000134215']","['ENSG00000118257', 'ENSG00000169946', 'ENSG00000197077', 'ENSG00000136237', 'ENSG00000173320', 'ENSG00000134215', 'ENSG00000099204']",0.14149667,fold_3
4.1,subclass.full,M2 Macrophage,1355,0.17411988582302568,0.18769230769230769,0.13505535055350554,105554,792,1172,183,2,"['ENSG00000171310', 'ENSG00000153310']","['ENSG00000171310', 'ENSG00000153310']",0.068224445,fold_3
4.1,subclass.full,Macula Densa Cell,1186,0.19756631118403062,0.18864229765013055,0.2436762225969646,105272,1243,897,289,3,"['ENSG00000174607', 'ENSG00000115112', 'ENSG00000099204']","['ENSG00000174607', 'ENSG00000172340', 'ENSG00000178104', 'ENSG00000088448', 'ENSG00000115112', 'ENSG00000099204', 'ENSG00000141627', 'ENSG00000176463', 'ENSG00000079805', 'ENSG00000111319']",0.05294458,fold_3
4.1,subclass.full,Mast Cell,112,0.03462099125364432,0.028273809523809524,0.3392857142857143,106283,1306,74,38,2,"['ENSG00000075884', 'ENSG00000171310']","['ENSG00000075884', 'ENSG00000171310']",0.15242416,fold_3
4.1,subclass.full,Medullary Fibroblast,4589,0.4945696077551387,0.6727716727716728,0.24013946393549793,102576,536,3487,1102,3,"['ENSG00000116667', 'ENSG00000144218', 'ENSG00000178104']","['ENSG00000112964', 'ENSG00000145246', 'ENSG00000116667', 'ENSG00000144218', 'ENSG00000070366', 'ENSG00000178104', 'ENSG00000117335', 'ENSG00000176463', 'ENSG00000171843', 'ENSG00000168610']",0.086268894,fold_3
4.1,subclass.full,Medullary Thick Ascending Limb Cell,4201,0.59599432030491,0.6949891067538126,0.379671506784099,102800,700,2606,1595,2,"['ENSG00000183775', 'ENSG00000174514']","['ENSG00000148053', 'ENSG00000165973', 'ENSG00000183775', 'ENSG00000174514', 'ENSG00000151136', 'ENSG00000184985', 'ENSG00000228696', 'ENSG00000174607', 'ENSG00000186510', 'ENSG00000118596']",0.4492894,fold_3
4.1,subclass.full,Mesangial Cell,229,0.20801232665639446,0.2571428571428571,0.11790393013100436,107394,78,202,27,3,"['ENSG00000153707', 'ENSG00000136237', 'ENSG00000176463']","['ENSG00000168818', 'ENSG00000153707', 'ENSG00000136237', 'ENSG00000176463']",0.08325084,fold_3
4.1,subclass.full,Monocyte-derived Cell,1044,0.20315211104684788,0.19141689373297002,0.26915708812260536,105470,1187,763,281,2,"['ENSG00000075884', 'ENSG00000171310']","['ENSG00000075884', 'ENSG00000171310', 'ENSG00000153310']",0.10895984,fold_3
4.1,subclass.full,Myofibroblast,698,0.20860495436766624,0.3062200956937799,0.09169054441260745,106858,145,634,64,3,"['ENSG00000169946', 'ENSG00000144218', 'ENSG00000177119']","['ENSG00000169946', 'ENSG00000196924', 'ENSG00000145246', 'ENSG00000144218', 'ENSG00000177119', 'ENSG00000073712', 'ENSG00000136237', 'ENSG00000107745', 'ENSG00000088448', 'ENSG00000070366']",0.106671005,fold_3
4.1,subclass.full,Natural Killer Cell / Natural Killer T Cell,573,0.6869315461943514,0.7572559366754618,0.5008726003490401,107036,92,286,287,2,"['ENSG00000077984', 'ENSG00000198886']","['ENSG00000077984', 'ENSG00000133639', 'ENSG00000198886', 'ENSG00000177600', 'ENSG00000182899', 'ENSG00000163466', 'ENSG00000140988']",0.36035106,fold_3
4.1,subclass.full,Non-classical Monocyte,244,0.23734177215189872,0.8333333333333334,0.06147540983606557,107454,3,229,15,2,"['ENSG00000076641', 'ENSG00000100077']","['ENSG00000076641', 'ENSG00000100077', 'ENSG00000196924', 'ENSG00000171310', 'ENSG00000163466', 'ENSG00000153310']",0.31631374,fold_3
4.1,subclass.full,Outer Medullary Collecting Duct Intercalated Cell Type A,938,0.316196542311192,0.44126984126984126,0.14818763326226012,106587,176,799,139,6,"['ENSG00000157703', 'ENSG00000136169', 'ENSG00000137198', 'ENSG00000184985', 'ENSG00000168818', 'ENSG00000174607']","['ENSG00000157703', 'ENSG00000136169', 'ENSG00000137198', 'ENSG00000184985', 'ENSG00000168818', 'ENSG00000174607', 'ENSG00000139173', 'ENSG00000145246', 'ENSG00000164946', 'ENSG00000115112']",0.26398835,fold_3
4.1,subclass.full,Outer Medullary Collecting Duct Principal Cell,896,0.3584905660377358,0.49673202614379086,0.16964285714285715,106651,154,744,152,3,"['ENSG00000228696', 'ENSG00000143674', 'ENSG00000136720']","['ENSG00000008277', 'ENSG00000197565', 'ENSG00000228696', 'ENSG00000143674', 'ENSG00000184985', 'ENSG00000136720', 'ENSG00000111344', 'ENSG00000109436', 'ENSG00000164946', 'ENSG00000140743']",0.34080368,fold_3
4.1,subclass.full,Papillary Tip Epithelial Cell,400,0.5,0.8,0.2,107281,20,320,80,3,"['ENSG00000110400', 'ENSG00000196754', 'ENSG00000184828']","['ENSG00000110400', 'ENSG00000196605', 'ENSG00000196754', 'ENSG00000115641', 'ENSG00000184828', 'ENSG00000118898', 'ENSG00000083828', 'ENSG00000116667', 'ENSG00000163466', 'ENSG00000136238']",0.48732612,fold_3
4.1,subclass.full,Parietal Epithelial Cell,778,0.27956003666361134,0.3475783475783476,0.15681233933161953,106694,229,656,122,3,"['ENSG00000169946', 'ENSG00000099204', 'ENSG00000182247']","['ENSG00000169946', 'ENSG00000099204', 'ENSG00000182247', 'ENSG00000143442']",0.021388393,fold_3
4.1,subclass.full,Peritubular Capilary Endothelial Cell ,4148,0.5135278731404284,0.49468503937007874,0.6058341369334619,100986,2567,1635,2513,1,['ENSG00000122679'],['ENSG00000122679'],0.44326222,fold_3
4.1,subclass.full,Plasmacytoid Dendritic Cell,31,0.6962025316455697,0.9166666666666666,0.3548387096774194,107669,1,20,11,3,"['ENSG00000111249', 'ENSG00000144218', 'ENSG00000075884']","['ENSG00000111249', 'ENSG00000108669', 'ENSG00000171310', 'ENSG00000144218', 'ENSG00000075884', 'ENSG00000178764', 'ENSG00000079805', 'ENSG00000182247', 'ENSG00000153310', 'ENSG00000134215']",0.16635413,fold_3
4.1,subclass.full,Podocyte,1066,0.4702127659574468,0.6884735202492211,0.2073170731707317,106535,100,845,221,4,"['ENSG00000104765', 'ENSG00000184828', 'ENSG00000100077', 'ENSG00000112964']","['ENSG00000057019', 'ENSG00000178852', 'ENSG00000104765', 'ENSG00000184828', 'ENSG00000100077', 'ENSG00000112964', 'ENSG00000153707', 'ENSG00000073712', 'ENSG00000169946', 'ENSG00000083123']",0.3239895,fold_3
4.1,subclass.full,Proximal Tubule Epithelial Cell Segment 1 / Segment 2,8551,0.5174408143330849,0.5305745914602004,0.47082212606712665,95588,3562,4525,4026,1,['ENSG00000131183'],"['ENSG00000131183', 'ENSG00000162366', 'ENSG00000167107', 'ENSG00000105707', 'ENSG00000198130', 'ENSG00000182247']",1.0,fold_3
4.1,subclass.full,Proximal Tubule Epithelial Cell Segment 3,2124,0.25526110678098207,0.3484042553191489,0.12335216572504708,105087,490,1862,262,3,"['ENSG00000182348', 'ENSG00000167107', 'ENSG00000198130']","['ENSG00000182348', 'ENSG00000167107', 'ENSG00000105707', 'ENSG00000153707', 'ENSG00000186409', 'ENSG00000198130', 'ENSG00000173320', 'ENSG00000182247', 'ENSG00000099204']",0.43547148,fold_3
4.1,subclass.full,Renin-positive Juxtaglomerular Granular Cell,60,0.08522727272727272,0.10344827586206896,0.05,107615,26,57,3,3,"['ENSG00000196924', 'ENSG00000117335', 'ENSG00000133639']","['ENSG00000196924', 'ENSG00000117335', 'ENSG00000133639', 'ENSG00000176463']",0.070998676,fold_3
4.1,subclass.full,Schwann Cell / Neural,35,0.18018018018018017,0.21052631578947367,0.11428571428571428,107651,15,31,4,2,"['ENSG00000007237', 'ENSG00000116667']","['ENSG00000007237', 'ENSG00000116667']",0.38189706,fold_3
4.1,subclass.full,T Cell,1732,0.4144474034620506,0.46585594013096354,0.28752886836027713,105398,571,1234,498,2,"['ENSG00000075884', 'ENSG00000171310']","['ENSG00000075884', 'ENSG00000171310', 'ENSG00000133639']",0.14998388,fold_3
4.1,subclass.full,Transitional Principal-Intercalated Cell,171,0.12958963282937366,0.1643835616438356,0.07017543859649122,107469,61,159,12,6,"['ENSG00000167642', 'ENSG00000137198', 'ENSG00000132780', 'ENSG00000136720', 'ENSG00000143774', 'ENSG00000182899']","['ENSG00000167642', 'ENSG00000137198', 'ENSG00000132780', 'ENSG00000136720', 'ENSG00000143774', 'ENSG00000182899', 'ENSG00000139173', 'ENSG00000164946', 'ENSG00000117335', 'ENSG00000111319']",0.09709728,fold_3
4.1,subclass.full,Vascular Smooth Muscle Cell,491,0.29064039408866993,0.45038167938931295,0.12016293279022404,107138,72,432,59,2,"['ENSG00000184828', 'ENSG00000144218']","['ENSG00000184828', 'ENSG00000196924', 'ENSG00000153707', 'ENSG00000144218', 'ENSG00000143442']",0.16383368,fold_3
4.1,subclass.full,Vascular Smooth Muscle Cell / Pericyte,1443,0.16788818817112663,0.17811934900542495,0.1365211365211365,105349,909,1246,197,2,"['ENSG00000136237', 'ENSG00000176463']","['ENSG00000136237', 'ENSG00000176463', 'ENSG00000182247']",0.073330306,fold_3
4.1,subclass.full,Adaptive / Maladaptive / Repairing Fibroblast,425,0.28515240904621436,0.3918918918918919,0.13647058823529412,107186,90,367,58,3,"['ENSG00000153823', 'ENSG00000077942', 'ENSG00000162804']","['ENSG00000153823', 'ENSG00000077942', 'ENSG00000162804', 'ENSG00000165124', 'ENSG00000037637', 'ENSG00000121440', 'ENSG00000049323', 'ENSG00000117859', 'ENSG00000128512', 'ENSG00000137831']",0.35995832,fold_4
4.1,subclass.full,Adaptive / Maladaptive / Repairing Proximal Tubule Epithelial Cell,5872,0.3468362548097478,0.35087403135700124,0.33157356948228883,98227,3602,3925,1947,3,"['ENSG00000066813', 'ENSG00000158470', 'ENSG00000157551']","['ENSG00000107551', 'ENSG00000066813', 'ENSG00000136883', 'ENSG00000158470', 'ENSG00000090565', 'ENSG00000157551', 'ENSG00000106078', 'ENSG00000117859', 'ENSG00000160801', 'ENSG00000153815']",0.15835913,fold_4
4.1,subclass.full,Adaptive / Maladaptive / Repairing Thick Ascending Limb Cell,2787,0.19293457660526117,0.19569396386005383,0.18263365626121278,102822,2092,2278,509,4,"['ENSG00000184226', 'ENSG00000106078', 'ENSG00000160801', 'ENSG00000163681']","['ENSG00000184226', 'ENSG00000106078', 'ENSG00000090565', 'ENSG00000115468', 'ENSG00000160801', 'ENSG00000163681', 'ENSG00000074410', 'ENSG00000153827', 'ENSG00000184305', 'ENSG00000155974']",0.06851505,fold_4
4.1,subclass.full,Afferent / Efferent Arteriole Endothelial Cell,563,0.29718456725756,0.5757575757575758,0.10124333925399645,107096,42,506,57,3,"['ENSG00000184916', 'ENSG00000197694', 'ENSG00000138326']","['ENSG00000184916', 'ENSG00000117298', 'ENSG00000120156', 'ENSG00000197694', 'ENSG00000128512', 'ENSG00000138326', 'ENSG00000137831', 'ENSG00000130402', 'ENSG00000109756']",0.13076687,fold_4
4.1,subclass.full,Ascending Thin Limb Cell,1765,0.33537302894798776,0.45893719806763283,0.16147308781869688,105600,336,1480,285,3,"['ENSG00000144857', 'ENSG00000106780', 'ENSG00000196498']","['ENSG00000144857', 'ENSG00000164236', 'ENSG00000106780', 'ENSG00000175727', 'ENSG00000132837', 'ENSG00000196498', 'ENSG00000072201', 'ENSG00000132840', 'ENSG00000143502', 'ENSG00000109846']",0.46756792,fold_4
4.1,subclass.full,Ascending Vasa Recta Endothelial Cell,2580,0.4316096747289408,0.47233314318311465,0.3209302325581395,104196,925,1752,828,2,"['ENSG00000141556', 'ENSG00000120156']","['ENSG00000117298', 'ENSG00000141556', 'ENSG00000162804', 'ENSG00000120156', 'ENSG00000128512', 'ENSG00000153815', 'ENSG00000198382', 'ENSG00000169783', 'ENSG00000054611', 'ENSG00000137831']",0.23847654,fold_4
4.1,subclass.full,B Cell,422,0.04557831182668403,0.03739679456046625,0.36492890995260663,103315,3964,268,154,1,['ENSG00000054611'],['ENSG00000054611'],0.053028606,fold_4
4.1,subclass.full,Classical Dendritic Cell,58,0.5158730158730159,0.7647058823529411,0.22413793103448276,107639,4,45,13,2,"['ENSG00000156675', 'ENSG00000140968']","['ENSG00000156675', 'ENSG00000140968', 'ENSG00000124126', 'ENSG00000075785', 'ENSG00000196498', 'ENSG00000198382', 'ENSG00000169084', 'ENSG00000197943', 'ENSG00000153815', 'ENSG00000054611']",0.50420594,fold_4
4.1,subclass.full,Connecting Tubule Cell,2945,0.2972569110897641,0.3468244084682441,0.1891341256366723,103707,1049,2388,557,3,"['ENSG00000104327', 'ENSG00000074410', 'ENSG00000155974']","['ENSG00000104327', 'ENSG00000160801', 'ENSG00000090565', 'ENSG00000074410', 'ENSG00000155974', 'ENSG00000163681', 'ENSG00000184305', 'ENSG00000145495', 'ENSG00000167632', 'ENSG00000196586']",0.04886111,fold_4
4.1,subclass.full,Connecting Tubule Intercalated Cell Type A,110,0.038461538461538464,0.2,0.00909090909090909,107587,4,109,1,2,"['ENSG00000112992', 'ENSG00000197943']","['ENSG00000178974', 'ENSG00000124145', 'ENSG00000112992', 'ENSG00000197943', 'ENSG00000138162', 'ENSG00000115468', 'ENSG00000074410', 'ENSG00000155974', 'ENSG00000145495', 'ENSG00000184305']",0.07329197,fold_4
4.1,subclass.full,Connecting Tubule Principal Cell,2145,0.442159046246561,0.49198250728862974,0.3146853146853147,104859,697,1470,675,3,"['ENSG00000104327', 'ENSG00000115541', 'ENSG00000168447']","['ENSG00000175879', 'ENSG00000104327', 'ENSG00000115541', 'ENSG00000163660', 'ENSG00000168447', 'ENSG00000022567', 'ENSG00000104763', 'ENSG00000170430', 'ENSG00000124145', 'ENSG00000133318']",0.16948995,fold_4
4.1,subclass.full,Cortical Collecting Duct Intercalated Cell Type A,3517,0.29761467889908255,0.32093391373169766,0.23059425646858117,102468,1716,2706,811,2,"['ENSG00000112992', 'ENSG00000197943']","['ENSG00000152332', 'ENSG00000112992', 'ENSG00000178974', 'ENSG00000197943', 'ENSG00000115468', 'ENSG00000075785', 'ENSG00000074410', 'ENSG00000155974', 'ENSG00000117859', 'ENSG00000145495']",0.08622666,fold_4
4.1,subclass.full,Cortical Collecting Duct Principal Cell,2471,0.4829400780852147,0.6654970760233918,0.2302711452853096,104944,286,1902,569,2,"['ENSG00000022567', 'ENSG00000168447']","['ENSG00000022567', 'ENSG00000078070', 'ENSG00000163660', 'ENSG00000168447', 'ENSG00000170430', 'ENSG00000157551', 'ENSG00000197943', 'ENSG00000155974', 'ENSG00000073910', 'ENSG00000184305']",0.20791908,fold_4
4.1,subclass.full,Cortical Thick Ascending Limb Cell,7354,0.49586301999540333,0.5522610921501706,0.3520533043241773,98248,2099,4765,2589,3,"['ENSG00000138798', 'ENSG00000184226', 'ENSG00000115468']","['ENSG00000138798', 'ENSG00000184226', 'ENSG00000115468', 'ENSG00000110955', 'ENSG00000124145', 'ENSG00000112992', 'ENSG00000160801', 'ENSG00000074410', 'ENSG00000117859', 'ENSG00000138326']",0.10941288,fold_4
4.1,subclass.full,Cycling Connecting Tubule Cell,12,0.3125,1.0,0.08333333333333333,107689,0,11,1,3,"['ENSG00000273748', 'ENSG00000127481', 'ENSG00000127990']","['ENSG00000273748', 'ENSG00000127481', 'ENSG00000127990', 'ENSG00000186575', 'ENSG00000105662', 'ENSG00000143502', 'ENSG00000120254', 'ENSG00000170430', 'ENSG00000168447', 'ENSG00000184226']",0.5195496,fold_4
4.1,subclass.full,Cycling Distal Convoluted Tubule Cell,6,0.5,1.0,0.16666666666666666,107695,0,5,1,4,"['ENSG00000164989', 'ENSG00000047644', 'ENSG00000111785', 'ENSG00000182473']","['ENSG00000164347', 'ENSG00000164989', 'ENSG00000047644', 'ENSG00000111785', 'ENSG00000182473', 'ENSG00000197312', 'ENSG00000127990', 'ENSG00000164023', 'ENSG00000143502', 'ENSG00000138798']",1.0,fold_4
4.1,subclass.full,Cycling Endothelial Cell,54,0.5612244897959183,1.0,0.2037037037037037,107647,0,43,11,3,"['ENSG00000165304', 'ENSG00000139734', 'ENSG00000120156']","['ENSG00000165304', 'ENSG00000139734', 'ENSG00000141556', 'ENSG00000120156', 'ENSG00000198382', 'ENSG00000153815', 'ENSG00000128512', 'ENSG00000137831', 'ENSG00000168385', 'ENSG00000054611']",0.29477215,fold_4
4.1,subclass.full,Cycling Mononuclear Phagocyte,48,0.10416666666666667,0.16666666666666666,0.041666666666666664,107643,10,46,2,2,"['ENSG00000124126', 'ENSG00000198382']","['ENSG00000124126', 'ENSG00000164733', 'ENSG00000153815', 'ENSG00000128512', 'ENSG00000198382', 'ENSG00000054611', 'ENSG00000167632', 'ENSG00000169783']",0.17182381,fold_4
4.1,subclass.full,Cycling Myofibroblast,18,0.5,1.0,0.16666666666666666,107683,0,15,3,3,"['ENSG00000102384', 'ENSG00000152402', 'ENSG00000165304']","['ENSG00000102384', 'ENSG00000189091', 'ENSG00000197121', 'ENSG00000152402', 'ENSG00000165304', 'ENSG00000133858', 'ENSG00000139734', 'ENSG00000165124', 'ENSG00000141556', 'ENSG00000120254']",0.62016207,fold_4
4.1,subclass.full,Cycling Natural Killer Cell / Natural Killer T Cell,16,0.4166666666666667,0.6,0.1875,107683,2,13,3,3,"['ENSG00000087365', 'ENSG00000148908', 'ENSG00000125970']","['ENSG00000143119', 'ENSG00000087365', 'ENSG00000148908', 'ENSG00000146386', 'ENSG00000185624', 'ENSG00000125970', 'ENSG00000130520', 'ENSG00000132341', 'ENSG00000141522', 'ENSG00000065518']",1.0,fold_4
4.1,subclass.full,Cycling Proximal Tubule Epithelial Cell,145,0.06836397925506836,0.058704453441295545,0.2,107091,465,116,29,3,"['ENSG00000139734', 'ENSG00000090565', 'ENSG00000155974']","['ENSG00000139734', 'ENSG00000090565', 'ENSG00000153815', 'ENSG00000163681', 'ENSG00000155974', 'ENSG00000169783', 'ENSG00000184305', 'ENSG00000054611', 'ENSG00000137831', 'ENSG00000167632']",0.03080298,fold_4
4.1,subclass.full,Degenerative Ascending Thin Limb Cell,1100,0.3319377990430622,0.39572192513368987,0.2018181818181818,106262,339,878,222,4,"['ENSG00000132840', 'ENSG00000160213', 'ENSG00000109846', 'ENSG00000104763']","['ENSG00000106565', 'ENSG00000132840', 'ENSG00000196498', 'ENSG00000160213', 'ENSG00000109846', 'ENSG00000104763', 'ENSG00000133318', 'ENSG00000108298', 'ENSG00000157551', 'ENSG00000131143']",0.1320782,fold_4
4.1,subclass.full,Degenerative Connecting Tubule Cell,356,0.057755775577557754,0.048582995951417005,0.23595505617977527,105700,1645,272,84,3,"['ENSG00000104327', 'ENSG00000124145', 'ENSG00000133318']","['ENSG00000104327', 'ENSG00000124145', 'ENSG00000110955', 'ENSG00000133318', 'ENSG00000131143', 'ENSG00000148303', 'ENSG00000108298', 'ENSG00000130255', 'ENSG00000160801', 'ENSG00000074410']",0.11920395,fold_4
4.1,subclass.full,Degenerative Cortical Intercalated Cell Type A,1034,0.44225481209899176,0.6724738675958188,0.18665377176015474,106573,94,841,193,4,"['ENSG00000241343', 'ENSG00000152332', 'ENSG00000156284', 'ENSG00000110955']","['ENSG00000241343', 'ENSG00000152332', 'ENSG00000156284', 'ENSG00000228474', 'ENSG00000110955', 'ENSG00000131143', 'ENSG00000148303', 'ENSG00000124145', 'ENSG00000130255', 'ENSG00000108298']",0.28517377,fold_4
4.1,subclass.full,Degenerative Cortical Thick Ascending Limb Cell,346,0.09064723822433074,0.07703383729301656,0.3092485549132948,106073,1282,239,107,3,"['ENSG00000109846', 'ENSG00000108298', 'ENSG00000138326']","['ENSG00000109846', 'ENSG00000108298', 'ENSG00000148303', 'ENSG00000130255', 'ENSG00000131143', 'ENSG00000138326', 'ENSG00000169783']",0.08665629,fold_4
4.1,subclass.full,Degenerative Descending Thin Limb Cell Type 3,399,0.42642924086223055,0.5449101796407185,0.22807017543859648,107226,76,308,91,4,"['ENSG00000125730', 'ENSG00000198729', 'ENSG00000189221', 'ENSG00000160111']","['ENSG00000154734', 'ENSG00000125730', 'ENSG00000198729', 'ENSG00000189221', 'ENSG00000164023', 'ENSG00000160111', 'ENSG00000153823', 'ENSG00000167081', 'ENSG00000139734', 'ENSG00000022567']",0.7960317,fold_4
4.1,subclass.full,Degenerative Distal Convoluted Tubule Cell,1535,0.48418448489132354,0.5315227934044617,0.35700325732899024,105683,483,987,548,4,"['ENSG00000175879', 'ENSG00000150687', 'ENSG00000156284', 'ENSG00000115541']","['ENSG00000175879', 'ENSG00000244187', 'ENSG00000150687', 'ENSG00000156284', 'ENSG00000065518', 'ENSG00000115541', 'ENSG00000110955', 'ENSG00000196683', 'ENSG00000138798', 'ENSG00000197958']",0.31046197,fold_4
4.1,subclass.full,Degenerative Endothelial Cell,70,0.002928228119067814,0.0023458987218896617,0.4142857142857143,95298,12333,41,29,1,['ENSG00000130255'],"['ENSG00000130255', 'ENSG00000138326']",0.06607041,fold_4
4.1,subclass.full,Degenerative Fibroblast,90,0.379746835443038,0.7058823529411765,0.13333333333333333,107606,5,78,12,2,"['ENSG00000077942', 'ENSG00000197958']","['ENSG00000150687', 'ENSG00000077942', 'ENSG00000197958', 'ENSG00000196683', 'ENSG00000148303', 'ENSG00000108298', 'ENSG00000130255', 'ENSG00000131143', 'ENSG00000138326']",0.26332563,fold_4
4.1,subclass.full,Degenerative Inner Medullary Collecting Duct Cell,1773,0.5148559764118847,0.6889226100151745,0.25606316976875354,105723,205,1319,454,3,"['ENSG00000196878', 'ENSG00000203697', 'ENSG00000156284']","['ENSG00000196878', 'ENSG00000085117', 'ENSG00000106565', 'ENSG00000203697', 'ENSG00000156284', 'ENSG00000111142', 'ENSG00000160213', 'ENSG00000109846', 'ENSG00000104763', 'ENSG00000133318']",0.31729186,fold_4
4.1,subclass.full,Degenerative Medullary Fibroblast,656,0.2594899169632266,0.25773195876288657,0.26676829268292684,106541,504,481,175,2,"['ENSG00000049323', 'ENSG00000109846']","['ENSG00000049323', 'ENSG00000109846']",0.15426843,fold_4
4.1,subclass.full,Degenerative Medullary Thick Ascending Limb Cell,831,0.07082971957213068,0.0745814307458143,0.05896510228640193,106262,608,782,49,1,['ENSG00000169783'],"['ENSG00000138798', 'ENSG00000184226', 'ENSG00000115468', 'ENSG00000074410', 'ENSG00000184305', 'ENSG00000169783']",0.03477528,fold_4
4.1,subclass.full,Degenerative Outer Medullary Collecting Duct Principal Cell,1563,0.3251302317226513,0.36163836163836166,0.23160588611644273,105499,639,1201,362,4,"['ENSG00000106565', 'ENSG00000168447', 'ENSG00000104763', 'ENSG00000133318']","['ENSG00000105568', 'ENSG00000106565', 'ENSG00000168447', 'ENSG00000022567', 'ENSG00000104763', 'ENSG00000133318', 'ENSG00000124145', 'ENSG00000130255', 'ENSG00000157551', 'ENSG00000138326']",0.14189559,fold_4
4.1,subclass.full,Degenerative Peritubular Capilary Endothelial Cell,127,0.0749063670411985,0.11428571428571428,0.031496062992125984,107543,31,123,4,3,"['ENSG00000141556', 'ENSG00000120156', 'ENSG00000137831']","['ENSG00000141556', 'ENSG00000120156', 'ENSG00000128512', 'ENSG00000169783', 'ENSG00000137831']",0.08345562,fold_4
4.1,subclass.full,Degenerative Podocyte,192,0.11538461538461539,0.35294117647058826,0.03125,107498,11,186,6,1,['ENSG00000130402'],"['ENSG00000124145', 'ENSG00000160801', 'ENSG00000130402', 'ENSG00000073910', 'ENSG00000137831']",0.052170344,fold_4
4.1,subclass.full,Degenerative Proximal Tubule Epithelial Cell,7586,0.38454288407163056,0.4038937469064511,0.3226997099920907,96502,3613,5138,2448,2,"['ENSG00000066813', 'ENSG00000132840']","['ENSG00000107551', 'ENSG00000066813', 'ENSG00000132840', 'ENSG00000090565', 'ENSG00000160801', 'ENSG00000157551', 'ENSG00000184305']",0.25468066,fold_4
4.1,subclass.full,Degenerative Vascular Smooth Muscle Cell,762,0.5561883067577829,0.6260683760683761,0.38451443569553806,106764,175,469,293,3,"['ENSG00000103175', 'ENSG00000188243', 'ENSG00000196683']","['ENSG00000103175', 'ENSG00000105404', 'ENSG00000188243', 'ENSG00000142168', 'ENSG00000228474', 'ENSG00000196683', 'ENSG00000197958', 'ENSG00000104763', 'ENSG00000109846', 'ENSG00000148303']",0.19856355,fold_4
4.1,subclass.full,Descending Thin Limb Cell Type 1,1529,0.09285901124771122,0.08571428571428572,0.1393067364290386,103900,2272,1316,213,4,"['ENSG00000157551', 'ENSG00000073910', 'ENSG00000169783', 'ENSG00000184305']","['ENSG00000157551', 'ENSG00000073910', 'ENSG00000155974', 'ENSG00000169783', 'ENSG00000184305', 'ENSG00000167632', 'ENSG00000109756']",0.03481669,fold_4
4.1,subclass.full,Descending Thin Limb Cell Type 2,908,0.0839602364320258,0.07649938800489596,0.13766519823788545,105284,1509,783,125,4,"['ENSG00000169084', 'ENSG00000121440', 'ENSG00000157551', 'ENSG00000128512']","['ENSG00000128563', 'ENSG00000169084', 'ENSG00000121440', 'ENSG00000106078', 'ENSG00000157551', 'ENSG00000128512', 'ENSG00000163681', 'ENSG00000155974', 'ENSG00000073910', 'ENSG00000169783']",0.08299135,fold_4
4.1,subclass.full,Descending Thin Limb Cell Type 3,1392,0.19470404984423675,0.21367521367521367,0.14367816091954022,105573,736,1192,200,4,"['ENSG00000132837', 'ENSG00000196498', 'ENSG00000109846', 'ENSG00000157551']","['ENSG00000132837', 'ENSG00000196498', 'ENSG00000109846', 'ENSG00000106078', 'ENSG00000157551', 'ENSG00000132670', 'ENSG00000163681', 'ENSG00000128512', 'ENSG00000169783', 'ENSG00000073910']",0.14635396,fold_4
4.1,subclass.full,Descending Vasa Recta Endothelial Cell,1880,0.27671145233525274,0.31655992680695333,0.18404255319148935,105074,747,1534,346,3,"['ENSG00000120156', 'ENSG00000197943', 'ENSG00000198382']","['ENSG00000117298', 'ENSG00000120156', 'ENSG00000197943', 'ENSG00000198382', 'ENSG00000128512', 'ENSG00000153815', 'ENSG00000137831', 'ENSG00000109756', 'ENSG00000169783', 'ENSG00000153827']",0.06979608,fold_4
4.1,subclass.full,Distal Convoluted Tubule Cell Type 1,3551,0.4348903481600793,0.6212389380530974,0.19769079132638692,103722,428,2849,702,3,"['ENSG00000138798', 'ENSG00000121440', 'ENSG00000138162']","['ENSG00000072201', 'ENSG00000138798', 'ENSG00000170456', 'ENSG00000121440', 'ENSG00000112992', 'ENSG00000138162', 'ENSG00000115468', 'ENSG00000160801', 'ENSG00000197943', 'ENSG00000090565']",0.08805383,fold_4
4.1,subclass.full,Distal Convoluted Tubule Cell Type 2,363,0.04934886908841672,0.0415464512406232,0.19834710743801653,105677,1661,291,72,4,"['ENSG00000138798', 'ENSG00000121440', 'ENSG00000112992', 'ENSG00000160801']","['ENSG00000138798', 'ENSG00000121440', 'ENSG00000138162', 'ENSG00000112992', 'ENSG00000115468', 'ENSG00000160801', 'ENSG00000074410', 'ENSG00000184305', 'ENSG00000155974', 'ENSG00000167632']",0.061417237,fold_4
4.1,subclass.full,Fibroblast,1865,0.46141113180219323,0.601078167115903,0.239142091152815,105540,296,1419,446,2,"['ENSG00000140092', 'ENSG00000153823']","['ENSG00000140092', 'ENSG00000153823', 'ENSG00000165124', 'ENSG00000137831', 'ENSG00000130402']",0.45316508,fold_4
4.1,subclass.full,Glomerular Capillary Endothelial Cell,1830,0.3358742258218199,0.47635135135135137,0.1540983606557377,105561,310,1548,282,3,"['ENSG00000162804', 'ENSG00000124126', 'ENSG00000120156']","['ENSG00000162804', 'ENSG00000124126', 'ENSG00000120156', 'ENSG00000128512', 'ENSG00000137831']",0.2645862,fold_4
4.1,subclass.full,Inner Medullary Collecting Duct Cell,4095,0.5939982347749339,0.626046511627907,0.49304029304029307,102400,1206,2076,2019,2,"['ENSG00000203697', 'ENSG00000111142']","['ENSG00000105357', 'ENSG00000165929', 'ENSG00000203697', 'ENSG00000111142', 'ENSG00000106565', 'ENSG00000178974', 'ENSG00000133318', 'ENSG00000138162', 'ENSG00000109846', 'ENSG00000104763']",0.34031835,fold_4
4.1,subclass.full,Intercalated Cell Type B,1114,0.5620848237097599,0.6285714285714286,0.39497307001795334,106327,260,674,440,1,['ENSG00000074410'],"['ENSG00000197943', 'ENSG00000074410', 'ENSG00000115468', 'ENSG00000075785', 'ENSG00000138162', 'ENSG00000167632', 'ENSG00000196586']",0.09005353,fold_4
4.1,subclass.full,Lymphatic Endothelial Cell,136,0.15625,0.1935483870967742,0.08823529411764706,107515,50,124,12,3,"['ENSG00000037280', 'ENSG00000198382', 'ENSG00000073910']","['ENSG00000037280', 'ENSG00000162804', 'ENSG00000198382', 'ENSG00000153815', 'ENSG00000128512', 'ENSG00000073910', 'ENSG00000109756', 'ENSG00000054611', 'ENSG00000137831']",0.054047473,fold_4
4.1,subclass.full,M2 Macrophage,1355,0.37322046941131204,0.6237942122186495,0.14317343173431735,106229,117,1161,194,2,"['ENSG00000124126', 'ENSG00000164733']","['ENSG00000124126', 'ENSG00000164733', 'ENSG00000128512', 'ENSG00000054611']",0.2584421,fold_4
4.1,subclass.full,Macula Densa Cell,1186,0.1937309534175011,0.20892018779342722,0.15008431703204048,105841,674,1008,178,3,"['ENSG00000143502', 'ENSG00000184226', 'ENSG00000115468']","['ENSG00000143502', 'ENSG00000105662', 'ENSG00000184226', 'ENSG00000083544', 'ENSG00000115468', 'ENSG00000090565', 'ENSG00000160801', 'ENSG00000074410', 'ENSG00000163681', 'ENSG00000184305']",0.15636815,fold_4
4.1,subclass.full,Medullary Fibroblast,4589,0.7133610410846903,0.830293417922284,0.4563085639572892,102684,428,2495,2094,2,"['ENSG00000079931', 'ENSG00000137809']","['ENSG00000079931', 'ENSG00000069431', 'ENSG00000139174', 'ENSG00000137809', 'ENSG00000140092', 'ENSG00000150687', 'ENSG00000077942', 'ENSG00000165124', 'ENSG00000049323', 'ENSG00000121440']",0.7308236,fold_4
4.1,subclass.full,Medullary Thick Ascending Limb Cell,4201,0.5510112611350776,0.5764947245017585,0.46822185194001426,102055,1445,2234,1967,2,"['ENSG00000159261', 'ENSG00000138798']","['ENSG00000159261', 'ENSG00000132837', 'ENSG00000072201', 'ENSG00000143502', 'ENSG00000138798', 'ENSG00000184226', 'ENSG00000112992', 'ENSG00000106078', 'ENSG00000115468', 'ENSG00000074410']",0.58110327,fold_4
4.1,subclass.full,Mesangial Cell,229,0.413290113452188,0.5257731958762887,0.22270742358078602,107426,46,178,51,2,"['ENSG00000154864', 'ENSG00000137809']","['ENSG00000154864', 'ENSG00000137809', 'ENSG00000184226', 'ENSG00000160801', 'ENSG00000128512', 'ENSG00000109756', 'ENSG00000137831']",0.7691765,fold_4
4.1,subclass.full,Monocyte-derived Cell,1044,0.16968325791855204,0.3314917127071823,0.05747126436781609,106536,121,984,60,2,"['ENSG00000164733', 'ENSG00000054611']","['ENSG00000164733', 'ENSG00000054611']",0.10677412,fold_4
4.1,subclass.full,Myofibroblast,698,0.21823204419889503,0.2841726618705036,0.11318051575931232,106804,199,619,79,3,"['ENSG00000152402', 'ENSG00000120254', 'ENSG00000049323']","['ENSG00000152402', 'ENSG00000140092', 'ENSG00000120254', 'ENSG00000049323', 'ENSG00000037637', 'ENSG00000121440', 'ENSG00000117859', 'ENSG00000198382', 'ENSG00000137831', 'ENSG00000073910']",0.19300044,fold_4
4.1,subclass.full,Natural Killer Cell / Natural Killer T Cell,573,0.1263252876156102,0.11606217616580311,0.19546247818499127,106275,853,461,112,3,"['ENSG00000108298', 'ENSG00000130255', 'ENSG00000138326']","['ENSG00000197958', 'ENSG00000196683', 'ENSG00000148303', 'ENSG00000108298', 'ENSG00000130255', 'ENSG00000138326', 'ENSG00000131143']",0.09420292,fold_4
4.1,subclass.full,Non-classical Monocyte,244,0.1354895104895105,0.13777777777777778,0.12704918032786885,107263,194,213,31,2,"['ENSG00000104763', 'ENSG00000138326']","['ENSG00000104763', 'ENSG00000138326']",0.073044226,fold_4
4.1,subclass.full,Outer Medullary Collecting Duct Intercalated Cell Type A,938,0.30851063829787234,0.41076487252124644,0.15458422174840086,106555,208,793,145,5,"['ENSG00000136169', 'ENSG00000186575', 'ENSG00000160111', 'ENSG00000078070', 'ENSG00000120254']","['ENSG00000136169', 'ENSG00000186575', 'ENSG00000160111', 'ENSG00000152332', 'ENSG00000078070', 'ENSG00000120254', 'ENSG00000112992', 'ENSG00000197943', 'ENSG00000197694', 'ENSG00000115468']",0.29025304,fold_4
4.1,subclass.full,Outer Medullary Collecting Duct Principal Cell,896,0.35658914728682173,0.43705463182897863,0.20535714285714285,106568,237,712,184,4,"['ENSG00000160111', 'ENSG00000112062', 'ENSG00000168447', 'ENSG00000133318']","['ENSG00000160111', 'ENSG00000112062', 'ENSG00000168447', 'ENSG00000111142', 'ENSG00000170430', 'ENSG00000133318', 'ENSG00000155974', 'ENSG00000157551', 'ENSG00000197943', 'ENSG00000073910']",0.31460458,fold_4
4.1,subclass.full,Papillary Tip Epithelial Cell,400,0.48642533936651583,0.7107438016528925,0.215,107266,35,314,86,3,"['ENSG00000108352', 'ENSG00000277443', 'ENSG00000189221']","['ENSG00000108352', 'ENSG00000165338', 'ENSG00000277443', 'ENSG00000189221', 'ENSG00000203697', 'ENSG00000151208', 'ENSG00000160213', 'ENSG00000148303', 'ENSG00000108298', 'ENSG00000131143']",1.0,fold_4
4.1,subclass.full,Parietal Epithelial Cell,778,0.03868756121449559,0.033502968617472435,0.10154241645244216,104644,2279,699,79,2,"['ENSG00000109846', 'ENSG00000168385']","['ENSG00000109846', 'ENSG00000168385', 'ENSG00000073910', 'ENSG00000137831']",0.048929274,fold_4
4.1,subclass.full,Peritubular Capilary Endothelial Cell ,4148,0.3129487179487179,0.28015608860323654,0.5884763741562199,97281,6272,1707,2441,1,['ENSG00000120156'],"['ENSG00000120156', 'ENSG00000128512', 'ENSG00000137831']",0.13320585,fold_4
4.1,subclass.full,Plasma Cell,121,0.04795557799091368,0.04086021505376344,0.15702479338842976,107134,446,102,19,2,"['ENSG00000170456', 'ENSG00000197943']","['ENSG00000170456', 'ENSG00000197943']",0.14080839,fold_4
4.1,subclass.full,Plasmacytoid Dendritic Cell,31,0.45454545454545453,0.8333333333333334,0.16129032258064516,107669,1,26,5,3,"['ENSG00000140968', 'ENSG00000169783', 'ENSG00000054611']","['ENSG00000185291', 'ENSG00000140968', 'ENSG00000164733', 'ENSG00000109756', 'ENSG00000169783', 'ENSG00000054611', 'ENSG00000167632', 'ENSG00000184305']",0.050020453,fold_4
4.1,subclass.full,Podocyte,1066,0.7717453098351336,0.8858075040783034,0.5093808630393997,106565,70,523,543,2,"['ENSG00000203710', 'ENSG00000164236']","['ENSG00000203710', 'ENSG00000143847', 'ENSG00000130702', 'ENSG00000164236', 'ENSG00000215252', 'ENSG00000151208', 'ENSG00000197694', 'ENSG00000138162', 'ENSG00000160801', 'ENSG00000117859']",0.8535607,fold_4
4.1,subclass.full,Proximal Tubule Epithelial Cell Segment 1 / Segment 2,8551,0.4493783303730018,0.4691199543574383,0.3846333762133084,95428,3722,5262,3289,3,"['ENSG00000066813', 'ENSG00000157551', 'ENSG00000160801']","['ENSG00000066813', 'ENSG00000132840', 'ENSG00000090565', 'ENSG00000157551', 'ENSG00000160801']",0.10050738,fold_4
4.1,subclass.full,Proximal Tubule Epithelial Cell Segment 3,2124,0.16018497882772453,0.14534883720930233,0.2707156308851224,102196,3381,1549,575,3,"['ENSG00000066813', 'ENSG00000136883', 'ENSG00000090565']","['ENSG00000107551', 'ENSG00000066813', 'ENSG00000132840', 'ENSG00000136883', 'ENSG00000170456', 'ENSG00000090565', 'ENSG00000106078', 'ENSG00000157551', 'ENSG00000160801', 'ENSG00000153815']",0.22367379,fold_4
4.1,subclass.full,Renin-positive Juxtaglomerular Granular Cell,60,0.10135135135135136,0.09022556390977443,0.2,107520,121,48,12,2,"['ENSG00000103175', 'ENSG00000184226']","['ENSG00000103175', 'ENSG00000184226', 'ENSG00000073910']",0.28479388,fold_4
4.1,subclass.full,Schwann Cell / Neural,35,0.04866180048661801,0.0425531914893617,0.11428571428571428,107576,90,31,4,1,['ENSG00000184226'],['ENSG00000184226'],0.18656039,fold_4
4.1,subclass.full,Transitional Principal-Intercalated Cell,171,0.052997681351440874,0.0449438202247191,0.1871345029239766,106850,680,139,32,5,"['ENSG00000152332', 'ENSG00000156284', 'ENSG00000168447', 'ENSG00000022567', 'ENSG00000133318']","['ENSG00000152332', 'ENSG00000156284', 'ENSG00000168447', 'ENSG00000022567', 'ENSG00000170430', 'ENSG00000133318', 'ENSG00000197694', 'ENSG00000115468', 'ENSG00000197943', 'ENSG00000138326']",0.1160769,fold_4
4.1,subclass.full,Vascular Smooth Muscle Cell,491,0.1755669348939283,0.2191780821917808,0.09775967413441955,107039,171,443,48,2,"['ENSG00000121440', 'ENSG00000073910']","['ENSG00000049323', 'ENSG00000121440', 'ENSG00000073910', 'ENSG00000109756', 'ENSG00000130402']",0.08328916,fold_4
4.1,subclass.full,Vascular Smooth Muscle Cell / Pericyte,1443,0.22946458264050548,0.35294117647058826,0.09563409563409564,106005,253,1305,138,3,"['ENSG00000049323', 'ENSG00000128512', 'ENSG00000073910']","['ENSG00000049323', 'ENSG00000128512', 'ENSG00000073910', 'ENSG00000109756']",0.05063254,fold_4
4.1,subclass.full,Adaptive / Maladaptive / Repairing Fibroblast,425,0.29411764705882354,0.44537815126050423,0.12470588235294118,107210,66,372,53,2,"['ENSG00000144642', 'ENSG00000197442']","['ENSG00000111962', 'ENSG00000123358', 'ENSG00000111341', 'ENSG00000144642', 'ENSG00000197442', 'ENSG00000048707', 'ENSG00000072364', 'ENSG00000096060', 'ENSG00000151422']",0.10414034,fold_5
4.1,subclass.full,Adaptive / Maladaptive / Repairing Proximal Tubule Epithelial Cell,5872,0.2400990099009901,0.3284954039671021,0.11563351498637602,100441,1388,5193,679,4,"['ENSG00000188906', 'ENSG00000157106', 'ENSG00000167766', 'ENSG00000173821']","['ENSG00000188906', 'ENSG00000157106', 'ENSG00000167766', 'ENSG00000173821', 'ENSG00000144445', 'ENSG00000114126', 'ENSG00000109756', 'ENSG00000072364', 'ENSG00000144455', 'ENSG00000073711']",0.0591626,fold_5
4.1,subclass.full,Adaptive / Maladaptive / Repairing Thick Ascending Limb Cell,2787,0.2699197035206918,0.32931424265259984,0.1567994259059921,104024,890,2350,437,4,"['ENSG00000146966', 'ENSG00000129682', 'ENSG00000147408', 'ENSG00000188906']","['ENSG00000146966', 'ENSG00000129682', 'ENSG00000131504', 'ENSG00000147408', 'ENSG00000145734', 'ENSG00000188906', 'ENSG00000134146', 'ENSG00000167766', 'ENSG00000173821', 'ENSG00000139083']",0.118155286,fold_5
4.1,subclass.full,Afferent / Efferent Arteriole Endothelial Cell,563,0.3856124432922878,0.4857142857142857,0.2113676731793961,107012,126,444,119,3,"['ENSG00000125810', 'ENSG00000184113', 'ENSG00000150991']","['ENSG00000125810', 'ENSG00000131389', 'ENSG00000184113', 'ENSG00000111341', 'ENSG00000088387', 'ENSG00000150991', 'ENSG00000078369', 'ENSG00000134884', 'ENSG00000197956']",0.6113223,fold_5
4.1,subclass.full,Ascending Thin Limb Cell,1765,0.34200029546461813,0.3701039168665068,0.2623229461756374,105148,788,1302,463,3,"['ENSG00000042062', 'ENSG00000198740', 'ENSG00000147676']","['ENSG00000042062', 'ENSG00000149418', 'ENSG00000198740', 'ENSG00000133401', 'ENSG00000183579', 'ENSG00000147676', 'ENSG00000188906', 'ENSG00000083307', 'ENSG00000167766', 'ENSG00000263001']",0.18396793,fold_5
4.1,subclass.full,Ascending Vasa Recta Endothelial Cell,2580,0.6353998926462695,0.777504105090312,0.3670542635658915,104850,271,1633,947,2,"['ENSG00000148488', 'ENSG00000164176']","['ENSG00000148488', 'ENSG00000164176', 'ENSG00000135540', 'ENSG00000172985', 'ENSG00000111596', 'ENSG00000144642', 'ENSG00000088387', 'ENSG00000139083', 'ENSG00000173821', 'ENSG00000078369']",0.6183339,fold_5
4.1,subclass.full,B Cell,422,0.14011279520620373,0.1210967250571211,0.3767772511848341,106125,1154,263,159,1,['ENSG00000198771'],['ENSG00000198771'],1.0,fold_5
4.1,subclass.full,Classical Dendritic Cell,58,0.41044776119402987,0.5789473684210527,0.1896551724137931,107635,8,47,11,2,"['ENSG00000104490', 'ENSG00000139083']","['ENSG00000135077', 'ENSG00000104490', 'ENSG00000100599', 'ENSG00000176533', 'ENSG00000198740', 'ENSG00000139083', 'ENSG00000188906', 'ENSG00000147408', 'ENSG00000197442', 'ENSG00000144455']",0.55032176,fold_5
4.1,subclass.full,Connecting Tubule Cell,2945,0.07048544730118458,0.05952021726010863,0.26791171477079795,92289,12467,2156,789,3,"['ENSG00000111666', 'ENSG00000166016', 'ENSG00000073711']","['ENSG00000111666', 'ENSG00000166016', 'ENSG00000048707', 'ENSG00000114126', 'ENSG00000106771', 'ENSG00000073711', 'ENSG00000144445', 'ENSG00000084733', 'ENSG00000158019', 'ENSG00000144455']",0.04354314,fold_5
4.1,subclass.full,Connecting Tubule Intercalated Cell Type A,110,0.07028112449799197,0.07216494845360824,0.06363636363636363,107501,90,103,7,6,"['ENSG00000131504', 'ENSG00000172348', 'ENSG00000135503', 'ENSG00000147162', 'ENSG00000198742', 'ENSG00000166016']","['ENSG00000131504', 'ENSG00000172348', 'ENSG00000135503', 'ENSG00000147162', 'ENSG00000198742', 'ENSG00000166016', 'ENSG00000070831', 'ENSG00000084733', 'ENSG00000072364', 'ENSG00000106771']",0.08468382,fold_5
4.1,subclass.full,Connecting Tubule Principal Cell,2145,0.46555100587502224,0.6025345622119815,0.24382284382284383,105211,345,1622,523,3,"['ENSG00000159167', 'ENSG00000137714', 'ENSG00000123358']","['ENSG00000159167', 'ENSG00000137714', 'ENSG00000168447', 'ENSG00000123358', 'ENSG00000170412', 'ENSG00000111666', 'ENSG00000112306', 'ENSG00000147676', 'ENSG00000166347', 'ENSG00000166016']",0.19584765,fold_5
4.1,subclass.full,Cortical Collecting Duct Intercalated Cell Type A,3517,0.5133199957881436,0.6521739130434783,0.2772249075916975,103664,520,2542,975,2,"['ENSG00000111962', 'ENSG00000172348']","['ENSG00000111962', 'ENSG00000172348', 'ENSG00000131504', 'ENSG00000198742', 'ENSG00000145734', 'ENSG00000183579', 'ENSG00000134146', 'ENSG00000106771', 'ENSG00000144445', 'ENSG00000109756']",0.14213687,fold_5
4.1,subclass.full,Cortical Collecting Duct Principal Cell,2471,0.46509981594223415,0.5722996515679443,0.26588425738567384,104739,491,1814,657,2,"['ENSG00000168447', 'ENSG00000166016']","['ENSG00000168447', 'ENSG00000166016', 'ENSG00000123358', 'ENSG00000147408', 'ENSG00000166912', 'ENSG00000135503', 'ENSG00000147676', 'ENSG00000110328', 'ENSG00000106771', 'ENSG00000107249']",0.14952132,fold_5
4.1,subclass.full,Cortical Thick Ascending Limb Cell,7354,0.26097961417430565,0.2508493150684932,0.31125917867827035,93511,6836,5065,2289,2,"['ENSG00000182158', 'ENSG00000166347']","['ENSG00000182158', 'ENSG00000166347', 'ENSG00000114126', 'ENSG00000073711']",0.074262485,fold_5
4.1,subclass.full,Cycling Connecting Tubule Cell,12,0.05,0.045454545454545456,0.08333333333333333,107668,21,11,1,2,"['ENSG00000168447', 'ENSG00000111666']","['ENSG00000111530', 'ENSG00000145375', 'ENSG00000168447', 'ENSG00000136720', 'ENSG00000111666', 'ENSG00000166912', 'ENSG00000166016', 'ENSG00000110328', 'ENSG00000147408', 'ENSG00000145439']",0.16237044,fold_5
4.1,subclass.full,Cycling Distal Convoluted Tubule Cell,6,0.09259259259259259,0.08333333333333333,0.16666666666666666,107684,11,5,1,2,"['ENSG00000065308', 'ENSG00000198853']","['ENSG00000065308', 'ENSG00000197808', 'ENSG00000198853', 'ENSG00000108395', 'ENSG00000221955', 'ENSG00000101407', 'ENSG00000154928', 'ENSG00000121898', 'ENSG00000129682', 'ENSG00000137714']",1.0,fold_5
4.1,subclass.full,Cycling Endothelial Cell,54,0.1,0.10204081632653061,0.09259259259259259,107603,44,49,5,4,"['ENSG00000145375', 'ENSG00000135540', 'ENSG00000172985', 'ENSG00000157106']","['ENSG00000145375', 'ENSG00000135540', 'ENSG00000172985', 'ENSG00000111596', 'ENSG00000088387', 'ENSG00000157106', 'ENSG00000167766', 'ENSG00000078369', 'ENSG00000173821', 'ENSG00000109756']",0.12451365,fold_5
4.1,subclass.full,Cycling Mononuclear Phagocyte,48,0.08928571428571429,0.5,0.020833333333333332,107652,1,47,1,1,['ENSG00000173821'],"['ENSG00000139083', 'ENSG00000197442', 'ENSG00000173821', 'ENSG00000157106', 'ENSG00000144455']",0.04598902,fold_5
4.1,subclass.full,Cycling Myofibroblast,18,0.18518518518518517,0.2222222222222222,0.1111111111111111,107676,7,16,2,5,"['ENSG00000139496', 'ENSG00000150636', 'ENSG00000185483', 'ENSG00000146966', 'ENSG00000206190']","['ENSG00000139496', 'ENSG00000150636', 'ENSG00000142871', 'ENSG00000185483', 'ENSG00000146966', 'ENSG00000206190', 'ENSG00000182158', 'ENSG00000135540', 'ENSG00000172985', 'ENSG00000141252']",0.309679,fold_5
4.1,subclass.full,Cycling Natural Killer Cell / Natural Killer T Cell,16,0.25,1.0,0.0625,107685,0,15,1,3,"['ENSG00000123136', 'ENSG00000128699', 'ENSG00000087302']","['ENSG00000123136', 'ENSG00000147155', 'ENSG00000132646', 'ENSG00000105329', 'ENSG00000128699', 'ENSG00000087302', 'ENSG00000164032', 'ENSG00000135441', 'ENSG00000163041', 'ENSG00000135486']",1.0,fold_5
4.1,subclass.full,Cycling Proximal Tubule Epithelial Cell,145,0.03184713375796178,0.3333333333333333,0.006896551724137931,107554,2,144,1,2,"['ENSG00000167766', 'ENSG00000106771']","['ENSG00000167766', 'ENSG00000157106', 'ENSG00000173821', 'ENSG00000114126', 'ENSG00000106771', 'ENSG00000144445', 'ENSG00000084733', 'ENSG00000073711', 'ENSG00000072364']",0.046791084,fold_5
4.1,subclass.full,Degenerative Ascending Thin Limb Cell,1100,0.31572164948453607,0.35251798561151076,0.22272727272727272,106151,450,855,245,3,"['ENSG00000042062', 'ENSG00000147676', 'ENSG00000144713']","['ENSG00000149418', 'ENSG00000042062', 'ENSG00000147676', 'ENSG00000188906', 'ENSG00000183579', 'ENSG00000144713', 'ENSG00000110328', 'ENSG00000166347', 'ENSG00000174748', 'ENSG00000111640']",0.12116973,fold_5
4.1,subclass.full,Degenerative Connecting Tubule Cell,356,0.031879194630872486,0.027123483226266953,0.10674157303370786,105982,1363,318,38,5,"['ENSG00000131504', 'ENSG00000166912', 'ENSG00000166016', 'ENSG00000112306', 'ENSG00000174748']","['ENSG00000131504', 'ENSG00000166912', 'ENSG00000166016', 'ENSG00000144713', 'ENSG00000112306', 'ENSG00000174748', 'ENSG00000111640', 'ENSG00000150991', 'ENSG00000106771', 'ENSG00000114126']",0.048799742,fold_5
4.1,subclass.full,Degenerative Cortical Intercalated Cell Type A,1034,0.5389329488103821,0.6873563218390805,0.28916827852998067,106531,136,735,299,3,"['ENSG00000151418', 'ENSG00000241468', 'ENSG00000232112']","['ENSG00000151418', 'ENSG00000241468', 'ENSG00000147684', 'ENSG00000102934', 'ENSG00000232112', 'ENSG00000123358', 'ENSG00000196531', 'ENSG00000112306', 'ENSG00000144713', 'ENSG00000172348']",0.3854376,fold_5
4.1,subclass.full,Degenerative Cortical Thick Ascending Limb Cell,346,0.10297482837528604,0.13636363636363635,0.05202312138728324,107241,114,328,18,3,"['ENSG00000111640', 'ENSG00000174748', 'ENSG00000150991']","['ENSG00000144713', 'ENSG00000111640', 'ENSG00000112306', 'ENSG00000196531', 'ENSG00000174748', 'ENSG00000150991', 'ENSG00000197956']",0.08032711,fold_5
4.1,subclass.full,Degenerative Descending Thin Limb Cell Type 3,399,0.5866355866355867,0.6801801801801802,0.37844611528822053,107231,71,248,151,2,"['ENSG00000147408', 'ENSG00000164176']","['ENSG00000064932', 'ENSG00000116815', 'ENSG00000109466', 'ENSG00000131389', 'ENSG00000147408', 'ENSG00000164176', 'ENSG00000042062', 'ENSG00000188906', 'ENSG00000123358', 'ENSG00000133401']",0.24421959,fold_5
4.1,subclass.full,Degenerative Distal Convoluted Tubule Cell,1535,0.5121508062684533,0.6290097629009763,0.2938110749185668,105900,266,1084,451,3,"['ENSG00000121769', 'ENSG00000146674', 'ENSG00000226742']","['ENSG00000121769', 'ENSG00000146674', 'ENSG00000226742', 'ENSG00000214530', 'ENSG00000220205', 'ENSG00000241468', 'ENSG00000147684', 'ENSG00000137714', 'ENSG00000196683', 'ENSG00000232112']",1.0,fold_5
4.1,subclass.full,Degenerative Endothelial Cell,70,0.14150943396226415,0.3333333333333333,0.04285714285714286,107625,6,67,3,3,"['ENSG00000150991', 'ENSG00000174748', 'ENSG00000112306']","['ENSG00000150991', 'ENSG00000174748', 'ENSG00000112306', 'ENSG00000111640', 'ENSG00000197956']",0.072080925,fold_5
4.1,subclass.full,Degenerative Fibroblast,90,0.49065420560747663,0.6774193548387096,0.23333333333333334,107601,10,69,21,3,"['ENSG00000111341', 'ENSG00000144713', 'ENSG00000112306']","['ENSG00000111341', 'ENSG00000196683', 'ENSG00000196531', 'ENSG00000144713', 'ENSG00000150991', 'ENSG00000112306', 'ENSG00000174748', 'ENSG00000111640', 'ENSG00000197956']",0.09463179,fold_5
4.1,subclass.full,Degenerative Inner Medullary Collecting Duct Cell,1773,0.504109039887753,0.6256218905472637,0.28369994359842077,105627,301,1270,503,4,"['ENSG00000105825', 'ENSG00000153253', 'ENSG00000102934', 'ENSG00000089248']","['ENSG00000105825', 'ENSG00000153253', 'ENSG00000150556', 'ENSG00000136720', 'ENSG00000102934', 'ENSG00000089248', 'ENSG00000170412', 'ENSG00000166347', 'ENSG00000147676', 'ENSG00000166016']",0.27680916,fold_5
4.1,subclass.full,Degenerative Medullary Fibroblast,656,0.025272802141239448,0.020355706645661456,0.7484756097560976,83415,23630,165,491,1,['ENSG00000197956'],['ENSG00000197956'],0.042010248,fold_5
4.1,subclass.full,Degenerative Medullary Thick Ascending Limb Cell,831,0.01871190207710284,0.015175612988734261,0.27557160048134777,92009,14861,602,229,2,"['ENSG00000110328', 'ENSG00000073711']","['ENSG00000110328', 'ENSG00000073711']",0.034197643,fold_5
4.1,subclass.full,Degenerative Outer Medullary Collecting Duct Principal Cell,1563,0.3119311600198577,0.3366071428571429,0.24120281509916827,105395,743,1186,377,4,"['ENSG00000136720', 'ENSG00000142949', 'ENSG00000168447', 'ENSG00000089248']","['ENSG00000136720', 'ENSG00000142949', 'ENSG00000168447', 'ENSG00000170412', 'ENSG00000089248', 'ENSG00000166912', 'ENSG00000232112', 'ENSG00000147676', 'ENSG00000166347', 'ENSG00000110328']",0.1808824,fold_5
4.1,subclass.full,Degenerative Peritubular Capilary Endothelial Cell,127,0.03816793893129771,1.0,0.007874015748031496,107574,0,126,1,1,['ENSG00000088387'],"['ENSG00000172985', 'ENSG00000088387', 'ENSG00000078369', 'ENSG00000197956']",0.06894675,fold_5
4.1,subclass.full,Degenerative Podocyte,192,0.5108695652173914,0.7014925373134329,0.24479166666666666,107489,20,145,47,2,"['ENSG00000101335', 'ENSG00000196549']","['ENSG00000173376', 'ENSG00000184113', 'ENSG00000101335', 'ENSG00000196549', 'ENSG00000147676', 'ENSG00000174748', 'ENSG00000111640', 'ENSG00000150991', 'ENSG00000197956']",0.27032936,fold_5
4.1,subclass.full,Degenerative Proximal Tubule Epithelial Cell,7586,0.4364326375711575,0.45471938775510207,0.37595570788294225,96695,3420,4734,2852,2,"['ENSG00000196549', 'ENSG00000133401']","['ENSG00000010379', 'ENSG00000167107', 'ENSG00000196549', 'ENSG00000133401', 'ENSG00000166347', 'ENSG00000114126', 'ENSG00000073711']",0.16875097,fold_5
4.1,subclass.full,Degenerative Vascular Smooth Muscle Cell,762,0.7625845229151015,0.8547368421052631,0.5328083989501312,106870,69,356,406,2,"['ENSG00000101335', 'ENSG00000163041']","['ENSG00000162998', 'ENSG00000213626', 'ENSG00000135424', 'ENSG00000111678', 'ENSG00000101335', 'ENSG00000163041', 'ENSG00000111341', 'ENSG00000196683', 'ENSG00000196531', 'ENSG00000172348']",0.31101948,fold_5
4.1,subclass.full,Descending Thin Limb Cell Type 1,1529,0.195338512763596,0.23655913978494625,0.11510791366906475,105604,568,1353,176,3,"['ENSG00000188906', 'ENSG00000110328', 'ENSG00000083307']","['ENSG00000166912', 'ENSG00000188906', 'ENSG00000110328', 'ENSG00000083307', 'ENSG00000183579', 'ENSG00000134146', 'ENSG00000167766', 'ENSG00000144445', 'ENSG00000263001', 'ENSG00000144455']",0.09396073,fold_5
4.1,subclass.full,Descending Thin Limb Cell Type 2,908,0.2980769230769231,0.33634719710669075,0.20484581497797358,106426,367,722,186,3,"['ENSG00000164176', 'ENSG00000188906', 'ENSG00000110328']","['ENSG00000164176', 'ENSG00000166912', 'ENSG00000188906', 'ENSG00000110328', 'ENSG00000188352', 'ENSG00000183579', 'ENSG00000083307', 'ENSG00000167766', 'ENSG00000144445', 'ENSG00000151422']",0.12203071,fold_5
4.1,subclass.full,Descending Thin Limb Cell Type 3,1392,0.3574744661095636,0.4224965706447188,0.22126436781609196,105888,421,1084,308,3,"['ENSG00000042062', 'ENSG00000164176', 'ENSG00000188906']","['ENSG00000042062', 'ENSG00000164176', 'ENSG00000133401', 'ENSG00000188906', 'ENSG00000183579', 'ENSG00000147676', 'ENSG00000083307', 'ENSG00000110328', 'ENSG00000088387', 'ENSG00000144445']",0.18692318,fold_5
4.1,subclass.full,Descending Vasa Recta Endothelial Cell,1880,0.46296296296296297,0.6689536878216124,0.2074468085106383,105628,193,1490,390,3,"['ENSG00000185666', 'ENSG00000147408', 'ENSG00000088387']","['ENSG00000185666', 'ENSG00000211455', 'ENSG00000147408', 'ENSG00000088387', 'ENSG00000144642', 'ENSG00000139083', 'ENSG00000109756', 'ENSG00000078369', 'ENSG00000048707', 'ENSG00000072364']",0.10621256,fold_5
4.1,subclass.full,Distal Convoluted Tubule Cell Type 1,3551,0.5098615190935796,0.5810616929698709,0.34215713883413124,103274,876,2336,1215,2,"['ENSG00000121898', 'ENSG00000129682']","['ENSG00000121898', 'ENSG00000148123', 'ENSG00000129682', 'ENSG00000147162', 'ENSG00000147408', 'ENSG00000145439', 'ENSG00000166016', 'ENSG00000106771', 'ENSG00000114126', 'ENSG00000048707']",0.3363076,fold_5
4.1,subclass.full,Distal Convoluted Tubule Cell Type 2,363,0.07237984944991314,0.07331378299120235,0.06887052341597796,107022,316,338,25,5,"['ENSG00000121898', 'ENSG00000147162', 'ENSG00000135503', 'ENSG00000145439', 'ENSG00000114126']","['ENSG00000121898', 'ENSG00000129682', 'ENSG00000147162', 'ENSG00000135503', 'ENSG00000145439', 'ENSG00000114126', 'ENSG00000048707', 'ENSG00000106771', 'ENSG00000073711', 'ENSG00000144445']",0.084715,fold_5
4.1,subclass.full,Fibroblast,1865,0.456472935894238,0.6828358208955224,0.19624664879356568,105666,170,1499,366,2,"['ENSG00000154359', 'ENSG00000142871']","['ENSG00000154359', 'ENSG00000142871', 'ENSG00000144642', 'ENSG00000172985', 'ENSG00000198742', 'ENSG00000197442', 'ENSG00000139083', 'ENSG00000096060']",0.9340689,fold_5
4.1,subclass.full,Glomerular Capillary Endothelial Cell,1830,0.3471096704484063,0.5491452991452992,0.14043715846994537,105660,211,1573,257,2,"['ENSG00000197879', 'ENSG00000111341']","['ENSG00000197879', 'ENSG00000111341', 'ENSG00000144642', 'ENSG00000088387', 'ENSG00000134884', 'ENSG00000078369']",0.4230551,fold_5
4.1,subclass.full,Inner Medullary Collecting Duct Cell,4095,0.4951681484344801,0.5796380090497738,0.3128205128205128,102677,929,2814,1281,3,"['ENSG00000163913', 'ENSG00000153253', 'ENSG00000150556']","['ENSG00000163913', 'ENSG00000153253', 'ENSG00000100605', 'ENSG00000150556', 'ENSG00000102934', 'ENSG00000136720', 'ENSG00000111666', 'ENSG00000166016', 'ENSG00000147676', 'ENSG00000083307']",0.44350648,fold_5
4.1,subclass.full,Intercalated Cell Type B,1114,0.4215486500254712,0.47083926031294454,0.2971274685816876,106215,372,783,331,2,"['ENSG00000133401', 'ENSG00000172348']","['ENSG00000151418', 'ENSG00000133401', 'ENSG00000172348', 'ENSG00000197442', 'ENSG00000134146', 'ENSG00000084733']",0.13309765,fold_5
4.1,subclass.full,Lymphatic Endothelial Cell,136,0.2217741935483871,0.39285714285714285,0.08088235294117647,107548,17,125,11,3,"['ENSG00000184203', 'ENSG00000088387', 'ENSG00000110328']","['ENSG00000184203', 'ENSG00000135540', 'ENSG00000088387', 'ENSG00000110328', 'ENSG00000145734', 'ENSG00000139083', 'ENSG00000078369', 'ENSG00000109756', 'ENSG00000158019']",0.09659929,fold_5
4.1,subclass.full,M2 Macrophage,1355,0.5804174801021175,0.5829562594268477,0.570479704797048,105793,553,582,773,1,['ENSG00000079215'],"['ENSG00000079215', 'ENSG00000147408', 'ENSG00000139083', 'ENSG00000096060', 'ENSG00000112531']",1.0,fold_5
4.1,subclass.full,Macula Densa Cell,1186,0.13765748950069995,0.15225806451612903,0.09949409780775717,105858,657,1068,118,5,"['ENSG00000147408', 'ENSG00000188906', 'ENSG00000147099', 'ENSG00000134146', 'ENSG00000145439']","['ENSG00000147408', 'ENSG00000188906', 'ENSG00000145734', 'ENSG00000147099', 'ENSG00000134146', 'ENSG00000145439', 'ENSG00000157106', 'ENSG00000167766', 'ENSG00000114126', 'ENSG00000048707']",0.07825312,fold_5
4.1,subclass.full,Mast Cell,112,0.18162393162393162,0.19101123595505617,0.15178571428571427,107517,72,95,17,1,['ENSG00000151422'],['ENSG00000151422'],0.060730666,fold_5
4.1,subclass.full,Medullary Fibroblast,4589,0.7797964662546045,0.8743437171858593,0.5443451732403574,102753,359,2091,2498,2,"['ENSG00000172987', 'ENSG00000042062']","['ENSG00000134686', 'ENSG00000172987', 'ENSG00000111962', 'ENSG00000042062', 'ENSG00000111341', 'ENSG00000172985', 'ENSG00000144642', 'ENSG00000197442', 'ENSG00000126070', 'ENSG00000145439']",0.39129552,fold_5
4.1,subclass.full,Medullary Thick Ascending Limb Cell,4201,0.5274827266164793,0.7445414847161572,0.24351344917876697,103149,351,3178,1023,3,"['ENSG00000146966', 'ENSG00000148123', 'ENSG00000042062']","['ENSG00000173930', 'ENSG00000146966', 'ENSG00000148123', 'ENSG00000107890', 'ENSG00000176533', 'ENSG00000042062', 'ENSG00000135540', 'ENSG00000110328', 'ENSG00000126070', 'ENSG00000083307']",0.37802383,fold_5
4.1,subclass.full,Mesangial Cell,229,0.155096011816839,0.1875,0.09170305676855896,107381,91,208,21,3,"['ENSG00000185483', 'ENSG00000144642', 'ENSG00000096060']","['ENSG00000185483', 'ENSG00000144642', 'ENSG00000197442', 'ENSG00000109756', 'ENSG00000134884', 'ENSG00000096060', 'ENSG00000129636']",0.12894729,fold_5
4.1,subclass.full,Monocyte-derived Cell,1044,0.17070484581497797,0.19165378670788252,0.11877394636015326,106134,523,920,124,2,"['ENSG00000139083', 'ENSG00000096060']","['ENSG00000139083', 'ENSG00000096060']",0.037980102,fold_5
4.1,subclass.full,Myofibroblast,698,0.1671583087512291,0.20359281437125748,0.09742120343839542,106737,266,630,68,3,"['ENSG00000182158', 'ENSG00000198742', 'ENSG00000111341']","['ENSG00000182158', 'ENSG00000198742', 'ENSG00000111341', 'ENSG00000144642', 'ENSG00000197442', 'ENSG00000139083', 'ENSG00000048707', 'ENSG00000151422', 'ENSG00000072364']",0.12078719,fold_5
4.1,subclass.full,Natural Killer Cell / Natural Killer T Cell,573,0.1490404246631278,0.15565031982942432,0.1273996509598604,106732,396,500,73,2,"['ENSG00000232112', 'ENSG00000112306']","['ENSG00000232112', 'ENSG00000196683', 'ENSG00000196531', 'ENSG00000112306', 'ENSG00000144713', 'ENSG00000174748', 'ENSG00000111640', 'ENSG00000150991', 'ENSG00000197956']",0.11347571,fold_5
4.1,subclass.full,Neutrophil,89,0.0030260931761598876,0.002423841789235939,0.4943820224719101,89503,18109,45,44,1,['ENSG00000197956'],['ENSG00000197956'],0.036497574,fold_5
4.1,subclass.full,Non-classical Monocyte,244,0.15173410404624277,0.1875,0.0860655737704918,107366,91,223,21,3,"['ENSG00000100599', 'ENSG00000173821', 'ENSG00000084733']","['ENSG00000100599', 'ENSG00000070831', 'ENSG00000150991', 'ENSG00000173821', 'ENSG00000084733', 'ENSG00000197956']",0.04791298,fold_5
4.1,subclass.full,Outer Medullary Collecting Duct Intercalated Cell Type A,938,0.5077120822622108,0.6790830945558739,0.2526652452025586,106651,112,701,237,4,"['ENSG00000187715', 'ENSG00000159128', 'ENSG00000107890', 'ENSG00000151418']","['ENSG00000187715', 'ENSG00000159128', 'ENSG00000103365', 'ENSG00000107890', 'ENSG00000153253', 'ENSG00000151418', 'ENSG00000102934', 'ENSG00000111962', 'ENSG00000172348', 'ENSG00000133401']",0.69691527,fold_5
4.1,subclass.full,Outer Medullary Collecting Duct Principal Cell,896,0.3791469194312796,0.46943765281173594,0.21428571428571427,106588,217,704,192,4,"['ENSG00000150556', 'ENSG00000168447', 'ENSG00000166912', 'ENSG00000111666']","['ENSG00000150556', 'ENSG00000136720', 'ENSG00000168447', 'ENSG00000166912', 'ENSG00000135540', 'ENSG00000111666', 'ENSG00000188352', 'ENSG00000110328', 'ENSG00000166016', 'ENSG00000145439']",0.20755613,fold_5
4.1,subclass.full,Papillary Tip Epithelial Cell,400,0.436046511627907,0.6521739130434783,0.1875,107261,40,325,75,5,"['ENSG00000120992', 'ENSG00000142949', 'ENSG00000150556', 'ENSG00000111962', 'ENSG00000196531']","['ENSG00000120992', 'ENSG00000142949', 'ENSG00000150556', 'ENSG00000111962', 'ENSG00000198742', 'ENSG00000196531', 'ENSG00000144713', 'ENSG00000083307', 'ENSG00000174748', 'ENSG00000197442']",0.25092772,fold_5
4.1,subclass.full,Peritubular Capilary Endothelial Cell ,4148,0.25882728870426586,0.24818077364994254,0.3124397299903568,99627,3926,2852,1296,1,['ENSG00000088387'],"['ENSG00000088387', 'ENSG00000134884']",0.071028754,fold_5
4.1,subclass.full,Plasma Cell,121,0.5047318611987381,0.6530612244897959,0.2644628099173554,107563,17,89,32,1,['ENSG00000182158'],"['ENSG00000176533', 'ENSG00000182158', 'ENSG00000147162', 'ENSG00000139083']",0.28525862,fold_5
4.1,subclass.full,Plasmacytoid Dendritic Cell,31,0.3488372093023256,1.0,0.0967741935483871,107670,0,28,3,2,"['ENSG00000112159', 'ENSG00000154928']","['ENSG00000112159', 'ENSG00000154928', 'ENSG00000176533', 'ENSG00000147162', 'ENSG00000182158', 'ENSG00000172985', 'ENSG00000197442', 'ENSG00000173821', 'ENSG00000139083', 'ENSG00000109756']",0.7993785,fold_5
4.1,subclass.full,Podocyte,1066,0.9139360442163442,0.926,0.8686679174484052,106561,74,140,926,1,['ENSG00000139304'],"['ENSG00000139304', 'ENSG00000203710', 'ENSG00000137834', 'ENSG00000173376', 'ENSG00000206190', 'ENSG00000196549', 'ENSG00000101335', 'ENSG00000182158', 'ENSG00000183579', 'ENSG00000111596']",1.0,fold_5
4.1,subclass.full,Proximal Tubule Epithelial Cell Segment 1 / Segment 2,8551,0.4276863633335554,0.795046439628483,0.15015787627178107,98819,331,7267,1284,2,"['ENSG00000196549', 'ENSG00000166347']","['ENSG00000167107', 'ENSG00000010379', 'ENSG00000196549', 'ENSG00000133401', 'ENSG00000166347']",0.121380776,fold_5
4.1,subclass.full,Proximal Tubule Epithelial Cell Segment 3,2124,0.22732843137254902,0.24585818422796554,0.1746704331450094,104439,1138,1753,371,3,"['ENSG00000010379', 'ENSG00000167107', 'ENSG00000110328']","['ENSG00000010379', 'ENSG00000167107', 'ENSG00000196549', 'ENSG00000133401', 'ENSG00000110328', 'ENSG00000144445', 'ENSG00000073711', 'ENSG00000114126', 'ENSG00000144455']",0.43547148,fold_5
4.1,subclass.full,Renin-positive Juxtaglomerular Granular Cell,60,0.0625,0.06153846153846154,0.06666666666666667,107580,61,56,4,4,"['ENSG00000101335', 'ENSG00000164176', 'ENSG00000072364', 'ENSG00000134884']","['ENSG00000172987', 'ENSG00000101335', 'ENSG00000164176', 'ENSG00000072364', 'ENSG00000134884']",0.06068617,fold_5
4.1,subclass.full,Schwann Cell / Neural,35,0.1282051282051282,1.0,0.02857142857142857,107666,0,34,1,1,['ENSG00000112531'],"['ENSG00000172985', 'ENSG00000144642', 'ENSG00000112531']",0.041881014,fold_5
4.1,subclass.full,Transitional Principal-Intercalated Cell,171,0.1345962113659023,0.12980769230769232,0.15789473684210525,107349,181,144,27,4,"['ENSG00000151418', 'ENSG00000136720', 'ENSG00000168447', 'ENSG00000149418']","['ENSG00000151418', 'ENSG00000136720', 'ENSG00000168447', 'ENSG00000149418', 'ENSG00000123358', 'ENSG00000185787', 'ENSG00000172348', 'ENSG00000070831', 'ENSG00000147676', 'ENSG00000166016']",0.108413056,fold_5
4.1,subclass.full,Vascular Smooth Muscle Cell,491,0.5438225976768744,0.9035087719298246,0.20977596741344195,107199,11,388,103,3,"['ENSG00000172987', 'ENSG00000206190', 'ENSG00000172348']","['ENSG00000185483', 'ENSG00000172987', 'ENSG00000206190', 'ENSG00000101335', 'ENSG00000172985', 'ENSG00000172348', 'ENSG00000197442', 'ENSG00000096060', 'ENSG00000151422', 'ENSG00000109756']",0.30651003,fold_5
4.1,subclass.full,Vascular Smooth Muscle Cell / Pericyte,1443,0.42276422764227645,0.6372549019607843,0.18018018018018017,106110,148,1183,260,2,"['ENSG00000150636', 'ENSG00000172348']","['ENSG00000150636', 'ENSG00000206190', 'ENSG00000111341', 'ENSG00000172348', 'ENSG00000144642', 'ENSG00000197442', 'ENSG00000109756', 'ENSG00000151422']",0.31174937,fold_5
4.1,subclass.full,Adaptive / Maladaptive / Repairing Fibroblast,425,0.3463203463203463,0.7164179104477612,0.11294117647058824,107257,19,377,48,3,"['ENSG00000196569', 'ENSG00000169946', 'ENSG00000130522']","['ENSG00000196569', 'ENSG00000169946', 'ENSG00000145147', 'ENSG00000131149', 'ENSG00000130522', 'ENSG00000145819', 'ENSG00000007168']",0.20600937,fold_6
4.1,subclass.full,Adaptive / Maladaptive / Repairing Proximal Tubule Epithelial Cell,5872,0.4292094958394518,0.5359052711993888,0.23893051771117166,100614,1215,4469,1403,3,"['ENSG00000148154', 'ENSG00000106772', 'ENSG00000165895']","['ENSG00000086991', 'ENSG00000148154', 'ENSG00000104218', 'ENSG00000106772', 'ENSG00000165895', 'ENSG00000144619', 'ENSG00000135127', 'ENSG00000160801', 'ENSG00000011114', 'ENSG00000130338']",0.14866242,fold_6
4.1,subclass.full,Adaptive / Maladaptive / Repairing Thick Ascending Limb Cell,2787,0.3797218660617418,0.41893362350380847,0.2762827412988877,103846,1068,2017,770,2,"['ENSG00000115221', 'ENSG00000135127']","['ENSG00000115221', 'ENSG00000148154', 'ENSG00000176155', 'ENSG00000006715', 'ENSG00000198887', 'ENSG00000135127', 'ENSG00000160801', 'ENSG00000011114', 'ENSG00000088448', 'ENSG00000111912']",0.17465132,fold_6
4.1,subclass.full,Afferent / Efferent Arteriole Endothelial Cell,563,0.3978576893649579,0.5591397849462365,0.1847246891651865,107056,82,459,104,3,"['ENSG00000151468', 'ENSG00000068001', 'ENSG00000065054']","['ENSG00000151468', 'ENSG00000068001', 'ENSG00000065054', 'ENSG00000101384', 'ENSG00000147065', 'ENSG00000196154', 'ENSG00000196628', 'ENSG00000155849', 'ENSG00000130522', 'ENSG00000104067']",0.51555717,fold_6
4.1,subclass.full,Ascending Thin Limb Cell,1765,0.5191982612895436,0.7239057239057239,0.24362606232294617,105772,164,1335,430,3,"['ENSG00000198691', 'ENSG00000134874', 'ENSG00000042062']","['ENSG00000198691', 'ENSG00000105926', 'ENSG00000134874', 'ENSG00000042062', 'ENSG00000088836', 'ENSG00000149418', 'ENSG00000106772', 'ENSG00000196154', 'ENSG00000135127', 'ENSG00000130338']",0.31354854,fold_6
4.1,subclass.full,Ascending Vasa Recta Endothelial Cell,2580,0.35414333706606943,0.37315634218289084,0.2941860465116279,103846,1275,1821,759,2,"['ENSG00000109099', 'ENSG00000065054']","['ENSG00000109099', 'ENSG00000068001', 'ENSG00000065054', 'ENSG00000147065', 'ENSG00000131149', 'ENSG00000196628', 'ENSG00000145819', 'ENSG00000155849', 'ENSG00000104067', 'ENSG00000137845']",0.58926296,fold_6
4.1,subclass.full,B Cell,422,0.10115033716779057,0.08831168831168831,0.24170616113744076,106226,1053,320,102,2,"['ENSG00000155849', 'ENSG00000054611']","['ENSG00000155849', 'ENSG00000054611']",0.058972444,fold_6
4.1,subclass.full,Classical Dendritic Cell,58,0.4365079365079365,0.6470588235294118,0.1896551724137931,107637,6,47,11,2,"['ENSG00000122025', 'ENSG00000168214']","['ENSG00000103043', 'ENSG00000012660', 'ENSG00000122025', 'ENSG00000168214', 'ENSG00000154978', 'ENSG00000059377', 'ENSG00000155849', 'ENSG00000054611', 'ENSG00000111912', 'ENSG00000174485']",0.40292832,fold_6
4.1,subclass.full,Connecting Tubule Cell,2945,0.12898699336175726,0.12268993839835729,0.16230899830220713,101338,3418,2467,478,3,"['ENSG00000214128', 'ENSG00000105810', 'ENSG00000160801']","['ENSG00000214128', 'ENSG00000105810', 'ENSG00000160801', 'ENSG00000053918', 'ENSG00000011114', 'ENSG00000088448', 'ENSG00000137845', 'ENSG00000136111', 'ENSG00000196233']",0.028189156,fold_6
4.1,subclass.full,Connecting Tubule Intercalated Cell Type A,110,0.041928721174004195,0.037914691943127965,0.07272727272727272,107388,203,102,8,4,"['ENSG00000145147', 'ENSG00000101004', 'ENSG00000060138', 'ENSG00000214128']","['ENSG00000145147', 'ENSG00000091409', 'ENSG00000101004', 'ENSG00000153292', 'ENSG00000060138', 'ENSG00000214128', 'ENSG00000053918', 'ENSG00000111912', 'ENSG00000130522', 'ENSG00000136111']",0.09334527,fold_6
4.1,subclass.full,Connecting Tubule Principal Cell,2145,0.24892060974535202,0.24554541503694047,0.2634032634032634,103820,1736,1580,565,4,"['ENSG00000170412', 'ENSG00000133872', 'ENSG00000130522', 'ENSG00000186468']","['ENSG00000170412', 'ENSG00000060138', 'ENSG00000104964', 'ENSG00000133872', 'ENSG00000130522', 'ENSG00000186468', 'ENSG00000142676', 'ENSG00000214128', 'ENSG00000105810', 'ENSG00000174748']",0.07655697,fold_6
4.1,subclass.full,Cortical Collecting Duct Intercalated Cell Type A,3517,0.5575919921048922,0.8847874720357942,0.22490759169746943,104081,103,2726,791,2,"['ENSG00000145147', 'ENSG00000091409']","['ENSG00000145147', 'ENSG00000091409', 'ENSG00000134313', 'ENSG00000153292', 'ENSG00000214128', 'ENSG00000132170', 'ENSG00000111912', 'ENSG00000136111', 'ENSG00000100697', 'ENSG00000130338']",0.24085467,fold_6
4.1,subclass.full,Cortical Collecting Duct Principal Cell,2471,0.22028022533583708,0.27403414195867026,0.12343180898421692,104422,808,2166,305,4,"['ENSG00000060138', 'ENSG00000105810', 'ENSG00000132170', 'ENSG00000053918']","['ENSG00000130787', 'ENSG00000091129', 'ENSG00000060138', 'ENSG00000105810', 'ENSG00000132170', 'ENSG00000053918', 'ENSG00000088448', 'ENSG00000067208', 'ENSG00000133121', 'ENSG00000130522']",0.08360995,fold_6
4.1,subclass.full,Cortical Thick Ascending Limb Cell,7354,0.45336437875413377,0.4824057450628366,0.36537938536850695,97464,2883,4667,2687,3,"['ENSG00000171004', 'ENSG00000160801', 'ENSG00000136111']","['ENSG00000171004', 'ENSG00000160801', 'ENSG00000214128', 'ENSG00000135127', 'ENSG00000197746', 'ENSG00000136111', 'ENSG00000125868']",0.062248275,fold_6
4.1,subclass.full,Cycling Connecting Tubule Cell,12,0.056818181818181816,0.05263157894736842,0.08333333333333333,107671,18,11,1,2,"['ENSG00000101104', 'ENSG00000162889']","['ENSG00000120265', 'ENSG00000132388', 'ENSG00000101104', 'ENSG00000203666', 'ENSG00000162889', 'ENSG00000119685', 'ENSG00000176155', 'ENSG00000101004', 'ENSG00000091129', 'ENSG00000106459']",0.37574214,fold_6
4.1,subclass.full,Cycling Distal Convoluted Tubule Cell,6,0.5,1.0,0.16666666666666666,107695,0,5,1,3,"['ENSG00000114473', 'ENSG00000141447', 'ENSG00000196151']","['ENSG00000023330', 'ENSG00000114473', 'ENSG00000141447', 'ENSG00000198231', 'ENSG00000196151', 'ENSG00000204219', 'ENSG00000163257', 'ENSG00000134900', 'ENSG00000163590', 'ENSG00000101104']",1.0,fold_6
4.1,subclass.full,Cycling Endothelial Cell,54,0.12195121951219512,0.2857142857142857,0.037037037037037035,107642,5,52,2,4,"['ENSG00000113810', 'ENSG00000101974', 'ENSG00000119685', 'ENSG00000091409']","['ENSG00000113810', 'ENSG00000101974', 'ENSG00000162407', 'ENSG00000119685', 'ENSG00000091409', 'ENSG00000198887', 'ENSG00000196628', 'ENSG00000155849', 'ENSG00000131149', 'ENSG00000104067']",0.12730412,fold_6
4.1,subclass.full,Cycling Mononuclear Phagocyte,48,0.078125,0.25,0.020833333333333332,107650,3,47,1,4,"['ENSG00000138756', 'ENSG00000154978', 'ENSG00000169554', 'ENSG00000155849']","['ENSG00000138756', 'ENSG00000249437', 'ENSG00000168214', 'ENSG00000154978', 'ENSG00000169554', 'ENSG00000155849', 'ENSG00000196628', 'ENSG00000145819', 'ENSG00000174485', 'ENSG00000085832']",0.11671278,fold_6
4.1,subclass.full,Cycling Myofibroblast,18,0.29411764705882354,0.5,0.1111111111111111,107681,2,16,2,4,"['ENSG00000012660', 'ENSG00000125633', 'ENSG00000119685', 'ENSG00000196569']","['ENSG00000012660', 'ENSG00000134900', 'ENSG00000125633', 'ENSG00000119685', 'ENSG00000196569', 'ENSG00000101384', 'ENSG00000165895', 'ENSG00000169946', 'ENSG00000198363', 'ENSG00000169554']",0.285246,fold_6
4.1,subclass.full,Cycling Natural Killer Cell / Natural Killer T Cell,16,0.3125,0.5,0.125,107683,2,14,2,3,"['ENSG00000164687', 'ENSG00000158050', 'ENSG00000103495']","['ENSG00000183918', 'ENSG00000164687', 'ENSG00000167088', 'ENSG00000158050', 'ENSG00000100811', 'ENSG00000103495', 'ENSG00000164032', 'ENSG00000101182', 'ENSG00000111229', 'ENSG00000166136']",1.0,fold_6
4.1,subclass.full,Cycling Proximal Tubule Epithelial Cell,145,0.017111567419575632,0.015197568389057751,0.034482758620689655,107232,324,140,5,4,"['ENSG00000270647', 'ENSG00000088448', 'ENSG00000145819', 'ENSG00000104067']","['ENSG00000270647', 'ENSG00000088448', 'ENSG00000145819', 'ENSG00000104067', 'ENSG00000054611']",0.02886616,fold_6
4.1,subclass.full,Degenerative Ascending Thin Limb Cell,1100,0.26286764705882354,0.3530864197530864,0.13,106339,262,957,143,5,"['ENSG00000105926', 'ENSG00000149418', 'ENSG00000088836', 'ENSG00000042062', 'ENSG00000164713']","['ENSG00000164761', 'ENSG00000105926', 'ENSG00000149418', 'ENSG00000088836', 'ENSG00000042062', 'ENSG00000164713', 'ENSG00000196154', 'ENSG00000106772', 'ENSG00000135127', 'ENSG00000186468']",0.17475654,fold_6
4.1,subclass.full,Degenerative Connecting Tubule Cell,356,0.1481958762886598,0.21904761904761905,0.06460674157303371,107263,82,333,23,6,"['ENSG00000205336', 'ENSG00000145147', 'ENSG00000214128', 'ENSG00000105810', 'ENSG00000197746', 'ENSG00000186468']","['ENSG00000205336', 'ENSG00000145147', 'ENSG00000214128', 'ENSG00000105810', 'ENSG00000197746', 'ENSG00000186468', 'ENSG00000142676', 'ENSG00000160801', 'ENSG00000130522', 'ENSG00000174748']",0.05987182,fold_6
4.1,subclass.full,Degenerative Cortical Intercalated Cell Type A,1034,0.49762093576526567,0.6747311827956989,0.24274661508704062,106546,121,783,251,3,"['ENSG00000133321', 'ENSG00000259120', 'ENSG00000166136']","['ENSG00000133321', 'ENSG00000259120', 'ENSG00000184983', 'ENSG00000179085', 'ENSG00000119013', 'ENSG00000166136', 'ENSG00000102934', 'ENSG00000145147', 'ENSG00000214128', 'ENSG00000091409']",1.0,fold_6
4.1,subclass.full,Degenerative Cortical Thick Ascending Limb Cell,346,0.13527054108216433,0.1656441717791411,0.07803468208092486,107219,136,319,27,3,"['ENSG00000142676', 'ENSG00000197746', 'ENSG00000125868']","['ENSG00000196154', 'ENSG00000142676', 'ENSG00000186468', 'ENSG00000174748', 'ENSG00000197746', 'ENSG00000125868']",0.06176725,fold_6
4.1,subclass.full,Degenerative Descending Thin Limb Cell Type 3,399,0.3787047200878156,0.5390625,0.17293233082706766,107243,59,330,69,4,"['ENSG00000009694', 'ENSG00000168175', 'ENSG00000115221', 'ENSG00000198691']","['ENSG00000009694', 'ENSG00000106665', 'ENSG00000164761', 'ENSG00000168175', 'ENSG00000115221', 'ENSG00000198691', 'ENSG00000105926', 'ENSG00000060138', 'ENSG00000198363', 'ENSG00000164300']",0.43335366,fold_6
4.1,subclass.full,Degenerative Distal Convoluted Tubule Cell,1535,0.3578981617048967,0.38161318300086733,0.28664495114006516,105453,713,1095,440,4,"['ENSG00000130829', 'ENSG00000156381', 'ENSG00000155066', 'ENSG00000184983']","['ENSG00000130829', 'ENSG00000156381', 'ENSG00000155066', 'ENSG00000182154', 'ENSG00000184983', 'ENSG00000179085', 'ENSG00000119013', 'ENSG00000166136', 'ENSG00000214128', 'ENSG00000142676']",0.55315447,fold_6
4.1,subclass.full,Degenerative Endothelial Cell,70,0.05905511811023622,0.06521739130434782,0.04285714285714286,107588,43,67,3,1,['ENSG00000174748'],"['ENSG00000174748', 'ENSG00000186468', 'ENSG00000142676']",0.072080925,fold_6
4.1,subclass.full,Degenerative Fibroblast,90,0.10683760683760683,0.1388888888888889,0.05555555555555555,107580,31,85,5,3,"['ENSG00000142676', 'ENSG00000130522', 'ENSG00000186468']","['ENSG00000142676', 'ENSG00000130522', 'ENSG00000186468', 'ENSG00000174748', 'ENSG00000197746', 'ENSG00000125868', 'ENSG00000163453']",0.08249592,fold_6
4.1,subclass.full,Degenerative Inner Medullary Collecting Duct Cell,1773,0.5061385221218438,0.6871069182389937,0.24647490129723632,105729,199,1336,437,5,"['ENSG00000088836', 'ENSG00000102934', 'ENSG00000189108', 'ENSG00000164032', 'ENSG00000089248']","['ENSG00000114529', 'ENSG00000088836', 'ENSG00000102934', 'ENSG00000189108', 'ENSG00000164032', 'ENSG00000089248', 'ENSG00000170412', 'ENSG00000196154', 'ENSG00000133872', 'ENSG00000053918']",0.17513715,fold_6
4.1,subclass.full,Degenerative Medullary Thick Ascending Limb Cell,831,0.11627906976744186,0.12419354838709677,0.09265944645006016,106327,543,754,77,3,"['ENSG00000135127', 'ENSG00000197746', 'ENSG00000136111']","['ENSG00000135127', 'ENSG00000197746', 'ENSG00000136111']",0.048349172,fold_6
4.1,subclass.full,Degenerative Outer Medullary Collecting Duct Principal Cell,1563,0.1440180586907449,0.13414634146341464,0.20409468969929623,104079,2059,1244,319,5,"['ENSG00000105568', 'ENSG00000156642', 'ENSG00000170412', 'ENSG00000089248', 'ENSG00000104964']","['ENSG00000105568', 'ENSG00000156642', 'ENSG00000170412', 'ENSG00000089248', 'ENSG00000104964', 'ENSG00000105810', 'ENSG00000130522', 'ENSG00000214128', 'ENSG00000197746', 'ENSG00000186468']",0.16825728,fold_6
4.1,subclass.full,Degenerative Peritubular Capilary Endothelial Cell,127,0.03816793893129771,1.0,0.007874015748031496,107574,0,126,1,2,"['ENSG00000131149', 'ENSG00000197746']","['ENSG00000131149', 'ENSG00000196628', 'ENSG00000197746', 'ENSG00000155849', 'ENSG00000111912', 'ENSG00000145819', 'ENSG00000078369']",0.076551184,fold_6
4.1,subclass.full,Degenerative Podocyte,192,0.5310457516339869,0.6190476190476191,0.3385416666666667,107469,40,127,65,1,['ENSG00000107742'],"['ENSG00000107742', 'ENSG00000197746', 'ENSG00000160801', 'ENSG00000104067', 'ENSG00000125868', 'ENSG00000174748', 'ENSG00000130522']",0.67643106,fold_6
4.1,subclass.full,Degenerative Proximal Tubule Epithelial Cell,7586,0.3927949746461818,0.4407643312101911,0.2736620089638808,97481,2634,5510,2076,3,"['ENSG00000081800', 'ENSG00000086991', 'ENSG00000160801']","['ENSG00000081800', 'ENSG00000086991', 'ENSG00000160801', 'ENSG00000052126']",0.28522378,fold_6
4.1,subclass.full,Degenerative Vascular Smooth Muscle Cell,762,0.6514522821576764,0.7621359223300971,0.4120734908136483,106841,98,448,314,2,"['ENSG00000105894', 'ENSG00000154146']","['ENSG00000105894', 'ENSG00000126524', 'ENSG00000154146', 'ENSG00000126261', 'ENSG00000105373', 'ENSG00000166136', 'ENSG00000101182', 'ENSG00000101384', 'ENSG00000164032', 'ENSG00000060138']",0.8118664,fold_6
4.1,subclass.full,Descending Thin Limb Cell Type 1,1529,0.3284203780839475,0.5150753768844221,0.1340745585349902,105979,193,1324,205,3,"['ENSG00000101384', 'ENSG00000144619', 'ENSG00000136111']","['ENSG00000101384', 'ENSG00000006715', 'ENSG00000144619', 'ENSG00000135127', 'ENSG00000136111', 'ENSG00000174485', 'ENSG00000130638', 'ENSG00000145348', 'ENSG00000137845', 'ENSG00000145819']",0.13372016,fold_6
4.1,subclass.full,Descending Thin Limb Cell Type 2,908,0.17154255319148937,0.18092566619915848,0.1420704845814978,106209,584,779,129,5,"['ENSG00000006715', 'ENSG00000144619', 'ENSG00000106772', 'ENSG00000145348', 'ENSG00000145819']","['ENSG00000006715', 'ENSG00000144619', 'ENSG00000106772', 'ENSG00000135127', 'ENSG00000145348', 'ENSG00000145819', 'ENSG00000136111', 'ENSG00000174485', 'ENSG00000130638', 'ENSG00000067208']",0.15436754,fold_6
4.1,subclass.full,Descending Thin Limb Cell Type 3,1392,0.4472972972972973,0.5736568457538995,0.2377873563218391,106063,246,1061,331,3,"['ENSG00000042062', 'ENSG00000164300', 'ENSG00000106772']","['ENSG00000198691', 'ENSG00000105926', 'ENSG00000088836', 'ENSG00000042062', 'ENSG00000164300', 'ENSG00000106772', 'ENSG00000135127', 'ENSG00000174485', 'ENSG00000137845', 'ENSG00000133121']",0.1796407,fold_6
4.1,subclass.full,Descending Vasa Recta Endothelial Cell,1880,0.4103448275862069,0.4857142857142857,0.2531914893617021,105317,504,1404,476,2,"['ENSG00000165810', 'ENSG00000132170']","['ENSG00000135049', 'ENSG00000165810', 'ENSG00000065054', 'ENSG00000147065', 'ENSG00000132170', 'ENSG00000196628', 'ENSG00000105810', 'ENSG00000155849', 'ENSG00000131149', 'ENSG00000104067']",0.28095123,fold_6
4.1,subclass.full,Distal Convoluted Tubule Cell Type 1,3551,0.49753338948381665,0.6949579831932773,0.23289214305829345,103787,363,2724,827,2,"['ENSG00000171004', 'ENSG00000196428']","['ENSG00000171004', 'ENSG00000196428', 'ENSG00000101004', 'ENSG00000214128', 'ENSG00000135127', 'ENSG00000160801', 'ENSG00000145348', 'ENSG00000067208', 'ENSG00000088448', 'ENSG00000104067']",0.25580695,fold_6
4.1,subclass.full,Distal Convoluted Tubule Cell Type 2,363,0.06712457071495473,0.06056338028169014,0.1184573002754821,106671,667,320,43,4,"['ENSG00000196428', 'ENSG00000214128', 'ENSG00000160801', 'ENSG00000053918']","['ENSG00000196428', 'ENSG00000214128', 'ENSG00000160801', 'ENSG00000145348', 'ENSG00000053918', 'ENSG00000122482', 'ENSG00000136111', 'ENSG00000125868', 'ENSG00000085832', 'ENSG00000054611']",0.06792168,fold_6
4.1,subclass.full,Fibroblast,1865,0.4538202446374756,0.5423728813559322,0.27453083109919574,105404,432,1353,512,2,"['ENSG00000196569', 'ENSG00000169946']","['ENSG00000196569', 'ENSG00000169946', 'ENSG00000169554', 'ENSG00000085832']",0.17712232,fold_6
4.1,subclass.full,Glomerular Capillary Endothelial Cell,1830,0.5712572798903734,0.6656686626746507,0.3644808743169399,105536,335,1163,667,2,"['ENSG00000165810', 'ENSG00000162407']","['ENSG00000165810', 'ENSG00000162407', 'ENSG00000068001', 'ENSG00000065054', 'ENSG00000147065', 'ENSG00000196628', 'ENSG00000111912', 'ENSG00000155849', 'ENSG00000104067', 'ENSG00000133121']",0.49118882,fold_6
4.1,subclass.full,Inner Medullary Collecting Duct Cell,4095,0.5539137042978975,0.6773360867320599,0.3203907203907204,102981,625,2783,1312,3,"['ENSG00000114529', 'ENSG00000189108', 'ENSG00000088836']","['ENSG00000172575', 'ENSG00000114529', 'ENSG00000103335', 'ENSG00000189108', 'ENSG00000102934', 'ENSG00000088836', 'ENSG00000091129', 'ENSG00000164300', 'ENSG00000153292', 'ENSG00000196154']",0.2902693,fold_6
4.1,subclass.full,Intercalated Cell Type B,1114,0.17935767935767935,0.16767554479418886,0.24865350089766608,105212,1375,837,277,2,"['ENSG00000214128', 'ENSG00000111912']","['ENSG00000091409', 'ENSG00000214128', 'ENSG00000111912', 'ENSG00000132170', 'ENSG00000136111', 'ENSG00000122482']",0.0940578,fold_6
4.1,subclass.full,Lymphatic Endothelial Cell,136,0.43478260869565216,0.6857142857142857,0.17647058823529413,107554,11,112,24,3,"['ENSG00000249437', 'ENSG00000169946', 'ENSG00000155849']","['ENSG00000249437', 'ENSG00000169946', 'ENSG00000085832', 'ENSG00000196628', 'ENSG00000155849', 'ENSG00000174485', 'ENSG00000137845', 'ENSG00000078369', 'ENSG00000054611']",0.20188247,fold_6
4.1,subclass.full,M2 Macrophage,1355,0.499330655957162,0.626890756302521,0.27527675276752767,106124,222,982,373,1,['ENSG00000168214'],"['ENSG00000168214', 'ENSG00000059377', 'ENSG00000169554', 'ENSG00000155849', 'ENSG00000133121', 'ENSG00000085832', 'ENSG00000145819', 'ENSG00000054611']",0.2726535,fold_6
4.1,subclass.full,Macula Densa Cell,1186,0.36261980830670926,0.4670781893004115,0.19139966273187184,106256,259,959,227,2,"['ENSG00000116183', 'ENSG00000198682']","['ENSG00000116183', 'ENSG00000198682', 'ENSG00000134874', 'ENSG00000115221', 'ENSG00000010244', 'ENSG00000160801', 'ENSG00000136111', 'ENSG00000155849', 'ENSG00000100697', 'ENSG00000088448']",0.6991614,fold_6
4.1,subclass.full,Mast Cell,112,0.7352941176470589,0.7692307692307693,0.625,107568,21,42,70,1,['ENSG00000163751'],"['ENSG00000163751', 'ENSG00000138756', 'ENSG00000131149', 'ENSG00000155849']",1.0,fold_6
4.1,subclass.full,Medullary Fibroblast,4589,0.6597923779000906,0.7759115116755428,0.4127260841141861,102565,547,2695,1894,2,"['ENSG00000163297', 'ENSG00000042062']","['ENSG00000163297', 'ENSG00000042062', 'ENSG00000165895', 'ENSG00000144619', 'ENSG00000169554', 'ENSG00000198887', 'ENSG00000131149', 'ENSG00000196628', 'ENSG00000133121', 'ENSG00000130638']",0.6172733,fold_6
4.1,subclass.full,Medullary Thick Ascending Limb Cell,4201,0.44517142109395447,0.45652173913043476,0.40490359438228996,101475,2025,2500,1701,2,"['ENSG00000171004', 'ENSG00000091129']","['ENSG00000249437', 'ENSG00000163590', 'ENSG00000134874', 'ENSG00000171004', 'ENSG00000091129', 'ENSG00000134313', 'ENSG00000101004', 'ENSG00000042062', 'ENSG00000135127', 'ENSG00000105810']",0.23595525,fold_6
4.1,subclass.full,Mesangial Cell,229,0.2561247216035635,0.41818181818181815,0.10043668122270742,107440,32,206,23,4,"['ENSG00000196569', 'ENSG00000165895', 'ENSG00000132170', 'ENSG00000169554']","['ENSG00000101974', 'ENSG00000196569', 'ENSG00000165895', 'ENSG00000132170', 'ENSG00000169554', 'ENSG00000131149', 'ENSG00000196628', 'ENSG00000100697', 'ENSG00000160801', 'ENSG00000104067']",0.13091397,fold_6
4.1,subclass.full,Monocyte-derived Cell,1044,0.30851910828025475,0.4223433242506812,0.14846743295019157,106445,212,889,155,2,"['ENSG00000059377', 'ENSG00000145819']","['ENSG00000059377', 'ENSG00000168214', 'ENSG00000169554', 'ENSG00000155849', 'ENSG00000054611', 'ENSG00000145819']",0.144347,fold_6
4.1,subclass.full,Myofibroblast,698,0.23415977961432508,0.2756756756756757,0.14613180515759314,106735,268,596,102,3,"['ENSG00000196569', 'ENSG00000145147', 'ENSG00000196628']","['ENSG00000196569', 'ENSG00000169946', 'ENSG00000145147', 'ENSG00000169554', 'ENSG00000196628', 'ENSG00000088448', 'ENSG00000067208', 'ENSG00000085832', 'ENSG00000104067', 'ENSG00000133121']",0.08898142,fold_6
4.1,subclass.full,Natural Killer Cell / Natural Killer T Cell,573,0.2098805295447207,0.20602218700475436,0.2268760907504363,106627,501,443,130,3,"['ENSG00000196154', 'ENSG00000142676', 'ENSG00000186468']","['ENSG00000196154', 'ENSG00000142676', 'ENSG00000186468', 'ENSG00000174748']",0.09294487,fold_6
4.1,subclass.full,Neutrophil,89,0.7806691449814126,0.9333333333333333,0.47191011235955055,107609,3,47,42,1,['ENSG00000143546'],['ENSG00000143546'],1.0,fold_6
4.1,subclass.full,Non-classical Monocyte,244,0.32079646017699115,0.5576923076923077,0.11885245901639344,107434,23,215,29,3,"['ENSG00000059377', 'ENSG00000169554', 'ENSG00000197746']","['ENSG00000059377', 'ENSG00000147065', 'ENSG00000169554', 'ENSG00000197746', 'ENSG00000196154', 'ENSG00000100697', 'ENSG00000145819']",0.11192639,fold_6
4.1,subclass.full,Outer Medullary Collecting Duct Intercalated Cell Type A,938,0.6105398457583547,0.8166189111747851,0.30383795309168443,106699,64,653,285,3,"['ENSG00000134313', 'ENSG00000153292', 'ENSG00000091129']","['ENSG00000185973', 'ENSG00000132680', 'ENSG00000134313', 'ENSG00000153292', 'ENSG00000102934', 'ENSG00000091129', 'ENSG00000091409', 'ENSG00000214128', 'ENSG00000132170', 'ENSG00000111912']",0.23731107,fold_6
4.1,subclass.full,Outer Medullary Collecting Duct Principal Cell,896,0.32798165137614677,0.4454828660436137,0.15959821428571427,106627,178,753,143,2,"['ENSG00000114279', 'ENSG00000189108']","['ENSG00000114279', 'ENSG00000198682', 'ENSG00000152348', 'ENSG00000189108', 'ENSG00000126653', 'ENSG00000105810', 'ENSG00000153292', 'ENSG00000132170', 'ENSG00000053918', 'ENSG00000011114']",0.57563967,fold_6
4.1,subclass.full,Papillary Tip Epithelial Cell,400,0.35526315789473684,0.6,0.135,107265,36,346,54,4,"['ENSG00000155066', 'ENSG00000115221', 'ENSG00000189108', 'ENSG00000164300']","['ENSG00000012779', 'ENSG00000155066', 'ENSG00000198363', 'ENSG00000115221', 'ENSG00000189108', 'ENSG00000164300', 'ENSG00000164713', 'ENSG00000060138', 'ENSG00000132170', 'ENSG00000196154']",0.20324536,fold_6
4.1,subclass.full,Parietal Epithelial Cell,778,0.31200631911532384,0.6475409836065574,0.10154241645244216,106880,43,699,79,3,"['ENSG00000148154', 'ENSG00000169946', 'ENSG00000106772']","['ENSG00000148154', 'ENSG00000169946', 'ENSG00000106772']",0.058418192,fold_6
4.1,subclass.full,Peritubular Capilary Endothelial Cell ,4148,0.3344498578968737,0.46213183730715285,0.15887174541947927,102786,767,3489,659,2,"['ENSG00000196628', 'ENSG00000145819']","['ENSG00000162407', 'ENSG00000196628', 'ENSG00000111912', 'ENSG00000155849', 'ENSG00000145819']",0.06277621,fold_6
4.1,subclass.full,Plasma Cell,121,0.06278916060806344,0.05459770114942529,0.15702479338842976,107251,329,102,19,1,['ENSG00000154978'],['ENSG00000154978'],0.20596173,fold_6
4.1,subclass.full,Plasmacytoid Dendritic Cell,31,0.5932203389830508,1.0,0.22580645161290322,107670,0,24,7,2,"['ENSG00000122025', 'ENSG00000196628']","['ENSG00000139370', 'ENSG00000154928', 'ENSG00000162889', 'ENSG00000122025', 'ENSG00000148154', 'ENSG00000196628', 'ENSG00000169554', 'ENSG00000155849', 'ENSG00000085832', 'ENSG00000078369']",0.30459952,fold_6
4.1,subclass.full,Podocyte,1066,0.6935817805383023,0.8777292576419214,0.3771106941838649,106579,56,664,402,2,"['ENSG00000114790', 'ENSG00000107742']","['ENSG00000114790', 'ENSG00000117525', 'ENSG00000139517', 'ENSG00000107742', 'ENSG00000165868', 'ENSG00000104218', 'ENSG00000086991', 'ENSG00000164300', 'ENSG00000169946', 'ENSG00000144619']",0.66178447,fold_6
4.1,subclass.full,Proximal Tubule Epithelial Cell Segment 1 / Segment 2,8551,0.41632412150340437,0.40629500102859495,0.4619342766927845,93378,5772,4601,3950,2,"['ENSG00000081800', 'ENSG00000160801']","['ENSG00000081800', 'ENSG00000086991', 'ENSG00000160801', 'ENSG00000052126']",0.20191534,fold_6
4.1,subclass.full,Proximal Tubule Epithelial Cell Segment 3,2124,0.22670652715495765,0.24661246612466126,0.1713747645951036,104465,1112,1760,364,3,"['ENSG00000081800', 'ENSG00000144619', 'ENSG00000135127']","['ENSG00000081800', 'ENSG00000144619', 'ENSG00000106772', 'ENSG00000165895', 'ENSG00000135127', 'ENSG00000160801', 'ENSG00000111912', 'ENSG00000052126']",0.17484784,fold_6
4.1,subclass.full,Renin-positive Juxtaglomerular Granular Cell,60,0.078125,1.0,0.016666666666666666,107641,0,59,1,3,"['ENSG00000154146', 'ENSG00000126261', 'ENSG00000165895']","['ENSG00000154146', 'ENSG00000126261', 'ENSG00000165895', 'ENSG00000147065', 'ENSG00000125868', 'ENSG00000130522']",0.35777885,fold_6
4.1,subclass.full,Schwann Cell / Neural,35,0.42857142857142855,0.42857142857142855,0.42857142857142855,107646,20,20,15,1,['ENSG00000175161'],"['ENSG00000175161', 'ENSG00000165868', 'ENSG00000133121']",1.0,fold_6
4.1,subclass.full,Transitional Principal-Intercalated Cell,171,0.03457216940363008,0.02909090909090909,0.14035087719298245,106729,801,147,24,6,"['ENSG00000102934', 'ENSG00000130787', 'ENSG00000149418', 'ENSG00000170412', 'ENSG00000091409', 'ENSG00000060138']","['ENSG00000102934', 'ENSG00000130787', 'ENSG00000149418', 'ENSG00000170412', 'ENSG00000091409', 'ENSG00000060138', 'ENSG00000153292', 'ENSG00000214128', 'ENSG00000105810', 'ENSG00000130522']",0.11325245,fold_6
4.1,subclass.full,Vascular Smooth Muscle Cell,491,0.1282051282051282,0.25609756097560976,0.04276985743380855,107149,61,470,21,3,"['ENSG00000125868', 'ENSG00000145819', 'ENSG00000064393']","['ENSG00000125868', 'ENSG00000145819', 'ENSG00000064393']",0.036866095,fold_6
4.1,subclass.full,Vascular Smooth Muscle Cell / Pericyte,1443,0.4032889584964761,0.5175879396984925,0.21413721413721415,105970,288,1134,309,2,"['ENSG00000101384', 'ENSG00000165895']","['ENSG00000101384', 'ENSG00000165895', 'ENSG00000144619', 'ENSG00000169554', 'ENSG00000196628', 'ENSG00000133121', 'ENSG00000104067']",0.264208,fold_6
4.1,subclass.full,Adaptive / Maladaptive / Repairing Fibroblast,425,0.43147208121827413,0.6071428571428571,0.2,107221,55,340,85,3,"['ENSG00000185070', 'ENSG00000184347', 'ENSG00000128573']","['ENSG00000185070', 'ENSG00000184347', 'ENSG00000173068', 'ENSG00000128573', 'ENSG00000131016', 'ENSG00000150672', 'ENSG00000132485', 'ENSG00000145687', 'ENSG00000182247', 'ENSG00000104375']",0.086038396,fold_7
4.1,subclass.full,Adaptive / Maladaptive / Repairing Proximal Tubule Epithelial Cell,5872,0.5215488588522047,0.6183908045977011,0.32067438692098094,100667,1162,3989,1883,3,"['ENSG00000146592', 'ENSG00000135333', 'ENSG00000081479']","['ENSG00000146592', 'ENSG00000196739', 'ENSG00000135333', 'ENSG00000081479', 'ENSG00000173068', 'ENSG00000128573', 'ENSG00000131016', 'ENSG00000196792', 'ENSG00000162434', 'ENSG00000135968']",0.19036414,fold_7
4.1,subclass.full,Adaptive / Maladaptive / Repairing Thick Ascending Limb Cell,2787,0.22162360719970614,0.26914498141263943,0.12988876928597057,103931,983,2425,362,4,"['ENSG00000105854', 'ENSG00000184226', 'ENSG00000144451', 'ENSG00000135968']","['ENSG00000105854', 'ENSG00000163082', 'ENSG00000184226', 'ENSG00000128573', 'ENSG00000144451', 'ENSG00000135968', 'ENSG00000205213', 'ENSG00000165959', 'ENSG00000177570', 'ENSG00000272398']",0.06885082,fold_7
4.1,subclass.full,Afferent / Efferent Arteriole Endothelial Cell,563,0.33801580333625986,0.5347222222222222,0.13676731793960922,107071,67,486,77,2,"['ENSG00000169908', 'ENSG00000131477']","['ENSG00000169908', 'ENSG00000134531', 'ENSG00000131477', 'ENSG00000130303', 'ENSG00000088387', 'ENSG00000142798', 'ENSG00000173812', 'ENSG00000115183']",0.7817578,fold_7
4.1,subclass.full,Ascending Thin Limb Cell,1765,0.4319537321525393,0.5074309978768577,0.2708215297450425,105472,464,1287,478,3,"['ENSG00000176406', 'ENSG00000128573', 'ENSG00000173068']","['ENSG00000176406', 'ENSG00000104237', 'ENSG00000138709', 'ENSG00000128573', 'ENSG00000173068', 'ENSG00000140743', 'ENSG00000142798', 'ENSG00000081052', 'ENSG00000140416', 'ENSG00000272398']",0.13203229,fold_7
4.1,subclass.full,Ascending Vasa Recta Endothelial Cell,2580,0.6104980192416525,0.7691622103386809,0.33449612403100776,104862,259,1717,863,2,"['ENSG00000185070', 'ENSG00000164176']","['ENSG00000185070', 'ENSG00000164176', 'ENSG00000153956', 'ENSG00000142798', 'ENSG00000088387', 'ENSG00000115183', 'ENSG00000145687', 'ENSG00000157540', 'ENSG00000153250', 'ENSG00000185420']",0.2479789,fold_7
4.1,subclass.full,B Cell,422,0.09700476514635807,0.09062003179650238,0.13507109004739337,106707,572,365,57,1,['ENSG00000175115'],['ENSG00000175115'],0.0037935462,fold_7
4.1,subclass.full,Classical Dendritic Cell,58,0.08771929824561403,0.14285714285714285,0.034482758620689655,107631,12,56,2,3,"['ENSG00000081320', 'ENSG00000175115', 'ENSG00000151090']","['ENSG00000081320', 'ENSG00000141564', 'ENSG00000163162', 'ENSG00000175115', 'ENSG00000151090', 'ENSG00000149177', 'ENSG00000177570', 'ENSG00000182247', 'ENSG00000116044']",0.09016623,fold_7
4.1,subclass.full,Connecting Tubule Cell,2945,0.3258897418004187,0.442654028436019,0.15857385398981325,104168,588,2478,467,2,"['ENSG00000116044', 'ENSG00000150672']","['ENSG00000164171', 'ENSG00000132485', 'ENSG00000135968', 'ENSG00000116044', 'ENSG00000272398', 'ENSG00000150672', 'ENSG00000177570', 'ENSG00000205213', 'ENSG00000165959', 'ENSG00000182247']",0.029931415,fold_7
4.1,subclass.full,Connecting Tubule Intercalated Cell Type A,110,0.05555555555555555,0.075,0.02727272727272727,107554,37,107,3,3,"['ENSG00000164171', 'ENSG00000132485', 'ENSG00000205213']","['ENSG00000164171', 'ENSG00000110958', 'ENSG00000132485', 'ENSG00000081052', 'ENSG00000272398', 'ENSG00000205213', 'ENSG00000151090', 'ENSG00000116044', 'ENSG00000149177', 'ENSG00000177570']",0.041803736,fold_7
4.1,subclass.full,Connecting Tubule Principal Cell,2145,0.28760054636515403,0.34113411341134114,0.17668997668997669,104824,732,1766,379,4,"['ENSG00000123505', 'ENSG00000171223', 'ENSG00000130770', 'ENSG00000075426']","['ENSG00000123505', 'ENSG00000163660', 'ENSG00000171223', 'ENSG00000130770', 'ENSG00000075426', 'ENSG00000231500', 'ENSG00000182054', 'ENSG00000168066', 'ENSG00000110958', 'ENSG00000173812']",0.13797773,fold_7
4.1,subclass.full,Cortical Collecting Duct Intercalated Cell Type A,3517,0.4646044021415824,0.6391162029459901,0.22206425931191356,103743,441,2736,781,2,"['ENSG00000065320', 'ENSG00000178031']","['ENSG00000065320', 'ENSG00000178031', 'ENSG00000140526', 'ENSG00000132485', 'ENSG00000110958', 'ENSG00000162434', 'ENSG00000175115', 'ENSG00000130338', 'ENSG00000151090', 'ENSG00000205213']",1.0,fold_7
4.1,subclass.full,Cortical Collecting Duct Principal Cell,2471,0.1999171327946965,0.32767402376910015,0.07810602994738972,104834,396,2278,193,3,"['ENSG00000075426', 'ENSG00000144451', 'ENSG00000163162']","['ENSG00000163660', 'ENSG00000163082', 'ENSG00000075426', 'ENSG00000144451', 'ENSG00000164171', 'ENSG00000163162', 'ENSG00000150672', 'ENSG00000151090', 'ENSG00000177570', 'ENSG00000272398']",0.09378068,fold_7
4.1,subclass.full,Cortical Thick Ascending Limb Cell,7354,0.4008860554324923,0.4002157497303128,0.4035898830568398,95899,4448,4386,2968,2,"['ENSG00000104237', 'ENSG00000184226']","['ENSG00000104237', 'ENSG00000184226', 'ENSG00000182054', 'ENSG00000168066', 'ENSG00000272398', 'ENSG00000132485', 'ENSG00000173812', 'ENSG00000205213', 'ENSG00000165959']",0.09606287,fold_7
4.1,subclass.full,Cycling Connecting Tubule Cell,12,0.05,0.0425531914893617,0.16666666666666666,107644,45,10,2,5,"['ENSG00000158805', 'ENSG00000198920', 'ENSG00000166575', 'ENSG00000030419', 'ENSG00000172296']","['ENSG00000158805', 'ENSG00000139323', 'ENSG00000198920', 'ENSG00000166575', 'ENSG00000030419', 'ENSG00000172296', 'ENSG00000163939', 'ENSG00000184226', 'ENSG00000153956', 'ENSG00000141198']",0.38980627,fold_7
4.1,subclass.full,Cycling Distal Convoluted Tubule Cell,6,0.5,1.0,0.16666666666666666,107695,0,5,1,3,"['ENSG00000058404', 'ENSG00000144061', 'ENSG00000164989']","['ENSG00000058404', 'ENSG00000144061', 'ENSG00000164989', 'ENSG00000164128', 'ENSG00000197705', 'ENSG00000109184', 'ENSG00000163590', 'ENSG00000119787', 'ENSG00000283782', 'ENSG00000148123']",1.0,fold_7
4.1,subclass.full,Cycling Endothelial Cell,54,0.15432098765432098,0.18518518518518517,0.09259259259259259,107625,22,49,5,3,"['ENSG00000088387', 'ENSG00000158169', 'ENSG00000131016']","['ENSG00000163939', 'ENSG00000088387', 'ENSG00000158169', 'ENSG00000116350', 'ENSG00000131016', 'ENSG00000142798', 'ENSG00000162434', 'ENSG00000115183', 'ENSG00000153250', 'ENSG00000104375']",0.092968054,fold_7
4.1,subclass.full,Cycling Mononuclear Phagocyte,48,0.010683760683760684,0.009523809523809525,0.020833333333333332,107549,104,47,1,2,"['ENSG00000175115', 'ENSG00000162434']","['ENSG00000175115', 'ENSG00000162434', 'ENSG00000182247', 'ENSG00000149177']",0.032870665,fold_7
4.1,subclass.full,Cycling Myofibroblast,18,0.22727272727272727,1.0,0.05555555555555555,107683,0,17,1,2,"['ENSG00000102189', 'ENSG00000165476']","['ENSG00000137573', 'ENSG00000165914', 'ENSG00000102189', 'ENSG00000140750', 'ENSG00000103489', 'ENSG00000165476', 'ENSG00000131016', 'ENSG00000153956', 'ENSG00000122376', 'ENSG00000175115']",0.21919934,fold_7
4.1,subclass.full,Cycling Natural Killer Cell / Natural Killer T Cell,16,0.5357142857142857,1.0,0.1875,107685,0,13,3,3,"['ENSG00000164687', 'ENSG00000130826', 'ENSG00000148908']","['ENSG00000108106', 'ENSG00000164687', 'ENSG00000188042', 'ENSG00000130826', 'ENSG00000175567', 'ENSG00000148908', 'ENSG00000163636', 'ENSG00000170540', 'ENSG00000161547', 'ENSG00000123144']",1.0,fold_7
4.1,subclass.full,Cycling Proximal Tubule Epithelial Cell,145,0.024213075060532687,0.029850746268656716,0.013793103448275862,107491,65,143,2,4,"['ENSG00000158169', 'ENSG00000140743', 'ENSG00000175115', 'ENSG00000150672']","['ENSG00000158169', 'ENSG00000110958', 'ENSG00000140743', 'ENSG00000144451', 'ENSG00000175115', 'ENSG00000150672', 'ENSG00000196792', 'ENSG00000177570', 'ENSG00000149177', 'ENSG00000165959']",0.04142036,fold_7
4.1,subclass.full,Degenerative Ascending Thin Limb Cell,1100,0.4088785046728972,0.5722070844686649,0.19090909090909092,106444,157,890,210,5,"['ENSG00000203907', 'ENSG00000137673', 'ENSG00000166681', 'ENSG00000130770', 'ENSG00000128573']","['ENSG00000203907', 'ENSG00000137673', 'ENSG00000104237', 'ENSG00000166681', 'ENSG00000130770', 'ENSG00000128573', 'ENSG00000173068', 'ENSG00000142798', 'ENSG00000140743', 'ENSG00000272398']",0.10251502,fold_7
4.1,subclass.full,Degenerative Connecting Tubule Cell,356,0.05647590361445783,0.06172839506172839,0.042134831460674156,107117,228,341,15,4,"['ENSG00000117592', 'ENSG00000075426', 'ENSG00000164171', 'ENSG00000182054']","['ENSG00000117592', 'ENSG00000166912', 'ENSG00000075426', 'ENSG00000164171', 'ENSG00000182054', 'ENSG00000141198', 'ENSG00000231500', 'ENSG00000144451', 'ENSG00000110958', 'ENSG00000111640']",0.07740115,fold_7
4.1,subclass.full,Degenerative Cortical Intercalated Cell Type A,1034,0.5124908155767818,0.6611374407582938,0.269825918762089,106524,143,755,279,3,"['ENSG00000130208', 'ENSG00000184752', 'ENSG00000174917']","['ENSG00000130208', 'ENSG00000117984', 'ENSG00000184752', 'ENSG00000174917', 'ENSG00000102934', 'ENSG00000117592', 'ENSG00000140526', 'ENSG00000171858', 'ENSG00000198840', 'ENSG00000231500']",0.30565262,fold_7
4.1,subclass.full,Degenerative Cortical Thick Ascending Limb Cell,346,0.32666666666666666,0.48514851485148514,0.1416184971098266,107303,52,297,49,2,"['ENSG00000203907', 'ENSG00000272398']","['ENSG00000203907', 'ENSG00000137673', 'ENSG00000111640', 'ENSG00000272398', 'ENSG00000231500', 'ENSG00000173812']",0.25947905,fold_7
4.1,subclass.full,Degenerative Descending Thin Limb Cell Type 3,399,0.5167724388032638,0.6477272727272727,0.2857142857142857,107240,62,285,114,3,"['ENSG00000173281', 'ENSG00000176406', 'ENSG00000164176']","['ENSG00000173281', 'ENSG00000176406', 'ENSG00000105854', 'ENSG00000172296', 'ENSG00000104237', 'ENSG00000164176', 'ENSG00000137673', 'ENSG00000075426', 'ENSG00000171223', 'ENSG00000128573']",0.7107265,fold_7
4.1,subclass.full,Degenerative Distal Convoluted Tubule Cell,1535,0.2909245122985581,0.3146788990825688,0.2234527687296417,105419,747,1192,343,4,"['ENSG00000128294', 'ENSG00000100814', 'ENSG00000125144', 'ENSG00000117984']","['ENSG00000128294', 'ENSG00000100814', 'ENSG00000125144', 'ENSG00000117984', 'ENSG00000174886', 'ENSG00000174917', 'ENSG00000166681', 'ENSG00000198840', 'ENSG00000171858', 'ENSG00000076554']",1.0,fold_7
4.1,subclass.full,Degenerative Endothelial Cell,70,0.004263451925904146,0.003417796110783736,0.4142857142857143,99175,8456,41,29,1,['ENSG00000111640'],['ENSG00000111640'],0.03525182,fold_7
4.1,subclass.full,Degenerative Fibroblast,90,0.14150943396226415,0.75,0.03333333333333333,107610,1,87,3,2,"['ENSG00000111640', 'ENSG00000140416']","['ENSG00000198840', 'ENSG00000231500', 'ENSG00000173812', 'ENSG00000111640', 'ENSG00000140416']",0.05206559,fold_7
4.1,subclass.full,Degenerative Inner Medullary Collecting Duct Cell,1773,0.4608118458003574,0.6735074626865671,0.20360970107163,105753,175,1412,361,4,"['ENSG00000137673', 'ENSG00000203907', 'ENSG00000163491', 'ENSG00000102934']","['ENSG00000137673', 'ENSG00000203907', 'ENSG00000163491', 'ENSG00000102934', 'ENSG00000082781', 'ENSG00000117592', 'ENSG00000166681', 'ENSG00000142798', 'ENSG00000111640', 'ENSG00000231500']",0.20851171,fold_7
4.1,subclass.full,Degenerative Medullary Thick Ascending Limb Cell,831,0.14805042509527996,0.15658914728682172,0.12154031287605295,106326,544,730,101,3,"['ENSG00000184226', 'ENSG00000182054', 'ENSG00000272398']","['ENSG00000184226', 'ENSG00000182054', 'ENSG00000272398', 'ENSG00000151090', 'ENSG00000205213', 'ENSG00000177570']",0.045497876,fold_7
4.1,subclass.full,Degenerative Outer Medullary Collecting Duct Principal Cell,1563,0.2660319238308597,0.3784860557768924,0.12156110044785669,105826,312,1373,190,4,"['ENSG00000110195', 'ENSG00000166681', 'ENSG00000171223', 'ENSG00000130770']","['ENSG00000110195', 'ENSG00000204580', 'ENSG00000166681', 'ENSG00000166912', 'ENSG00000171223', 'ENSG00000130770', 'ENSG00000075426', 'ENSG00000144451', 'ENSG00000272398', 'ENSG00000111640']",0.098455146,fold_7
4.1,subclass.full,Degenerative Peritubular Capilary Endothelial Cell,127,0.03976861894432393,0.03503184713375796,0.08661417322834646,107271,303,116,11,3,"['ENSG00000142798', 'ENSG00000131016', 'ENSG00000115183']","['ENSG00000142798', 'ENSG00000131016', 'ENSG00000088387', 'ENSG00000115183']",0.04037306,fold_7
4.1,subclass.full,Degenerative Podocyte,192,0.3409090909090909,0.7241379310344828,0.109375,107501,8,171,21,2,"['ENSG00000023041', 'ENSG00000130303']","['ENSG00000023041', 'ENSG00000130303', 'ENSG00000082781', 'ENSG00000157514', 'ENSG00000111640', 'ENSG00000173812']",0.38735938,fold_7
4.1,subclass.full,Degenerative Proximal Tubule Epithelial Cell,7586,0.34611975179305343,0.3987929433611885,0.2264698128130767,97525,2590,5868,1718,2,"['ENSG00000081479', 'ENSG00000149177']","['ENSG00000081479', 'ENSG00000173068', 'ENSG00000150672', 'ENSG00000182247', 'ENSG00000149177']",0.10219988,fold_7
4.1,subclass.full,Degenerative Vascular Smooth Muscle Cell,762,0.3284671532846715,0.35168738898756663,0.25984251968503935,106574,365,564,198,2,"['ENSG00000187193', 'ENSG00000171223']","['ENSG00000187193', 'ENSG00000174886', 'ENSG00000171223', 'ENSG00000106803', 'ENSG00000130303', 'ENSG00000171858', 'ENSG00000198840', 'ENSG00000117592', 'ENSG00000130770', 'ENSG00000157514']",0.5435045,fold_7
4.1,subclass.full,Descending Thin Limb Cell Type 1,1529,0.3832055981339553,0.625,0.15042511445389142,106034,138,1299,230,2,"['ENSG00000166912', 'ENSG00000128573']","['ENSG00000166912', 'ENSG00000128573', 'ENSG00000140743', 'ENSG00000158169', 'ENSG00000142798', 'ENSG00000140416', 'ENSG00000081052', 'ENSG00000196792', 'ENSG00000205213', 'ENSG00000149177']",0.15776962,fold_7
4.1,subclass.full,Descending Thin Limb Cell Type 2,908,0.46357615894039733,0.5941644562334217,0.24669603524229075,106640,153,684,224,3,"['ENSG00000183775', 'ENSG00000164176', 'ENSG00000081479']","['ENSG00000157168', 'ENSG00000183775', 'ENSG00000135333', 'ENSG00000196739', 'ENSG00000164176', 'ENSG00000081479', 'ENSG00000166912', 'ENSG00000128573', 'ENSG00000158169', 'ENSG00000140743']",0.21738493,fold_7
4.1,subclass.full,Descending Thin Limb Cell Type 3,1392,0.3245192307692308,0.34960159362549803,0.2521551724137931,105656,653,1041,351,3,"['ENSG00000135333', 'ENSG00000164176', 'ENSG00000131016']","['ENSG00000135333', 'ENSG00000164176', 'ENSG00000128573', 'ENSG00000140743', 'ENSG00000131016', 'ENSG00000158169', 'ENSG00000142798', 'ENSG00000088387', 'ENSG00000081052', 'ENSG00000140416']",0.18692318,fold_7
4.1,subclass.full,Descending Vasa Recta Endothelial Cell,1880,0.2757832898172324,0.3182674199623352,0.1797872340425532,105097,724,1542,338,3,"['ENSG00000088387', 'ENSG00000142798', 'ENSG00000140743']","['ENSG00000088387', 'ENSG00000142798', 'ENSG00000140743', 'ENSG00000115183', 'ENSG00000145687', 'ENSG00000157540']",0.09451081,fold_7
4.1,subclass.full,Distal Convoluted Tubule Cell Type 1,3551,0.25879805089334057,0.33638282899366645,0.13460996902281047,103207,943,3073,478,4,"['ENSG00000148123', 'ENSG00000082781', 'ENSG00000164171', 'ENSG00000081052']","['ENSG00000148123', 'ENSG00000082781', 'ENSG00000164171', 'ENSG00000182054', 'ENSG00000132485', 'ENSG00000081052', 'ENSG00000205213', 'ENSG00000151090', 'ENSG00000165959', 'ENSG00000182247']",0.12643015,fold_7
4.1,subclass.full,Distal Convoluted Tubule Cell Type 2,363,0.14168937329700274,0.14130434782608695,0.14325068870523416,107022,316,311,52,3,"['ENSG00000164171', 'ENSG00000141198', 'ENSG00000116044']","['ENSG00000164171', 'ENSG00000141198', 'ENSG00000182054', 'ENSG00000116044', 'ENSG00000132485', 'ENSG00000081052', 'ENSG00000165959', 'ENSG00000135968', 'ENSG00000205213', 'ENSG00000272398']",0.08670566,fold_7
4.1,subclass.full,Fibroblast,1865,0.3945230912044558,0.5564648117839607,0.18230563002680966,105565,271,1525,340,2,"['ENSG00000184347', 'ENSG00000081052']","['ENSG00000103489', 'ENSG00000184347', 'ENSG00000153956', 'ENSG00000131016', 'ENSG00000081052', 'ENSG00000150672', 'ENSG00000140416', 'ENSG00000182247', 'ENSG00000115183', 'ENSG00000145687']",0.1053128,fold_7
4.1,subclass.full,Glomerular Capillary Endothelial Cell,1830,0.36725162751202944,0.3964858670741024,0.2836065573770492,105081,790,1311,519,2,"['ENSG00000131477', 'ENSG00000130303']","['ENSG00000131477', 'ENSG00000130303', 'ENSG00000157514', 'ENSG00000088387', 'ENSG00000173812', 'ENSG00000153250', 'ENSG00000115183']",0.30632958,fold_7
4.1,subclass.full,Inner Medullary Collecting Duct Cell,4095,0.5048749149724133,0.5849387040280211,0.32625152625152626,102658,948,2759,1336,3,"['ENSG00000163293', 'ENSG00000030419', 'ENSG00000163491']","['ENSG00000163293', 'ENSG00000030419', 'ENSG00000163491', 'ENSG00000137673', 'ENSG00000102934', 'ENSG00000082781', 'ENSG00000088387', 'ENSG00000142798', 'ENSG00000081052', 'ENSG00000175115']",0.37316805,fold_7
4.1,subclass.full,Intercalated Cell Type B,1114,0.1872871736662883,0.4074074074074074,0.059245960502693,106491,96,1048,66,3,"['ENSG00000119787', 'ENSG00000172296', 'ENSG00000168066']","['ENSG00000119787', 'ENSG00000172296', 'ENSG00000076554', 'ENSG00000168066', 'ENSG00000110958', 'ENSG00000162434', 'ENSG00000205213', 'ENSG00000182247', 'ENSG00000149177', 'ENSG00000177570']",0.1335339,fold_7
4.1,subclass.full,Lymphatic Endothelial Cell,136,0.21084337349397592,0.2857142857142857,0.10294117647058823,107530,35,122,14,3,"['ENSG00000185070', 'ENSG00000088387', 'ENSG00000196792']","['ENSG00000185070', 'ENSG00000088387', 'ENSG00000142798', 'ENSG00000150672', 'ENSG00000115183', 'ENSG00000196792', 'ENSG00000145687', 'ENSG00000157540', 'ENSG00000104375']",0.09659929,fold_7
4.1,subclass.full,M2 Macrophage,1355,0.6088853629512099,0.5934278350515464,0.6797047970479705,105715,631,434,921,1,['ENSG00000177575'],"['ENSG00000177575', 'ENSG00000163162', 'ENSG00000149177']",1.0,fold_7
4.1,subclass.full,Macula Densa Cell,1186,0.2222605099931082,0.3006993006993007,0.1087689713322091,106215,300,1057,129,4,"['ENSG00000172296', 'ENSG00000184226', 'ENSG00000132485', 'ENSG00000081052']","['ENSG00000172296', 'ENSG00000184226', 'ENSG00000141198', 'ENSG00000144451', 'ENSG00000132485', 'ENSG00000081052', 'ENSG00000145687', 'ENSG00000135968', 'ENSG00000205213', 'ENSG00000165959']",0.11172215,fold_7
4.1,subclass.full,Mast Cell,112,0.14285714285714285,0.5714285714285714,0.03571428571428571,107586,3,108,4,1,['ENSG00000185420'],"['ENSG00000173068', 'ENSG00000185420', 'ENSG00000170776']",0.047008142,fold_7
4.1,subclass.full,Medullary Fibroblast,4589,0.4087741682206301,0.595,0.1815210285465243,102545,567,3756,833,3,"['ENSG00000196739', 'ENSG00000131016', 'ENSG00000115183']","['ENSG00000196739', 'ENSG00000153956', 'ENSG00000131016', 'ENSG00000081052', 'ENSG00000115183', 'ENSG00000140416', 'ENSG00000145687', 'ENSG00000150672', 'ENSG00000151090', 'ENSG00000104375']",0.09499485,fold_7
4.1,subclass.full,Medullary Thick Ascending Limb Cell,4201,0.6404974737660318,0.7608494921514312,0.3922875505831945,102982,518,2553,1648,2,"['ENSG00000171724', 'ENSG00000183775']","['ENSG00000171724', 'ENSG00000183775', 'ENSG00000163590', 'ENSG00000148123', 'ENSG00000163491', 'ENSG00000102189', 'ENSG00000104237', 'ENSG00000082781', 'ENSG00000184226', 'ENSG00000122376']",0.7179717,fold_7
4.1,subclass.full,Mesangial Cell,229,0.2785923753665689,0.6785714285714286,0.08296943231441048,107463,9,210,19,3,"['ENSG00000184226', 'ENSG00000131016', 'ENSG00000177570']","['ENSG00000184226', 'ENSG00000131016', 'ENSG00000184347', 'ENSG00000165959', 'ENSG00000145687', 'ENSG00000177570', 'ENSG00000140416', 'ENSG00000153250', 'ENSG00000115183', 'ENSG00000151090']",0.11994951,fold_7
4.1,subclass.full,Monocyte-derived Cell,1044,0.2151268115942029,0.32646048109965636,0.09099616858237548,106461,196,949,95,2,"['ENSG00000081320', 'ENSG00000163162']","['ENSG00000081320', 'ENSG00000163162']",0.111347094,fold_7
4.1,subclass.full,Myofibroblast,698,0.2631578947368421,0.3557312252964427,0.12893982808022922,106840,163,608,90,2,"['ENSG00000137573', 'ENSG00000131016']","['ENSG00000137573', 'ENSG00000103489', 'ENSG00000153956', 'ENSG00000184347', 'ENSG00000131016', 'ENSG00000173068', 'ENSG00000213079', 'ENSG00000140416', 'ENSG00000150672', 'ENSG00000196792']",0.17599407,fold_7
4.1,subclass.full,Natural Killer Cell / Natural Killer T Cell,573,0.21782674011016526,0.2443820224719101,0.1518324607329843,106859,269,486,87,3,"['ENSG00000198840', 'ENSG00000157514', 'ENSG00000231500']","['ENSG00000171858', 'ENSG00000198840', 'ENSG00000157514', 'ENSG00000231500', 'ENSG00000173812', 'ENSG00000111640']",0.15103443,fold_7
4.1,subclass.full,Neutrophil,89,0.053763440860215055,1.0,0.011235955056179775,107612,0,88,1,1,['ENSG00000163162'],['ENSG00000163162'],0.0535843,fold_7
4.1,subclass.full,Non-classical Monocyte,244,0.2435064935064935,0.9375,0.06147540983606557,107456,1,229,15,2,"['ENSG00000143669', 'ENSG00000163162']","['ENSG00000143669', 'ENSG00000081320', 'ENSG00000163162', 'ENSG00000157514', 'ENSG00000173812', 'ENSG00000149177']",0.4159058,fold_7
4.1,subclass.full,Outer Medullary Collecting Duct Intercalated Cell Type A,938,0.48120989917506873,0.6752411575562701,0.22388059701492538,106662,101,728,210,3,"['ENSG00000047662', 'ENSG00000107890', 'ENSG00000163082']","['ENSG00000047662', 'ENSG00000107897', 'ENSG00000033178', 'ENSG00000154122', 'ENSG00000107890', 'ENSG00000163082', 'ENSG00000140526', 'ENSG00000102934', 'ENSG00000182054', 'ENSG00000175115']",0.3938306,fold_7
4.1,subclass.full,Outer Medullary Collecting Duct Principal Cell,896,0.22777777777777777,0.36283185840707965,0.09151785714285714,106661,144,814,82,4,"['ENSG00000163491', 'ENSG00000166912', 'ENSG00000144451', 'ENSG00000140743']","['ENSG00000163491', 'ENSG00000166912', 'ENSG00000153956', 'ENSG00000141198', 'ENSG00000144451', 'ENSG00000140743', 'ENSG00000088387', 'ENSG00000151090', 'ENSG00000150672', 'ENSG00000145687']",0.14088856,fold_7
4.1,subclass.full,Papillary Tip Epithelial Cell,400,0.40106951871657753,0.6896551724137931,0.15,107274,27,340,60,4,"['ENSG00000095383', 'ENSG00000030419', 'ENSG00000203907', 'ENSG00000083828']","['ENSG00000095383', 'ENSG00000030419', 'ENSG00000166669', 'ENSG00000203907', 'ENSG00000140526', 'ENSG00000083828', 'ENSG00000165476', 'ENSG00000171223', 'ENSG00000164171', 'ENSG00000231500']",0.36118945,fold_7
4.1,subclass.full,Parietal Epithelial Cell,778,0.2874646559849199,0.3630952380952381,0.15681233933161953,106709,214,656,122,4,"['ENSG00000081479', 'ENSG00000184347', 'ENSG00000131016', 'ENSG00000173068']","['ENSG00000081479', 'ENSG00000184347', 'ENSG00000075426', 'ENSG00000131016', 'ENSG00000173068', 'ENSG00000140416', 'ENSG00000151090', 'ENSG00000149177', 'ENSG00000182247']",0.08064051,fold_7
4.1,subclass.full,Peritubular Capilary Endothelial Cell ,4148,0.3793980500211954,0.35562913907284766,0.5178399228543876,99661,3892,2000,2148,1,['ENSG00000142798'],"['ENSG00000142798', 'ENSG00000088387']",0.10761759,fold_7
4.1,subclass.full,Plasma Cell,121,0.07088331515812432,0.06532663316582915,0.10743801652892562,107394,186,108,13,1,['ENSG00000157514'],"['ENSG00000076554', 'ENSG00000157514']",0.1306078,fold_7
4.1,subclass.full,Plasmacytoid Dendritic Cell,31,0.3333333333333333,0.45454545454545453,0.16129032258064516,107664,6,26,5,3,"['ENSG00000139370', 'ENSG00000163162', 'ENSG00000182247']","['ENSG00000139370', 'ENSG00000103489', 'ENSG00000163162', 'ENSG00000182247', 'ENSG00000149177', 'ENSG00000157540', 'ENSG00000170776']",0.15162045,fold_7
4.1,subclass.full,Podocyte,1066,0.7316250842886042,0.9136842105263158,0.4071294559099437,106594,41,632,434,2,"['ENSG00000114790', 'ENSG00000023041']","['ENSG00000136944', 'ENSG00000170396', 'ENSG00000114790', 'ENSG00000023041', 'ENSG00000167615', 'ENSG00000137573', 'ENSG00000082781', 'ENSG00000157514', 'ENSG00000150672', 'ENSG00000144451']",0.7739198,fold_7
4.1,subclass.full,Proximal Tubule Epithelial Cell Segment 1 / Segment 2,8551,0.3722610654418863,0.3971598002496879,0.2976260086539586,95287,3863,6006,2545,2,"['ENSG00000081479', 'ENSG00000150672']","['ENSG00000081479', 'ENSG00000173068', 'ENSG00000150672', 'ENSG00000182247']",0.12255301,fold_7
4.1,subclass.full,Proximal Tubule Epithelial Cell Segment 3,2124,0.2475189035916824,0.2643533123028391,0.1972693032015066,104411,1166,1705,419,2,"['ENSG00000081479', 'ENSG00000175198']","['ENSG00000081479', 'ENSG00000150672', 'ENSG00000182247', 'ENSG00000149177', 'ENSG00000175198']",0.13962935,fold_7
4.1,subclass.full,Renin-positive Juxtaglomerular Granular Cell,60,0.08547008547008547,0.0784313725490196,0.13333333333333333,107547,94,52,8,4,"['ENSG00000164176', 'ENSG00000184347', 'ENSG00000184226', 'ENSG00000231500']","['ENSG00000140750', 'ENSG00000140526', 'ENSG00000164176', 'ENSG00000184347', 'ENSG00000184226', 'ENSG00000231500', 'ENSG00000173812', 'ENSG00000165959', 'ENSG00000140416']",0.08483148,fold_7
4.1,subclass.full,Schwann Cell / Neural,35,0.13333333333333333,0.2,0.05714285714285714,107658,8,33,2,1,['ENSG00000103489'],"['ENSG00000103489', 'ENSG00000184226', 'ENSG00000149177']",0.15915428,fold_7
4.1,subclass.full,Transitional Principal-Intercalated Cell,171,0.030889286294911396,0.025418060200668897,0.2222222222222222,106073,1457,133,38,5,"['ENSG00000204580', 'ENSG00000184752', 'ENSG00000102934', 'ENSG00000075426', 'ENSG00000110958']","['ENSG00000204580', 'ENSG00000184752', 'ENSG00000102934', 'ENSG00000075426', 'ENSG00000110958', 'ENSG00000144451', 'ENSG00000272398', 'ENSG00000173812', 'ENSG00000130338', 'ENSG00000162434']",0.1257557,fold_7
4.1,subclass.full,Vascular Smooth Muscle Cell,491,0.27303754266211605,0.4948453608247423,0.09775967413441955,107161,49,443,48,3,"['ENSG00000140750', 'ENSG00000184347', 'ENSG00000165959']","['ENSG00000140750', 'ENSG00000184347', 'ENSG00000165959', 'ENSG00000145687', 'ENSG00000140416', 'ENSG00000150672']",0.17174634,fold_7
4.1,subclass.full,Vascular Smooth Muscle Cell / Pericyte,1443,0.40688575899843504,0.593607305936073,0.18018018018018017,106080,178,1183,260,2,"['ENSG00000184347', 'ENSG00000165959']","['ENSG00000184347', 'ENSG00000165959', 'ENSG00000140416', 'ENSG00000145687', 'ENSG00000182247']",0.11790586,fold_7
4.1,subclass.full,Adaptive / Maladaptive / Repairing Fibroblast,425,0.06060606060606061,0.06792452830188679,0.042352941176470586,107029,247,407,18,3,"['ENSG00000110422', 'ENSG00000187498', 'ENSG00000171862']","['ENSG00000110422', 'ENSG00000187498', 'ENSG00000128512', 'ENSG00000265491', 'ENSG00000050405', 'ENSG00000171862', 'ENSG00000168610']",0.049777713,fold_8
4.1,subclass.full,Adaptive / Maladaptive / Repairing Proximal Tubule Epithelial Cell,5872,0.3985671191553545,0.5722793719545208,0.18000681198910082,101039,790,4815,1057,3,"['ENSG00000077684', 'ENSG00000152779', 'ENSG00000146555']","['ENSG00000166012', 'ENSG00000077684', 'ENSG00000152779', 'ENSG00000146555', 'ENSG00000153721', 'ENSG00000153774', 'ENSG00000177106', 'ENSG00000187498', 'ENSG00000145730', 'ENSG00000196975']",0.110949405,fold_8
4.1,subclass.full,Adaptive / Maladaptive / Repairing Thick Ascending Limb Cell,2787,0.17127837790999942,0.16331589093913523,0.2127735916756369,101876,3038,2194,593,4,"['ENSG00000134121', 'ENSG00000146555', 'ENSG00000153721', 'ENSG00000145730']","['ENSG00000134121', 'ENSG00000177106', 'ENSG00000152779', 'ENSG00000146555', 'ENSG00000153721', 'ENSG00000145730', 'ENSG00000205517', 'ENSG00000158528', 'ENSG00000164830', 'ENSG00000128849']",0.06928856,fold_8
4.1,subclass.full,Afferent / Efferent Arteriole Endothelial Cell,563,0.3451581975071908,0.6,0.12788632326820604,107090,48,491,72,1,['ENSG00000140319'],"['ENSG00000148175', 'ENSG00000143878', 'ENSG00000072163', 'ENSG00000140319', 'ENSG00000128512', 'ENSG00000050405', 'ENSG00000168300', 'ENSG00000128849']",0.06658115,fold_8
4.1,subclass.full,Ascending Thin Limb Cell,1765,0.37581274382314694,0.5557692307692308,0.16373937677053824,105705,231,1476,289,3,"['ENSG00000134874', 'ENSG00000140009', 'ENSG00000134121']","['ENSG00000148426', 'ENSG00000134874', 'ENSG00000228696', 'ENSG00000140009', 'ENSG00000134121', 'ENSG00000177106', 'ENSG00000183354', 'ENSG00000152779', 'ENSG00000205517', 'ENSG00000053918']",0.21360461,fold_8
4.1,subclass.full,Ascending Vasa Recta Endothelial Cell,2580,0.4171823432343234,0.4547498594716133,0.31356589147286823,104151,970,1771,809,2,"['ENSG00000069869', 'ENSG00000072163']","['ENSG00000069869', 'ENSG00000111145', 'ENSG00000072163', 'ENSG00000167693', 'ENSG00000128512', 'ENSG00000114331', 'ENSG00000083642', 'ENSG00000064999', 'ENSG00000145730', 'ENSG00000050405']",0.441856,fold_8
4.1,subclass.full,B Cell,422,0.07292882147024504,0.05998400426552919,0.533175355450237,103753,3526,197,225,1,['ENSG00000081237'],['ENSG00000081237'],0.10684643,fold_8
4.1,subclass.full,Classical Dendritic Cell,58,0.32051282051282054,1.0,0.08620689655172414,107643,0,53,5,4,"['ENSG00000110395', 'ENSG00000120658', 'ENSG00000124126', 'ENSG00000198846']","['ENSG00000120063', 'ENSG00000110395', 'ENSG00000197386', 'ENSG00000120658', 'ENSG00000124126', 'ENSG00000198846', 'ENSG00000154822', 'ENSG00000081237', 'ENSG00000146555', 'ENSG00000064999']",0.29602897,fold_8
4.1,subclass.full,Connecting Tubule Cell,2945,0.18504505743963678,0.18564527260179434,0.18268251273344652,102396,2360,2407,538,2,"['ENSG00000103460', 'ENSG00000053918']","['ENSG00000103460', 'ENSG00000053918', 'ENSG00000205517', 'ENSG00000198130', 'ENSG00000168300', 'ENSG00000158528', 'ENSG00000151693', 'ENSG00000114126', 'ENSG00000177694', 'ENSG00000082701']",0.06106296,fold_8
4.1,subclass.full,Connecting Tubule Intercalated Cell Type A,110,0.018598884066955982,0.01540436456996149,0.10909090909090909,106824,767,98,12,5,"['ENSG00000077684', 'ENSG00000124145', 'ENSG00000141367', 'ENSG00000103460', 'ENSG00000113732']","['ENSG00000077684', 'ENSG00000147162', 'ENSG00000124145', 'ENSG00000141367', 'ENSG00000103460', 'ENSG00000113732', 'ENSG00000205517', 'ENSG00000053918', 'ENSG00000196975', 'ENSG00000118816']",0.07889451,fold_8
4.1,subclass.full,Connecting Tubule Principal Cell,2145,0.17955294979846098,0.17043478260869566,0.22843822843822845,103171,2385,1655,490,4,"['ENSG00000250479', 'ENSG00000189043', 'ENSG00000116209', 'ENSG00000124145']","['ENSG00000173915', 'ENSG00000250479', 'ENSG00000127838', 'ENSG00000189043', 'ENSG00000116209', 'ENSG00000124145', 'ENSG00000168066', 'ENSG00000140319', 'ENSG00000113732', 'ENSG00000103460']",0.10234433,fold_8
4.1,subclass.full,Cortical Collecting Duct Intercalated Cell Type A,3517,0.20142845678516974,0.22450805008944544,0.14273528575490474,102450,1734,3015,502,3,"['ENSG00000077684', 'ENSG00000196975', 'ENSG00000205517']","['ENSG00000077684', 'ENSG00000196975', 'ENSG00000113732', 'ENSG00000173163', 'ENSG00000118816', 'ENSG00000205517', 'ENSG00000064999', 'ENSG00000050405', 'ENSG00000128849', 'ENSG00000164830']",0.06258458,fold_8
4.1,subclass.full,Cortical Collecting Duct Principal Cell,2471,0.4697681466888923,0.6007751937984496,0.2509105625252934,104818,412,1851,620,3,"['ENSG00000198846', 'ENSG00000154822', 'ENSG00000146555']","['ENSG00000198846', 'ENSG00000154822', 'ENSG00000137601', 'ENSG00000146555', 'ENSG00000103460', 'ENSG00000053918', 'ENSG00000163558', 'ENSG00000149179', 'ENSG00000205517', 'ENSG00000158528']",0.20073746,fold_8
4.1,subclass.full,Cortical Thick Ascending Limb Cell,7354,0.49267985817225207,0.6802210817212792,0.2342942616263258,99537,810,5631,1723,3,"['ENSG00000250479', 'ENSG00000152779', 'ENSG00000124145']","['ENSG00000120658', 'ENSG00000144908', 'ENSG00000250479', 'ENSG00000152779', 'ENSG00000124145', 'ENSG00000168066', 'ENSG00000113732', 'ENSG00000197746', 'ENSG00000128849', 'ENSG00000118816']",0.07549069,fold_8
4.1,subclass.full,Cycling Connecting Tubule Cell,12,0.3125,1.0,0.08333333333333333,107689,0,11,1,2,"['ENSG00000127990', 'ENSG00000163946']","['ENSG00000131127', 'ENSG00000127990', 'ENSG00000163946', 'ENSG00000198846', 'ENSG00000154822', 'ENSG00000189108', 'ENSG00000101972', 'ENSG00000146555', 'ENSG00000103460', 'ENSG00000265491']",0.39765912,fold_8
4.1,subclass.full,Cycling Distal Convoluted Tubule Cell,6,0.35714285714285715,0.5,0.16666666666666666,107694,1,5,1,3,"['ENSG00000161021', 'ENSG00000006652', 'ENSG00000139726']","['ENSG00000170113', 'ENSG00000163257', 'ENSG00000161021', 'ENSG00000006652', 'ENSG00000127990', 'ENSG00000139726', 'ENSG00000089250', 'ENSG00000119787', 'ENSG00000134874', 'ENSG00000088179']",1.0,fold_8
4.1,subclass.full,Cycling Endothelial Cell,54,0.08064516129032258,0.5,0.018518518518518517,107646,1,53,1,3,"['ENSG00000069869', 'ENSG00000128512', 'ENSG00000114331']","['ENSG00000069869', 'ENSG00000167693', 'ENSG00000102606', 'ENSG00000265491', 'ENSG00000128512', 'ENSG00000114331', 'ENSG00000083642', 'ENSG00000064999', 'ENSG00000082701', 'ENSG00000187079']",0.07370825,fold_8
4.1,subclass.full,Cycling Mononuclear Phagocyte,48,0.09615384615384616,1.0,0.020833333333333332,107653,0,47,1,2,"['ENSG00000081237', 'ENSG00000083642']","['ENSG00000124126', 'ENSG00000081237', 'ENSG00000114331', 'ENSG00000083642', 'ENSG00000128512', 'ENSG00000143207', 'ENSG00000171862']",0.07702923,fold_8
4.1,subclass.full,Cycling Myofibroblast,18,0.08620689655172414,0.1,0.05555555555555555,107674,9,17,1,4,"['ENSG00000197121', 'ENSG00000142871', 'ENSG00000104723', 'ENSG00000196924']","['ENSG00000197121', 'ENSG00000142871', 'ENSG00000104723', 'ENSG00000187109', 'ENSG00000196924', 'ENSG00000187498', 'ENSG00000102606', 'ENSG00000153904', 'ENSG00000083642', 'ENSG00000122376']",0.24286535,fold_8
4.1,subclass.full,Cycling Natural Killer Cell / Natural Killer T Cell,16,0.4166666666666667,1.0,0.125,107685,0,14,2,3,"['ENSG00000164687', 'ENSG00000198937', 'ENSG00000087365']","['ENSG00000164687', 'ENSG00000198937', 'ENSG00000162704', 'ENSG00000087365', 'ENSG00000146386', 'ENSG00000115241', 'ENSG00000196230', 'ENSG00000173272', 'ENSG00000087302', 'ENSG00000142669']",1.0,fold_8
4.1,subclass.full,Cycling Proximal Tubule Epithelial Cell,145,0.03355704697986577,1.0,0.006896551724137931,107556,0,144,1,2,"['ENSG00000143442', 'ENSG00000163848']","['ENSG00000146555', 'ENSG00000083642', 'ENSG00000114126', 'ENSG00000151693', 'ENSG00000143442', 'ENSG00000163848']",0.025509309,fold_8
4.1,subclass.full,Degenerative Ascending Thin Limb Cell,1100,0.38799414348462663,0.5196078431372549,0.19272727272727272,106405,196,888,212,4,"['ENSG00000140009', 'ENSG00000134121', 'ENSG00000160213', 'ENSG00000189043']","['ENSG00000148426', 'ENSG00000140009', 'ENSG00000134121', 'ENSG00000160213', 'ENSG00000156976', 'ENSG00000189043', 'ENSG00000177106', 'ENSG00000116209', 'ENSG00000183354', 'ENSG00000140319']",0.15100998,fold_8
4.1,subclass.full,Degenerative Connecting Tubule Cell,356,0.14423076923076922,0.22580645161290322,0.05898876404494382,107273,72,335,21,4,"['ENSG00000124145', 'ENSG00000103460', 'ENSG00000197746', 'ENSG00000168066']","['ENSG00000250479', 'ENSG00000124145', 'ENSG00000116209', 'ENSG00000103460', 'ENSG00000197746', 'ENSG00000168066', 'ENSG00000140319', 'ENSG00000113732', 'ENSG00000118816', 'ENSG00000053918']",0.06305765,fold_8
4.1,subclass.full,Degenerative Cortical Intercalated Cell Type A,1034,0.3591606133979015,0.4930747922437673,0.172147001934236,106484,183,856,178,5,"['ENSG00000156298', 'ENSG00000163463', 'ENSG00000075142', 'ENSG00000076864', 'ENSG00000140350']","['ENSG00000156298', 'ENSG00000163463', 'ENSG00000075142', 'ENSG00000076864', 'ENSG00000140350', 'ENSG00000173915', 'ENSG00000250479', 'ENSG00000160213', 'ENSG00000189043', 'ENSG00000077684']",0.37388223,fold_8
4.1,subclass.full,Degenerative Cortical Thick Ascending Limb Cell,346,0.13578274760383385,0.24285714285714285,0.049132947976878616,107302,53,329,17,2,"['ENSG00000116209', 'ENSG00000197746']","['ENSG00000189043', 'ENSG00000140319', 'ENSG00000116209', 'ENSG00000197746']",0.05875994,fold_8
4.1,subclass.full,Degenerative Descending Thin Limb Cell Type 3,399,0.13136288998357964,0.13445378151260504,0.12030075187969924,106993,309,351,48,6,"['ENSG00000112237', 'ENSG00000095951', 'ENSG00000112062', 'ENSG00000069869', 'ENSG00000108557', 'ENSG00000135272']","['ENSG00000112237', 'ENSG00000095951', 'ENSG00000112062', 'ENSG00000069869', 'ENSG00000108557', 'ENSG00000135272', 'ENSG00000134121', 'ENSG00000143878', 'ENSG00000110422', 'ENSG00000157450']",0.3638288,fold_8
4.1,subclass.full,Degenerative Distal Convoluted Tubule Cell,1535,0.3032742887815352,0.29048843187660667,0.36807817589576547,104786,1380,970,565,4,"['ENSG00000198743', 'ENSG00000168264', 'ENSG00000131495', 'ENSG00000173915']","['ENSG00000198743', 'ENSG00000168264', 'ENSG00000076043', 'ENSG00000010256', 'ENSG00000131495', 'ENSG00000173915', 'ENSG00000127838', 'ENSG00000250479', 'ENSG00000189043', 'ENSG00000124145']",0.6474133,fold_8
4.1,subclass.full,Degenerative Fibroblast,90,0.035545023696682464,0.03614457831325301,0.03333333333333333,107531,80,87,3,1,['ENSG00000116209'],"['ENSG00000116209', 'ENSG00000140319', 'ENSG00000118816', 'ENSG00000197746']",0.07934598,fold_8
4.1,subclass.full,Degenerative Inner Medullary Collecting Duct Cell,1773,0.48521916411824667,0.6079182630906769,0.2684715172024817,105621,307,1297,476,5,"['ENSG00000196230', 'ENSG00000189108', 'ENSG00000160213', 'ENSG00000177106', 'ENSG00000189043']","['ENSG00000196230', 'ENSG00000189108', 'ENSG00000160213', 'ENSG00000127838', 'ENSG00000177106', 'ENSG00000189043', 'ENSG00000146555', 'ENSG00000116209', 'ENSG00000153904', 'ENSG00000053918']",0.14954895,fold_8
4.1,subclass.full,Degenerative Medullary Thick Ascending Limb Cell,831,0.10440835266821345,0.13595166163141995,0.05415162454873646,106584,286,786,45,4,"['ENSG00000152779', 'ENSG00000197746', 'ENSG00000128849', 'ENSG00000177694']","['ENSG00000088179', 'ENSG00000152779', 'ENSG00000197746', 'ENSG00000128849', 'ENSG00000164830', 'ENSG00000177694']",0.050506517,fold_8
4.1,subclass.full,Degenerative Outer Medullary Collecting Duct Principal Cell,1563,0.22406938923021322,0.4119601328903654,0.07933461292386436,105961,177,1439,124,3,"['ENSG00000198846', 'ENSG00000160213', 'ENSG00000154822']","['ENSG00000158417', 'ENSG00000127838', 'ENSG00000198846', 'ENSG00000160213', 'ENSG00000154822', 'ENSG00000250479', 'ENSG00000189043', 'ENSG00000124145', 'ENSG00000116209', 'ENSG00000197746']",0.07199367,fold_8
4.1,subclass.full,Degenerative Peritubular Capilary Endothelial Cell,127,0.03597122302158273,0.3333333333333333,0.007874015748031496,107572,2,126,1,1,['ENSG00000197746'],"['ENSG00000197746', 'ENSG00000128512']",0.07444071,fold_8
4.1,subclass.full,Degenerative Podocyte,192,0.4013761467889908,0.5737704918032787,0.18229166666666666,107483,26,157,35,1,['ENSG00000163710'],"['ENSG00000163710', 'ENSG00000197746', 'ENSG00000124145', 'ENSG00000140319']",0.5757594,fold_8
4.1,subclass.full,Degenerative Proximal Tubule Epithelial Cell,7586,0.29790660225442833,0.4020282506338283,0.14632217242288426,98464,1651,6476,1110,2,"['ENSG00000152779', 'ENSG00000114126']","['ENSG00000152779', 'ENSG00000114126', 'ENSG00000128849']",0.08395186,fold_8
4.1,subclass.full,Degenerative Vascular Smooth Muscle Cell,762,0.6486880466472303,0.8240740740740741,0.35039370078740156,106882,57,495,267,2,"['ENSG00000196924', 'ENSG00000173915']","['ENSG00000130037', 'ENSG00000143878', 'ENSG00000196924', 'ENSG00000175756', 'ENSG00000131495', 'ENSG00000173915', 'ENSG00000156976', 'ENSG00000189043', 'ENSG00000187109', 'ENSG00000250479']",0.22874364,fold_8
4.1,subclass.full,Descending Thin Limb Cell Type 1,1529,0.2788706317981949,0.3452722063037249,0.15761935905820798,105715,457,1288,241,3,"['ENSG00000134121', 'ENSG00000187498', 'ENSG00000164830']","['ENSG00000134121', 'ENSG00000187498', 'ENSG00000153774', 'ENSG00000163558', 'ENSG00000153721', 'ENSG00000164830', 'ENSG00000158528', 'ENSG00000163848', 'ENSG00000143442', 'ENSG00000082701']",0.070327885,fold_8
4.1,subclass.full,Descending Thin Limb Cell Type 2,908,0.3051181102362205,0.32779456193353473,0.23898678414096916,106348,445,691,217,2,"['ENSG00000148948', 'ENSG00000153721']","['ENSG00000148948', 'ENSG00000148426', 'ENSG00000153774', 'ENSG00000153721', 'ENSG00000187498', 'ENSG00000153904', 'ENSG00000163558', 'ENSG00000149179', 'ENSG00000128512', 'ENSG00000158528']",0.2750232,fold_8
4.1,subclass.full,Descending Thin Limb Cell Type 3,1392,0.256,0.2838137472283814,0.1839080459770115,105663,646,1136,256,3,"['ENSG00000148426', 'ENSG00000140009', 'ENSG00000134121']","['ENSG00000148426', 'ENSG00000140009', 'ENSG00000134121', 'ENSG00000177106', 'ENSG00000157450', 'ENSG00000163558', 'ENSG00000183354', 'ENSG00000205517', 'ENSG00000196975', 'ENSG00000128512']",0.22659962,fold_8
4.1,subclass.full,Descending Vasa Recta Endothelial Cell,1880,0.26498422712933756,0.30134529147982064,0.17872340425531916,105042,779,1544,336,3,"['ENSG00000148175', 'ENSG00000072163', 'ENSG00000167693']","['ENSG00000148175', 'ENSG00000072163', 'ENSG00000167693', 'ENSG00000128512', 'ENSG00000145730', 'ENSG00000083642', 'ENSG00000050405', 'ENSG00000128849', 'ENSG00000082701', 'ENSG00000143207']",0.20492217,fold_8
4.1,subclass.full,Distal Convoluted Tubule Cell Type 1,3551,0.31799203806194776,0.3882631890930646,0.1844550830751901,103118,1032,2896,655,3,"['ENSG00000158966', 'ENSG00000088179', 'ENSG00000103460']","['ENSG00000158966', 'ENSG00000088179', 'ENSG00000147162', 'ENSG00000103460', 'ENSG00000153904', 'ENSG00000205517', 'ENSG00000128849', 'ENSG00000064999', 'ENSG00000114126', 'ENSG00000158528']",0.13085805,fold_8
4.1,subclass.full,Distal Convoluted Tubule Cell Type 2,363,0.036609405801182764,0.03262233375156838,0.07162534435261708,106567,771,337,26,6,"['ENSG00000147162', 'ENSG00000103460', 'ENSG00000153904', 'ENSG00000153721', 'ENSG00000205517', 'ENSG00000113732']","['ENSG00000147162', 'ENSG00000103460', 'ENSG00000153904', 'ENSG00000153721', 'ENSG00000205517', 'ENSG00000113732', 'ENSG00000198130', 'ENSG00000128849', 'ENSG00000114126', 'ENSG00000168300']",0.053505767,fold_8
4.1,subclass.full,Fibroblast,1865,0.46334150994821477,0.753880266075388,0.18230563002680966,105725,111,1525,340,2,"['ENSG00000142871', 'ENSG00000187498']","['ENSG00000142871', 'ENSG00000198947', 'ENSG00000187498', 'ENSG00000265491', 'ENSG00000171862', 'ENSG00000168610', 'ENSG00000177694']",0.50767004,fold_8
4.1,subclass.full,Glomerular Capillary Endothelial Cell,1830,0.42364767831498323,0.6030664395229983,0.19344262295081968,105638,233,1476,354,2,"['ENSG00000124126', 'ENSG00000064999']","['ENSG00000124126', 'ENSG00000143878', 'ENSG00000072163', 'ENSG00000064999', 'ENSG00000187498', 'ENSG00000265491', 'ENSG00000128512', 'ENSG00000050405']",0.17682911,fold_8
4.1,subclass.full,Inner Medullary Collecting Duct Cell,4095,0.49324702806995707,0.5295689943200802,0.38705738705738707,102198,1408,2510,1585,3,"['ENSG00000189108', 'ENSG00000140009', 'ENSG00000157450']","['ENSG00000108557', 'ENSG00000189108', 'ENSG00000135272', 'ENSG00000140009', 'ENSG00000154822', 'ENSG00000157450', 'ENSG00000146555', 'ENSG00000053918', 'ENSG00000103460', 'ENSG00000205517']",0.18405105,fold_8
4.1,subclass.full,Intercalated Cell Type B,1114,0.160345789180145,0.18608414239482202,0.10323159784560143,106084,503,999,115,3,"['ENSG00000119787', 'ENSG00000196975', 'ENSG00000103460']","['ENSG00000119787', 'ENSG00000077684', 'ENSG00000196975', 'ENSG00000113732', 'ENSG00000103460', 'ENSG00000168066', 'ENSG00000153721', 'ENSG00000118816', 'ENSG00000128849', 'ENSG00000151693']",0.06880601,fold_8
4.1,subclass.full,Lymphatic Endothelial Cell,136,0.5851063829787234,0.7333333333333333,0.3235294117647059,107549,16,92,44,1,['ENSG00000205038'],"['ENSG00000205038', 'ENSG00000118257', 'ENSG00000111145', 'ENSG00000167693', 'ENSG00000102606', 'ENSG00000064999', 'ENSG00000128512', 'ENSG00000082701', 'ENSG00000143207']",1.0,fold_8
4.1,subclass.full,M2 Macrophage,1355,0.2626184985908276,0.3218210361067504,0.15129151291512916,105914,432,1150,205,2,"['ENSG00000124126', 'ENSG00000171862']","['ENSG00000124126', 'ENSG00000064999', 'ENSG00000128512', 'ENSG00000171862']",0.14297579,fold_8
4.1,subclass.full,Macula Densa Cell,1186,0.4886282871357498,0.6756756756756757,0.2318718381112985,106383,132,911,275,2,"['ENSG00000139220', 'ENSG00000089250']","['ENSG00000139220', 'ENSG00000089250', 'ENSG00000120658', 'ENSG00000198682', 'ENSG00000134874', 'ENSG00000152779', 'ENSG00000113732', 'ENSG00000205517', 'ENSG00000128849', 'ENSG00000158528']",0.9043942,fold_8
4.1,subclass.full,Medullary Fibroblast,4589,0.5612800951154265,0.8234011627906976,0.2468947483111789,102869,243,3456,1133,2,"['ENSG00000154188', 'ENSG00000139926']","['ENSG00000154188', 'ENSG00000139926', 'ENSG00000167693', 'ENSG00000187498', 'ENSG00000083642', 'ENSG00000145730', 'ENSG00000171862', 'ENSG00000050405', 'ENSG00000168610', 'ENSG00000163848']",0.70842373,fold_8
4.1,subclass.full,Medullary Thick Ascending Limb Cell,4201,0.5148762918885061,0.5589935396123767,0.39133539633420616,102203,1297,2557,1644,2,"['ENSG00000076864', 'ENSG00000088179']","['ENSG00000076864', 'ENSG00000228696', 'ENSG00000134874', 'ENSG00000088179', 'ENSG00000198846', 'ENSG00000122376', 'ENSG00000152779', 'ENSG00000126870', 'ENSG00000187498', 'ENSG00000053918']",0.3067038,fold_8
4.1,subclass.full,Mesangial Cell,229,0.3026634382566586,0.5434782608695652,0.1091703056768559,107451,21,204,25,3,"['ENSG00000154864', 'ENSG00000128512', 'ENSG00000171862']","['ENSG00000154864', 'ENSG00000110422', 'ENSG00000083642', 'ENSG00000128512', 'ENSG00000145730', 'ENSG00000171862', 'ENSG00000163848']",0.067081235,fold_8
4.1,subclass.full,Monocyte-derived Cell,1044,0.20674300254452926,0.24761904761904763,0.12452107279693486,106262,395,914,130,2,"['ENSG00000081237', 'ENSG00000171862']","['ENSG00000081237', 'ENSG00000171862']",0.050556973,fold_8
4.1,subclass.full,Myofibroblast,698,0.336676217765043,0.4040114613180516,0.2020057306590258,106795,208,557,141,2,"['ENSG00000198947', 'ENSG00000196924']","['ENSG00000198947', 'ENSG00000187109', 'ENSG00000196924', 'ENSG00000187498', 'ENSG00000265491', 'ENSG00000083642', 'ENSG00000145730', 'ENSG00000050405', 'ENSG00000171862', 'ENSG00000143207']",0.23073572,fold_8
4.1,subclass.full,Natural Killer Cell / Natural Killer T Cell,573,0.3368370759675107,0.37105263157894736,0.24607329842931938,106889,239,432,141,2,"['ENSG00000142669', 'ENSG00000081237']","['ENSG00000142669', 'ENSG00000081237']",0.255666,fold_8
4.1,subclass.full,Neutrophil,89,0.012990680598700932,0.01044504995458674,0.5168539325842697,103254,4358,43,46,1,['ENSG00000081237'],['ENSG00000081237'],0.07271204,fold_8
4.1,subclass.full,Non-classical Monocyte,244,0.413135593220339,0.6842105263157895,0.1598360655737705,107439,18,205,39,3,"['ENSG00000196924', 'ENSG00000081237', 'ENSG00000197746']","['ENSG00000196924', 'ENSG00000081237', 'ENSG00000197746', 'ENSG00000110422', 'ENSG00000114331', 'ENSG00000171862']",0.109016426,fold_8
4.1,subclass.full,Outer Medullary Collecting Duct Intercalated Cell Type A,938,0.32583397982932505,0.4097560975609756,0.1791044776119403,106521,242,770,168,5,"['ENSG00000104611', 'ENSG00000160007', 'ENSG00000131375', 'ENSG00000076864', 'ENSG00000140350']","['ENSG00000206199', 'ENSG00000104611', 'ENSG00000160007', 'ENSG00000131375', 'ENSG00000076864', 'ENSG00000140350', 'ENSG00000077684', 'ENSG00000140009', 'ENSG00000134121', 'ENSG00000154822']",0.74885976,fold_8
4.1,subclass.full,Outer Medullary Collecting Duct Principal Cell,896,0.38961038961038963,0.5333333333333333,0.1875,106658,147,728,168,3,"['ENSG00000228696', 'ENSG00000154822', 'ENSG00000198846']","['ENSG00000198682', 'ENSG00000228696', 'ENSG00000135272', 'ENSG00000154822', 'ENSG00000198846', 'ENSG00000189108', 'ENSG00000157450', 'ENSG00000146555', 'ENSG00000103460', 'ENSG00000149179']",0.22648157,fold_8
4.1,subclass.full,Papillary Tip Epithelial Cell,400,0.37955465587044535,0.5102040816326531,0.1875,107229,72,325,75,4,"['ENSG00000139926', 'ENSG00000241058', 'ENSG00000104611', 'ENSG00000108557']","['ENSG00000139926', 'ENSG00000241058', 'ENSG00000104611', 'ENSG00000108557', 'ENSG00000104723', 'ENSG00000160213', 'ENSG00000189108', 'ENSG00000156976', 'ENSG00000116209', 'ENSG00000140319']",0.4898497,fold_8
4.1,subclass.full,Parietal Epithelial Cell,778,0.06302521008403361,0.0945945945945946,0.02699228791773779,106722,201,757,21,4,"['ENSG00000187498', 'ENSG00000163558', 'ENSG00000145730', 'ENSG00000163848']","['ENSG00000187498', 'ENSG00000163558', 'ENSG00000153721', 'ENSG00000145730', 'ENSG00000163848', 'ENSG00000143442']",0.036498383,fold_8
4.1,subclass.full,Peritubular Capilary Endothelial Cell ,4148,0.2923101166088875,0.34737827715355807,0.17888138862102218,102159,1394,3406,742,2,"['ENSG00000072163', 'ENSG00000128512']","['ENSG00000072163', 'ENSG00000128512']",0.11267498,fold_8
4.1,subclass.full,Plasma Cell,121,0.01673685347154735,0.013566739606126914,0.256198347107438,105326,2254,90,31,1,['ENSG00000147162'],['ENSG00000147162'],0.09382813,fold_8
4.1,subclass.full,Plasmacytoid Dendritic Cell,31,0.059880239520958084,0.058823529411764705,0.06451612903225806,107638,32,29,2,2,"['ENSG00000147162', 'ENSG00000108848']","['ENSG00000147162', 'ENSG00000108848']",0.1284341,fold_8
4.1,subclass.full,Podocyte,1066,0.9139360442163442,0.926,0.8686679174484052,106561,74,140,926,1,['ENSG00000139304'],"['ENSG00000139304', 'ENSG00000138785', 'ENSG00000008311', 'ENSG00000163710', 'ENSG00000104723', 'ENSG00000198947', 'ENSG00000167693', 'ENSG00000163558', 'ENSG00000168300', 'ENSG00000197746']",1.0,fold_8
4.1,subclass.full,Proximal Tubule Epithelial Cell Segment 1 / Segment 2,8551,0.297834885575433,0.2734493714601464,0.46298678517132497,88631,10519,4592,3959,1,['ENSG00000144908'],"['ENSG00000144908', 'ENSG00000152779', 'ENSG00000198130']",0.37457725,fold_8
4.1,subclass.full,Proximal Tubule Epithelial Cell Segment 3,2124,0.17659023668639054,0.23264311814859928,0.089924670433145,104947,630,1933,191,3,"['ENSG00000144908', 'ENSG00000152779', 'ENSG00000198130']","['ENSG00000144908', 'ENSG00000152779', 'ENSG00000153721', 'ENSG00000198130', 'ENSG00000126870', 'ENSG00000164830', 'ENSG00000114126']",0.13240467,fold_8
4.1,subclass.full,Renin-positive Juxtaglomerular Granular Cell,60,0.07075471698113207,0.07894736842105263,0.05,107606,35,57,3,2,"['ENSG00000102606', 'ENSG00000050405']","['ENSG00000196924', 'ENSG00000102606', 'ENSG00000050405', 'ENSG00000171862']",0.05112638,fold_8
4.1,subclass.full,Schwann Cell / Neural,35,0.6896551724137931,0.9230769230769231,0.34285714285714286,107665,1,23,12,1,['ENSG00000136546'],"['ENSG00000136546', 'ENSG00000149571', 'ENSG00000148948', 'ENSG00000151693', 'ENSG00000171862']",1.0,fold_8
4.1,subclass.full,T Cell,1732,0.39378612716763006,0.3659082431928385,0.5663972286374134,104269,1700,751,981,1,['ENSG00000081237'],['ENSG00000081237'],0.14547361,fold_8
4.1,subclass.full,Transitional Principal-Intercalated Cell,171,0.048654836863194044,0.04314720812182741,0.09941520467836257,107153,377,154,17,6,"['ENSG00000140350', 'ENSG00000076864', 'ENSG00000250479', 'ENSG00000077684', 'ENSG00000116209', 'ENSG00000168066']","['ENSG00000140350', 'ENSG00000076864', 'ENSG00000250479', 'ENSG00000077684', 'ENSG00000116209', 'ENSG00000168066', 'ENSG00000113732', 'ENSG00000197746', 'ENSG00000103460', 'ENSG00000196975']",0.103118524,fold_8
4.1,subclass.full,Vascular Smooth Muscle Cell,491,0.4743339831059129,0.5572519083969466,0.2973523421588595,107094,116,345,146,2,"['ENSG00000198947', 'ENSG00000146555']","['ENSG00000198947', 'ENSG00000102606', 'ENSG00000196924', 'ENSG00000146555', 'ENSG00000171862', 'ENSG00000143442']",0.24709298,fold_8
4.1,subclass.full,Vascular Smooth Muscle Cell / Pericyte,1443,0.2509489666807254,0.5129310344827587,0.08246708246708247,106145,113,1324,119,3,"['ENSG00000102606', 'ENSG00000128512', 'ENSG00000171862']","['ENSG00000102606', 'ENSG00000187498', 'ENSG00000083642', 'ENSG00000128512', 'ENSG00000171862']",0.054827992,fold_8
4.1,subclass.full,Adaptive / Maladaptive / Repairing Fibroblast,425,0.055225148683092605,0.06914893617021277,0.03058823529411765,107101,175,412,13,4,"['ENSG00000033800', 'ENSG00000135365', 'ENSG00000185532', 'ENSG00000078403']","['ENSG00000033800', 'ENSG00000135365', 'ENSG00000185532', 'ENSG00000185650', 'ENSG00000078403']",0.039910644,fold_9
4.1,subclass.full,Adaptive / Maladaptive / Repairing Proximal Tubule Epithelial Cell,5872,0.32554257095158595,0.40073394495412845,0.18596730245231607,100196,1633,4780,1092,4,"['ENSG00000149124', 'ENSG00000128563', 'ENSG00000154529', 'ENSG00000066084']","['ENSG00000149124', 'ENSG00000128563', 'ENSG00000154529', 'ENSG00000066084', 'ENSG00000152779', 'ENSG00000148200', 'ENSG00000153904', 'ENSG00000116350', 'ENSG00000185842', 'ENSG00000173821']",0.12439902,fold_9
4.1,subclass.full,Adaptive / Maladaptive / Repairing Thick Ascending Limb Cell,2787,0.24485573054374066,0.2882273342354533,0.15285252960172227,103862,1052,2361,426,4,"['ENSG00000186716', 'ENSG00000176907', 'ENSG00000118263', 'ENSG00000152779']","['ENSG00000186716', 'ENSG00000176907', 'ENSG00000118263', 'ENSG00000137819', 'ENSG00000152779', 'ENSG00000198752', 'ENSG00000148200', 'ENSG00000185842', 'ENSG00000173821', 'ENSG00000152104']",0.083951935,fold_9
4.1,subclass.full,Afferent / Efferent Arteriole Endothelial Cell,563,0.10876320696084525,0.09849906191369606,0.18650088809946713,106177,961,458,105,3,"['ENSG00000134531', 'ENSG00000147403', 'ENSG00000133112']","['ENSG00000134531', 'ENSG00000118263', 'ENSG00000152104', 'ENSG00000147403', 'ENSG00000133112']",0.027114902,fold_9
4.1,subclass.full,Ascending Thin Limb Cell,1765,0.3688740558580713,0.42769857433808556,0.23796033994334279,105374,562,1345,420,3,"['ENSG00000160963', 'ENSG00000163788', 'ENSG00000152779']","['ENSG00000099139', 'ENSG00000160963', 'ENSG00000163788', 'ENSG00000106526', 'ENSG00000152779', 'ENSG00000188153', 'ENSG00000172164', 'ENSG00000152104', 'ENSG00000171345', 'ENSG00000135365']",0.17045535,fold_9
4.1,subclass.full,Ascending Vasa Recta Endothelial Cell,2580,0.3291162449578291,0.3448607108549472,0.27829457364341087,103757,1364,1862,718,3,"['ENSG00000101445', 'ENSG00000154529', 'ENSG00000163788']","['ENSG00000101445', 'ENSG00000127124', 'ENSG00000154529', 'ENSG00000163788', 'ENSG00000118263', 'ENSG00000117519', 'ENSG00000072134', 'ENSG00000033800', 'ENSG00000173821', 'ENSG00000135365']",0.1633127,fold_9
4.1,subclass.full,Classical Dendritic Cell,58,0.373134328358209,0.5263157894736842,0.1724137931034483,107634,9,48,10,2,"['ENSG00000112149', 'ENSG00000124496']","['ENSG00000112149', 'ENSG00000176788', 'ENSG00000178385', 'ENSG00000134250', 'ENSG00000010810', 'ENSG00000124496', 'ENSG00000159023', 'ENSG00000107290', 'ENSG00000066084', 'ENSG00000135837']",0.5742589,fold_9
4.1,subclass.full,Connecting Tubule Cell,2945,0.28294077808713974,0.2907965970610982,0.25534804753820034,102922,1834,2193,752,2,"['ENSG00000137819', 'ENSG00000185532']","['ENSG00000137819', 'ENSG00000073712', 'ENSG00000171345', 'ENSG00000135932', 'ENSG00000107643', 'ENSG00000185532', 'ENSG00000204120', 'ENSG00000185650', 'ENSG00000163629', 'ENSG00000156831']",0.06797914,fold_9
4.1,subclass.full,Connecting Tubule Intercalated Cell Type A,110,0.05474452554744526,0.07317073170731707,0.02727272727272727,107553,38,107,3,2,"['ENSG00000203727', 'ENSG00000137819']","['ENSG00000203727', 'ENSG00000172164', 'ENSG00000178425', 'ENSG00000135932', 'ENSG00000137819', 'ENSG00000108175', 'ENSG00000170144', 'ENSG00000135837', 'ENSG00000077147', 'ENSG00000198752']",0.13972837,fold_9
4.1,subclass.full,Connecting Tubule Principal Cell,2145,0.29273870783304745,0.3103030303030303,0.2386946386946387,104418,1138,1633,512,3,"['ENSG00000196754', 'ENSG00000171223', 'ENSG00000198886']","['ENSG00000196754', 'ENSG00000171223', 'ENSG00000142168', 'ENSG00000198886', 'ENSG00000161011', 'ENSG00000115524', 'ENSG00000117519', 'ENSG00000171345', 'ENSG00000147604', 'ENSG00000170144']",0.14403391,fold_9
4.1,subclass.full,Cortical Collecting Duct Intercalated Cell Type A,3517,0.5151550074910684,0.6930232558139535,0.2541939152686949,103788,396,2623,894,2,"['ENSG00000203727', 'ENSG00000172164']","['ENSG00000167323', 'ENSG00000203727', 'ENSG00000172164', 'ENSG00000115524', 'ENSG00000135932', 'ENSG00000132170', 'ENSG00000077147', 'ENSG00000198752', 'ENSG00000108175', 'ENSG00000116350']",0.1500904,fold_9
4.1,subclass.full,Cortical Collecting Duct Principal Cell,2471,0.3140877598152425,0.40556660039761433,0.1651153379198705,104632,598,2063,408,3,"['ENSG00000110911', 'ENSG00000108950', 'ENSG00000198752']","['ENSG00000110911', 'ENSG00000108950', 'ENSG00000099991', 'ENSG00000140577', 'ENSG00000154529', 'ENSG00000198752', 'ENSG00000124496', 'ENSG00000188153', 'ENSG00000173166', 'ENSG00000132170']",0.11621459,fold_9
4.1,subclass.full,Cortical Thick Ascending Limb Cell,7354,0.4871098645342245,0.49923547400611623,0.44397606744628776,97072,3275,4089,3265,2,"['ENSG00000014257', 'ENSG00000152779']","['ENSG00000014257', 'ENSG00000176907', 'ENSG00000152779', 'ENSG00000137819', 'ENSG00000170144', 'ENSG00000076555', 'ENSG00000147403', 'ENSG00000185650', 'ENSG00000133112']",0.16805635,fold_9
4.1,subclass.full,Cycling Connecting Tubule Cell,12,0.3125,1.0,0.08333333333333333,107689,0,11,1,2,"['ENSG00000102870', 'ENSG00000127990']","['ENSG00000102870', 'ENSG00000197372', 'ENSG00000127990', 'ENSG00000101333', 'ENSG00000178385', 'ENSG00000107745', 'ENSG00000140577', 'ENSG00000124496', 'ENSG00000073712', 'ENSG00000148200']",0.6684215,fold_9
4.1,subclass.full,Cycling Distal Convoluted Tubule Cell,6,0.35714285714285715,0.5,0.16666666666666666,107694,1,5,1,4,"['ENSG00000134709', 'ENSG00000142875', 'ENSG00000113161', 'ENSG00000164989']","['ENSG00000134709', 'ENSG00000175166', 'ENSG00000143061', 'ENSG00000142875', 'ENSG00000113161', 'ENSG00000164989', 'ENSG00000134900', 'ENSG00000127990', 'ENSG00000140470', 'ENSG00000162522']",1.0,fold_9
4.1,subclass.full,Cycling Endothelial Cell,54,0.12195121951219512,0.2857142857142857,0.037037037037037035,107642,5,52,2,4,"['ENSG00000174501', 'ENSG00000010810', 'ENSG00000118263', 'ENSG00000116350']","['ENSG00000174501', 'ENSG00000010810', 'ENSG00000118263', 'ENSG00000154529', 'ENSG00000117519', 'ENSG00000116350', 'ENSG00000135837', 'ENSG00000033800', 'ENSG00000198752', 'ENSG00000173821']",0.16496521,fold_9
4.1,subclass.full,Cycling Mononuclear Phagocyte,48,0.09615384615384616,1.0,0.020833333333333332,107653,0,47,1,2,"['ENSG00000135932', 'ENSG00000173821']","['ENSG00000033327', 'ENSG00000066084', 'ENSG00000118263', 'ENSG00000107290', 'ENSG00000135932', 'ENSG00000173821', 'ENSG00000033800', 'ENSG00000095787', 'ENSG00000156831']",0.03436068,fold_9
4.1,subclass.full,Cycling Myofibroblast,18,0.22727272727272727,1.0,0.05555555555555555,107683,0,17,1,2,"['ENSG00000130635', 'ENSG00000166068']","['ENSG00000051341', 'ENSG00000130635', 'ENSG00000174501', 'ENSG00000134900', 'ENSG00000170085', 'ENSG00000166068', 'ENSG00000131711', 'ENSG00000134250', 'ENSG00000104723', 'ENSG00000147421']",0.45566338,fold_9
4.1,subclass.full,Cycling Natural Killer Cell / Natural Killer T Cell,16,0.625,1.0,0.25,107685,0,12,4,2,"['ENSG00000123136', 'ENSG00000123416']","['ENSG00000123136', 'ENSG00000149136', 'ENSG00000106355', 'ENSG00000126067', 'ENSG00000180370', 'ENSG00000123416', 'ENSG00000211450', 'ENSG00000137876', 'ENSG00000197061', 'ENSG00000116288']",0.7176306,fold_9
4.1,subclass.full,Cycling Proximal Tubule Epithelial Cell,145,0.024213075060532687,0.029850746268656716,0.013793103448275862,107491,65,143,2,3,"['ENSG00000148200', 'ENSG00000135837', 'ENSG00000107643']","['ENSG00000148200', 'ENSG00000135837', 'ENSG00000185842', 'ENSG00000076555', 'ENSG00000107643', 'ENSG00000173821', 'ENSG00000181090', 'ENSG00000156831', 'ENSG00000133112', 'ENSG00000078403']",0.030526163,fold_9
4.1,subclass.full,Degenerative Ascending Thin Limb Cell,1100,0.3410664819944598,0.4407158836689038,0.17909090909090908,106351,250,903,197,4,"['ENSG00000163347', 'ENSG00000176907', 'ENSG00000152779', 'ENSG00000147604']","['ENSG00000163347', 'ENSG00000176907', 'ENSG00000143870', 'ENSG00000163788', 'ENSG00000152779', 'ENSG00000147604', 'ENSG00000077147', 'ENSG00000171345', 'ENSG00000188153', 'ENSG00000152104']",0.13356173,fold_9
4.1,subclass.full,Degenerative Connecting Tubule Cell,356,0.03981797497155859,0.035443037974683546,0.07865168539325842,106583,762,328,28,5,"['ENSG00000161011', 'ENSG00000178425', 'ENSG00000073712', 'ENSG00000137819', 'ENSG00000147604']","['ENSG00000161011', 'ENSG00000178425', 'ENSG00000073712', 'ENSG00000137819', 'ENSG00000147604', 'ENSG00000077147', 'ENSG00000108175', 'ENSG00000171345', 'ENSG00000135932', 'ENSG00000107643']",0.08382343,fold_9
4.1,subclass.full,Degenerative Cortical Intercalated Cell Type A,1034,0.2853881278538813,0.34448818897637795,0.16924564796905223,106334,333,859,175,6,"['ENSG00000088256', 'ENSG00000084754', 'ENSG00000130332', 'ENSG00000128626', 'ENSG00000115944', 'ENSG00000211450']","['ENSG00000088256', 'ENSG00000084754', 'ENSG00000130332', 'ENSG00000128626', 'ENSG00000115944', 'ENSG00000211450', 'ENSG00000178952', 'ENSG00000115286', 'ENSG00000054148', 'ENSG00000089248']",0.49604905,fold_9
4.1,subclass.full,Degenerative Cortical Thick Ascending Limb Cell,346,0.18363939899833054,0.20657276995305165,0.12716763005780346,107186,169,302,44,3,"['ENSG00000147604', 'ENSG00000171345', 'ENSG00000147403']","['ENSG00000147604', 'ENSG00000171345', 'ENSG00000147403', 'ENSG00000133112', 'ENSG00000185650']",0.08320636,fold_9
4.1,subclass.full,Degenerative Descending Thin Limb Cell Type 3,399,0.5045408678102926,0.6756756756756757,0.2506265664160401,107254,48,299,100,2,"['ENSG00000187957', 'ENSG00000176907']","['ENSG00000187957', 'ENSG00000019186', 'ENSG00000189221', 'ENSG00000139514', 'ENSG00000176907', 'ENSG00000108950', 'ENSG00000128563', 'ENSG00000106526', 'ENSG00000171223', 'ENSG00000137819']",0.6410819,fold_9
4.1,subclass.full,Degenerative Distal Convoluted Tubule Cell,1535,0.24047334708500706,0.23084940072954663,0.28859934853420194,104690,1476,1092,443,4,"['ENSG00000166145', 'ENSG00000128626', 'ENSG00000115286', 'ENSG00000054148']","['ENSG00000166145', 'ENSG00000128626', 'ENSG00000105258', 'ENSG00000115944', 'ENSG00000115286', 'ENSG00000054148', 'ENSG00000148842', 'ENSG00000142168', 'ENSG00000198886', 'ENSG00000176907']",0.45757735,fold_9
4.1,subclass.full,Degenerative Endothelial Cell,70,0.002690999828754556,0.002154644728465795,0.6285714285714286,87254,20377,26,44,1,['ENSG00000133112'],"['ENSG00000147403', 'ENSG00000133112']",0.053130545,fold_9
4.1,subclass.full,Degenerative Fibroblast,90,0.10204081632653061,1.0,0.022222222222222223,107611,0,88,2,4,"['ENSG00000123416', 'ENSG00000198886', 'ENSG00000221869', 'ENSG00000147604']","['ENSG00000123416', 'ENSG00000198886', 'ENSG00000221869', 'ENSG00000147604', 'ENSG00000147403', 'ENSG00000133112']",0.08062745,fold_9
4.1,subclass.full,Degenerative Inner Medullary Collecting Duct Cell,1773,0.47928331466965285,0.6359583952451708,0.24139875916525663,105683,245,1345,428,5,"['ENSG00000168350', 'ENSG00000184254', 'ENSG00000118515', 'ENSG00000108950', 'ENSG00000143870']","['ENSG00000168350', 'ENSG00000184254', 'ENSG00000118515', 'ENSG00000169851', 'ENSG00000108950', 'ENSG00000143870', 'ENSG00000123416', 'ENSG00000116288', 'ENSG00000089248', 'ENSG00000171345']",0.3157032,fold_9
4.1,subclass.full,Degenerative Medullary Fibroblast,656,0.06960713642097675,0.05738161559888579,0.47103658536585363,101969,5076,347,309,1,['ENSG00000171345'],['ENSG00000171345'],0.09491966,fold_9
4.1,subclass.full,Degenerative Medullary Thick Ascending Limb Cell,831,0.04004004004004004,0.03529411764705882,0.08664259927797834,104902,1968,759,72,4,"['ENSG00000152779', 'ENSG00000076555', 'ENSG00000152104', 'ENSG00000164830']","['ENSG00000152779', 'ENSG00000076555', 'ENSG00000152104', 'ENSG00000164830']",0.049602352,fold_9
4.1,subclass.full,Degenerative Outer Medullary Collecting Duct Principal Cell,1563,0.15883520847121113,0.1602136181575434,0.15355086372360843,104880,1258,1323,240,5,"['ENSG00000110911', 'ENSG00000163683', 'ENSG00000089248', 'ENSG00000171223', 'ENSG00000147604']","['ENSG00000110911', 'ENSG00000163683', 'ENSG00000089248', 'ENSG00000142168', 'ENSG00000171223', 'ENSG00000147604', 'ENSG00000170144', 'ENSG00000171345', 'ENSG00000188153', 'ENSG00000153904']",0.13222516,fold_9
4.1,subclass.full,Degenerative Peritubular Capilary Endothelial Cell,127,0.033003300330033,0.045454545454545456,0.015748031496062992,107532,42,125,2,1,['ENSG00000033800'],"['ENSG00000154529', 'ENSG00000133112', 'ENSG00000033800', 'ENSG00000150938']",0.029983314,fold_9
4.1,subclass.full,Degenerative Podocyte,192,0.4956896551724138,0.6764705882352942,0.23958333333333334,107487,22,146,46,2,"['ENSG00000132688', 'ENSG00000161270']","['ENSG00000132688', 'ENSG00000161270', 'ENSG00000157514', 'ENSG00000163531', 'ENSG00000150938', 'ENSG00000147403', 'ENSG00000133112']",0.72913814,fold_9
4.1,subclass.full,Degenerative Proximal Tubule Epithelial Cell,7586,0.3344469547661395,0.3272192827748383,0.3668600052728711,94393,5722,4803,2783,2,"['ENSG00000162366', 'ENSG00000149124']","['ENSG00000162366', 'ENSG00000149124', 'ENSG00000152779']",0.35375744,fold_9
4.1,subclass.full,Degenerative Vascular Smooth Muscle Cell,762,0.2867056245434624,0.31781376518218624,0.20603674540682415,106602,337,605,157,2,"['ENSG00000171223', 'ENSG00000054148']","['ENSG00000137876', 'ENSG00000171223', 'ENSG00000054148', 'ENSG00000116288', 'ENSG00000123416', 'ENSG00000142168', 'ENSG00000221869', 'ENSG00000198886', 'ENSG00000157514', 'ENSG00000147604']",0.30722696,fold_9
4.1,subclass.full,Descending Thin Limb Cell Type 1,1529,0.22523144949564736,0.22845129642606868,0.2132112491824722,105071,1101,1203,326,2,"['ENSG00000160963', 'ENSG00000172164']","['ENSG00000160963', 'ENSG00000163788', 'ENSG00000172164', 'ENSG00000108175', 'ENSG00000188153', 'ENSG00000185842', 'ENSG00000152104', 'ENSG00000124177', 'ENSG00000135365', 'ENSG00000204120']",0.08177849,fold_9
4.1,subclass.full,Descending Thin Limb Cell Type 2,908,0.1251147842056933,0.12645011600928074,0.12004405286343613,106040,753,799,109,4,"['ENSG00000172164', 'ENSG00000188153', 'ENSG00000153904', 'ENSG00000185842']","['ENSG00000128563', 'ENSG00000172164', 'ENSG00000188153', 'ENSG00000153904', 'ENSG00000102595', 'ENSG00000185842', 'ENSG00000152104', 'ENSG00000135365', 'ENSG00000204120', 'ENSG00000164830']",0.081133224,fold_9
4.1,subclass.full,Descending Thin Limb Cell Type 3,1392,0.34910965323336457,0.4144645340751043,0.21408045977011494,105888,421,1094,298,3,"['ENSG00000116106', 'ENSG00000160963', 'ENSG00000163788']","['ENSG00000116106', 'ENSG00000160963', 'ENSG00000163788', 'ENSG00000106526', 'ENSG00000172164', 'ENSG00000188153', 'ENSG00000152104', 'ENSG00000171345', 'ENSG00000185842', 'ENSG00000135365']",0.20351031,fold_9
4.1,subclass.full,Descending Vasa Recta Endothelial Cell,1880,0.5631399317406144,0.7521367521367521,0.28085106382978725,105647,174,1352,528,2,"['ENSG00000141469', 'ENSG00000154529']","['ENSG00000141469', 'ENSG00000116106', 'ENSG00000101445', 'ENSG00000154529', 'ENSG00000118263', 'ENSG00000163788', 'ENSG00000132170', 'ENSG00000076555', 'ENSG00000152104', 'ENSG00000150938']",0.41913906,fold_9
4.1,subclass.full,Distal Convoluted Tubule Cell Type 1,3551,0.5788809802684927,0.6809750927397986,0.36186989580399886,103548,602,2266,1285,1,['ENSG00000148842'],"['ENSG00000140470', 'ENSG00000148842', 'ENSG00000203727', 'ENSG00000073712', 'ENSG00000137819', 'ENSG00000106526', 'ENSG00000148200', 'ENSG00000169372', 'ENSG00000188153', 'ENSG00000185842']",0.28562114,fold_9
4.1,subclass.full,Distal Convoluted Tubule Cell Type 2,363,0.0990990990990991,0.22916666666666666,0.030303030303030304,107301,37,352,11,6,"['ENSG00000148842', 'ENSG00000073712', 'ENSG00000137819', 'ENSG00000169372', 'ENSG00000108175', 'ENSG00000148200']","['ENSG00000148842', 'ENSG00000073712', 'ENSG00000137819', 'ENSG00000169372', 'ENSG00000108175', 'ENSG00000148200', 'ENSG00000153904', 'ENSG00000135932', 'ENSG00000185842', 'ENSG00000124177']",0.08992183,fold_9
4.1,subclass.full,Fibroblast,1865,0.5060773480662983,0.6887218045112782,0.24557640750670243,105629,207,1407,458,2,"['ENSG00000262655', 'ENSG00000185532']","['ENSG00000262655', 'ENSG00000124496', 'ENSG00000163531', 'ENSG00000185532', 'ENSG00000150938']",0.3495543,fold_9
4.1,subclass.full,Glomerular Capillary Endothelial Cell,1830,0.2725735102784283,0.28620218579234974,0.22896174863387977,104826,1045,1411,419,2,"['ENSG00000118515', 'ENSG00000117519']","['ENSG00000118515', 'ENSG00000010810', 'ENSG00000117519', 'ENSG00000118263', 'ENSG00000147421', 'ENSG00000157514', 'ENSG00000135837', 'ENSG00000147403', 'ENSG00000033800', 'ENSG00000133112']",0.43243515,fold_9
4.1,subclass.full,Inner Medullary Collecting Duct Cell,4095,0.5765911242274069,0.5975187536064628,0.5057387057387057,102211,1395,2024,2071,2,"['ENSG00000184254', 'ENSG00000169851']","['ENSG00000170085', 'ENSG00000064651', 'ENSG00000105357', 'ENSG00000184254', 'ENSG00000169851', 'ENSG00000139514', 'ENSG00000108950', 'ENSG00000028203', 'ENSG00000173166', 'ENSG00000132170']",0.3957272,fold_9
4.1,subclass.full,Intercalated Cell Type B,1114,0.22677234698370763,0.24037339556592766,0.18491921005385997,105936,651,908,206,2,"['ENSG00000147421', 'ENSG00000172164']","['ENSG00000147421', 'ENSG00000172164', 'ENSG00000135932', 'ENSG00000198752', 'ENSG00000132170', 'ENSG00000107643', 'ENSG00000204120']",0.14312626,fold_9
4.1,subclass.full,Lymphatic Endothelial Cell,136,0.7065217391304348,0.75,0.5735294117647058,107539,26,58,78,1,['ENSG00000138722'],"['ENSG00000138722', 'ENSG00000127124', 'ENSG00000101333', 'ENSG00000101445', 'ENSG00000154529', 'ENSG00000185532', 'ENSG00000152104', 'ENSG00000150938']",1.0,fold_9
4.1,subclass.full,Macula Densa Cell,1186,0.23179339108116778,0.22900158478605387,0.2436762225969646,105542,973,897,289,2,"['ENSG00000014257', 'ENSG00000185842']","['ENSG00000014257', 'ENSG00000176907', 'ENSG00000083312', 'ENSG00000152779', 'ENSG00000185842', 'ENSG00000116350', 'ENSG00000204120', 'ENSG00000152104', 'ENSG00000181090', 'ENSG00000185650']",0.41273794,fold_9
4.1,subclass.full,Medullary Fibroblast,4589,0.817184747400125,0.8843788437884379,0.6267160601438222,102736,376,1713,2876,2,"['ENSG00000067715', 'ENSG00000172987']","['ENSG00000067715', 'ENSG00000172987', 'ENSG00000262655', 'ENSG00000033327', 'ENSG00000124496', 'ENSG00000173166', 'ENSG00000169372', 'ENSG00000135365', 'ENSG00000185532', 'ENSG00000033800']",0.7740223,fold_9
4.1,subclass.full,Medullary Thick Ascending Limb Cell,4201,0.42458455911584636,0.5100286532951289,0.25422518447988574,102474,1026,3133,1068,3,"['ENSG00000007923', 'ENSG00000163788', 'ENSG00000137819']","['ENSG00000144136', 'ENSG00000007923', 'ENSG00000149346', 'ENSG00000163788', 'ENSG00000137819', 'ENSG00000106526', 'ENSG00000152779', 'ENSG00000076555', 'ENSG00000169372', 'ENSG00000148200']",0.12836127,fold_9
4.1,subclass.full,Mesangial Cell,229,0.31476997578692495,0.5652173913043478,0.11353711790393013,107452,20,203,26,2,"['ENSG00000107242', 'ENSG00000173166']","['ENSG00000058866', 'ENSG00000107242', 'ENSG00000132170', 'ENSG00000173166', 'ENSG00000135837', 'ENSG00000185532', 'ENSG00000076555', 'ENSG00000058272', 'ENSG00000163629']",0.23087579,fold_9
4.1,subclass.full,Myofibroblast,698,0.17399267399267399,0.2425531914893617,0.08166189111747851,106825,178,641,57,3,"['ENSG00000130635', 'ENSG00000163531', 'ENSG00000107745']","['ENSG00000130635', 'ENSG00000163531', 'ENSG00000124496', 'ENSG00000073712', 'ENSG00000107745', 'ENSG00000102595', 'ENSG00000058272', 'ENSG00000185532', 'ENSG00000124177', 'ENSG00000135365']",0.12227811,fold_9
4.1,subclass.full,Natural Killer Cell / Natural Killer T Cell,573,0.24699045246990453,0.25925925925925924,0.20767888307155322,106788,340,454,119,3,"['ENSG00000198886', 'ENSG00000157514', 'ENSG00000147403']","['ENSG00000198886', 'ENSG00000157514', 'ENSG00000147403', 'ENSG00000133112']",0.15103443,fold_9
4.1,subclass.full,Neutrophil,89,0.04950495049504951,0.3333333333333333,0.011235955056179775,107610,2,88,1,1,['ENSG00000221869'],"['ENSG00000221869', 'ENSG00000133112']",0.13707644,fold_9
4.1,subclass.full,Non-classical Monocyte,244,0.19607843137254902,0.3902439024390244,0.06557377049180328,107432,25,228,16,3,"['ENSG00000028137', 'ENSG00000157514', 'ENSG00000221869']","['ENSG00000028137', 'ENSG00000157514', 'ENSG00000221869', 'ENSG00000173821', 'ENSG00000147403', 'ENSG00000133112']",0.13238636,fold_9
4.1,subclass.full,Outer Medullary Collecting Duct Intercalated Cell Type A,938,0.3930131004366812,0.5325443786982249,0.19189765458422176,106605,158,758,180,5,"['ENSG00000113924', 'ENSG00000133835', 'ENSG00000152952', 'ENSG00000167323', 'ENSG00000169851']","['ENSG00000113924', 'ENSG00000133835', 'ENSG00000152952', 'ENSG00000167323', 'ENSG00000169851', 'ENSG00000135048', 'ENSG00000147421', 'ENSG00000159023', 'ENSG00000172164', 'ENSG00000137819']",0.32643887,fold_9
4.1,subclass.full,Outer Medullary Collecting Duct Principal Cell,896,0.24921507064364207,0.3075060532687651,0.14174107142857142,106519,286,769,127,5,"['ENSG00000083097', 'ENSG00000169851', 'ENSG00000108950', 'ENSG00000154529', 'ENSG00000132170']","['ENSG00000083097', 'ENSG00000169851', 'ENSG00000108950', 'ENSG00000154529', 'ENSG00000132170', 'ENSG00000188153', 'ENSG00000141252', 'ENSG00000173166', 'ENSG00000148200', 'ENSG00000083535']",0.1946664,fold_9
4.1,subclass.full,Papillary Tip Epithelial Cell,400,0.5012376237623762,0.7941176470588235,0.2025,107280,21,319,81,4,"['ENSG00000115884', 'ENSG00000141469', 'ENSG00000189221', 'ENSG00000162522']","['ENSG00000115884', 'ENSG00000196754', 'ENSG00000141469', 'ENSG00000189221', 'ENSG00000162522', 'ENSG00000163683', 'ENSG00000132170', 'ENSG00000124496', 'ENSG00000171345', 'ENSG00000173166']",0.3880083,fold_9
4.1,subclass.full,Parietal Epithelial Cell,778,0.23059617547806524,0.328,0.10539845758354756,106755,168,696,82,2,"['ENSG00000113389', 'ENSG00000221869']","['ENSG00000113389', 'ENSG00000221869', 'ENSG00000188153', 'ENSG00000185650', 'ENSG00000150938', 'ENSG00000133112']",0.2741953,fold_9
4.1,subclass.full,Peritubular Capilary Endothelial Cell ,4148,0.2873734365693865,0.33261525204653164,0.18611378977820636,102004,1549,3376,772,2,"['ENSG00000117519', 'ENSG00000133112']","['ENSG00000117519', 'ENSG00000118263', 'ENSG00000033800', 'ENSG00000133112']",0.09065749,fold_9
4.1,subclass.full,Plasma Cell,121,0.07088331515812432,0.06532663316582915,0.10743801652892562,107394,186,108,13,1,['ENSG00000157514'],['ENSG00000157514'],0.1306078,fold_9
4.1,subclass.full,Plasmacytoid Dendritic Cell,31,0.5223880597014925,0.7777777777777778,0.22580645161290322,107668,2,24,7,2,"['ENSG00000167323', 'ENSG00000160963']","['ENSG00000112159', 'ENSG00000167323', 'ENSG00000160963', 'ENSG00000033327', 'ENSG00000173821']",0.48600328,fold_9
4.1,subclass.full,Podocyte,1066,0.7893982808022922,0.9092409240924092,0.5168855534709194,106580,55,515,551,2,"['ENSG00000178184', 'ENSG00000161270']","['ENSG00000178184', 'ENSG00000087448', 'ENSG00000106299', 'ENSG00000113389', 'ENSG00000161270', 'ENSG00000104723', 'ENSG00000010810', 'ENSG00000163531', 'ENSG00000118263', 'ENSG00000188153']",0.77086186,fold_9
4.1,subclass.full,Proximal Tubule Epithelial Cell Segment 1 / Segment 2,8551,0.4489446246946885,0.5218220338983051,0.2880364869605894,96893,2257,6088,2463,2,"['ENSG00000162366', 'ENSG00000149124']","['ENSG00000162366', 'ENSG00000149124', 'ENSG00000152779']",0.40114653,fold_9
4.1,subclass.full,Proximal Tubule Epithelial Cell Segment 3,2124,0.22567820392890553,0.24019912881144992,0.1817325800376648,104356,1221,1738,386,3,"['ENSG00000093217', 'ENSG00000149124', 'ENSG00000164830']","['ENSG00000093217', 'ENSG00000149124', 'ENSG00000203727', 'ENSG00000152779', 'ENSG00000169372', 'ENSG00000164830']",0.31454313,fold_9
4.1,subclass.full,Renin-positive Juxtaglomerular Granular Cell,60,0.2777777777777778,0.3333333333333333,0.16666666666666666,107621,20,50,10,3,"['ENSG00000107242', 'ENSG00000172987', 'ENSG00000058866']","['ENSG00000107242', 'ENSG00000172987', 'ENSG00000058866', 'ENSG00000076555', 'ENSG00000185532', 'ENSG00000058272', 'ENSG00000185650', 'ENSG00000147403', 'ENSG00000133112']",0.12106269,fold_9
4.1,subclass.full,Schwann Cell / Neural,35,0.08902077151335312,0.07377049180327869,0.5142857142857142,107440,226,17,18,1,['ENSG00000149571'],['ENSG00000149571'],1.0,fold_9
4.1,subclass.full,T Cell,1732,0.37913156189241737,0.42162162162162165,0.2702078521939954,105327,642,1264,468,1,['ENSG00000010810'],['ENSG00000010810'],0.2375872,fold_9
4.1,subclass.full,Transitional Principal-Intercalated Cell,171,0.04465424853278898,0.03735325506937033,0.2046783625730994,106628,902,136,35,5,"['ENSG00000115944', 'ENSG00000115286', 'ENSG00000171223', 'ENSG00000172164', 'ENSG00000170144']","['ENSG00000103121', 'ENSG00000115944', 'ENSG00000115286', 'ENSG00000171223', 'ENSG00000172164', 'ENSG00000170144', 'ENSG00000077147', 'ENSG00000171345', 'ENSG00000198752', 'ENSG00000132170']",0.101227246,fold_9
4.1,subclass.full,Vascular Smooth Muscle Cell,491,0.6431718061674009,0.906832298136646,0.2973523421588595,107195,15,345,146,2,"['ENSG00000182732', 'ENSG00000172987']","['ENSG00000182732', 'ENSG00000058866', 'ENSG00000172987', 'ENSG00000107242', 'ENSG00000163531', 'ENSG00000058272', 'ENSG00000185532', 'ENSG00000185650', 'ENSG00000150938']",0.66544634,fold_9
4.1,subclass.full,Vascular Smooth Muscle Cell / Pericyte,1443,0.36431666010240255,0.6751824817518248,0.1282051282051282,106169,89,1258,185,3,"['ENSG00000101333', 'ENSG00000163531', 'ENSG00000185532']","['ENSG00000101333', 'ENSG00000131711', 'ENSG00000163531', 'ENSG00000185532', 'ENSG00000058272', 'ENSG00000150938']",0.10585691,fold_9
4.1,subclass.full,Adaptive / Maladaptive / Repairing Fibroblast,425,0.04440855874041179,0.042884990253411304,0.05176470588235294,106785,491,403,22,3,"['ENSG00000116962', 'ENSG00000138674', 'ENSG00000137693']","['ENSG00000116962', 'ENSG00000138640', 'ENSG00000138674', 'ENSG00000163110', 'ENSG00000137693', 'ENSG00000052126']",0.07537022,fold_10
4.1,subclass.full,Adaptive / Maladaptive / Repairing Proximal Tubule Epithelial Cell,5872,0.29577325696227535,0.33324061196105703,0.2040190735694823,99432,2397,4674,1198,4,"['ENSG00000066084', 'ENSG00000186409', 'ENSG00000130413', 'ENSG00000125257']","['ENSG00000066084', 'ENSG00000067141', 'ENSG00000186409', 'ENSG00000130413', 'ENSG00000125257', 'ENSG00000153904', 'ENSG00000169504', 'ENSG00000173821', 'ENSG00000163110', 'ENSG00000149187']",0.082609564,fold_10
4.1,subclass.full,Adaptive / Maladaptive / Repairing Thick Ascending Limb Cell,2787,0.3066592828464627,0.39945897204688907,0.15895227843559384,104248,666,2344,443,3,"['ENSG00000236699', 'ENSG00000137449', 'ENSG00000112137']","['ENSG00000236699', 'ENSG00000132359', 'ENSG00000137449', 'ENSG00000112137', 'ENSG00000173821', 'ENSG00000113282', 'ENSG00000169902', 'ENSG00000137942', 'ENSG00000081026', 'ENSG00000149187']",0.19491409,fold_10
4.1,subclass.full,Afferent / Efferent Arteriole Endothelial Cell,563,0.4206098843322818,0.8247422680412371,0.14209591474245115,107121,17,483,80,2,"['ENSG00000090006', 'ENSG00000169908']","['ENSG00000090006', 'ENSG00000169908', 'ENSG00000115756', 'ENSG00000140945', 'ENSG00000129422', 'ENSG00000187239', 'ENSG00000169504', 'ENSG00000011405', 'ENSG00000163110', 'ENSG00000206503']",1.0,fold_10
4.1,subclass.full,Ascending Thin Limb Cell,1765,0.5787432117920869,0.6376068376068376,0.4226628895184136,105512,424,1019,746,2,"['ENSG00000072832', 'ENSG00000140600']","['ENSG00000072832', 'ENSG00000140600', 'ENSG00000178662', 'ENSG00000125257', 'ENSG00000166949', 'ENSG00000113282', 'ENSG00000169902', 'ENSG00000169504', 'ENSG00000115109', 'ENSG00000055163']",0.5213756,fold_10
4.1,subclass.full,Ascending Vasa Recta Endothelial Cell,2580,0.4707532051282051,0.5078336034575905,0.3643410852713178,104210,911,1640,940,2,"['ENSG00000102760', 'ENSG00000101445']","['ENSG00000102760', 'ENSG00000101445', 'ENSG00000115756', 'ENSG00000011405', 'ENSG00000129422', 'ENSG00000169504', 'ENSG00000173821', 'ENSG00000163110', 'ENSG00000206503', 'ENSG00000153827']",0.4603082,fold_10
4.1,subclass.full,Classical Dendritic Cell,58,0.4098360655737705,0.625,0.1724137931034483,107637,6,48,10,4,"['ENSG00000135905', 'ENSG00000196814', 'ENSG00000136250', 'ENSG00000187239']","['ENSG00000102445', 'ENSG00000135905', 'ENSG00000196814', 'ENSG00000168461', 'ENSG00000136250', 'ENSG00000187239', 'ENSG00000168769', 'ENSG00000066084', 'ENSG00000166949']",0.3321389,fold_10
4.1,subclass.full,Connecting Tubule Cell,2945,0.12033142531861737,0.10615148556284,0.25840407470288623,98348,6408,2184,761,3,"['ENSG00000128641', 'ENSG00000169902', 'ENSG00000137942']","['ENSG00000128641', 'ENSG00000169902', 'ENSG00000113282', 'ENSG00000115109', 'ENSG00000149187', 'ENSG00000137942', 'ENSG00000081026', 'ENSG00000137693', 'ENSG00000115977']",0.0356159,fold_10
4.1,subclass.full,Connecting Tubule Intercalated Cell Type A,110,0.032497678737233054,0.0273972602739726,0.12727272727272726,107094,497,96,14,4,"['ENSG00000164181', 'ENSG00000130147', 'ENSG00000166747', 'ENSG00000125257']","['ENSG00000164181', 'ENSG00000130147', 'ENSG00000147614', 'ENSG00000166747', 'ENSG00000139173', 'ENSG00000125257', 'ENSG00000128641', 'ENSG00000166949', 'ENSG00000115109', 'ENSG00000169902']",0.12241308,fold_10
4.1,subclass.full,Connecting Tubule Principal Cell,2145,0.1643938760143897,0.1602773246329527,0.18321678321678322,103497,2059,1752,393,5,"['ENSG00000168958', 'ENSG00000173915', 'ENSG00000178982', 'ENSG00000152291', 'ENSG00000139112']","['ENSG00000168958', 'ENSG00000173915', 'ENSG00000178982', 'ENSG00000152291', 'ENSG00000139112', 'ENSG00000161011', 'ENSG00000104763', 'ENSG00000128641', 'ENSG00000115268', 'ENSG00000167658']",0.11581207,fold_10
4.1,subclass.full,Cortical Collecting Duct Intercalated Cell Type A,3517,0.6258958432871476,0.7541738629821532,0.37247654250781914,103757,427,2207,1310,2,"['ENSG00000135905', 'ENSG00000147614']","['ENSG00000164181', 'ENSG00000135905', 'ENSG00000130147', 'ENSG00000147614', 'ENSG00000139173', 'ENSG00000125257', 'ENSG00000139112', 'ENSG00000132170', 'ENSG00000081026', 'ENSG00000137942']",0.16183963,fold_10
4.1,subclass.full,Cortical Collecting Duct Principal Cell,2471,0.3935334277985315,0.4618291761148904,0.24726831242411978,104518,712,1860,611,2,"['ENSG00000160293', 'ENSG00000171435']","['ENSG00000160293', 'ENSG00000171435', 'ENSG00000181031', 'ENSG00000130413', 'ENSG00000128641', 'ENSG00000129422', 'ENSG00000132170', 'ENSG00000166949', 'ENSG00000169902', 'ENSG00000055163']",0.27622858,fold_10
4.1,subclass.full,Cortical Thick Ascending Limb Cell,7354,0.45179124281291466,0.5356581017304667,0.27780799564862657,98576,1771,5311,2043,3,"['ENSG00000144908', 'ENSG00000171004', 'ENSG00000055163']","['ENSG00000144908', 'ENSG00000171004', 'ENSG00000178982', 'ENSG00000055163', 'ENSG00000140264', 'ENSG00000113282', 'ENSG00000149187', 'ENSG00000137942', 'ENSG00000115977']",0.18434,fold_10
4.1,subclass.full,Cycling Connecting Tubule Cell,12,0.3125,1.0,0.08333333333333333,107689,0,11,1,3,"['ENSG00000145833', 'ENSG00000070778', 'ENSG00000181031']","['ENSG00000145833', 'ENSG00000100629', 'ENSG00000070778', 'ENSG00000181031', 'ENSG00000136720', 'ENSG00000171435', 'ENSG00000166747', 'ENSG00000186409', 'ENSG00000139173', 'ENSG00000128641']",0.2737769,fold_10
4.1,subclass.full,Cycling Distal Convoluted Tubule Cell,6,0.29411764705882354,0.2857142857142857,0.3333333333333333,107690,5,4,2,5,"['ENSG00000138663', 'ENSG00000138641', 'ENSG00000186812', 'ENSG00000206418', 'ENSG00000111785']","['ENSG00000138663', 'ENSG00000138641', 'ENSG00000198105', 'ENSG00000186812', 'ENSG00000206418', 'ENSG00000111785', 'ENSG00000160218', 'ENSG00000283782', 'ENSG00000130147', 'ENSG00000171004']",1.0,fold_10
4.1,subclass.full,Cycling Endothelial Cell,54,0.07575757575757576,0.3333333333333333,0.018518518518518517,107645,2,53,1,2,"['ENSG00000140945', 'ENSG00000011405']","['ENSG00000140945', 'ENSG00000111880', 'ENSG00000011405', 'ENSG00000169504', 'ENSG00000173821', 'ENSG00000137942', 'ENSG00000163110', 'ENSG00000206503', 'ENSG00000081026', 'ENSG00000118007']",0.12164514,fold_10
4.1,subclass.full,Cycling Mononuclear Phagocyte,48,0.09615384615384616,1.0,0.020833333333333332,107653,0,47,1,2,"['ENSG00000135905', 'ENSG00000187239']","['ENSG00000135905', 'ENSG00000066084', 'ENSG00000187239', 'ENSG00000173821']",0.17831667,fold_10
4.1,subclass.full,Cycling Myofibroblast,18,0.22727272727272727,1.0,0.05555555555555555,107683,0,17,1,2,"['ENSG00000166068', 'ENSG00000076641']","['ENSG00000176225', 'ENSG00000197256', 'ENSG00000166068', 'ENSG00000076641', 'ENSG00000114416', 'ENSG00000116962', 'ENSG00000147421', 'ENSG00000184220', 'ENSG00000153904', 'ENSG00000132170']",0.34692058,fold_10
4.1,subclass.full,Cycling Natural Killer Cell / Natural Killer T Cell,16,0.625,1.0,0.25,107685,0,12,4,2,"['ENSG00000123416', 'ENSG00000115128']","['ENSG00000188486', 'ENSG00000146112', 'ENSG00000175567', 'ENSG00000136950', 'ENSG00000123416', 'ENSG00000115128', 'ENSG00000104904', 'ENSG00000188612', 'ENSG00000181163', 'ENSG00000161970']",0.379802,fold_10
4.1,subclass.full,Cycling Proximal Tubule Epithelial Cell,145,0.045819014891179836,0.04395604395604396,0.05517241379310345,107382,174,137,8,4,"['ENSG00000100629', 'ENSG00000173821', 'ENSG00000081026', 'ENSG00000137693']","['ENSG00000100629', 'ENSG00000173821', 'ENSG00000081026', 'ENSG00000137693', 'ENSG00000115977', 'ENSG00000151150', 'ENSG00000152767']",0.030670736,fold_10
4.1,subclass.full,Degenerative Ascending Thin Limb Cell,1100,0.46636085626911317,0.6437994722955145,0.22181818181818183,106466,135,856,244,4,"['ENSG00000140600', 'ENSG00000105889', 'ENSG00000167658', 'ENSG00000148303']","['ENSG00000140600', 'ENSG00000105889', 'ENSG00000143870', 'ENSG00000104763', 'ENSG00000167658', 'ENSG00000148303', 'ENSG00000111640', 'ENSG00000115268', 'ENSG00000140264', 'ENSG00000206503']",0.14836538,fold_10
4.1,subclass.full,Degenerative Connecting Tubule Cell,356,0.0531591737545565,0.047683923705722074,0.09831460674157304,106646,699,321,35,5,"['ENSG00000152291', 'ENSG00000161011', 'ENSG00000139112', 'ENSG00000128641', 'ENSG00000167658']","['ENSG00000152291', 'ENSG00000161011', 'ENSG00000139112', 'ENSG00000128641', 'ENSG00000167658', 'ENSG00000148303', 'ENSG00000115268', 'ENSG00000111640', 'ENSG00000140264', 'ENSG00000206503']",0.08542894,fold_10
4.1,subclass.full,Degenerative Cortical Intercalated Cell Type A,1034,0.5673469387755102,0.7853107344632768,0.2688588007736944,106591,76,756,278,3,"['ENSG00000184752', 'ENSG00000161970', 'ENSG00000147614']","['ENSG00000139433', 'ENSG00000184752', 'ENSG00000173915', 'ENSG00000178982', 'ENSG00000161970', 'ENSG00000147614', 'ENSG00000197958', 'ENSG00000139112', 'ENSG00000124172', 'ENSG00000148303']",0.2087107,fold_10
4.1,subclass.full,Degenerative Cortical Thick Ascending Limb Cell,346,0.2413793103448276,0.32061068702290074,0.12138728323699421,107266,89,304,42,4,"['ENSG00000105889', 'ENSG00000124172', 'ENSG00000148303', 'ENSG00000115268']","['ENSG00000105889', 'ENSG00000124172', 'ENSG00000167658', 'ENSG00000148303', 'ENSG00000111640', 'ENSG00000115268', 'ENSG00000206503', 'ENSG00000140264', 'ENSG00000075624']",0.089093626,fold_10
4.1,subclass.full,Degenerative Descending Thin Limb Cell Type 3,399,0.528804815133276,0.643979057591623,0.3082706766917293,107234,68,276,123,3,"['ENSG00000166741', 'ENSG00000077238', 'ENSG00000160293']","['ENSG00000166741', 'ENSG00000077238', 'ENSG00000075275', 'ENSG00000149131', 'ENSG00000160293', 'ENSG00000108846', 'ENSG00000236699', 'ENSG00000139112', 'ENSG00000125257', 'ENSG00000166949']",0.5932708,fold_10
4.1,subclass.full,Degenerative Distal Convoluted Tubule Cell,1535,0.20886928825186818,0.20579360289680146,0.2221498371335505,104850,1316,1194,341,4,"['ENSG00000240891', 'ENSG00000213722', 'ENSG00000168273', 'ENSG00000173915']","['ENSG00000240891', 'ENSG00000213722', 'ENSG00000168273', 'ENSG00000114902', 'ENSG00000173915', 'ENSG00000104904', 'ENSG00000178982', 'ENSG00000139112', 'ENSG00000161970', 'ENSG00000197958']",0.8070181,fold_10
4.1,subclass.full,Degenerative Endothelial Cell,70,0.06756756756756757,1.0,0.014285714285714285,107631,0,69,1,1,['ENSG00000206503'],"['ENSG00000206503', 'ENSG00000115268', 'ENSG00000140264', 'ENSG00000111640']",0.07011031,fold_10
4.1,subclass.full,Degenerative Fibroblast,90,0.3160919540229885,0.5238095238095238,0.12222222222222222,107601,10,79,11,2,"['ENSG00000149131', 'ENSG00000197958']","['ENSG00000149131', 'ENSG00000166741', 'ENSG00000123416', 'ENSG00000181163', 'ENSG00000197958', 'ENSG00000148303', 'ENSG00000124172', 'ENSG00000115268', 'ENSG00000111640', 'ENSG00000167658']",0.3527464,fold_10
4.1,subclass.full,Degenerative Inner Medullary Collecting Duct Cell,1773,0.45281823939202026,0.5789473684210527,0.24196277495769883,105616,312,1344,429,4,"['ENSG00000102109', 'ENSG00000105889', 'ENSG00000114902', 'ENSG00000136720']","['ENSG00000148346', 'ENSG00000102109', 'ENSG00000105889', 'ENSG00000114902', 'ENSG00000136720', 'ENSG00000171435', 'ENSG00000112137', 'ENSG00000123416', 'ENSG00000104763', 'ENSG00000148303']",0.21159953,fold_10
4.1,subclass.full,Degenerative Medullary Thick Ascending Limb Cell,831,0.1216089803554724,0.13131313131313133,0.09386281588447654,106354,516,753,78,2,"['ENSG00000055163', 'ENSG00000167658']","['ENSG00000055163', 'ENSG00000167658', 'ENSG00000152767', 'ENSG00000115977']",0.04894652,fold_10
4.1,subclass.full,Degenerative Outer Medullary Collecting Duct Principal Cell,1563,0.2126921743151081,0.2076749435665914,0.23544465770953296,104734,1404,1195,368,4,"['ENSG00000102109', 'ENSG00000136720', 'ENSG00000142949', 'ENSG00000115457']","['ENSG00000102109', 'ENSG00000136720', 'ENSG00000142949', 'ENSG00000115457', 'ENSG00000171435', 'ENSG00000152291', 'ENSG00000104763', 'ENSG00000167658', 'ENSG00000128641', 'ENSG00000148303']",0.19110246,fold_10
4.1,subclass.full,Degenerative Peritubular Capilary Endothelial Cell,127,0.03816793893129771,1.0,0.007874015748031496,107574,0,126,1,2,"['ENSG00000167658', 'ENSG00000011405']","['ENSG00000167658', 'ENSG00000011405', 'ENSG00000169504', 'ENSG00000206503']",0.065282874,fold_10
4.1,subclass.full,Degenerative Podocyte,192,0.5452127659574468,0.8913043478260869,0.21354166666666666,107504,5,151,41,2,"['ENSG00000113578', 'ENSG00000115457']","['ENSG00000113578', 'ENSG00000115457', 'ENSG00000138193', 'ENSG00000206503', 'ENSG00000140264', 'ENSG00000111640', 'ENSG00000115268', 'ENSG00000115109', 'ENSG00000163110']",0.4691037,fold_10
4.1,subclass.full,Degenerative Proximal Tubule Epithelial Cell,7586,0.4323481116584565,0.4606368089573128,0.34708673872923806,97032,3083,4953,2633,2,"['ENSG00000158296', 'ENSG00000151150']","['ENSG00000108018', 'ENSG00000158296', 'ENSG00000151150', 'ENSG00000052126', 'ENSG00000115977', 'ENSG00000152767']",0.18819486,fold_10
4.1,subclass.full,Degenerative Vascular Smooth Muscle Cell,762,0.5010384215991692,0.6632302405498282,0.2532808398950131,106841,98,569,193,3,"['ENSG00000105655', 'ENSG00000102760', 'ENSG00000188612']","['ENSG00000099860', 'ENSG00000197256', 'ENSG00000105655', 'ENSG00000102760', 'ENSG00000141232', 'ENSG00000188612', 'ENSG00000161970', 'ENSG00000197958', 'ENSG00000104763', 'ENSG00000148303']",0.5472658,fold_10
4.1,subclass.full,Descending Thin Limb Cell Type 1,1529,0.17964071856287425,0.2773722627737226,0.07455853499018966,105875,297,1415,114,4,"['ENSG00000075275', 'ENSG00000152953', 'ENSG00000125257', 'ENSG00000169902']","['ENSG00000075275', 'ENSG00000152953', 'ENSG00000125257', 'ENSG00000166949', 'ENSG00000169902', 'ENSG00000011405', 'ENSG00000081026', 'ENSG00000055163', 'ENSG00000149187', 'ENSG00000152767']",0.10723738,fold_10
4.1,subclass.full,Descending Thin Limb Cell Type 2,908,0.1444723618090452,0.26900584795321636,0.05066079295154185,106668,125,862,46,4,"['ENSG00000138036', 'ENSG00000186409', 'ENSG00000187239', 'ENSG00000166949']","['ENSG00000138036', 'ENSG00000152953', 'ENSG00000186409', 'ENSG00000187239', 'ENSG00000166949', 'ENSG00000153904', 'ENSG00000130413', 'ENSG00000125257', 'ENSG00000169504', 'ENSG00000169902']",0.10583879,fold_10
4.1,subclass.full,Descending Thin Limb Cell Type 3,1392,0.29976489028213166,0.3297413793103448,0.21982758620689655,105687,622,1086,306,2,"['ENSG00000140600', 'ENSG00000166949']","['ENSG00000072832', 'ENSG00000140600', 'ENSG00000178662', 'ENSG00000166949', 'ENSG00000125257', 'ENSG00000113282', 'ENSG00000169902', 'ENSG00000169504', 'ENSG00000076685', 'ENSG00000153827']",0.1721684,fold_10
4.1,subclass.full,Descending Vasa Recta Endothelial Cell,1880,0.5306952662721893,0.6507936507936508,0.30531914893617024,105513,308,1306,574,2,"['ENSG00000140945', 'ENSG00000112137']","['ENSG00000140945', 'ENSG00000115756', 'ENSG00000101445', 'ENSG00000112137', 'ENSG00000132170', 'ENSG00000187239', 'ENSG00000129422', 'ENSG00000011405', 'ENSG00000169504', 'ENSG00000163110']",0.29355556,fold_10
4.1,subclass.full,Distal Convoluted Tubule Cell Type 1,3551,0.30948419301164726,0.4084919472913616,0.15713883413123064,103342,808,2993,558,3,"['ENSG00000164181', 'ENSG00000171004', 'ENSG00000137449']","['ENSG00000151136', 'ENSG00000164181', 'ENSG00000171004', 'ENSG00000132359', 'ENSG00000137449', 'ENSG00000152953', 'ENSG00000128641', 'ENSG00000113282', 'ENSG00000055163', 'ENSG00000115109']",0.24387093,fold_10
4.1,subclass.full,Distal Convoluted Tubule Cell Type 2,363,0.08957952468007313,0.08263069139966273,0.1349862258953168,106794,544,314,49,4,"['ENSG00000182168', 'ENSG00000139112', 'ENSG00000128641', 'ENSG00000153904']","['ENSG00000182168', 'ENSG00000139112', 'ENSG00000128641', 'ENSG00000153904', 'ENSG00000169902', 'ENSG00000113282', 'ENSG00000055163', 'ENSG00000115109', 'ENSG00000149187', 'ENSG00000137942']",0.073335014,fold_10
4.1,subclass.full,Fibroblast,1865,0.35769588107773304,0.6774193548387096,0.12386058981233244,105726,110,1634,231,2,"['ENSG00000076641', 'ENSG00000163110']","['ENSG00000076641', 'ENSG00000116962', 'ENSG00000163110', 'ENSG00000169504']",0.16990013,fold_10
4.1,subclass.full,Glomerular Capillary Endothelial Cell,1830,0.35196850393700785,0.39557522123893807,0.2442622950819672,105188,683,1383,447,2,"['ENSG00000129538', 'ENSG00000123933']","['ENSG00000129538', 'ENSG00000123933', 'ENSG00000077238', 'ENSG00000140945', 'ENSG00000147421', 'ENSG00000011405', 'ENSG00000206503', 'ENSG00000169504']",1.0,fold_10
4.1,subclass.full,Inner Medullary Collecting Duct Cell,4095,0.6006749156355455,0.6935064935064935,0.3912087912087912,102898,708,2493,1602,3,"['ENSG00000171435', 'ENSG00000135905', 'ENSG00000112137']","['ENSG00000171435', 'ENSG00000135905', 'ENSG00000112137', 'ENSG00000108846', 'ENSG00000151883', 'ENSG00000136720', 'ENSG00000104763', 'ENSG00000132170', 'ENSG00000166949', 'ENSG00000125257']",0.25220203,fold_10
4.1,subclass.full,Intercalated Cell Type B,1114,0.4615705931495405,0.690625,0.19838420107719928,106488,99,893,221,2,"['ENSG00000147614', 'ENSG00000081026']","['ENSG00000196814', 'ENSG00000147614', 'ENSG00000147421', 'ENSG00000139173', 'ENSG00000132170', 'ENSG00000081026', 'ENSG00000137942', 'ENSG00000149187']",0.118566126,fold_10
4.1,subclass.full,Lymphatic Endothelial Cell,136,0.44776119402985076,0.7272727272727273,0.17647058823529413,107556,9,112,24,2,"['ENSG00000075213', 'ENSG00000101445']","['ENSG00000075213', 'ENSG00000101445', 'ENSG00000129422']",0.63880444,fold_10
4.1,subclass.full,M2 Macrophage,1355,0.36194331983805667,0.37095435684647304,0.3298892988929889,105588,758,908,447,1,['ENSG00000168461'],"['ENSG00000168461', 'ENSG00000187239']",0.35703006,fold_10
4.1,subclass.full,Macula Densa Cell,1186,0.3611738148984199,0.39457459926017263,0.26981450252951095,106024,491,866,320,2,"['ENSG00000139220', 'ENSG00000152953']","['ENSG00000139220', 'ENSG00000152953', 'ENSG00000236699', 'ENSG00000112137', 'ENSG00000137449', 'ENSG00000168769', 'ENSG00000113282', 'ENSG00000081026', 'ENSG00000055163', 'ENSG00000137942']",0.6267898,fold_10
4.1,subclass.full,Mast Cell,112,0.1130952380952381,0.1043956043956044,0.16964285714285715,107426,163,93,19,1,['ENSG00000133195'],['ENSG00000133195'],0.32233742,fold_10
4.1,subclass.full,Medullary Fibroblast,4589,0.6086109758642276,0.7151614221495709,0.38134669862715187,102415,697,2839,1750,2,"['ENSG00000116962', 'ENSG00000182168']","['ENSG00000187955', 'ENSG00000154188', 'ENSG00000116962', 'ENSG00000182168', 'ENSG00000140945', 'ENSG00000067141', 'ENSG00000125257', 'ENSG00000138674', 'ENSG00000163110', 'ENSG00000076685']",0.27940166,fold_10
4.1,subclass.full,Medullary Thick Ascending Limb Cell,4201,0.6380432343481188,0.7443280977312391,0.40609378719352535,102914,586,2495,1706,2,"['ENSG00000171724', 'ENSG00000152953']","['ENSG00000171724', 'ENSG00000112379', 'ENSG00000172817', 'ENSG00000151136', 'ENSG00000152953', 'ENSG00000171004', 'ENSG00000132359', 'ENSG00000178662', 'ENSG00000137449', 'ENSG00000138640']",0.63271815,fold_10
4.1,subclass.full,Mesangial Cell,229,0.35363457760314343,0.5142857142857142,0.1572052401746725,107438,34,193,36,3,"['ENSG00000182168', 'ENSG00000132170', 'ENSG00000151150']","['ENSG00000182168', 'ENSG00000132170', 'ENSG00000128641', 'ENSG00000137942', 'ENSG00000137693', 'ENSG00000151150']",0.1188853,fold_10
4.1,subclass.full,Monocyte-derived Cell,1044,0.36300919842312745,0.442,0.21168582375478928,106378,279,823,221,2,"['ENSG00000136250', 'ENSG00000168461']","['ENSG00000136250', 'ENSG00000168461']",0.3197336,fold_10
4.1,subclass.full,Myofibroblast,698,0.19441069258809235,0.270042194092827,0.09169054441260745,106830,173,634,64,3,"['ENSG00000067141', 'ENSG00000163110', 'ENSG00000169504']","['ENSG00000116962', 'ENSG00000067141', 'ENSG00000187239', 'ENSG00000138674', 'ENSG00000163110', 'ENSG00000169504', 'ENSG00000153827', 'ENSG00000137693']",0.06987064,fold_10
4.1,subclass.full,Natural Killer Cell / Natural Killer T Cell,573,0.11821974965229486,0.10672645739910314,0.20767888307155322,106132,996,454,119,2,"['ENSG00000161970', 'ENSG00000115268']","['ENSG00000161970', 'ENSG00000197958', 'ENSG00000148303', 'ENSG00000124172', 'ENSG00000115268', 'ENSG00000111640', 'ENSG00000206503', 'ENSG00000140264']",0.135839,fold_10
4.1,subclass.full,Neutrophil,89,0.003723855431656909,0.002984579671696236,0.4044943820224719,95586,12026,53,36,1,['ENSG00000206503'],['ENSG00000206503'],0.026647873,fold_10
4.1,subclass.full,Non-classical Monocyte,244,0.30339805825242716,0.5952380952380952,0.10245901639344263,107440,17,219,25,2,"['ENSG00000076641', 'ENSG00000136250']","['ENSG00000076641', 'ENSG00000136250', 'ENSG00000104763', 'ENSG00000115268', 'ENSG00000173821', 'ENSG00000206503']",0.32864535,fold_10
4.1,subclass.full,Outer Medullary Collecting Duct Intercalated Cell Type A,938,0.5415561450044208,0.7401812688821753,0.26119402985074625,106677,86,693,245,3,"['ENSG00000168958', 'ENSG00000147614', 'ENSG00000139173']","['ENSG00000196814', 'ENSG00000139433', 'ENSG00000168958', 'ENSG00000147614', 'ENSG00000236699', 'ENSG00000139173', 'ENSG00000138640', 'ENSG00000125257', 'ENSG00000132170', 'ENSG00000129422']",0.21821277,fold_10
4.1,subclass.full,Outer Medullary Collecting Duct Principal Cell,896,0.3255703422053232,0.45364238410596025,0.15290178571428573,106640,165,759,137,2,"['ENSG00000114279', 'ENSG00000178662']","['ENSG00000114279', 'ENSG00000181031', 'ENSG00000151612', 'ENSG00000136720', 'ENSG00000171435', 'ENSG00000178662', 'ENSG00000130413', 'ENSG00000132170', 'ENSG00000128641', 'ENSG00000055163']",0.5959026,fold_10
4.1,subclass.full,Papillary Tip Epithelial Cell,400,0.419921875,0.5512820512820513,0.215,107231,70,314,86,3,"['ENSG00000112379', 'ENSG00000142949', 'ENSG00000132170']","['ENSG00000112379', 'ENSG00000166669', 'ENSG00000108846', 'ENSG00000142949', 'ENSG00000132170', 'ENSG00000138640', 'ENSG00000181163', 'ENSG00000166949', 'ENSG00000167658', 'ENSG00000148303']",0.28013465,fold_10
4.1,subclass.full,Parietal Epithelial Cell,778,0.19524617996604415,0.46,0.05912596401028278,106869,54,732,46,3,"['ENSG00000138193', 'ENSG00000115109', 'ENSG00000152767']","['ENSG00000138193', 'ENSG00000115457', 'ENSG00000115109', 'ENSG00000152767']",0.05228161,fold_10
4.1,subclass.full,Peritubular Capilary Endothelial Cell ,4148,0.17641519884790074,0.15944931163954942,0.30713596914175506,96837,6716,2874,1274,1,['ENSG00000206503'],"['ENSG00000011405', 'ENSG00000206503']",0.039523277,fold_10
4.1,subclass.full,Plasma Cell,121,0.0138071797334614,0.011208576998050682,0.19008264462809918,105551,2029,98,23,1,['ENSG00000113282'],['ENSG00000113282'],0.027862664,fold_10
4.1,subclass.full,Plasmacytoid Dendritic Cell,31,0.39215686274509803,0.8,0.12903225806451613,107669,1,27,4,2,"['ENSG00000185291', 'ENSG00000102445']","['ENSG00000185291', 'ENSG00000102445', 'ENSG00000132359', 'ENSG00000187239', 'ENSG00000173821', 'ENSG00000076685', 'ENSG00000055163']",0.7990229,fold_10
4.1,subclass.full,Podocyte,1066,0.8110627719080175,0.9702602230483272,0.4896810506566604,106619,16,544,522,2,"['ENSG00000113578', 'ENSG00000138193']","['ENSG00000143847', 'ENSG00000109762', 'ENSG00000113578', 'ENSG00000138193', 'ENSG00000160218', 'ENSG00000182168', 'ENSG00000115457', 'ENSG00000168769', 'ENSG00000128641', 'ENSG00000187239']",0.525775,fold_10
4.1,subclass.full,Proximal Tubule Epithelial Cell Segment 1 / Segment 2,8551,0.5367323668349894,0.5951950867052023,0.3853350485323354,96909,2241,5256,3295,2,"['ENSG00000131183', 'ENSG00000158296']","['ENSG00000131183', 'ENSG00000144908', 'ENSG00000158296', 'ENSG00000144674', 'ENSG00000052126']",0.66307175,fold_10
4.1,subclass.full,Proximal Tubule Epithelial Cell Segment 3,2124,0.3197921086126432,0.3302300109529025,0.2838983050847458,104354,1223,1521,603,2,"['ENSG00000158296', 'ENSG00000108846']","['ENSG00000144908', 'ENSG00000158296', 'ENSG00000108846', 'ENSG00000186409', 'ENSG00000169504', 'ENSG00000152767', 'ENSG00000144674', 'ENSG00000115109', 'ENSG00000151150', 'ENSG00000052126']",0.25651088,fold_10
4.1,subclass.full,Renin-positive Juxtaglomerular Granular Cell,60,0.14705882352941177,1.0,0.03333333333333333,107641,0,58,2,3,"['ENSG00000105655', 'ENSG00000124172', 'ENSG00000169504']","['ENSG00000105655', 'ENSG00000141232', 'ENSG00000124172', 'ENSG00000115268', 'ENSG00000169504', 'ENSG00000140264']",0.044058576,fold_10
4.1,subclass.full,Schwann Cell / Neural,35,0.6626506024096386,0.9166666666666666,0.3142857142857143,107665,1,24,11,2,"['ENSG00000196376', 'ENSG00000108018']","['ENSG00000196376', 'ENSG00000146938', 'ENSG00000108018', 'ENSG00000138193', 'ENSG00000169504', 'ENSG00000151150']",0.87732565,fold_10
4.1,subclass.full,T Cell,1732,0.5059070121951219,0.6040955631399317,0.30658198614318705,105621,348,1201,531,1,['ENSG00000151883'],"['ENSG00000151883', 'ENSG00000115977']",0.35326028,fold_10
4.1,subclass.full,Transitional Principal-Intercalated Cell,171,0.08843967150979154,0.07932011331444759,0.16374269005847952,107205,325,143,28,5,"['ENSG00000184752', 'ENSG00000142949', 'ENSG00000136720', 'ENSG00000147614', 'ENSG00000104763']","['ENSG00000184752', 'ENSG00000142949', 'ENSG00000136720', 'ENSG00000147614', 'ENSG00000104763', 'ENSG00000139173', 'ENSG00000130413', 'ENSG00000125257', 'ENSG00000132170', 'ENSG00000129422']",0.115654804,fold_10
4.1,subclass.full,Vascular Smooth Muscle Cell,491,0.028109986711642644,0.023676280671545414,0.1120162932790224,104942,2268,436,55,2,"['ENSG00000169504', 'ENSG00000163110']","['ENSG00000169504', 'ENSG00000163110']",0.050373502,fold_10
4.1,subclass.full,Vascular Smooth Muscle Cell / Pericyte,1443,0.15215801024140455,0.1543026706231454,0.14414414414414414,105118,1140,1235,208,2,"['ENSG00000128641', 'ENSG00000163110']","['ENSG00000128641', 'ENSG00000163110']",0.06712458,fold_10
4.1,subclass.full,Adaptive / Maladaptive / Repairing Fibroblast,425,0.15600624024961,0.37037037037037035,0.047058823529411764,107242,34,405,20,3,"['ENSG00000105426', 'ENSG00000113916', 'ENSG00000114423']","['ENSG00000105426', 'ENSG00000113916', 'ENSG00000134533', 'ENSG00000144218', 'ENSG00000114423', 'ENSG00000134480', 'ENSG00000070366', 'ENSG00000058091', 'ENSG00000111885', 'ENSG00000079308']",0.08531515,fold_11
4.1,subclass.full,Adaptive / Maladaptive / Repairing Proximal Tubule Epithelial Cell,5872,0.3983667307164425,0.5337931034482759,0.19771798365122617,100815,1014,4711,1161,3,"['ENSG00000187164', 'ENSG00000134533', 'ENSG00000146555']","['ENSG00000187164', 'ENSG00000143850', 'ENSG00000134533', 'ENSG00000146555', 'ENSG00000169760', 'ENSG00000148200', 'ENSG00000140859', 'ENSG00000058091', 'ENSG00000100557', 'ENSG00000163681']",0.10306695,fold_11
4.1,subclass.full,Adaptive / Maladaptive / Repairing Thick Ascending Limb Cell,2787,0.38439823092123837,0.41683673469387755,0.29314675278076785,103771,1143,1970,817,3,"['ENSG00000033867', 'ENSG00000146555', 'ENSG00000178568']","['ENSG00000134121', 'ENSG00000113441', 'ENSG00000033867', 'ENSG00000146555', 'ENSG00000101126', 'ENSG00000178568', 'ENSG00000163681', 'ENSG00000107864', 'ENSG00000100557', 'ENSG00000172005']",0.07073509,fold_11
4.1,subclass.full,Afferent / Efferent Arteriole Endothelial Cell,563,0.3096179183135705,0.9591836734693877,0.08348134991119005,107136,2,516,47,2,"['ENSG00000135821', 'ENSG00000240583']","['ENSG00000135821', 'ENSG00000240583', 'ENSG00000140945', 'ENSG00000031081', 'ENSG00000132669', 'ENSG00000134369', 'ENSG00000196628', 'ENSG00000018408', 'ENSG00000138326', 'ENSG00000204217']",0.5173194,fold_11
4.1,subclass.full,Ascending Thin Limb Cell,1765,0.38869618445215265,0.48596938775510207,0.2158640226628895,105533,403,1384,381,3,"['ENSG00000105926', 'ENSG00000134121', 'ENSG00000113916']","['ENSG00000105926', 'ENSG00000187416', 'ENSG00000178662', 'ENSG00000134121', 'ENSG00000113916', 'ENSG00000135253', 'ENSG00000113441', 'ENSG00000111907', 'ENSG00000033867', 'ENSG00000169760']",0.19008,fold_11
4.1,subclass.full,Ascending Vasa Recta Endothelial Cell,2580,0.4699357851722125,0.602996254681648,0.2496124031007752,104697,424,1936,644,2,"['ENSG00000031081', 'ENSG00000111907']","['ENSG00000031081', 'ENSG00000132669', 'ENSG00000134369', 'ENSG00000111907', 'ENSG00000164741', 'ENSG00000196628', 'ENSG00000140859', 'ENSG00000115183', 'ENSG00000170873', 'ENSG00000111885']",0.18407305,fold_11
4.1,subclass.full,B Cell,422,0.15370018975332067,0.13366336633663367,0.38388625592417064,106229,1050,260,162,1,['ENSG00000144218'],['ENSG00000144218'],0.14048176,fold_11
4.1,subclass.full,Classical Dendritic Cell,58,0.5454545454545454,0.9230769230769231,0.20689655172413793,107642,1,46,12,3,"['ENSG00000187164', 'ENSG00000109684', 'ENSG00000144218']","['ENSG00000115738', 'ENSG00000187164', 'ENSG00000143641', 'ENSG00000109684', 'ENSG00000113916', 'ENSG00000144218', 'ENSG00000134369', 'ENSG00000146555', 'ENSG00000146247', 'ENSG00000111885']",0.20919365,fold_11
4.1,subclass.full,Connecting Tubule Cell,2945,0.10814800551972016,0.09554862489367735,0.22886247877758914,98376,6380,2271,674,3,"['ENSG00000101126', 'ENSG00000178568', 'ENSG00000163681']","['ENSG00000105929', 'ENSG00000150995', 'ENSG00000101126', 'ENSG00000178568', 'ENSG00000163681', 'ENSG00000107864', 'ENSG00000111885', 'ENSG00000151623', 'ENSG00000172005', 'ENSG00000100557']",0.03395994,fold_11
4.1,subclass.full,Connecting Tubule Intercalated Cell Type A,110,0.033818938605619145,0.02869757174392936,0.11818181818181818,107151,440,97,13,5,"['ENSG00000109684', 'ENSG00000157404', 'ENSG00000113441', 'ENSG00000150995', 'ENSG00000178568']","['ENSG00000109684', 'ENSG00000157404', 'ENSG00000113441', 'ENSG00000105929', 'ENSG00000150995', 'ENSG00000178568', 'ENSG00000111885', 'ENSG00000170873', 'ENSG00000172005', 'ENSG00000069275']",0.07169518,fold_11
4.1,subclass.full,Connecting Tubule Principal Cell,2145,0.24268451013682213,0.2470767666497204,0.22657342657342658,104075,1481,1659,486,4,"['ENSG00000173436', 'ENSG00000159335', 'ENSG00000160888', 'ENSG00000198804']","['ENSG00000173436', 'ENSG00000159335', 'ENSG00000170348', 'ENSG00000160888', 'ENSG00000198804', 'ENSG00000138668', 'ENSG00000138326', 'ENSG00000105929', 'ENSG00000172005', 'ENSG00000069275']",0.13963647,fold_11
4.1,subclass.full,Cortical Collecting Duct Intercalated Cell Type A,3517,0.6601451562006942,0.6787800129785854,0.5948251350582883,103194,990,1425,2092,1,['ENSG00000109684'],"['ENSG00000157404', 'ENSG00000109684', 'ENSG00000159461', 'ENSG00000113441', 'ENSG00000105929', 'ENSG00000150995', 'ENSG00000107864', 'ENSG00000178568', 'ENSG00000170873', 'ENSG00000172005']",0.21312729,fold_11
4.1,subclass.full,Cortical Collecting Duct Principal Cell,2471,0.31832381773133683,0.3470346447445684,0.23917442331040065,104118,1112,1880,591,3,"['ENSG00000171435', 'ENSG00000146555', 'ENSG00000115977']","['ENSG00000171435', 'ENSG00000197415', 'ENSG00000136536', 'ENSG00000146555', 'ENSG00000140859', 'ENSG00000115977', 'ENSG00000146247', 'ENSG00000111885', 'ENSG00000178568', 'ENSG00000018408']",0.09057099,fold_11
4.1,subclass.full,Cortical Thick Ascending Limb Cell,7354,0.41330516071199896,0.6248789932236205,0.17555072069621974,99572,775,6063,1291,2,"['ENSG00000178568', 'ENSG00000107864']","['ENSG00000105929', 'ENSG00000150995', 'ENSG00000178568', 'ENSG00000138326', 'ENSG00000069275', 'ENSG00000107864', 'ENSG00000172005', 'ENSG00000140859', 'ENSG00000111885', 'ENSG00000079308']",0.045139022,fold_11
4.1,subclass.full,Cycling Connecting Tubule Cell,12,0.020833333333333332,0.017543859649122806,0.08333333333333333,107633,56,11,1,2,"['ENSG00000197372', 'ENSG00000135253']","['ENSG00000197372', 'ENSG00000132388', 'ENSG00000162889', 'ENSG00000135253', 'ENSG00000197415', 'ENSG00000146143', 'ENSG00000171435', 'ENSG00000143183', 'ENSG00000146555', 'ENSG00000148200']",0.5974321,fold_11
4.1,subclass.full,Cycling Distal Convoluted Tubule Cell,6,0.5,1.0,0.16666666666666666,107695,0,5,1,3,"['ENSG00000124532', 'ENSG00000278259', 'ENSG00000152952']","['ENSG00000124532', 'ENSG00000082516', 'ENSG00000117697', 'ENSG00000278259', 'ENSG00000152952', 'ENSG00000170471', 'ENSG00000116127', 'ENSG00000146143', 'ENSG00000150995', 'ENSG00000058091']",0.4095794,fold_11
4.1,subclass.full,Cycling Endothelial Cell,54,0.18907563025210083,0.1956521739130435,0.16666666666666666,107610,37,45,9,3,"['ENSG00000080345', 'ENSG00000146143', 'ENSG00000031081']","['ENSG00000184014', 'ENSG00000080345', 'ENSG00000146143', 'ENSG00000140945', 'ENSG00000031081', 'ENSG00000134369', 'ENSG00000196628', 'ENSG00000164741', 'ENSG00000146247', 'ENSG00000018408']",0.21408704,fold_11
4.1,subclass.full,Cycling Mononuclear Phagocyte,48,0.08333333333333333,0.3333333333333333,0.020833333333333332,107651,2,47,1,3,"['ENSG00000146143', 'ENSG00000144218', 'ENSG00000197548']","['ENSG00000146143', 'ENSG00000144218', 'ENSG00000197548', 'ENSG00000033867', 'ENSG00000005339', 'ENSG00000196628', 'ENSG00000115970', 'ENSG00000058091', 'ENSG00000107864', 'ENSG00000170873']",0.08630363,fold_11
4.1,subclass.full,Cycling Myofibroblast,18,0.22727272727272727,1.0,0.05555555555555555,107683,0,17,1,4,"['ENSG00000115392', 'ENSG00000080345', 'ENSG00000146143', 'ENSG00000164111']","['ENSG00000115392', 'ENSG00000084112', 'ENSG00000080345', 'ENSG00000116127', 'ENSG00000146143', 'ENSG00000164111', 'ENSG00000187109', 'ENSG00000182263', 'ENSG00000138668', 'ENSG00000134533']",0.27649266,fold_11
4.1,subclass.full,Cycling Natural Killer Cell / Natural Killer T Cell,16,0.5681818181818182,0.7142857142857143,0.3125,107683,2,11,5,3,"['ENSG00000198851', 'ENSG00000119403', 'ENSG00000163950']","['ENSG00000198851', 'ENSG00000119403', 'ENSG00000163950', 'ENSG00000137309', 'ENSG00000143119', 'ENSG00000103152', 'ENSG00000141552', 'ENSG00000198931', 'ENSG00000184752', 'ENSG00000171858']",1.0,fold_11
4.1,subclass.full,Cycling Proximal Tubule Epithelial Cell,145,0.08090614886731391,0.12195121951219512,0.034482758620689655,107520,36,140,5,3,"['ENSG00000146143', 'ENSG00000146555', 'ENSG00000169760']","['ENSG00000146143', 'ENSG00000146555', 'ENSG00000169760', 'ENSG00000005339', 'ENSG00000148200', 'ENSG00000069275', 'ENSG00000146247', 'ENSG00000163681', 'ENSG00000058091', 'ENSG00000156110']",0.07020158,fold_11
4.1,subclass.full,Degenerative Ascending Thin Limb Cell,1100,0.2911931818181818,0.3822843822843823,0.14909090909090908,106336,265,936,164,3,"['ENSG00000143870', 'ENSG00000113916', 'ENSG00000113441']","['ENSG00000187416', 'ENSG00000105926', 'ENSG00000134121', 'ENSG00000143870', 'ENSG00000113916', 'ENSG00000113441', 'ENSG00000111907', 'ENSG00000142534', 'ENSG00000169567', 'ENSG00000172005']",0.15673248,fold_11
4.1,subclass.full,Degenerative Connecting Tubule Cell,356,0.04734848484848485,0.04267425320056899,0.08426966292134831,106672,673,326,30,4,"['ENSG00000169100', 'ENSG00000135940', 'ENSG00000160888', 'ENSG00000169567']","['ENSG00000169100', 'ENSG00000135940', 'ENSG00000160888', 'ENSG00000142534', 'ENSG00000105929', 'ENSG00000169567', 'ENSG00000138326', 'ENSG00000178568', 'ENSG00000172005', 'ENSG00000069275']",0.06124651,fold_11
4.1,subclass.full,Degenerative Cortical Intercalated Cell Type A,1034,0.463265306122449,0.6412429378531074,0.21953578336557059,106540,127,807,227,4,"['ENSG00000120860', 'ENSG00000184752', 'ENSG00000168653', 'ENSG00000102934']","['ENSG00000120860', 'ENSG00000184752', 'ENSG00000173436', 'ENSG00000168653', 'ENSG00000102934', 'ENSG00000135940', 'ENSG00000171858', 'ENSG00000169100', 'ENSG00000157404', 'ENSG00000109684']",0.2758728,fold_11
4.1,subclass.full,Degenerative Cortical Thick Ascending Limb Cell,346,0.18011527377521613,0.28735632183908044,0.07225433526011561,107293,62,321,25,4,"['ENSG00000142534', 'ENSG00000138326', 'ENSG00000138670', 'ENSG00000184009']","['ENSG00000169567', 'ENSG00000142534', 'ENSG00000138326', 'ENSG00000172005', 'ENSG00000138670', 'ENSG00000184009']",0.06031505,fold_11
4.1,subclass.full,Degenerative Descending Thin Limb Cell Type 3,399,0.5205905205905206,0.6036036036036037,0.3358395989974937,107214,88,265,134,3,"['ENSG00000166741', 'ENSG00000187416', 'ENSG00000143641']","['ENSG00000133962', 'ENSG00000141068', 'ENSG00000206053', 'ENSG00000166741', 'ENSG00000187416', 'ENSG00000143641', 'ENSG00000105926', 'ENSG00000134121', 'ENSG00000113916', 'ENSG00000160888']",0.33809605,fold_11
4.1,subclass.full,Degenerative Distal Convoluted Tubule Cell,1535,0.44957063478700116,0.48501362397820164,0.3478827361563518,105599,567,1001,534,4,"['ENSG00000173436', 'ENSG00000135940', 'ENSG00000198804', 'ENSG00000198899']","['ENSG00000164050', 'ENSG00000173436', 'ENSG00000135940', 'ENSG00000168653', 'ENSG00000198804', 'ENSG00000198899', 'ENSG00000171858', 'ENSG00000160888', 'ENSG00000111907', 'ENSG00000138326']",0.1959098,fold_11
4.1,subclass.full,Degenerative Endothelial Cell,70,0.010358094110683634,0.008373205741626795,0.2,105973,1658,56,14,1,['ENSG00000184009'],"['ENSG00000138326', 'ENSG00000184009']",0.035998166,fold_11
4.1,subclass.full,Degenerative Fibroblast,90,0.35714285714285715,0.6875,0.12222222222222222,107606,5,79,11,2,"['ENSG00000182326', 'ENSG00000198804']","['ENSG00000182326', 'ENSG00000166741', 'ENSG00000246705', 'ENSG00000198804', 'ENSG00000198899', 'ENSG00000142534', 'ENSG00000169567', 'ENSG00000138326', 'ENSG00000184009', 'ENSG00000069275']",0.5419658,fold_11
4.1,subclass.full,Degenerative Inner Medullary Collecting Duct Cell,1773,0.451693851944793,0.650994575045208,0.20304568527918782,105735,193,1413,360,4,"['ENSG00000183726', 'ENSG00000246705', 'ENSG00000171435', 'ENSG00000115457']","['ENSG00000183726', 'ENSG00000246705', 'ENSG00000102934', 'ENSG00000142949', 'ENSG00000171435', 'ENSG00000115457', 'ENSG00000135373', 'ENSG00000143870', 'ENSG00000111907', 'ENSG00000134369']",0.18069059,fold_11
4.1,subclass.full,Degenerative Medullary Thick Ascending Limb Cell,831,0.06700364405783472,0.0594059405940594,0.1371841155234657,105065,1805,717,114,3,"['ENSG00000033867', 'ENSG00000178568', 'ENSG00000172005']","['ENSG00000033867', 'ENSG00000107864', 'ENSG00000178568', 'ENSG00000140859', 'ENSG00000172005', 'ENSG00000144283', 'ENSG00000151623', 'ENSG00000138670', 'ENSG00000115977']",0.044600524,fold_11
4.1,subclass.full,Degenerative Outer Medullary Collecting Duct Principal Cell,1563,0.1715170278637771,0.17014742014742015,0.17722328854766475,104787,1351,1286,277,4,"['ENSG00000142949', 'ENSG00000115457', 'ENSG00000170348', 'ENSG00000171435']","['ENSG00000142949', 'ENSG00000115457', 'ENSG00000170348', 'ENSG00000171435', 'ENSG00000168653', 'ENSG00000197415', 'ENSG00000169100', 'ENSG00000160888', 'ENSG00000138326', 'ENSG00000069275']",0.14915025,fold_11
4.1,subclass.full,Degenerative Peritubular Capilary Endothelial Cell,127,0.08379888268156424,0.23076923076923078,0.023622047244094488,107564,10,124,3,5,"['ENSG00000196628', 'ENSG00000018408', 'ENSG00000204217', 'ENSG00000115183', 'ENSG00000184009']","['ENSG00000196628', 'ENSG00000018408', 'ENSG00000204217', 'ENSG00000115183', 'ENSG00000170873', 'ENSG00000184009']",0.0454947,fold_11
4.1,subclass.full,Degenerative Podocyte,192,0.5480769230769231,0.6951219512195121,0.296875,107484,25,135,57,2,"['ENSG00000115457', 'ENSG00000184009']","['ENSG00000173905', 'ENSG00000115457', 'ENSG00000169567', 'ENSG00000184009', 'ENSG00000069275', 'ENSG00000170873']",0.2612605,fold_11
4.1,subclass.full,Degenerative Proximal Tubule Epithelial Cell,7586,0.3804830761773972,0.4388539482879106,0.2483522277880306,97706,2409,5702,1884,2,"['ENSG00000143850', 'ENSG00000169760']","['ENSG00000143850', 'ENSG00000169760', 'ENSG00000058091', 'ENSG00000079308', 'ENSG00000100557', 'ENSG00000138670']",0.13430586,fold_11
4.1,subclass.full,Degenerative Vascular Smooth Muscle Cell,762,0.5428186109238031,0.5843920145190563,0.4225721784776903,106710,229,440,322,2,"['ENSG00000159176', 'ENSG00000171858']","['ENSG00000159176', 'ENSG00000100243', 'ENSG00000164111', 'ENSG00000159335', 'ENSG00000168653', 'ENSG00000171858', 'ENSG00000198804', 'ENSG00000198899', 'ENSG00000135940', 'ENSG00000187109']",0.5801793,fold_11
4.1,subclass.full,Descending Thin Limb Cell Type 1,1529,0.15486246480398527,0.18523316062176165,0.09352517985611511,105543,629,1386,143,4,"['ENSG00000134121', 'ENSG00000169760', 'ENSG00000140859', 'ENSG00000170873']","['ENSG00000134121', 'ENSG00000169760', 'ENSG00000134480', 'ENSG00000115970', 'ENSG00000140859', 'ENSG00000170873', 'ENSG00000100557', 'ENSG00000146247', 'ENSG00000115904', 'ENSG00000178568']",0.06089399,fold_11
4.1,subclass.full,Descending Thin Limb Cell Type 2,908,0.36764705882352944,0.5300353356890459,0.16519823788546256,106660,133,758,150,3,"['ENSG00000182667', 'ENSG00000240583', 'ENSG00000169760']","['ENSG00000182667', 'ENSG00000240583', 'ENSG00000182263', 'ENSG00000169760', 'ENSG00000198265', 'ENSG00000115970', 'ENSG00000140859', 'ENSG00000100557', 'ENSG00000134480', 'ENSG00000170873']",0.15860677,fold_11
4.1,subclass.full,Descending Thin Limb Cell Type 3,1392,0.2540272614622057,0.25908372827804105,0.23563218390804597,105371,938,1064,328,3,"['ENSG00000134121', 'ENSG00000135253', 'ENSG00000113916']","['ENSG00000187416', 'ENSG00000105926', 'ENSG00000178662', 'ENSG00000134121', 'ENSG00000135253', 'ENSG00000113916', 'ENSG00000111907', 'ENSG00000113441', 'ENSG00000169760', 'ENSG00000172005']",0.14067662,fold_11
4.1,subclass.full,Descending Vasa Recta Endothelial Cell,1880,0.5180921052631579,0.6,0.3351063829787234,105401,420,1250,630,2,"['ENSG00000140945', 'ENSG00000031081']","['ENSG00000165810', 'ENSG00000140945', 'ENSG00000240583', 'ENSG00000031081', 'ENSG00000132669', 'ENSG00000134369', 'ENSG00000196628', 'ENSG00000164741', 'ENSG00000204217', 'ENSG00000018408']",0.3278579,fold_11
4.1,subclass.full,Distal Convoluted Tubule Cell Type 1,3551,0.42448881980150666,0.5901911886949294,0.19994367783722894,103657,493,2841,710,4,"['ENSG00000148200', 'ENSG00000150995', 'ENSG00000114423', 'ENSG00000058091']","['ENSG00000070018', 'ENSG00000148200', 'ENSG00000150995', 'ENSG00000105929', 'ENSG00000114423', 'ENSG00000058091', 'ENSG00000178568', 'ENSG00000107864', 'ENSG00000111885', 'ENSG00000151623']",0.07751154,fold_11
4.1,subclass.full,Distal Convoluted Tubule Cell Type 2,363,0.08057675996607294,0.09313725490196079,0.05234159779614325,107153,185,344,19,2,"['ENSG00000105929', 'ENSG00000150995']","['ENSG00000105929', 'ENSG00000150995', 'ENSG00000070366', 'ENSG00000178568', 'ENSG00000114423', 'ENSG00000107864', 'ENSG00000058091', 'ENSG00000111885', 'ENSG00000151623', 'ENSG00000069275']",0.08305524,fold_11
4.1,subclass.full,Fibroblast,1865,0.2776502983019734,0.3107876712328767,0.19463806970509384,105031,805,1502,363,2,"['ENSG00000182263', 'ENSG00000144218']","['ENSG00000182263', 'ENSG00000134533', 'ENSG00000144218', 'ENSG00000164741', 'ENSG00000114423', 'ENSG00000115183', 'ENSG00000079308']",0.09952257,fold_11
4.1,subclass.full,Glomerular Capillary Endothelial Cell,1830,0.3751008335574079,0.3980028530670471,0.30491803278688523,105027,844,1272,558,2,"['ENSG00000165810', 'ENSG00000240583']","['ENSG00000165810', 'ENSG00000240583', 'ENSG00000140945', 'ENSG00000031081', 'ENSG00000132669', 'ENSG00000134369', 'ENSG00000164741', 'ENSG00000196628', 'ENSG00000170873', 'ENSG00000204217']",0.383563,fold_11
4.1,subclass.full,Inner Medullary Collecting Duct Cell,4095,0.5359076145795741,0.6086065573770492,0.3626373626373626,102651,955,2610,1485,3,"['ENSG00000171435', 'ENSG00000135373', 'ENSG00000135253']","['ENSG00000143889', 'ENSG00000168952', 'ENSG00000171435', 'ENSG00000135373', 'ENSG00000102934', 'ENSG00000135253', 'ENSG00000111907', 'ENSG00000134369', 'ENSG00000113916', 'ENSG00000146555']",0.21442492,fold_11
4.1,subclass.full,Intercalated Cell Type B,1114,0.7680631451123254,0.9284403669724771,0.4542190305206463,106548,39,608,506,2,"['ENSG00000091137', 'ENSG00000109684']","['ENSG00000091137', 'ENSG00000109684', 'ENSG00000105929', 'ENSG00000172005', 'ENSG00000178568', 'ENSG00000151623', 'ENSG00000084733']",0.57979196,fold_11
4.1,subclass.full,Lymphatic Endothelial Cell,136,0.4090909090909091,0.8571428571428571,0.1323529411764706,107562,3,118,18,2,"['ENSG00000135218', 'ENSG00000182022']","['ENSG00000135218', 'ENSG00000182022', 'ENSG00000196628', 'ENSG00000111885', 'ENSG00000115183', 'ENSG00000079308', 'ENSG00000018408', 'ENSG00000138670']",0.7550428,fold_11
4.1,subclass.full,M2 Macrophage,1355,0.6024299696253796,0.8880597014925373,0.26346863468634685,106301,45,998,357,2,"['ENSG00000010327', 'ENSG00000110077']","['ENSG00000010327', 'ENSG00000110077', 'ENSG00000197548', 'ENSG00000111885', 'ENSG00000170873']",0.7538146,fold_11
4.1,subclass.full,Macula Densa Cell,1186,0.46168958742632615,0.6038543897216274,0.23777403035413153,106330,185,904,282,2,"['ENSG00000138434', 'ENSG00000178568']","['ENSG00000138434', 'ENSG00000196199', 'ENSG00000033867', 'ENSG00000178568', 'ENSG00000150995', 'ENSG00000163681', 'ENSG00000058091', 'ENSG00000107864', 'ENSG00000111885', 'ENSG00000144283']",0.53851265,fold_11
4.1,subclass.full,Mast Cell,112,0.625,0.75,0.375,107575,14,70,42,1,['ENSG00000157404'],['ENSG00000157404'],0.36255777,fold_11
4.1,subclass.full,Medullary Fibroblast,4589,0.543064369900272,0.6012044161927066,0.39158858139028113,101920,1192,2792,1797,2,"['ENSG00000168542', 'ENSG00000144218']","['ENSG00000236383', 'ENSG00000151692', 'ENSG00000168542', 'ENSG00000140945', 'ENSG00000134533', 'ENSG00000144218', 'ENSG00000134369', 'ENSG00000070366', 'ENSG00000164741', 'ENSG00000150995']",0.28352305,fold_11
4.1,subclass.full,Medullary Thick Ascending Limb Cell,4201,0.5586055448805929,0.7259215219976218,0.2906450845036896,103039,461,2980,1221,2,"['ENSG00000260729', 'ENSG00000033867']","['ENSG00000260729', 'ENSG00000070018', 'ENSG00000178662', 'ENSG00000159461', 'ENSG00000033867', 'ENSG00000197415', 'ENSG00000107864', 'ENSG00000140859', 'ENSG00000150995', 'ENSG00000105929']",0.58003956,fold_11
4.1,subclass.full,Mesangial Cell,229,0.09395973154362416,0.10852713178294573,0.0611353711790393,107357,115,215,14,4,"['ENSG00000151692', 'ENSG00000182263', 'ENSG00000150995', 'ENSG00000196628']","['ENSG00000151692', 'ENSG00000182263', 'ENSG00000164741', 'ENSG00000150995', 'ENSG00000196628', 'ENSG00000114423', 'ENSG00000170873', 'ENSG00000079308', 'ENSG00000107864', 'ENSG00000204217']",0.078256845,fold_11
4.1,subclass.full,Monocyte-derived Cell,1044,0.34729448491155046,0.3214930764599639,0.5114942528735632,105530,1127,510,534,1,['ENSG00000110077'],['ENSG00000110077'],0.49237087,fold_11
4.1,subclass.full,Myofibroblast,698,0.16348273328434973,0.17588932806324112,0.12750716332378223,106586,417,609,89,3,"['ENSG00000168542', 'ENSG00000187109', 'ENSG00000144218']","['ENSG00000168542', 'ENSG00000197702', 'ENSG00000187109', 'ENSG00000182263', 'ENSG00000144218', 'ENSG00000134533', 'ENSG00000164741', 'ENSG00000150995', 'ENSG00000114423', 'ENSG00000196628']",0.1498834,fold_11
4.1,subclass.full,Natural Killer Cell / Natural Killer T Cell,573,0.1853211009174312,0.18773234200743494,0.1762652705061082,106691,437,472,101,4,"['ENSG00000171858', 'ENSG00000198899', 'ENSG00000198804', 'ENSG00000138326']","['ENSG00000171858', 'ENSG00000198899', 'ENSG00000198804', 'ENSG00000142534', 'ENSG00000138326', 'ENSG00000184009']",0.1569654,fold_11
4.1,subclass.full,Non-classical Monocyte,244,0.1483050847457627,0.24561403508771928,0.05737704918032787,107414,43,230,14,2,"['ENSG00000170873', 'ENSG00000084733']","['ENSG00000170873', 'ENSG00000138326', 'ENSG00000084733', 'ENSG00000184009']",0.047971945,fold_11
4.1,subclass.full,Outer Medullary Collecting Duct Intercalated Cell Type A,938,0.6089965397923875,0.7213114754098361,0.3752665245202559,106627,136,586,352,2,"['ENSG00000168952', 'ENSG00000157404']","['ENSG00000198001', 'ENSG00000186197', 'ENSG00000168952', 'ENSG00000152952', 'ENSG00000157404', 'ENSG00000159461', 'ENSG00000102934', 'ENSG00000109684', 'ENSG00000135373', 'ENSG00000134121']",0.34725946,fold_11
4.1,subclass.full,Outer Medullary Collecting Duct Principal Cell,896,0.17151162790697674,0.18553459119496854,0.13169642857142858,106287,518,778,118,5,"['ENSG00000006740', 'ENSG00000135373', 'ENSG00000178662', 'ENSG00000197415', 'ENSG00000146555']","['ENSG00000006740', 'ENSG00000135373', 'ENSG00000171435', 'ENSG00000178662', 'ENSG00000197415', 'ENSG00000146555', 'ENSG00000105929', 'ENSG00000140859', 'ENSG00000111885', 'ENSG00000151623']",0.1918052,fold_11
4.1,subclass.full,Papillary Tip Epithelial Cell,400,0.4799107142857143,0.6935483870967742,0.215,107263,38,314,86,4,"['ENSG00000141429', 'ENSG00000186197', 'ENSG00000142949', 'ENSG00000135373']","['ENSG00000141429', 'ENSG00000186197', 'ENSG00000117139', 'ENSG00000142949', 'ENSG00000135373', 'ENSG00000169100', 'ENSG00000146555', 'ENSG00000142534', 'ENSG00000169567', 'ENSG00000101126']",0.3835135,fold_11
4.1,subclass.full,Parietal Epithelial Cell,778,0.28511087645195354,0.3870967741935484,0.13881748071979436,106752,171,670,108,3,"['ENSG00000134533', 'ENSG00000100557', 'ENSG00000178568']","['ENSG00000115457', 'ENSG00000134533', 'ENSG00000100557', 'ENSG00000178568', 'ENSG00000079308']",0.05206311,fold_11
4.1,subclass.full,Peritubular Capilary Endothelial Cell ,4148,0.269962486602358,0.48612786489746684,0.09715525554484089,103127,426,3745,403,2,"['ENSG00000196628', 'ENSG00000018408']","['ENSG00000164741', 'ENSG00000196628', 'ENSG00000204217', 'ENSG00000018408']",0.055710062,fold_11
4.1,subclass.full,Plasma Cell,121,0.04,1.0,0.008264462809917356,107580,0,120,1,1,['ENSG00000111885'],"['ENSG00000058091', 'ENSG00000111885']",0.013767531,fold_11
4.1,subclass.full,Plasmacytoid Dendritic Cell,31,0.3389830508474576,0.5714285714285714,0.12903225806451613,107667,3,27,4,3,"['ENSG00000162889', 'ENSG00000143641', 'ENSG00000144218']","['ENSG00000105426', 'ENSG00000162889', 'ENSG00000182022', 'ENSG00000143641', 'ENSG00000198625', 'ENSG00000144218', 'ENSG00000196628', 'ENSG00000138670', 'ENSG00000156110']",0.35952643,fold_11
4.1,subclass.full,Podocyte,1066,0.5916282135794331,0.7296747967479674,0.33677298311444653,106502,133,707,359,2,"['ENSG00000169758', 'ENSG00000198873']","['ENSG00000169758', 'ENSG00000198873', 'ENSG00000079950', 'ENSG00000173905', 'ENSG00000197702', 'ENSG00000115457', 'ENSG00000134533', 'ENSG00000182263', 'ENSG00000114423', 'ENSG00000170873']",1.0,fold_11
4.1,subclass.full,Proximal Tubule Epithelial Cell Segment 1 / Segment 2,8551,0.24910629440246165,0.325066430469442,0.12875687054145715,96864,2286,7450,1101,2,"['ENSG00000058091', 'ENSG00000079308']","['ENSG00000058091', 'ENSG00000079308']",0.03227467,fold_11
4.1,subclass.full,Proximal Tubule Epithelial Cell Segment 3,2124,0.23672379881989322,0.22258916776750332,0.3173258003766478,103223,2354,1450,674,2,"['ENSG00000154025', 'ENSG00000169760']","['ENSG00000154025', 'ENSG00000143850', 'ENSG00000169760', 'ENSG00000100557', 'ENSG00000058091', 'ENSG00000138670', 'ENSG00000079308', 'ENSG00000018408']",0.55351865,fold_11
4.1,subclass.full,Renin-positive Juxtaglomerular Granular Cell,60,0.078125,1.0,0.016666666666666666,107641,0,59,1,2,"['ENSG00000182263', 'ENSG00000138668']","['ENSG00000182263', 'ENSG00000138668', 'ENSG00000079308']",0.07313966,fold_11
4.1,subclass.full,Schwann Cell / Neural,35,0.16260162601626016,0.18181818181818182,0.11428571428571428,107648,18,31,4,2,"['ENSG00000164741', 'ENSG00000156110']","['ENSG00000182263', 'ENSG00000164741', 'ENSG00000156110', 'ENSG00000178568']",0.07660811,fold_11
4.1,subclass.full,T Cell,1732,0.22265077138849929,0.45357142857142857,0.07332563510392609,105816,153,1605,127,2,"['ENSG00000114423', 'ENSG00000115977']","['ENSG00000114423', 'ENSG00000115977']",0.043689903,fold_11
4.1,subclass.full,Transitional Principal-Intercalated Cell,171,0.10848126232741617,0.13095238095238096,0.06432748538011696,107457,73,160,11,4,"['ENSG00000196199', 'ENSG00000109684', 'ENSG00000160888', 'ENSG00000105929']","['ENSG00000142949', 'ENSG00000157404', 'ENSG00000196199', 'ENSG00000109684', 'ENSG00000160888', 'ENSG00000105929', 'ENSG00000138326', 'ENSG00000172005', 'ENSG00000140859', 'ENSG00000111885']",0.08033611,fold_11
4.1,subclass.full,Vascular Smooth Muscle Cell,491,0.33297529538131043,0.5636363636363636,0.12627291242362526,107162,48,429,62,3,"['ENSG00000146555', 'ENSG00000144218', 'ENSG00000150995']","['ENSG00000146555', 'ENSG00000144218', 'ENSG00000164741', 'ENSG00000150995', 'ENSG00000058091', 'ENSG00000079308', 'ENSG00000178568']",0.079790175,fold_11
4.1,subclass.full,Vascular Smooth Muscle Cell / Pericyte,1443,0.5976850927958491,0.67152466367713,0.4151074151074151,105965,293,844,599,1,['ENSG00000164741'],"['ENSG00000164741', 'ENSG00000134533', 'ENSG00000196628', 'ENSG00000114423', 'ENSG00000150995', 'ENSG00000079308']",0.14849377,fold_11
4.1,subclass.full,Adaptive / Maladaptive / Repairing Fibroblast,425,0.10984540276647681,0.13432835820895522,0.06352941176470588,107102,174,398,27,3,"['ENSG00000118689', 'ENSG00000050405', 'ENSG00000069667']","['ENSG00000118689', 'ENSG00000099250', 'ENSG00000050405', 'ENSG00000168137', 'ENSG00000140718', 'ENSG00000069667', 'ENSG00000173120']",0.036515433,fold_12
4.1,subclass.full,Adaptive / Maladaptive / Repairing Proximal Tubule Epithelial Cell,5872,0.4179366046936909,0.6050744622173193,0.18681880108991825,101113,716,4775,1097,3,"['ENSG00000100767', 'ENSG00000067082', 'ENSG00000099250']","['ENSG00000100767', 'ENSG00000035115', 'ENSG00000073803', 'ENSG00000067082', 'ENSG00000099250', 'ENSG00000143924', 'ENSG00000169504', 'ENSG00000177425', 'ENSG00000108510', 'ENSG00000082701']",0.08649531,fold_12
4.1,subclass.full,Adaptive / Maladaptive / Repairing Thick Ascending Limb Cell,2787,0.3233561726169011,0.38900939985538685,0.19303911015428776,104069,845,2249,538,3,"['ENSG00000183943', 'ENSG00000170190', 'ENSG00000155792']","['ENSG00000135999', 'ENSG00000074706', 'ENSG00000183943', 'ENSG00000170190', 'ENSG00000155792', 'ENSG00000108175', 'ENSG00000164171', 'ENSG00000110328', 'ENSG00000182621', 'ENSG00000067082']",0.13174962,fold_12
4.1,subclass.full,Afferent / Efferent Arteriole Endothelial Cell,563,0.3159224936815501,0.4807692307692308,0.13321492007104796,107057,81,488,75,3,"['ENSG00000240583', 'ENSG00000114353', 'ENSG00000102024']","['ENSG00000125266', 'ENSG00000240583', 'ENSG00000114353', 'ENSG00000071242', 'ENSG00000183943', 'ENSG00000102024', 'ENSG00000243147', 'ENSG00000196628', 'ENSG00000169504', 'ENSG00000081189']",0.27030295,fold_12
4.1,subclass.full,Ascending Thin Limb Cell,1765,0.46811874231512385,0.5427698574338086,0.30198300283286117,105487,449,1232,533,2,"['ENSG00000198691', 'ENSG00000250305']","['ENSG00000198691', 'ENSG00000250305', 'ENSG00000149639', 'ENSG00000120910', 'ENSG00000072840', 'ENSG00000198740', 'ENSG00000183943', 'ENSG00000106526', 'ENSG00000184292', 'ENSG00000137642']",0.47573167,fold_12
4.1,subclass.full,Ascending Vasa Recta Endothelial Cell,2580,0.41578576462297395,0.6098191214470284,0.18294573643410852,104819,302,2108,472,3,"['ENSG00000102760', 'ENSG00000115756', 'ENSG00000169504']","['ENSG00000102760', 'ENSG00000115756', 'ENSG00000162496', 'ENSG00000196628', 'ENSG00000081189', 'ENSG00000169504', 'ENSG00000115183', 'ENSG00000182621', 'ENSG00000050405', 'ENSG00000082701']",0.43437725,fold_12
4.1,subclass.full,B Cell,422,0.08431887866841875,0.07432432432432433,0.18246445497630331,106320,959,345,77,2,"['ENSG00000081189', 'ENSG00000137478']","['ENSG00000081189', 'ENSG00000137478']",0.057764832,fold_12
4.1,subclass.full,Classical Dendritic Cell,58,0.21929824561403508,0.35714285714285715,0.08620689655172414,107634,9,53,5,4,"['ENSG00000140853', 'ENSG00000081320', 'ENSG00000081189', 'ENSG00000067082']","['ENSG00000140853', 'ENSG00000176788', 'ENSG00000081320', 'ENSG00000198740', 'ENSG00000081189', 'ENSG00000067082', 'ENSG00000108510', 'ENSG00000173120', 'ENSG00000137478', 'ENSG00000167522']",0.26296824,fold_12
4.1,subclass.full,Connecting Tubule Cell,2945,0.1450829495994449,0.14254725751471956,0.15619694397283532,101989,2767,2485,460,3,"['ENSG00000164171', 'ENSG00000119314', 'ENSG00000108510']","['ENSG00000164171', 'ENSG00000073803', 'ENSG00000126878', 'ENSG00000177425', 'ENSG00000119314', 'ENSG00000108510', 'ENSG00000145555', 'ENSG00000082701', 'ENSG00000143153']",0.033243738,fold_12
4.1,subclass.full,Connecting Tubule Intercalated Cell Type A,110,0.040983606557377046,0.046875,0.02727272727272727,107530,61,107,3,5,"['ENSG00000108175', 'ENSG00000164171', 'ENSG00000156026', 'ENSG00000126070', 'ENSG00000067082']","['ENSG00000108175', 'ENSG00000164171', 'ENSG00000156026', 'ENSG00000126070', 'ENSG00000067082', 'ENSG00000143924', 'ENSG00000138081', 'ENSG00000050405', 'ENSG00000145555', 'ENSG00000119314']",0.048281346,fold_12
4.1,subclass.full,Connecting Tubule Principal Cell,2145,0.4013287843418926,0.522196261682243,0.2083916083916084,105147,409,1698,447,3,"['ENSG00000204323', 'ENSG00000168447', 'ENSG00000243147']","['ENSG00000204323', 'ENSG00000173436', 'ENSG00000168447', 'ENSG00000126821', 'ENSG00000243147', 'ENSG00000143198', 'ENSG00000184292', 'ENSG00000073803', 'ENSG00000126878', 'ENSG00000161016']",0.16948995,fold_12
4.1,subclass.full,Cortical Collecting Duct Intercalated Cell Type A,3517,0.4887308665782813,0.6786610878661088,0.23059425646858117,103800,384,2706,811,2,"['ENSG00000148541', 'ENSG00000103528']","['ENSG00000148541', 'ENSG00000103528', 'ENSG00000108175', 'ENSG00000067082', 'ENSG00000143924', 'ENSG00000145555', 'ENSG00000050405', 'ENSG00000119314', 'ENSG00000055163', 'ENSG00000108510']",0.42205247,fold_12
4.1,subclass.full,Cortical Collecting Duct Principal Cell,2471,0.3996233915681557,0.43115124153498874,0.30918656414407125,104222,1008,1707,764,2,"['ENSG00000126821', 'ENSG00000168447']","['ENSG00000126821', 'ENSG00000099991', 'ENSG00000168447', 'ENSG00000074706', 'ENSG00000166912', 'ENSG00000156026', 'ENSG00000164171', 'ENSG00000110328', 'ENSG00000145555', 'ENSG00000143924']",0.21816668,fold_12
4.1,subclass.full,Cortical Thick Ascending Limb Cell,7354,0.35916734899540215,0.3739344262295082,0.3101713353277128,96528,3819,5073,2281,3,"['ENSG00000119715', 'ENSG00000155792', 'ENSG00000182621']","['ENSG00000213918', 'ENSG00000119715', 'ENSG00000155792', 'ENSG00000143198', 'ENSG00000055163', 'ENSG00000182621', 'ENSG00000161016', 'ENSG00000145555', 'ENSG00000143153', 'ENSG00000118689']",0.06463802,fold_12
4.1,subclass.full,Cycling Connecting Tubule Cell,12,0.05434782608695652,0.05,0.08333333333333333,107670,19,11,1,5,"['ENSG00000120265', 'ENSG00000111670', 'ENSG00000196323', 'ENSG00000115159', 'ENSG00000119685']","['ENSG00000120265', 'ENSG00000129351', 'ENSG00000111670', 'ENSG00000196323', 'ENSG00000115159', 'ENSG00000119685', 'ENSG00000135999', 'ENSG00000168447', 'ENSG00000189108', 'ENSG00000110328']",0.2449744,fold_12
4.1,subclass.full,Cycling Distal Convoluted Tubule Cell,6,0.5,1.0,0.16666666666666666,107695,0,5,1,2,"['ENSG00000105928', 'ENSG00000023330']","['ENSG00000105928', 'ENSG00000139725', 'ENSG00000023330', 'ENSG00000095203', 'ENSG00000197312', 'ENSG00000108094', 'ENSG00000171766', 'ENSG00000115947', 'ENSG00000170471', 'ENSG00000086300']",1.0,fold_12
4.1,subclass.full,Cycling Endothelial Cell,54,0.1282051282051282,0.3333333333333333,0.037037037037037035,107643,4,52,2,4,"['ENSG00000119685', 'ENSG00000196628', 'ENSG00000081189', 'ENSG00000099250']","['ENSG00000119685', 'ENSG00000196628', 'ENSG00000175048', 'ENSG00000081189', 'ENSG00000143924', 'ENSG00000099250', 'ENSG00000182621', 'ENSG00000082701', 'ENSG00000169504', 'ENSG00000115183']",0.06338614,fold_12
4.1,subclass.full,Cycling Mononuclear Phagocyte,48,0.13157894736842105,0.2857142857142857,0.041666666666666664,107648,5,46,2,2,"['ENSG00000115935', 'ENSG00000081189']","['ENSG00000115935', 'ENSG00000143344', 'ENSG00000137478', 'ENSG00000081189', 'ENSG00000196628', 'ENSG00000173120', 'ENSG00000167522', 'ENSG00000110075']",0.5063047,fold_12
4.1,subclass.full,Cycling Myofibroblast,18,0.5555555555555556,0.6666666666666666,0.3333333333333333,107680,3,12,6,2,"['ENSG00000136492', 'ENSG00000213949']","['ENSG00000136492', 'ENSG00000174106', 'ENSG00000157654', 'ENSG00000149639', 'ENSG00000119685', 'ENSG00000213949', 'ENSG00000156026', 'ENSG00000138443', 'ENSG00000143924', 'ENSG00000099250']",0.5678084,fold_12
4.1,subclass.full,Cycling Natural Killer Cell / Natural Killer T Cell,16,0.45454545454545453,0.5714285714285714,0.25,107682,3,12,4,3,"['ENSG00000123136', 'ENSG00000163950', 'ENSG00000163468']","['ENSG00000123136', 'ENSG00000163950', 'ENSG00000163468', 'ENSG00000186298', 'ENSG00000135316', 'ENSG00000129084', 'ENSG00000122565', 'ENSG00000129351', 'ENSG00000161547', 'ENSG00000213719']",1.0,fold_12
4.1,subclass.full,Cycling Proximal Tubule Epithelial Cell,145,0.009242144177449169,0.010101010101010102,0.006896551724137931,107458,98,144,1,4,"['ENSG00000177425', 'ENSG00000137478', 'ENSG00000168137', 'ENSG00000140718']","['ENSG00000138081', 'ENSG00000177425', 'ENSG00000137478', 'ENSG00000168137', 'ENSG00000140718']",0.027308427,fold_12
4.1,subclass.full,Degenerative Ascending Thin Limb Cell,1100,0.44228356336260977,0.5402298850574713,0.25636363636363635,106361,240,818,282,3,"['ENSG00000184292', 'ENSG00000183943', 'ENSG00000243147']","['ENSG00000196323', 'ENSG00000072840', 'ENSG00000184292', 'ENSG00000183943', 'ENSG00000166913', 'ENSG00000243147', 'ENSG00000137642', 'ENSG00000126878', 'ENSG00000161016', 'ENSG00000182621']",0.12073601,fold_12
4.1,subclass.full,Degenerative Connecting Tubule Cell,356,0.07407407407407407,0.08839779005524862,0.0449438202247191,107180,165,340,16,5,"['ENSG00000126821', 'ENSG00000166912', 'ENSG00000164171', 'ENSG00000184292', 'ENSG00000073803']","['ENSG00000126821', 'ENSG00000166912', 'ENSG00000164171', 'ENSG00000184292', 'ENSG00000143198', 'ENSG00000073803', 'ENSG00000243147', 'ENSG00000108175', 'ENSG00000126878', 'ENSG00000161016']",0.080382474,fold_12
4.1,subclass.full,Degenerative Cortical Intercalated Cell Type A,1034,0.373048004626952,0.42574257425742573,0.2495164410058027,106319,348,776,258,3,"['ENSG00000158825', 'ENSG00000115286', 'ENSG00000173436']","['ENSG00000158825', 'ENSG00000168291', 'ENSG00000115286', 'ENSG00000173436', 'ENSG00000118363', 'ENSG00000204323', 'ENSG00000112695', 'ENSG00000083845', 'ENSG00000143198', 'ENSG00000162496']",0.3509278,fold_12
4.1,subclass.full,Degenerative Cortical Thick Ascending Limb Cell,346,0.22169167803547066,0.23214285714285715,0.18786127167630057,107140,215,281,65,3,"['ENSG00000184292', 'ENSG00000161016', 'ENSG00000143153']","['ENSG00000184292', 'ENSG00000161016', 'ENSG00000143153']",0.07659633,fold_12
4.1,subclass.full,Degenerative Descending Thin Limb Cell Type 3,399,0.4638619201725998,0.6515151515151515,0.21553884711779447,107256,46,313,86,4,"['ENSG00000075399', 'ENSG00000077238', 'ENSG00000173175', 'ENSG00000198691']","['ENSG00000075399', 'ENSG00000206053', 'ENSG00000077238', 'ENSG00000173175', 'ENSG00000206579', 'ENSG00000198691', 'ENSG00000086300', 'ENSG00000170190', 'ENSG00000183943', 'ENSG00000155792']",0.4899457,fold_12
4.1,subclass.full,Degenerative Distal Convoluted Tubule Cell,1535,0.40779898393519154,0.4133611691022965,0.38697068403908796,105323,843,941,594,4,"['ENSG00000177807', 'ENSG00000115286', 'ENSG00000213918', 'ENSG00000173436']","['ENSG00000177807', 'ENSG00000130829', 'ENSG00000220205', 'ENSG00000115286', 'ENSG00000213918', 'ENSG00000173436', 'ENSG00000086300', 'ENSG00000112695', 'ENSG00000145494', 'ENSG00000142168']",0.2985974,fold_12
4.1,subclass.full,Degenerative Fibroblast,90,0.005961203840948637,0.004782833505687694,0.4111111111111111,99912,7699,53,37,1,['ENSG00000083845'],"['ENSG00000083845', 'ENSG00000161016']",0.12021827,fold_12
4.1,subclass.full,Degenerative Inner Medullary Collecting Duct Cell,1773,0.4962162162162162,0.6437587657784011,0.25888324873096447,105674,254,1314,459,4,"['ENSG00000085117', 'ENSG00000127951', 'ENSG00000169851', 'ENSG00000213719']","['ENSG00000085117', 'ENSG00000127951', 'ENSG00000169851', 'ENSG00000189108', 'ENSG00000170190', 'ENSG00000213719', 'ENSG00000184292', 'ENSG00000166913', 'ENSG00000083845', 'ENSG00000143198']",0.42612606,fold_12
4.1,subclass.full,Degenerative Medullary Thick Ascending Limb Cell,831,0.09048517819473742,0.07974559686888454,0.19614921780986763,104989,1881,668,163,2,"['ENSG00000055163', 'ENSG00000143153']","['ENSG00000119715', 'ENSG00000110328', 'ENSG00000055163', 'ENSG00000182621', 'ENSG00000145555', 'ENSG00000143153']",0.050372213,fold_12
4.1,subclass.full,Degenerative Outer Medullary Collecting Duct Principal Cell,1563,0.3265073947667804,0.4053672316384181,0.1836212412028151,105717,421,1276,287,4,"['ENSG00000127951', 'ENSG00000168447', 'ENSG00000165025', 'ENSG00000166913']","['ENSG00000127951', 'ENSG00000204323', 'ENSG00000168447', 'ENSG00000165025', 'ENSG00000126821', 'ENSG00000166913', 'ENSG00000143198', 'ENSG00000184292', 'ENSG00000243147', 'ENSG00000126878']",0.13686389,fold_12
4.1,subclass.full,Degenerative Peritubular Capilary Endothelial Cell,127,0.057803468208092484,0.061224489795918366,0.047244094488188976,107482,92,121,6,6,"['ENSG00000196628', 'ENSG00000161016', 'ENSG00000182621', 'ENSG00000169504', 'ENSG00000115183', 'ENSG00000137478']","['ENSG00000196628', 'ENSG00000161016', 'ENSG00000182621', 'ENSG00000169504', 'ENSG00000115183', 'ENSG00000137478']",0.040281132,fold_12
4.1,subclass.full,Degenerative Podocyte,192,0.126953125,0.125,0.13541666666666666,107327,182,166,26,2,"['ENSG00000153246', 'ENSG00000171943']","['ENSG00000151490', 'ENSG00000153246', 'ENSG00000171943']",0.36941183,fold_12
4.1,subclass.full,Degenerative Proximal Tubule Epithelial Cell,7586,0.14997261509713586,0.13668061366806136,0.2454521486949644,88354,11761,5724,1862,1,['ENSG00000118689'],['ENSG00000118689'],0.024885613,fold_12
4.1,subclass.full,Degenerative Vascular Smooth Muscle Cell,762,0.5867082035306335,0.7766323024054983,0.29658792650918636,106874,65,536,226,2,"['ENSG00000213626', 'ENSG00000173436']","['ENSG00000213626', 'ENSG00000103145', 'ENSG00000102760', 'ENSG00000220205', 'ENSG00000103024', 'ENSG00000173436', 'ENSG00000112695', 'ENSG00000142168', 'ENSG00000083845', 'ENSG00000143198']",0.58349586,fold_12
4.1,subclass.full,Descending Thin Limb Cell Type 1,1529,0.388616006934412,0.556935817805383,0.17593198168737736,105958,214,1260,269,2,"['ENSG00000128918', 'ENSG00000155792']","['ENSG00000149639', 'ENSG00000128918', 'ENSG00000072840', 'ENSG00000166912', 'ENSG00000155792', 'ENSG00000175048', 'ENSG00000110328', 'ENSG00000011454', 'ENSG00000126878', 'ENSG00000182621']",0.19583115,fold_12
4.1,subclass.full,Descending Thin Limb Cell Type 2,908,0.3277027027027027,0.37816764132553604,0.21365638766519823,106474,319,714,194,3,"['ENSG00000183775', 'ENSG00000240583', 'ENSG00000110328']","['ENSG00000183775', 'ENSG00000240583', 'ENSG00000128918', 'ENSG00000072840', 'ENSG00000166912', 'ENSG00000110328', 'ENSG00000175048', 'ENSG00000126878', 'ENSG00000169504', 'ENSG00000099250']",0.15860677,fold_12
4.1,subclass.full,Descending Thin Limb Cell Type 3,1392,0.2749360613810742,0.31272727272727274,0.1853448275862069,105742,567,1134,258,3,"['ENSG00000116106', 'ENSG00000198691', 'ENSG00000072840']","['ENSG00000116106', 'ENSG00000198691', 'ENSG00000149639', 'ENSG00000072840', 'ENSG00000106526', 'ENSG00000157450', 'ENSG00000184292', 'ENSG00000155792', 'ENSG00000175048', 'ENSG00000126878']",0.3261161,fold_12
4.1,subclass.full,Descending Vasa Recta Endothelial Cell,1880,0.3435178933153275,0.4025717111770524,0.21648936170212765,105217,604,1473,407,2,"['ENSG00000125266', 'ENSG00000071242']","['ENSG00000125266', 'ENSG00000116106', 'ENSG00000115756', 'ENSG00000240583', 'ENSG00000071242', 'ENSG00000183943', 'ENSG00000196628', 'ENSG00000081189', 'ENSG00000169504', 'ENSG00000182621']",0.36045146,fold_12
4.1,subclass.full,Distal Convoluted Tubule Cell Type 1,3551,0.3614211119074434,0.4543114543114543,0.19881723458180794,103302,848,2845,706,3,"['ENSG00000151136', 'ENSG00000086300', 'ENSG00000175048']","['ENSG00000151136', 'ENSG00000086300', 'ENSG00000119715', 'ENSG00000164171', 'ENSG00000155792', 'ENSG00000175048', 'ENSG00000073803', 'ENSG00000177425', 'ENSG00000108510', 'ENSG00000055163']",0.317683,fold_12
4.1,subclass.full,Distal Convoluted Tubule Cell Type 2,363,0.05366726296958855,0.049342105263157895,0.08264462809917356,106760,578,333,30,5,"['ENSG00000119715', 'ENSG00000164171', 'ENSG00000155792', 'ENSG00000073803', 'ENSG00000137642']","['ENSG00000119715', 'ENSG00000164171', 'ENSG00000155792', 'ENSG00000108175', 'ENSG00000073803', 'ENSG00000137642', 'ENSG00000126878', 'ENSG00000177425', 'ENSG00000108510', 'ENSG00000145555']",0.059243783,fold_12
4.1,subclass.full,Fibroblast,1865,0.37815126050420167,0.5057636887608069,0.18820375335120643,105493,343,1514,351,2,"['ENSG00000213949', 'ENSG00000169504']","['ENSG00000213949', 'ENSG00000099250', 'ENSG00000169504', 'ENSG00000118689', 'ENSG00000137478', 'ENSG00000145555', 'ENSG00000115183', 'ENSG00000140718']",0.09421746,fold_12
4.1,subclass.full,Glomerular Capillary Endothelial Cell,1830,0.6509059319930504,0.6737315350032113,0.573224043715847,105363,508,781,1049,1,['ENSG00000013016'],"['ENSG00000013016', 'ENSG00000077238', 'ENSG00000143344', 'ENSG00000240583', 'ENSG00000114353', 'ENSG00000162496', 'ENSG00000213949', 'ENSG00000196628', 'ENSG00000175048', 'ENSG00000081189']",1.0,fold_12
4.1,subclass.full,Inner Medullary Collecting Duct Cell,4095,0.6032566244066575,0.6401020082881734,0.49035409035409033,102477,1129,2087,2008,3,"['ENSG00000169851', 'ENSG00000189108', 'ENSG00000170190']","['ENSG00000111670', 'ENSG00000169851', 'ENSG00000189108', 'ENSG00000170190', 'ENSG00000165025', 'ENSG00000157450', 'ENSG00000184292', 'ENSG00000156026', 'ENSG00000196628', 'ENSG00000050405']",0.2902693,fold_12
4.1,subclass.full,Intercalated Cell Type B,1114,0.2366702937976061,0.48066298342541436,0.07809694793536805,106493,94,1027,87,3,"['ENSG00000145555', 'ENSG00000119314', 'ENSG00000069667']","['ENSG00000067082', 'ENSG00000145555', 'ENSG00000119314', 'ENSG00000069667']",0.036352903,fold_12
4.1,subclass.full,Lymphatic Endothelial Cell,136,0.273972602739726,0.41025641025641024,0.11764705882352941,107542,23,120,16,3,"['ENSG00000071242', 'ENSG00000175048', 'ENSG00000196628']","['ENSG00000170365', 'ENSG00000071242', 'ENSG00000175048', 'ENSG00000110328', 'ENSG00000213949', 'ENSG00000196628', 'ENSG00000081189', 'ENSG00000182621', 'ENSG00000115183', 'ENSG00000137478']",0.1258432,fold_12
4.1,subclass.full,M2 Macrophage,1355,0.3236664940445365,0.8680555555555556,0.09225092250922509,106327,19,1230,125,2,"['ENSG00000143344', 'ENSG00000137478']","['ENSG00000143344', 'ENSG00000081189', 'ENSG00000137478']",0.26511586,fold_12
4.1,subclass.full,Macula Densa Cell,1186,0.3140794223826715,0.4393939393939394,0.1467116357504216,106293,222,1012,174,3,"['ENSG00000155792', 'ENSG00000162496', 'ENSG00000182621']","['ENSG00000155792', 'ENSG00000170190', 'ENSG00000162496', 'ENSG00000083544', 'ENSG00000182621', 'ENSG00000126070', 'ENSG00000138081', 'ENSG00000145555', 'ENSG00000067082', 'ENSG00000118689']",0.07181735,fold_12
4.1,subclass.full,Medullary Fibroblast,4589,0.575747956511388,0.7244133799301048,0.3161908912617128,102560,552,3138,1451,2,"['ENSG00000163297', 'ENSG00000162496']","['ENSG00000163297', 'ENSG00000162496', 'ENSG00000213949', 'ENSG00000126070', 'ENSG00000175048', 'ENSG00000196628', 'ENSG00000099250', 'ENSG00000182621', 'ENSG00000115183', 'ENSG00000050405']",0.61078954,fold_12
4.1,subclass.full,Medullary Thick Ascending Limb Cell,4201,0.6547865727310402,0.8036622583926755,0.37610092835039277,103114,386,2621,1580,3,"['ENSG00000183775', 'ENSG00000173175', 'ENSG00000119715']","['ENSG00000083720', 'ENSG00000183775', 'ENSG00000151136', 'ENSG00000173175', 'ENSG00000213918', 'ENSG00000119715', 'ENSG00000183943', 'ENSG00000155792', 'ENSG00000110328', 'ENSG00000175048']",0.32150596,fold_12
4.1,subclass.full,Mesangial Cell,229,0.045472518782127325,0.04,0.10043668122270742,106920,552,206,23,4,"['ENSG00000213949', 'ENSG00000196628', 'ENSG00000137478', 'ENSG00000118689']","['ENSG00000213949', 'ENSG00000196628', 'ENSG00000099250', 'ENSG00000137478', 'ENSG00000118689', 'ENSG00000115183', 'ENSG00000140718']",0.052952692,fold_12
4.1,subclass.full,Monocyte-derived Cell,1044,0.28538050734312415,0.35040983606557374,0.16379310344827586,106340,317,873,171,2,"['ENSG00000081320', 'ENSG00000081189']","['ENSG00000081320', 'ENSG00000081189', 'ENSG00000137478']",0.1155124,fold_12
4.1,subclass.full,Myofibroblast,698,0.16769012753897025,0.16063348416289594,0.2034383954154728,106261,742,556,142,2,"['ENSG00000213949', 'ENSG00000169504']","['ENSG00000213949', 'ENSG00000011454', 'ENSG00000169504', 'ENSG00000196628', 'ENSG00000099250', 'ENSG00000143924', 'ENSG00000177425', 'ENSG00000050405', 'ENSG00000115183', 'ENSG00000118689']",0.09183261,fold_12
4.1,subclass.full,Natural Killer Cell / Natural Killer T Cell,573,0.12082853855005754,0.28378378378378377,0.03664921465968586,107075,53,552,21,2,"['ENSG00000078304', 'ENSG00000083845']","['ENSG00000078304', 'ENSG00000083845', 'ENSG00000161016']",0.18343064,fold_12
4.1,subclass.full,Non-classical Monocyte,244,0.3342245989304813,0.3968253968253968,0.20491803278688525,107381,76,194,50,2,"['ENSG00000066336', 'ENSG00000114353']","['ENSG00000066336', 'ENSG00000081320', 'ENSG00000114353', 'ENSG00000161016']",0.62711537,fold_12
4.1,subclass.full,Outer Medullary Collecting Duct Intercalated Cell Type A,938,0.32558139534883723,0.46204620462046203,0.14925373134328357,106600,163,798,140,5,"['ENSG00000173611', 'ENSG00000103528', 'ENSG00000141458', 'ENSG00000139722', 'ENSG00000074706']","['ENSG00000173611', 'ENSG00000103528', 'ENSG00000148541', 'ENSG00000141458', 'ENSG00000139722', 'ENSG00000074706', 'ENSG00000169851', 'ENSG00000170190', 'ENSG00000183943', 'ENSG00000157450']",0.5191003,fold_12
4.1,subclass.full,Outer Medullary Collecting Duct Principal Cell,896,0.3876306620209059,0.5085714285714286,0.19866071428571427,106633,172,718,178,3,"['ENSG00000151834', 'ENSG00000165025', 'ENSG00000168447']","['ENSG00000151834', 'ENSG00000170365', 'ENSG00000165025', 'ENSG00000179152', 'ENSG00000169851', 'ENSG00000168447', 'ENSG00000166912', 'ENSG00000189108', 'ENSG00000170190', 'ENSG00000110328']",0.27793893,fold_12
4.1,subclass.full,Papillary Tip Epithelial Cell,400,0.537109375,0.7051282051282052,0.275,107255,46,290,110,1,['ENSG00000171401'],"['ENSG00000171401', 'ENSG00000132470', 'ENSG00000170006', 'ENSG00000107957', 'ENSG00000008394', 'ENSG00000103404', 'ENSG00000189108', 'ENSG00000213719', 'ENSG00000162496', 'ENSG00000184292']",1.0,fold_12
4.1,subclass.full,Parietal Epithelial Cell,778,0.44483985765124556,0.6607929515418502,0.1928020565552699,106846,77,628,150,2,"['ENSG00000128918', 'ENSG00000099250']","['ENSG00000128918', 'ENSG00000177425', 'ENSG00000213949', 'ENSG00000067082', 'ENSG00000099250', 'ENSG00000118689']",0.19706866,fold_12
4.1,subclass.full,Peritubular Capilary Endothelial Cell ,4148,0.31750683860883155,0.42706964520367935,0.156702025072324,102681,872,3498,650,3,"['ENSG00000196628', 'ENSG00000081189', 'ENSG00000182621']","['ENSG00000196628', 'ENSG00000081189', 'ENSG00000182621']",0.06660802,fold_12
4.1,subclass.full,Plasma Cell,121,0.04,1.0,0.008264462809917356,107580,0,120,1,1,['ENSG00000118689'],"['ENSG00000081189', 'ENSG00000118689', 'ENSG00000137478']",0.04815365,fold_12
4.1,subclass.full,Plasmacytoid Dendritic Cell,31,0.704225352112676,1.0,0.3225806451612903,107670,0,21,10,2,"['ENSG00000100433', 'ENSG00000196628']","['ENSG00000100433', 'ENSG00000157350', 'ENSG00000165025', 'ENSG00000071242', 'ENSG00000196628', 'ENSG00000081189', 'ENSG00000137478', 'ENSG00000099250', 'ENSG00000055163', 'ENSG00000167522']",0.5689132,fold_12
4.1,subclass.full,Podocyte,1066,0.9349851757729776,0.9660831509846827,0.8283302063789869,106604,31,183,883,2,"['ENSG00000151490', 'ENSG00000153246']","['ENSG00000145808', 'ENSG00000178038', 'ENSG00000171943', 'ENSG00000151490', 'ENSG00000153246', 'ENSG00000165868', 'ENSG00000206579', 'ENSG00000162496', 'ENSG00000143924', 'ENSG00000177425']",0.60738146,fold_12
4.1,subclass.full,Proximal Tubule Epithelial Cell Segment 1 / Segment 2,8551,0.4578034006583176,0.4394279304542905,0.5497602619576658,93153,5997,3850,4701,1,['ENSG00000122194'],"['ENSG00000122194', 'ENSG00000035115']",0.45831707,fold_12
4.1,subclass.full,Proximal Tubule Epithelial Cell Segment 3,2124,0.26778154106689245,0.3892307692307692,0.11911487758945385,105180,397,1871,253,3,"['ENSG00000122194', 'ENSG00000073803', 'ENSG00000099250']","['ENSG00000122194', 'ENSG00000073803', 'ENSG00000110328', 'ENSG00000099250', 'ENSG00000169504', 'ENSG00000140718', 'ENSG00000189283']",0.16630447,fold_12
4.1,subclass.full,Renin-positive Juxtaglomerular Granular Cell,60,0.06944444444444445,0.3333333333333333,0.016666666666666666,107639,2,59,1,3,"['ENSG00000081189', 'ENSG00000175048', 'ENSG00000169504']","['ENSG00000081189', 'ENSG00000175048', 'ENSG00000169504', 'ENSG00000161016', 'ENSG00000050405', 'ENSG00000177425', 'ENSG00000118689']",0.029530166,fold_12
4.1,subclass.full,Schwann Cell / Neural,35,0.8148148148148148,0.88,0.6285714285714286,107663,3,13,22,1,['ENSG00000071991'],"['ENSG00000071991', 'ENSG00000206579', 'ENSG00000165868', 'ENSG00000213949', 'ENSG00000169504', 'ENSG00000118689']",1.0,fold_12
4.1,subclass.full,T Cell,1732,0.24961793173713703,0.25620915032679736,0.22632794457274827,104831,1138,1340,392,1,['ENSG00000078304'],['ENSG00000078304'],0.17049928,fold_12
4.1,subclass.full,Transitional Principal-Intercalated Cell,171,0.05874222529371113,0.05329153605015674,0.09941520467836257,107228,302,154,17,5,"['ENSG00000139722', 'ENSG00000204323', 'ENSG00000014824', 'ENSG00000168447', 'ENSG00000143198']","['ENSG00000139722', 'ENSG00000204323', 'ENSG00000014824', 'ENSG00000168447', 'ENSG00000126821', 'ENSG00000143198', 'ENSG00000243147', 'ENSG00000184292', 'ENSG00000137642', 'ENSG00000126878']",0.14633775,fold_12
4.1,subclass.full,Vascular Smooth Muscle Cell,491,0.5176336746302617,0.9381443298969072,0.18533604887983707,107204,6,400,91,2,"['ENSG00000120907', 'ENSG00000182732']","['ENSG00000120907', 'ENSG00000182732', 'ENSG00000173175', 'ENSG00000213949', 'ENSG00000175048', 'ENSG00000169504', 'ENSG00000099250', 'ENSG00000137478', 'ENSG00000118689', 'ENSG00000140718']",1.0,fold_12
4.1,subclass.full,Vascular Smooth Muscle Cell / Pericyte,1443,0.22036337470768125,0.23809523809523808,0.16978516978516978,105474,784,1198,245,3,"['ENSG00000213949', 'ENSG00000081189', 'ENSG00000099250']","['ENSG00000213949', 'ENSG00000081189', 'ENSG00000196628', 'ENSG00000099250', 'ENSG00000118689']",0.06711604,fold_12
4.1,subclass.full,Adaptive / Maladaptive / Repairing Fibroblast,425,0.2131979695431472,0.3,0.0988235294117647,107178,98,383,42,2,"['ENSG00000145390', 'ENSG00000145687']","['ENSG00000197321', 'ENSG00000145390', 'ENSG00000099250', 'ENSG00000150347', 'ENSG00000145687', 'ENSG00000173273', 'ENSG00000147526', 'ENSG00000180357', 'ENSG00000174373']",0.055697445,fold_13
4.1,subclass.full,Adaptive / Maladaptive / Repairing Proximal Tubule Epithelial Cell,5872,0.30077538769384693,0.3186133804371826,0.24574250681198911,98743,3086,4429,1443,3,"['ENSG00000187164', 'ENSG00000205268', 'ENSG00000154655']","['ENSG00000107611', 'ENSG00000187164', 'ENSG00000172380', 'ENSG00000205268', 'ENSG00000154655', 'ENSG00000148090', 'ENSG00000197321', 'ENSG00000131508', 'ENSG00000099250', 'ENSG00000162434']",0.1424643,fold_13
4.1,subclass.full,Adaptive / Maladaptive / Repairing Thick Ascending Limb Cell,2787,0.267890363388317,0.32752084912812734,0.155005382131324,104027,887,2355,432,4,"['ENSG00000187164', 'ENSG00000036828', 'ENSG00000131504', 'ENSG00000197321']","['ENSG00000172379', 'ENSG00000187164', 'ENSG00000036828', 'ENSG00000131504', 'ENSG00000197321', 'ENSG00000150347', 'ENSG00000162434', 'ENSG00000173273', 'ENSG00000131508', 'ENSG00000074410']",0.114740804,fold_13
4.1,subclass.full,Afferent / Efferent Arteriole Endothelial Cell,563,0.2834467120181406,0.39473684210526316,0.13321492007104796,107023,115,488,75,3,"['ENSG00000148175', 'ENSG00000026025', 'ENSG00000019582']","['ENSG00000135821', 'ENSG00000148175', 'ENSG00000026025', 'ENSG00000182718', 'ENSG00000019582', 'ENSG00000154556', 'ENSG00000147526', 'ENSG00000137962']",0.1013265,fold_13
4.1,subclass.full,Ascending Thin Limb Cell,1765,0.45396825396825397,0.5797297297297297,0.24305949008498584,105625,311,1336,429,3,"['ENSG00000275395', 'ENSG00000042062', 'ENSG00000152377']","['ENSG00000275395', 'ENSG00000118898', 'ENSG00000198429', 'ENSG00000168916', 'ENSG00000042062', 'ENSG00000152377', 'ENSG00000138430', 'ENSG00000106526', 'ENSG00000159216', 'ENSG00000183354']",0.21963346,fold_13
4.1,subclass.full,Ascending Vasa Recta Endothelial Cell,2580,0.47267150027886223,0.5905923344947736,0.2627906976744186,104651,470,1902,678,3,"['ENSG00000130300', 'ENSG00000137962', 'ENSG00000145687']","['ENSG00000130300', 'ENSG00000019582', 'ENSG00000197321', 'ENSG00000139083', 'ENSG00000137962', 'ENSG00000145687', 'ENSG00000100644', 'ENSG00000147526', 'ENSG00000180357', 'ENSG00000131018']",0.04447142,fold_13
4.1,subclass.full,B Cell,422,0.03313190963400398,0.026895206243032328,0.45734597156398105,100296,6983,229,193,1,['ENSG00000019582'],['ENSG00000019582'],0.08339097,fold_13
4.1,subclass.full,Classical Dendritic Cell,58,0.36666666666666664,0.4782608695652174,0.1896551724137931,107631,12,47,11,3,"['ENSG00000187164', 'ENSG00000159216', 'ENSG00000205268']","['ENSG00000140992', 'ENSG00000178385', 'ENSG00000187164', 'ENSG00000134250', 'ENSG00000159216', 'ENSG00000205268', 'ENSG00000182985', 'ENSG00000197971', 'ENSG00000019582', 'ENSG00000139083']",0.16663209,fold_13
4.1,subclass.full,Connecting Tubule Cell,2945,0.2716292288353282,0.2589890568004169,0.33752122241086585,101912,2844,1951,994,2,"['ENSG00000104327', 'ENSG00000118596']","['ENSG00000104327', 'ENSG00000137819', 'ENSG00000106617', 'ENSG00000148090', 'ENSG00000118596', 'ENSG00000162402', 'ENSG00000050628', 'ENSG00000074410', 'ENSG00000198911', 'ENSG00000173273']",0.1367321,fold_13
4.1,subclass.full,Connecting Tubule Intercalated Cell Type A,110,0.07246376811594203,0.2857142857142857,0.01818181818181818,107586,5,108,2,4,"['ENSG00000131504', 'ENSG00000137819', 'ENSG00000197971', 'ENSG00000169756']","['ENSG00000091947', 'ENSG00000131504', 'ENSG00000137819', 'ENSG00000197971', 'ENSG00000078618', 'ENSG00000169756', 'ENSG00000118596', 'ENSG00000050628', 'ENSG00000106617', 'ENSG00000074410']",0.08533898,fold_13
4.1,subclass.full,Connecting Tubule Principal Cell,2145,0.4402368708119059,0.5290262172284644,0.2634032634032634,105053,503,1580,565,2,"['ENSG00000104327', 'ENSG00000171223']","['ENSG00000104327', 'ENSG00000173915', 'ENSG00000171223', 'ENSG00000112081', 'ENSG00000104964', 'ENSG00000122406', 'ENSG00000196262', 'ENSG00000106617', 'ENSG00000160209', 'ENSG00000113732']",0.28725135,fold_13
4.1,subclass.full,Cortical Collecting Duct Intercalated Cell Type A,3517,0.5684656314474971,0.735769501054111,0.2976969007676997,103808,376,2470,1047,2,"['ENSG00000091947', 'ENSG00000169756']","['ENSG00000091947', 'ENSG00000172380', 'ENSG00000078618', 'ENSG00000131504', 'ENSG00000154655', 'ENSG00000169756', 'ENSG00000050628', 'ENSG00000118596', 'ENSG00000148090', 'ENSG00000074410']",0.17989805,fold_13
4.1,subclass.full,Cortical Collecting Duct Principal Cell,2471,0.5699284735961041,0.7307317073170732,0.3031161473087819,104954,276,1722,749,2,"['ENSG00000106617', 'ENSG00000188153']","['ENSG00000128652', 'ENSG00000106617', 'ENSG00000086758', 'ENSG00000188153', 'ENSG00000197971', 'ENSG00000198911', 'ENSG00000050628', 'ENSG00000150347', 'ENSG00000074410', 'ENSG00000131508']",0.13828835,fold_13
4.1,subclass.full,Cortical Thick Ascending Limb Cell,7354,0.34317281401707495,0.34540859309182814,0.33451183029643733,95685,4662,4894,2460,3,"['ENSG00000213918', 'ENSG00000036828', 'ENSG00000118596']","['ENSG00000213918', 'ENSG00000036828', 'ENSG00000137819', 'ENSG00000118596', 'ENSG00000148090', 'ENSG00000160209', 'ENSG00000182985', 'ENSG00000050628', 'ENSG00000178104', 'ENSG00000113732']",0.104810104,fold_13
4.1,subclass.full,Cycling Connecting Tubule Cell,12,0.3125,1.0,0.08333333333333333,107689,0,11,1,2,"['ENSG00000178385', 'ENSG00000172380']","['ENSG00000158636', 'ENSG00000178385', 'ENSG00000114030', 'ENSG00000196504', 'ENSG00000172380', 'ENSG00000112081', 'ENSG00000106617', 'ENSG00000270647', 'ENSG00000050628', 'ENSG00000145687']",0.2056767,fold_13
4.1,subclass.full,Cycling Distal Convoluted Tubule Cell,6,0.5,1.0,0.16666666666666666,107695,0,5,1,3,"['ENSG00000095002', 'ENSG00000147854', 'ENSG00000144061']","['ENSG00000106263', 'ENSG00000095002', 'ENSG00000147854', 'ENSG00000135378', 'ENSG00000221955', 'ENSG00000144061', 'ENSG00000119121', 'ENSG00000145536', 'ENSG00000070915', 'ENSG00000115286']",1.0,fold_13
4.1,subclass.full,Cycling Endothelial Cell,54,0.08620689655172414,1.0,0.018518518518518517,107647,0,53,1,2,"['ENSG00000076356', 'ENSG00000162434']","['ENSG00000076356', 'ENSG00000175048', 'ENSG00000270647', 'ENSG00000162434', 'ENSG00000099250', 'ENSG00000197321', 'ENSG00000154556', 'ENSG00000137962', 'ENSG00000147526', 'ENSG00000180357']",0.11892625,fold_13
4.1,subclass.full,Cycling Mononuclear Phagocyte,48,0.09615384615384616,1.0,0.020833333333333332,107653,0,47,1,2,"['ENSG00000159216', 'ENSG00000139083']","['ENSG00000205268', 'ENSG00000159216', 'ENSG00000187764', 'ENSG00000139083', 'ENSG00000198911', 'ENSG00000162434', 'ENSG00000100644', 'ENSG00000180357', 'ENSG00000145390', 'ENSG00000173120']",0.10139635,fold_13
4.1,subclass.full,Cycling Myofibroblast,18,0.38461538461538464,1.0,0.1111111111111111,107683,0,16,2,4,"['ENSG00000133107', 'ENSG00000114354', 'ENSG00000106366', 'ENSG00000077044']","['ENSG00000133107', 'ENSG00000114354', 'ENSG00000106366', 'ENSG00000077044', 'ENSG00000158636', 'ENSG00000163359', 'ENSG00000134250', 'ENSG00000187109', 'ENSG00000112893', 'ENSG00000197323']",1.0,fold_13
4.1,subclass.full,Cycling Natural Killer Cell / Natural Killer T Cell,16,0.46875,0.75,0.1875,107684,1,13,3,3,"['ENSG00000197540', 'ENSG00000153048', 'ENSG00000101182']","['ENSG00000197540', 'ENSG00000143401', 'ENSG00000169442', 'ENSG00000127824', 'ENSG00000153048', 'ENSG00000101182', 'ENSG00000196504', 'ENSG00000112081', 'ENSG00000166136', 'ENSG00000178741']",1.0,fold_13
4.1,subclass.full,Cycling Proximal Tubule Epithelial Cell,145,0.026455026455026454,0.09090909090909091,0.006896551724137931,107546,10,144,1,1,['ENSG00000173273'],"['ENSG00000270647', 'ENSG00000131508', 'ENSG00000173273', 'ENSG00000180357']",0.03133411,fold_13
4.1,subclass.full,Degenerative Ascending Thin Limb Cell,1100,0.3026634382566586,0.3629764065335753,0.18181818181818182,106250,351,900,200,3,"['ENSG00000275395', 'ENSG00000152377', 'ENSG00000091138']","['ENSG00000275395', 'ENSG00000243317', 'ENSG00000042062', 'ENSG00000152377', 'ENSG00000091138', 'ENSG00000159216', 'ENSG00000178104', 'ENSG00000188846', 'ENSG00000171863', 'ENSG00000122406']",0.12132107,fold_13
4.1,subclass.full,Degenerative Connecting Tubule Cell,356,0.12804878048780488,0.1810344827586207,0.05898876404494382,107250,95,335,21,4,"['ENSG00000104327', 'ENSG00000145536', 'ENSG00000137819', 'ENSG00000122406']","['ENSG00000104327', 'ENSG00000145536', 'ENSG00000156467', 'ENSG00000137819', 'ENSG00000106617', 'ENSG00000122406', 'ENSG00000188846', 'ENSG00000171863', 'ENSG00000118596', 'ENSG00000196262']",0.15688865,fold_13
4.1,subclass.full,Degenerative Cortical Intercalated Cell Type A,1034,0.546400693842151,0.7924528301886793,0.2437137330754352,106601,66,782,252,3,"['ENSG00000178741', 'ENSG00000102934', 'ENSG00000091947']","['ENSG00000178127', 'ENSG00000178741', 'ENSG00000173915', 'ENSG00000102934', 'ENSG00000091947', 'ENSG00000156467', 'ENSG00000134419', 'ENSG00000122406', 'ENSG00000188846', 'ENSG00000171863']",0.2443743,fold_13
4.1,subclass.full,Degenerative Cortical Thick Ascending Limb Cell,346,0.20764119601328904,0.390625,0.07225433526011561,107316,39,321,25,4,"['ENSG00000026025', 'ENSG00000091138', 'ENSG00000188846', 'ENSG00000171863']","['ENSG00000026025', 'ENSG00000091138', 'ENSG00000188846', 'ENSG00000171863', 'ENSG00000122406', 'ENSG00000196262', 'ENSG00000182718', 'ENSG00000100644']",0.085677855,fold_13
4.1,subclass.full,Degenerative Descending Thin Limb Cell Type 3,399,0.4655380894800484,0.719626168224299,0.19298245614035087,107272,30,322,77,2,"['ENSG00000187957', 'ENSG00000047457']","['ENSG00000187957', 'ENSG00000047457', 'ENSG00000133216', 'ENSG00000115423', 'ENSG00000178852', 'ENSG00000168502', 'ENSG00000106526', 'ENSG00000171223', 'ENSG00000137819', 'ENSG00000159216']",1.0,fold_13
4.1,subclass.full,Degenerative Distal Convoluted Tubule Cell,1535,0.8361082959316636,0.8600148920327625,0.752442996742671,105978,188,380,1155,2,"['ENSG00000166136', 'ENSG00000070915']","['ENSG00000072274', 'ENSG00000213918', 'ENSG00000166136', 'ENSG00000173915', 'ENSG00000178741', 'ENSG00000070915', 'ENSG00000156467', 'ENSG00000134419', 'ENSG00000138600', 'ENSG00000171863']",0.23938662,fold_13
4.1,subclass.full,Degenerative Endothelial Cell,70,0.015616127200454287,0.012746234067207415,0.15714285714285714,106779,852,59,11,2,"['ENSG00000026025', 'ENSG00000019582']","['ENSG00000026025', 'ENSG00000019582']",0.07371191,fold_13
4.1,subclass.full,Degenerative Fibroblast,90,0.40540540540540543,0.5454545454545454,0.2,107596,15,72,18,2,"['ENSG00000026025', 'ENSG00000134419']","['ENSG00000142156', 'ENSG00000026025', 'ENSG00000134419', 'ENSG00000171863', 'ENSG00000122406', 'ENSG00000188846', 'ENSG00000182718', 'ENSG00000196262']",0.13924423,fold_13
4.1,subclass.full,Degenerative Inner Medullary Collecting Duct Cell,1773,0.45804464973056197,0.672316384180791,0.20135363790186125,105754,174,1416,357,5,"['ENSG00000117500', 'ENSG00000118898', 'ENSG00000102934', 'ENSG00000091138', 'ENSG00000026025']","['ENSG00000117500', 'ENSG00000118898', 'ENSG00000173890', 'ENSG00000102934', 'ENSG00000091138', 'ENSG00000026025', 'ENSG00000182718', 'ENSG00000182985', 'ENSG00000188846', 'ENSG00000171863']",0.2088526,fold_13
4.1,subclass.full,Degenerative Medullary Thick Ascending Limb Cell,831,0.06747324336900884,0.06196581196581197,0.10469314079422383,105553,1317,744,87,3,"['ENSG00000036828', 'ENSG00000050628', 'ENSG00000118596']","['ENSG00000036828', 'ENSG00000182985', 'ENSG00000050628', 'ENSG00000118596', 'ENSG00000178104', 'ENSG00000074410', 'ENSG00000145390', 'ENSG00000147526']",0.06852483,fold_13
4.1,subclass.full,Degenerative Outer Medullary Collecting Duct Principal Cell,1563,0.22344099126548853,0.2619047619047619,0.14075495841330773,105518,620,1343,220,5,"['ENSG00000085563', 'ENSG00000086758', 'ENSG00000156467', 'ENSG00000104964', 'ENSG00000197971']","['ENSG00000085563', 'ENSG00000086758', 'ENSG00000156467', 'ENSG00000171223', 'ENSG00000104964', 'ENSG00000197971', 'ENSG00000106617', 'ENSG00000188846', 'ENSG00000196262', 'ENSG00000188153']",0.102316745,fold_13
4.1,subclass.full,Degenerative Peritubular Capilary Endothelial Cell,127,0.03896103896103896,0.03501945525291829,0.07086614173228346,107326,248,118,9,4,"['ENSG00000130300', 'ENSG00000019582', 'ENSG00000154556', 'ENSG00000147526']","['ENSG00000130300', 'ENSG00000019582', 'ENSG00000154556', 'ENSG00000147526', 'ENSG00000137962']",0.04287287,fold_13
4.1,subclass.full,Degenerative Podocyte,192,0.2949438202247191,0.5121951219512195,0.109375,107489,20,171,21,2,"['ENSG00000152377', 'ENSG00000026025']","['ENSG00000152377', 'ENSG00000026025', 'ENSG00000182718', 'ENSG00000196262', 'ENSG00000178104']",0.18411359,fold_13
4.1,subclass.full,Degenerative Proximal Tubule Epithelial Cell,7586,0.3845611859534412,0.3913105821623172,0.3597416293171632,95870,4245,4857,2729,2,"['ENSG00000107611', 'ENSG00000205268']","['ENSG00000107611', 'ENSG00000205268', 'ENSG00000154655', 'ENSG00000154556']",0.21746698,fold_13
4.1,subclass.full,Degenerative Vascular Smooth Muscle Cell,762,0.6613611416026345,0.909433962264151,0.31627296587926507,106915,24,521,241,3,"['ENSG00000159176', 'ENSG00000065534', 'ENSG00000156467']","['ENSG00000159176', 'ENSG00000171223', 'ENSG00000166136', 'ENSG00000065534', 'ENSG00000173915', 'ENSG00000156467', 'ENSG00000077943', 'ENSG00000026025', 'ENSG00000134419', 'ENSG00000122406']",0.24460785,fold_13
4.1,subclass.full,Descending Thin Limb Cell Type 1,1529,0.33339611979657185,0.3746031746031746,0.2315238718116416,105581,591,1175,354,2,"['ENSG00000160209', 'ENSG00000175048']","['ENSG00000160209', 'ENSG00000187764', 'ENSG00000175048', 'ENSG00000188153', 'ENSG00000137962', 'ENSG00000173273', 'ENSG00000163625', 'ENSG00000186566', 'ENSG00000174373', 'ENSG00000100644']",0.13717452,fold_13
4.1,subclass.full,Descending Thin Limb Cell Type 2,908,0.20833333333333334,0.2649350649350649,0.11233480176211454,106510,283,806,102,4,"['ENSG00000187764', 'ENSG00000154655', 'ENSG00000175048', 'ENSG00000188153']","['ENSG00000187764', 'ENSG00000154655', 'ENSG00000175048', 'ENSG00000188153', 'ENSG00000160209', 'ENSG00000139746', 'ENSG00000099250', 'ENSG00000198911', 'ENSG00000173273', 'ENSG00000137962']",0.099821545,fold_13
4.1,subclass.full,Descending Thin Limb Cell Type 3,1392,0.27406073082861554,0.2670846394984326,0.30603448275862066,105140,1169,966,426,3,"['ENSG00000042062', 'ENSG00000160209', 'ENSG00000188153']","['ENSG00000198429', 'ENSG00000042062', 'ENSG00000187764', 'ENSG00000106526', 'ENSG00000160209', 'ENSG00000188153', 'ENSG00000159216', 'ENSG00000178104', 'ENSG00000175048', 'ENSG00000162434']",0.10503361,fold_13
4.1,subclass.full,Descending Vasa Recta Endothelial Cell,1880,0.30453020134228187,0.3558823529411765,0.1930851063829787,105164,657,1517,363,3,"['ENSG00000076356', 'ENSG00000148175', 'ENSG00000147526']","['ENSG00000076356', 'ENSG00000148175', 'ENSG00000139083', 'ENSG00000154556', 'ENSG00000147526', 'ENSG00000137962', 'ENSG00000174373', 'ENSG00000145687', 'ENSG00000180357', 'ENSG00000100644']",0.452078,fold_13
4.1,subclass.full,Distal Convoluted Tubule Cell Type 1,3551,0.7726686721100129,0.8896585848589807,0.5063362433117432,103927,223,1753,1798,2,"['ENSG00000070915', 'ENSG00000036828']","['ENSG00000145536', 'ENSG00000119121', 'ENSG00000172379', 'ENSG00000070915', 'ENSG00000036828', 'ENSG00000138600', 'ENSG00000137819', 'ENSG00000182985', 'ENSG00000162402', 'ENSG00000175048']",0.19539827,fold_13
4.1,subclass.full,Distal Convoluted Tubule Cell Type 2,363,0.1087197692478367,0.0945945945945946,0.2699724517906336,106400,938,265,98,3,"['ENSG00000119121', 'ENSG00000070915', 'ENSG00000137819']","['ENSG00000119121', 'ENSG00000070915', 'ENSG00000137819', 'ENSG00000138600', 'ENSG00000148090', 'ENSG00000162402', 'ENSG00000182985', 'ENSG00000106617', 'ENSG00000050628', 'ENSG00000118596']",0.26126876,fold_13
4.1,subclass.full,Fibroblast,1865,0.18675123326286117,0.26588628762541805,0.08525469168900804,105397,439,1706,159,3,"['ENSG00000099250', 'ENSG00000150347', 'ENSG00000147526']","['ENSG00000099250', 'ENSG00000197321', 'ENSG00000139083', 'ENSG00000150347', 'ENSG00000147526', 'ENSG00000145687', 'ENSG00000145390']",0.042642467,fold_13
4.1,subclass.full,Glomerular Capillary Endothelial Cell,1830,0.48300536672629696,0.8503937007874016,0.17704918032786884,105814,57,1506,324,2,"['ENSG00000077943', 'ENSG00000019582']","['ENSG00000162852', 'ENSG00000131634', 'ENSG00000077943', 'ENSG00000019582', 'ENSG00000175048', 'ENSG00000099250', 'ENSG00000131018', 'ENSG00000147526', 'ENSG00000137962', 'ENSG00000154556']",0.1364345,fold_13
4.1,subclass.full,Inner Medullary Collecting Duct Cell,4095,0.41298057048367093,0.4995,0.24395604395604395,102605,1001,3096,999,4,"['ENSG00000173890', 'ENSG00000102934', 'ENSG00000138698', 'ENSG00000178104']","['ENSG00000173890', 'ENSG00000102934', 'ENSG00000128652', 'ENSG00000138698', 'ENSG00000197971', 'ENSG00000178104', 'ENSG00000182985', 'ENSG00000197321', 'ENSG00000182718', 'ENSG00000270647']",0.18001091,fold_13
4.1,subclass.full,Intercalated Cell Type B,1114,0.5620848237097599,0.6285714285714286,0.39497307001795334,106327,260,674,440,1,['ENSG00000074410'],"['ENSG00000075790', 'ENSG00000142156', 'ENSG00000112893', 'ENSG00000074410', 'ENSG00000106617', 'ENSG00000169756', 'ENSG00000113732', 'ENSG00000050628', 'ENSG00000162434', 'ENSG00000131508']",0.09005353,fold_13
4.1,subclass.full,Lymphatic Endothelial Cell,136,0.20588235294117646,0.27450980392156865,0.10294117647058823,107528,37,122,14,3,"['ENSG00000175048', 'ENSG00000106617', 'ENSG00000182718']","['ENSG00000175048', 'ENSG00000106617', 'ENSG00000182718', 'ENSG00000139083', 'ENSG00000145687', 'ENSG00000137962']",0.072047,fold_13
4.1,subclass.full,M2 Macrophage,1355,0.21031033598358553,0.2578616352201258,0.12103321033210332,105874,472,1191,164,2,"['ENSG00000159216', 'ENSG00000019582']","['ENSG00000159216', 'ENSG00000019582', 'ENSG00000139083']",0.05844719,fold_13
4.1,subclass.full,Macula Densa Cell,1186,0.1518804243008679,0.28378378378378377,0.05311973018549747,106356,159,1123,63,2,"['ENSG00000113732', 'ENSG00000178104']","['ENSG00000036828', 'ENSG00000112893', 'ENSG00000113732', 'ENSG00000150347', 'ENSG00000178104', 'ENSG00000197321', 'ENSG00000100697', 'ENSG00000074410', 'ENSG00000145687', 'ENSG00000145390']",0.0626653,fold_13
4.1,subclass.full,Mast Cell,112,0.7875,0.875,0.5625,107580,9,49,63,1,['ENSG00000185052'],['ENSG00000185052'],1.0,fold_13
4.1,subclass.full,Medullary Fibroblast,4589,0.7237631448937822,0.8563674321503132,0.446938330791022,102768,344,2538,2051,2,"['ENSG00000042062', 'ENSG00000077943']","['ENSG00000163297', 'ENSG00000042062', 'ENSG00000077943', 'ENSG00000065534', 'ENSG00000175048', 'ENSG00000178104', 'ENSG00000099250', 'ENSG00000145687', 'ENSG00000145390', 'ENSG00000100644']",0.22217284,fold_13
4.1,subclass.full,Medullary Thick Ascending Limb Cell,4201,0.5262061494875427,0.6476923076923077,0.30064270411806715,102813,687,2938,1263,3,"['ENSG00000213918', 'ENSG00000042062', 'ENSG00000036828']","['ENSG00000144136', 'ENSG00000076356', 'ENSG00000213918', 'ENSG00000141401', 'ENSG00000042062', 'ENSG00000036828', 'ENSG00000118596', 'ENSG00000182985', 'ENSG00000159216', 'ENSG00000162402']",0.16234563,fold_13
4.1,subclass.full,Mesangial Cell,229,0.1834319526627219,0.2012987012987013,0.13537117903930132,107349,123,198,31,3,"['ENSG00000077943', 'ENSG00000152377', 'ENSG00000150347']","['ENSG00000077943', 'ENSG00000152377', 'ENSG00000150347', 'ENSG00000100697', 'ENSG00000099250', 'ENSG00000145687', 'ENSG00000145390', 'ENSG00000131018', 'ENSG00000183826', 'ENSG00000147526']",0.112142496,fold_13
4.1,subclass.full,Monocyte-derived Cell,1044,0.3181076672104405,0.4431818181818182,0.14942528735632185,106461,196,888,156,1,['ENSG00000019582'],"['ENSG00000019582', 'ENSG00000159216', 'ENSG00000139083']",0.10040456,fold_13
4.1,subclass.full,Myofibroblast,698,0.2452415812591508,0.40119760479041916,0.09598853868194843,106903,100,631,67,2,"['ENSG00000163359', 'ENSG00000197321']","['ENSG00000163359', 'ENSG00000065534', 'ENSG00000187109', 'ENSG00000197321', 'ENSG00000213079', 'ENSG00000150347', 'ENSG00000099250', 'ENSG00000139083', 'ENSG00000145687', 'ENSG00000145390']",0.3676321,fold_13
4.1,subclass.full,Natural Killer Cell / Natural Killer T Cell,573,0.2720658019614046,0.26584234930448225,0.30017452006980805,106653,475,401,172,2,"['ENSG00000134419', 'ENSG00000196262']","['ENSG00000134419', 'ENSG00000171863', 'ENSG00000122406', 'ENSG00000188846', 'ENSG00000196262']",0.12814087,fold_13
4.1,subclass.full,Non-classical Monocyte,244,0.07716049382716049,0.25,0.020491803278688523,107442,15,239,5,2,"['ENSG00000070756', 'ENSG00000100697']","['ENSG00000070756', 'ENSG00000019582', 'ENSG00000100697']",0.111532755,fold_13
4.1,subclass.full,Outer Medullary Collecting Duct Intercalated Cell Type A,938,0.39079229122055675,0.4699570815450644,0.23347547974413646,106516,247,719,219,4,"['ENSG00000146950', 'ENSG00000072274', 'ENSG00000102934', 'ENSG00000091947']","['ENSG00000146950', 'ENSG00000072274', 'ENSG00000139433', 'ENSG00000102934', 'ENSG00000173890', 'ENSG00000091947', 'ENSG00000128652', 'ENSG00000078618', 'ENSG00000154655', 'ENSG00000169756']",0.3484351,fold_13
4.1,subclass.full,Outer Medullary Collecting Duct Principal Cell,896,0.23636363636363636,0.31901840490797545,0.11607142857142858,106583,222,792,104,5,"['ENSG00000085563', 'ENSG00000168916', 'ENSG00000173890', 'ENSG00000152348', 'ENSG00000106617']","['ENSG00000085563', 'ENSG00000168916', 'ENSG00000173890', 'ENSG00000152348', 'ENSG00000128652', 'ENSG00000106617', 'ENSG00000197971', 'ENSG00000188153', 'ENSG00000270647', 'ENSG00000198911']",0.23962498,fold_13
4.1,subclass.full,Papillary Tip Epithelial Cell,400,0.4143646408839779,0.7407407407407407,0.15,107280,21,340,60,3,"['ENSG00000185442', 'ENSG00000168502', 'ENSG00000070756']","['ENSG00000185442', 'ENSG00000168502', 'ENSG00000120992', 'ENSG00000118898', 'ENSG00000083828', 'ENSG00000070756', 'ENSG00000171223', 'ENSG00000104964', 'ENSG00000188846', 'ENSG00000182718']",0.32755986,fold_13
4.1,subclass.full,Parietal Epithelial Cell,778,0.21967526265520534,0.2796352583586626,0.11825192802056556,106686,237,686,92,2,"['ENSG00000188153', 'ENSG00000131018']","['ENSG00000188153', 'ENSG00000182718', 'ENSG00000099250', 'ENSG00000150347', 'ENSG00000137962', 'ENSG00000131018']",0.03489132,fold_13
4.1,subclass.full,Peritubular Capilary Endothelial Cell ,4148,0.5490607513988809,0.7501706484641638,0.264946962391514,103187,366,3049,1099,2,"['ENSG00000130300', 'ENSG00000019582']","['ENSG00000130300', 'ENSG00000019582', 'ENSG00000147526', 'ENSG00000137962', 'ENSG00000154556']",0.20270306,fold_13
4.1,subclass.full,Plasma Cell,121,0.0053370336766825,0.004297378599054577,0.1652892561983471,102946,4634,101,20,1,['ENSG00000139083'],['ENSG00000139083'],0.0082424795,fold_13
4.1,subclass.full,Plasmacytoid Dendritic Cell,31,0.2112676056338028,0.3,0.0967741935483871,107663,7,28,3,4,"['ENSG00000147010', 'ENSG00000138698', 'ENSG00000205268', 'ENSG00000019582']","['ENSG00000147010', 'ENSG00000138698', 'ENSG00000205268', 'ENSG00000091138', 'ENSG00000162402', 'ENSG00000019582', 'ENSG00000099250', 'ENSG00000139083', 'ENSG00000131508', 'ENSG00000173120']",0.199074,fold_13
4.1,subclass.full,Podocyte,1066,0.8085169743895175,0.9476439790575916,0.5093808630393997,106605,30,523,543,2,"['ENSG00000079335', 'ENSG00000183287']","['ENSG00000079335', 'ENSG00000183287', 'ENSG00000140450', 'ENSG00000178852', 'ENSG00000134250', 'ENSG00000152377', 'ENSG00000178104', 'ENSG00000188153', 'ENSG00000182718', 'ENSG00000270647']",1.0,fold_13
4.1,subclass.full,Proximal Tubule Epithelial Cell Segment 1 / Segment 2,8551,0.4222429712625791,0.37473145780051154,0.8567419015319846,86926,12224,1225,7326,1,['ENSG00000107611'],"['ENSG00000107611', 'ENSG00000154655']",0.2904968,fold_13
4.1,subclass.full,Proximal Tubule Epithelial Cell Segment 3,2124,0.3202479338842975,0.4565537555228277,0.14595103578154425,105208,369,1814,310,3,"['ENSG00000107611', 'ENSG00000197321', 'ENSG00000099250']","['ENSG00000107611', 'ENSG00000205268', 'ENSG00000154655', 'ENSG00000197321', 'ENSG00000099250', 'ENSG00000154556']",0.05474348,fold_13
4.1,subclass.full,Renin-positive Juxtaglomerular Granular Cell,60,0.07352941176470588,0.5,0.016666666666666666,107640,1,59,1,4,"['ENSG00000077943', 'ENSG00000150347', 'ENSG00000100644', 'ENSG00000147526']","['ENSG00000077943', 'ENSG00000150347', 'ENSG00000175048', 'ENSG00000100644', 'ENSG00000147526']",0.05224941,fold_13
4.1,subclass.full,Schwann Cell / Neural,35,0.1282051282051282,1.0,0.02857142857142857,107666,0,34,1,2,"['ENSG00000182985', 'ENSG00000145390']","['ENSG00000182985', 'ENSG00000154556', 'ENSG00000145390']",0.06440355,fold_13
4.1,subclass.full,Transitional Principal-Intercalated Cell,171,0.049674546077423776,0.042212518195050945,0.1695906432748538,106872,658,142,29,5,"['ENSG00000173890', 'ENSG00000091947', 'ENSG00000171223', 'ENSG00000104964', 'ENSG00000197971']","['ENSG00000173890', 'ENSG00000102934', 'ENSG00000091947', 'ENSG00000171223', 'ENSG00000104964', 'ENSG00000197971', 'ENSG00000078618', 'ENSG00000106617', 'ENSG00000050628', 'ENSG00000100697']",0.101227246,fold_13
4.1,subclass.full,Vascular Smooth Muscle Cell,491,0.24283935242839352,0.5,0.07942973523421588,107171,39,452,39,3,"['ENSG00000077943', 'ENSG00000154556', 'ENSG00000145687']","['ENSG00000065534', 'ENSG00000077943', 'ENSG00000175048', 'ENSG00000154556', 'ENSG00000099250', 'ENSG00000145687', 'ENSG00000150347', 'ENSG00000147526']",0.057590015,fold_13
4.1,subclass.full,Vascular Smooth Muscle Cell / Pericyte,1443,0.12106385647973905,0.11825980392156862,0.13374913374913375,104819,1439,1250,193,3,"['ENSG00000099250', 'ENSG00000145687', 'ENSG00000147526']","['ENSG00000099250', 'ENSG00000145687', 'ENSG00000147526']",0.042450946,fold_13
4.1,subclass.full,Adaptive / Maladaptive / Repairing Fibroblast,425,0.10359869138495092,0.15447154471544716,0.04470588235294118,107172,104,406,19,3,"['ENSG00000198121', 'ENSG00000110422', 'ENSG00000065883']","['ENSG00000112964', 'ENSG00000198121', 'ENSG00000110422', 'ENSG00000182197', 'ENSG00000065883']",0.10363886,fold_14
4.1,subclass.full,Adaptive / Maladaptive / Repairing Proximal Tubule Epithelial Cell,5872,0.47752808988764045,0.533838657282079,0.3358310626702997,100107,1722,3900,1972,2,"['ENSG00000100767', 'ENSG00000105855']","['ENSG00000100767', 'ENSG00000134909', 'ENSG00000175806', 'ENSG00000153774', 'ENSG00000105855', 'ENSG00000054118', 'ENSG00000173821', 'ENSG00000082068', 'ENSG00000153822', 'ENSG00000177570']",0.5443186,fold_14
4.1,subclass.full,Adaptive / Maladaptive / Repairing Thick Ascending Limb Cell,2787,0.3526760563380282,0.41130091984231276,0.22461428058844635,104018,896,2161,626,3,"['ENSG00000074803', 'ENSG00000105855', 'ENSG00000182621']","['ENSG00000092978', 'ENSG00000163075', 'ENSG00000074803', 'ENSG00000111110', 'ENSG00000105855', 'ENSG00000182621', 'ENSG00000107929', 'ENSG00000173821', 'ENSG00000133121', 'ENSG00000177570']",0.0746564,fold_14
4.1,subclass.full,Afferent / Efferent Arteriole Endothelial Cell,563,0.38961038961038963,0.5066666666666667,0.2024866785079929,107027,111,449,114,2,"['ENSG00000151468', 'ENSG00000131389']","['ENSG00000151468', 'ENSG00000131389', 'ENSG00000187239', 'ENSG00000163513', 'ENSG00000182621', 'ENSG00000092841', 'ENSG00000205542']",0.8275074,fold_14
4.1,subclass.full,Ascending Thin Limb Cell,1765,0.3857745629897529,0.47820672478206727,0.21756373937677054,105517,419,1381,384,3,"['ENSG00000154127', 'ENSG00000187416', 'ENSG00000104237']","['ENSG00000154127', 'ENSG00000187416', 'ENSG00000104237', 'ENSG00000105221', 'ENSG00000163075', 'ENSG00000135253', 'ENSG00000111110', 'ENSG00000105855', 'ENSG00000133121', 'ENSG00000182621']",0.24930646,fold_14
4.1,subclass.full,Ascending Vasa Recta Endothelial Cell,2580,0.18254950495049505,0.1891891891891892,0.16007751937984496,103351,1770,2167,413,3,"['ENSG00000163513', 'ENSG00000083168', 'ENSG00000205542']","['ENSG00000163513', 'ENSG00000083168', 'ENSG00000182621', 'ENSG00000173821', 'ENSG00000205542', 'ENSG00000151532', 'ENSG00000188994']",0.07209854,fold_14
4.1,subclass.full,B Cell,422,0.6229327453142227,0.6494252873563219,0.5355450236966824,107157,122,196,226,1,['ENSG00000136573'],['ENSG00000136573'],1.0,fold_14
4.1,subclass.full,Classical Dendritic Cell,58,0.9047619047619048,1.0,0.6551724137931034,107643,0,20,38,1,['ENSG00000128815'],"['ENSG00000128815', 'ENSG00000156675', 'ENSG00000151461', 'ENSG00000187239', 'ENSG00000111110', 'ENSG00000083168', 'ENSG00000153310', 'ENSG00000130638', 'ENSG00000107929', 'ENSG00000177570']",0.65949315,fold_14
4.1,subclass.full,Connecting Tubule Cell,2945,0.17430167597765364,0.17862595419847327,0.15891341256366723,102604,2152,2477,468,3,"['ENSG00000066382', 'ENSG00000079482', 'ENSG00000171843']","['ENSG00000107485', 'ENSG00000066382', 'ENSG00000105810', 'ENSG00000166589', 'ENSG00000079482', 'ENSG00000171843', 'ENSG00000153822', 'ENSG00000120306', 'ENSG00000177570', 'ENSG00000153310']",0.056699462,fold_14
4.1,subclass.full,Connecting Tubule Intercalated Cell Type A,110,0.018570102135561744,0.015655577299412915,0.07272727272727272,107088,503,102,8,6,"['ENSG00000068878', 'ENSG00000078618', 'ENSG00000198742', 'ENSG00000066382', 'ENSG00000166589', 'ENSG00000083168']","['ENSG00000068878', 'ENSG00000078618', 'ENSG00000198742', 'ENSG00000066382', 'ENSG00000166589', 'ENSG00000083168', 'ENSG00000147649', 'ENSG00000130638', 'ENSG00000173821', 'ENSG00000120306']",0.06186731,fold_14
4.1,subclass.full,Connecting Tubule Principal Cell,2145,0.48047162859248344,0.5620689655172414,0.303962703962704,105048,508,1493,652,2,"['ENSG00000159167', 'ENSG00000135940']","['ENSG00000159167', 'ENSG00000196754', 'ENSG00000168447', 'ENSG00000135940', 'ENSG00000074696', 'ENSG00000107485', 'ENSG00000166589', 'ENSG00000105810', 'ENSG00000066382', 'ENSG00000120306']",0.5619785,fold_14
4.1,subclass.full,Cortical Collecting Duct Intercalated Cell Type A,3517,0.4258047967166859,0.6205607476635514,0.18879727040090988,103778,406,2853,664,2,"['ENSG00000198742', 'ENSG00000066382']","['ENSG00000078618', 'ENSG00000198742', 'ENSG00000066382', 'ENSG00000120306', 'ENSG00000177570', 'ENSG00000153310']",0.0963873,fold_14
4.1,subclass.full,Cortical Collecting Duct Principal Cell,2471,0.40156072183384817,0.5369565217391304,0.19991906110886282,104804,426,1977,494,3,"['ENSG00000105939', 'ENSG00000168447', 'ENSG00000066382']","['ENSG00000105939', 'ENSG00000168447', 'ENSG00000118217', 'ENSG00000107485', 'ENSG00000105810', 'ENSG00000066382', 'ENSG00000105855', 'ENSG00000107929', 'ENSG00000133121', 'ENSG00000166589']",0.15648282,fold_14
4.1,subclass.full,Cortical Thick Ascending Limb Cell,7354,0.6065366558324304,0.6607002360346184,0.45675822681533856,98622,1725,3995,3359,2,"['ENSG00000074803', 'ENSG00000137731']","['ENSG00000213918', 'ENSG00000168710', 'ENSG00000104237', 'ENSG00000074803', 'ENSG00000137731', 'ENSG00000139163', 'ENSG00000166589', 'ENSG00000182621', 'ENSG00000120306', 'ENSG00000092841']",0.10713253,fold_14
4.1,subclass.full,Cycling Connecting Tubule Cell,12,0.015060240963855422,0.0125,0.08333333333333333,107610,79,11,1,3,"['ENSG00000176542', 'ENSG00000118961', 'ENSG00000171316']","['ENSG00000092140', 'ENSG00000050030', 'ENSG00000176542', 'ENSG00000118961', 'ENSG00000081913', 'ENSG00000171316', 'ENSG00000180801', 'ENSG00000134444', 'ENSG00000135253', 'ENSG00000168447']",1.0,fold_14
4.1,subclass.full,Cycling Distal Convoluted Tubule Cell,6,0.5,1.0,0.16666666666666666,107695,0,5,1,3,"['ENSG00000023330', 'ENSG00000144161', 'ENSG00000170113']","['ENSG00000023330', 'ENSG00000144161', 'ENSG00000170113', 'ENSG00000185591', 'ENSG00000135720', 'ENSG00000120889', 'ENSG00000162613', 'ENSG00000124795', 'ENSG00000180801', 'ENSG00000141232']",1.0,fold_14
4.1,subclass.full,Cycling Endothelial Cell,54,0.06756756756756757,0.2,0.018518518518518517,107643,4,53,1,2,"['ENSG00000076356', 'ENSG00000182621']","['ENSG00000076356', 'ENSG00000163513', 'ENSG00000083168', 'ENSG00000182621', 'ENSG00000173821', 'ENSG00000171843', 'ENSG00000133121', 'ENSG00000151532']",0.11595866,fold_14
4.1,subclass.full,Cycling Mononuclear Phagocyte,48,0.08928571428571429,0.5,0.020833333333333332,107652,1,47,1,1,['ENSG00000173821'],"['ENSG00000124795', 'ENSG00000187239', 'ENSG00000083168', 'ENSG00000173821', 'ENSG00000153310']",0.04598902,fold_14
4.1,subclass.full,Cycling Myofibroblast,18,0.08620689655172414,0.1,0.05555555555555555,107674,9,17,1,4,"['ENSG00000197712', 'ENSG00000139496', 'ENSG00000077044', 'ENSG00000122417']","['ENSG00000197712', 'ENSG00000139496', 'ENSG00000077044', 'ENSG00000145623', 'ENSG00000122417', 'ENSG00000109911', 'ENSG00000198121', 'ENSG00000112893', 'ENSG00000092978', 'ENSG00000068878']",1.0,fold_14
4.1,subclass.full,Cycling Natural Killer Cell / Natural Killer T Cell,16,0.4166666666666667,1.0,0.125,107685,0,14,2,3,"['ENSG00000137309', 'ENSG00000164754', 'ENSG00000103187']","['ENSG00000137309', 'ENSG00000164754', 'ENSG00000124795', 'ENSG00000115875', 'ENSG00000103187', 'ENSG00000164032', 'ENSG00000130520', 'ENSG00000170043', 'ENSG00000196504', 'ENSG00000051523']",1.0,fold_14
4.1,subclass.full,Cycling Proximal Tubule Epithelial Cell,145,0.014492753623188406,0.02,0.006896551724137931,107507,49,144,1,5,"['ENSG00000054118', 'ENSG00000173821', 'ENSG00000082068', 'ENSG00000177570', 'ENSG00000114439']","['ENSG00000054118', 'ENSG00000173821', 'ENSG00000082068', 'ENSG00000177570', 'ENSG00000153822', 'ENSG00000114439', 'ENSG00000153310', 'ENSG00000153187', 'ENSG00000188994']",0.026942834,fold_14
4.1,subclass.full,Degenerative Ascending Thin Limb Cell,1100,0.40507364975450083,0.5892857142857143,0.18,106463,138,902,198,3,"['ENSG00000106538', 'ENSG00000104237', 'ENSG00000137731']","['ENSG00000154127', 'ENSG00000187416', 'ENSG00000106538', 'ENSG00000104237', 'ENSG00000137731', 'ENSG00000163075', 'ENSG00000104763', 'ENSG00000068697', 'ENSG00000105855', 'ENSG00000162244']",0.116853856,fold_14
4.1,subclass.full,Degenerative Connecting Tubule Cell,356,0.06924198250728864,0.07480314960629922,0.05337078651685393,107110,235,337,19,4,"['ENSG00000164919', 'ENSG00000135940', 'ENSG00000068697', 'ENSG00000166589']","['ENSG00000164919', 'ENSG00000135940', 'ENSG00000068697', 'ENSG00000166589', 'ENSG00000107485', 'ENSG00000105810', 'ENSG00000066382', 'ENSG00000162244', 'ENSG00000196262', 'ENSG00000171843']",0.05064305,fold_14
4.1,subclass.full,Degenerative Cortical Intercalated Cell Type A,1034,0.5637813211845103,0.7425,0.2872340425531915,106564,103,737,297,2,"['ENSG00000213185', 'ENSG00000116251']","['ENSG00000213185', 'ENSG00000005022', 'ENSG00000137731', 'ENSG00000163812', 'ENSG00000116251', 'ENSG00000164919', 'ENSG00000135940', 'ENSG00000149806', 'ENSG00000196262', 'ENSG00000162244']",0.607548,fold_14
4.1,subclass.full,Degenerative Cortical Thick Ascending Limb Cell,346,0.243142144638404,0.34210526315789475,0.11271676300578035,107280,75,307,39,3,"['ENSG00000137731', 'ENSG00000051523', 'ENSG00000092841']","['ENSG00000137731', 'ENSG00000051523', 'ENSG00000149806', 'ENSG00000162244', 'ENSG00000196262', 'ENSG00000092841', 'ENSG00000120306', 'ENSG00000205542', 'ENSG00000080824']",0.11754795,fold_14
4.1,subclass.full,Degenerative Descending Thin Limb Cell Type 3,399,0.48250265111346763,0.6691176470588235,0.22807017543859648,107257,45,308,91,2,"['ENSG00000187957', 'ENSG00000145623']","['ENSG00000187957', 'ENSG00000119125', 'ENSG00000064932', 'ENSG00000166446', 'ENSG00000145623', 'ENSG00000278053', 'ENSG00000131389', 'ENSG00000187416', 'ENSG00000106799', 'ENSG00000105221']",0.8983329,fold_14
4.1,subclass.full,Degenerative Distal Convoluted Tubule Cell,1535,0.5058173930191284,0.580316742081448,0.33420195439739414,105795,371,1022,513,3,"['ENSG00000213918', 'ENSG00000106538', 'ENSG00000135940']","['ENSG00000137731', 'ENSG00000168710', 'ENSG00000213918', 'ENSG00000005022', 'ENSG00000106538', 'ENSG00000135940', 'ENSG00000164919', 'ENSG00000142168', 'ENSG00000116251', 'ENSG00000232112']",0.23210841,fold_14
4.1,subclass.full,Degenerative Endothelial Cell,70,0.13043478260869565,0.15,0.08571428571428572,107597,34,64,6,4,"['ENSG00000162244', 'ENSG00000092841', 'ENSG00000205542', 'ENSG00000080824']","['ENSG00000162244', 'ENSG00000092841', 'ENSG00000205542', 'ENSG00000080824']",0.047861457,fold_14
4.1,subclass.full,Degenerative Fibroblast,90,0.1984126984126984,0.5555555555555556,0.05555555555555555,107607,4,85,5,1,['ENSG00000106538'],"['ENSG00000172216', 'ENSG00000106538', 'ENSG00000068697', 'ENSG00000149806', 'ENSG00000162244', 'ENSG00000196262', 'ENSG00000092841', 'ENSG00000205542']",0.28646478,fold_14
4.1,subclass.full,Degenerative Inner Medullary Collecting Duct Cell,1773,0.46081749544389483,0.6847195357833655,0.1996615905245347,105765,163,1419,354,5,"['ENSG00000127951', 'ENSG00000106799', 'ENSG00000164032', 'ENSG00000135253', 'ENSG00000051523']","['ENSG00000127951', 'ENSG00000106799', 'ENSG00000164032', 'ENSG00000135253', 'ENSG00000104763', 'ENSG00000051523', 'ENSG00000074696', 'ENSG00000068697', 'ENSG00000107485', 'ENSG00000066382']",0.0961026,fold_14
4.1,subclass.full,Degenerative Medullary Fibroblast,656,0.029976717112922,0.024212505876821815,0.6280487804878049,90441,16604,244,412,1,['ENSG00000205542'],['ENSG00000205542'],0.040052056,fold_14
4.1,subclass.full,Degenerative Medullary Thick Ascending Limb Cell,831,0.10948161727263468,0.09568313306631064,0.25872442839951865,104838,2032,616,215,3,"['ENSG00000074803', 'ENSG00000182621', 'ENSG00000166589']","['ENSG00000074803', 'ENSG00000182621', 'ENSG00000166589', 'ENSG00000153822', 'ENSG00000177570']",0.06362583,fold_14
4.1,subclass.full,Degenerative Outer Medullary Collecting Duct Principal Cell,1563,0.4079696394686907,0.4867924528301887,0.2476007677543186,105730,408,1176,387,4,"['ENSG00000127951', 'ENSG00000168447', 'ENSG00000104763', 'ENSG00000107485']","['ENSG00000127951', 'ENSG00000105939', 'ENSG00000142188', 'ENSG00000168447', 'ENSG00000104763', 'ENSG00000107485', 'ENSG00000166589', 'ENSG00000105810', 'ENSG00000196262', 'ENSG00000066382']",0.15141098,fold_14
4.1,subclass.full,Degenerative Peritubular Capilary Endothelial Cell,127,0.005082903915588741,0.004084507042253521,0.2283464566929134,100503,7071,98,29,2,"['ENSG00000182621', 'ENSG00000205542']","['ENSG00000182621', 'ENSG00000205542']",0.028837223,fold_14
4.1,subclass.full,Degenerative Podocyte,192,0.24647887323943662,0.6086956521739131,0.07291666666666667,107500,9,178,14,2,"['ENSG00000168140', 'ENSG00000205542']","['ENSG00000168140', 'ENSG00000105855', 'ENSG00000196262', 'ENSG00000092841', 'ENSG00000205542']",0.5257445,fold_14
4.1,subclass.full,Degenerative Proximal Tubule Epithelial Cell,7586,0.37707492148945715,0.4572905331882481,0.22159240706564726,98120,1995,5905,1681,2,"['ENSG00000175806', 'ENSG00000140443']","['ENSG00000175806', 'ENSG00000153822', 'ENSG00000140443']",0.12902114,fold_14
4.1,subclass.full,Degenerative Vascular Smooth Muscle Cell,762,0.3606060606060606,0.536036036036036,0.15616797900262466,106836,103,643,119,4,"['ENSG00000172216', 'ENSG00000141232', 'ENSG00000106538', 'ENSG00000164919']","['ENSG00000172216', 'ENSG00000141232', 'ENSG00000106538', 'ENSG00000116251', 'ENSG00000164919', 'ENSG00000135940', 'ENSG00000232112', 'ENSG00000068697', 'ENSG00000104763', 'ENSG00000149806']",0.28308633,fold_14
4.1,subclass.full,Descending Thin Limb Cell Type 1,1529,0.343801652892562,0.5561497326203209,0.13603662524525834,106006,166,1321,208,3,"['ENSG00000165443', 'ENSG00000074803', 'ENSG00000111110']","['ENSG00000165443', 'ENSG00000077063', 'ENSG00000074803', 'ENSG00000111110', 'ENSG00000153774', 'ENSG00000079482', 'ENSG00000105855', 'ENSG00000143951', 'ENSG00000130638', 'ENSG00000182621']",0.12523225,fold_14
4.1,subclass.full,Descending Thin Limb Cell Type 2,908,0.39935530085959886,0.4734607218683652,0.24559471365638766,106545,248,685,223,2,"['ENSG00000156687', 'ENSG00000165443']","['ENSG00000156687', 'ENSG00000150893', 'ENSG00000165443', 'ENSG00000074803', 'ENSG00000187239', 'ENSG00000111110', 'ENSG00000143951', 'ENSG00000105855', 'ENSG00000079482', 'ENSG00000171843']",0.6647945,fold_14
4.1,subclass.full,Descending Thin Limb Cell Type 3,1392,0.31985032074126873,0.3402843601895735,0.2579022988505747,105613,696,1033,359,3,"['ENSG00000154127', 'ENSG00000165443', 'ENSG00000077063']","['ENSG00000154127', 'ENSG00000165443', 'ENSG00000187416', 'ENSG00000105221', 'ENSG00000077063', 'ENSG00000135253', 'ENSG00000163075', 'ENSG00000111110', 'ENSG00000079482', 'ENSG00000182621']",0.2814268,fold_14
4.1,subclass.full,Descending Vasa Recta Endothelial Cell,1880,0.25068997240110397,0.25586854460093894,0.23191489361702128,104553,1268,1444,436,3,"['ENSG00000076356', 'ENSG00000187239', 'ENSG00000182621']","['ENSG00000076356', 'ENSG00000187239', 'ENSG00000105810', 'ENSG00000083168', 'ENSG00000163513', 'ENSG00000182621', 'ENSG00000171843', 'ENSG00000151532', 'ENSG00000182197', 'ENSG00000205542']",0.098041326,fold_14
4.1,subclass.full,Distal Convoluted Tubule Cell Type 1,3551,0.24511545293072823,0.26225769669327254,0.1943114615601239,102209,1941,2861,690,3,"['ENSG00000139163', 'ENSG00000079482', 'ENSG00000153822']","['ENSG00000204152', 'ENSG00000139163', 'ENSG00000079482', 'ENSG00000083168', 'ENSG00000153822', 'ENSG00000082068', 'ENSG00000147649', 'ENSG00000171843', 'ENSG00000188994', 'ENSG00000177570']",0.06900746,fold_14
4.1,subclass.full,Distal Convoluted Tubule Cell Type 2,363,0.058931860036832415,0.05442176870748299,0.0881542699724518,106782,556,331,32,5,"['ENSG00000139163', 'ENSG00000079482', 'ENSG00000153822', 'ENSG00000171843', 'ENSG00000082068']","['ENSG00000139163', 'ENSG00000079482', 'ENSG00000166589', 'ENSG00000153822', 'ENSG00000171843', 'ENSG00000082068', 'ENSG00000120306', 'ENSG00000177570', 'ENSG00000153310', 'ENSG00000151532']",0.05017073,fold_14
4.1,subclass.full,Fibroblast,1865,0.3205629397967162,0.49898580121703856,0.1319034852546917,105589,247,1619,246,2,"['ENSG00000198121', 'ENSG00000198742']","['ENSG00000198121', 'ENSG00000112964', 'ENSG00000198742', 'ENSG00000182197']",0.20706558,fold_14
4.1,subclass.full,Glomerular Capillary Endothelial Cell,1830,0.45970356646595645,0.6382636655948553,0.21693989071038253,105646,225,1433,397,2,"['ENSG00000163513', 'ENSG00000205542']","['ENSG00000163513', 'ENSG00000133121', 'ENSG00000092841', 'ENSG00000205542']",0.08630649,fold_14
4.1,subclass.full,Inner Medullary Collecting Duct Cell,4095,0.4586191129401006,0.5865497076023392,0.24493284493284492,102899,707,3092,1003,4,"['ENSG00000148481', 'ENSG00000106799', 'ENSG00000135253', 'ENSG00000107485']","['ENSG00000148481', 'ENSG00000069974', 'ENSG00000106799', 'ENSG00000135253', 'ENSG00000107485', 'ENSG00000104763', 'ENSG00000066382', 'ENSG00000079482', 'ENSG00000171843', 'ENSG00000177570']",0.2990898,fold_14
4.1,subclass.full,Intercalated Cell Type B,1114,0.13236390753169278,0.18112244897959184,0.06373429084380611,106266,321,1043,71,2,"['ENSG00000112893', 'ENSG00000177570']","['ENSG00000112893', 'ENSG00000054118', 'ENSG00000120306', 'ENSG00000147649', 'ENSG00000177570']",0.08240689,fold_14
4.1,subclass.full,Lymphatic Endothelial Cell,136,0.03571428571428571,1.0,0.007352941176470588,107565,0,135,1,2,"['ENSG00000163513', 'ENSG00000182621']","['ENSG00000163513', 'ENSG00000083168', 'ENSG00000182621']",0.0799976,fold_14
4.1,subclass.full,M2 Macrophage,1355,0.237741456166419,0.5783132530120482,0.07084870848708487,106276,70,1259,96,2,"['ENSG00000187239', 'ENSG00000133121']","['ENSG00000187239', 'ENSG00000133121', 'ENSG00000153310']",0.07437673,fold_14
4.1,subclass.full,Macula Densa Cell,1186,0.17002237136465326,0.1851400730816078,0.1281618887015177,105846,669,1034,152,3,"['ENSG00000074803', 'ENSG00000112893', 'ENSG00000139163']","['ENSG00000168710', 'ENSG00000074803', 'ENSG00000168216', 'ENSG00000112893', 'ENSG00000139163', 'ENSG00000182621', 'ENSG00000163513', 'ENSG00000083168', 'ENSG00000166589', 'ENSG00000153822']",0.11113202,fold_14
4.1,subclass.full,Mast Cell,112,0.009137887572472901,0.007362274689007363,0.25892857142857145,103679,3910,83,29,1,['ENSG00000175806'],['ENSG00000175806'],0.13200024,fold_14
4.1,subclass.full,Medullary Fibroblast,4589,0.5756474329850069,0.7899002493765586,0.27609500980605794,102775,337,3322,1267,2,"['ENSG00000137809', 'ENSG00000135111']","['ENSG00000137809', 'ENSG00000135111', 'ENSG00000198121', 'ENSG00000112964', 'ENSG00000139163', 'ENSG00000133121', 'ENSG00000182621', 'ENSG00000130638', 'ENSG00000171843', 'ENSG00000182197']",0.46727633,fold_14
4.1,subclass.full,Medullary Thick Ascending Limb Cell,4201,0.5672071620860202,0.6156982670744139,0.43132587479171625,102369,1131,2389,1812,2,"['ENSG00000260729', 'ENSG00000074803']","['ENSG00000260729', 'ENSG00000198793', 'ENSG00000076356', 'ENSG00000213918', 'ENSG00000104237', 'ENSG00000074803', 'ENSG00000105810', 'ENSG00000182621', 'ENSG00000066382', 'ENSG00000133121']",0.59016365,fold_14
4.1,subclass.full,Mesangial Cell,229,0.39235412474849096,0.582089552238806,0.1703056768558952,107444,28,190,39,2,"['ENSG00000144891', 'ENSG00000107485']","['ENSG00000144891', 'ENSG00000137809', 'ENSG00000110422', 'ENSG00000107485', 'ENSG00000133121', 'ENSG00000177570', 'ENSG00000147649', 'ENSG00000182197', 'ENSG00000114439', 'ENSG00000065883']",0.5410383,fold_14
4.1,subclass.full,Monocyte-derived Cell,1044,0.11558219178082192,0.10865191146881288,0.15517241379310345,105328,1329,882,162,1,['ENSG00000153310'],"['ENSG00000153310', 'ENSG00000205542']",0.041699026,fold_14
4.1,subclass.full,Myofibroblast,698,0.10183968462549277,0.15048543689320387,0.044412607449856735,106828,175,667,31,3,"['ENSG00000198121', 'ENSG00000198742', 'ENSG00000187239']","['ENSG00000198121', 'ENSG00000198742', 'ENSG00000187239', 'ENSG00000133121', 'ENSG00000130638', 'ENSG00000082068', 'ENSG00000182197', 'ENSG00000065883', 'ENSG00000188994']",0.12078719,fold_14
4.1,subclass.full,Natural Killer Cell / Natural Killer T Cell,573,0.23350846468184472,0.2807017543859649,0.13961605584642234,106923,205,493,80,3,"['ENSG00000051523', 'ENSG00000162244', 'ENSG00000196262']","['ENSG00000051523', 'ENSG00000116251', 'ENSG00000232112', 'ENSG00000149806', 'ENSG00000162244', 'ENSG00000196262', 'ENSG00000205542', 'ENSG00000092841']",0.08547281,fold_14
4.1,subclass.full,Neutrophil,89,0.012876298730130539,0.010383100608664519,0.3258426966292135,104848,2764,60,29,1,['ENSG00000205542'],['ENSG00000205542'],0.0437085,fold_14
4.1,subclass.full,Non-classical Monocyte,244,0.4396551724137931,0.6071428571428571,0.20901639344262296,107424,33,193,51,1,['ENSG00000163131'],"['ENSG00000163131', 'ENSG00000028277', 'ENSG00000103187', 'ENSG00000051523', 'ENSG00000104763', 'ENSG00000110422', 'ENSG00000173821', 'ENSG00000205542', 'ENSG00000153310']",1.0,fold_14
4.1,subclass.full,Outer Medullary Collecting Duct Intercalated Cell Type A,938,0.3960857409133271,0.5629139072847682,0.1812366737739872,106631,132,768,170,4,"['ENSG00000117479', 'ENSG00000163812', 'ENSG00000198793', 'ENSG00000278053']","['ENSG00000117479', 'ENSG00000163812', 'ENSG00000198793', 'ENSG00000278053', 'ENSG00000139433', 'ENSG00000180801', 'ENSG00000078618', 'ENSG00000077063', 'ENSG00000074803', 'ENSG00000066382']",0.50738275,fold_14
4.1,subclass.full,Outer Medullary Collecting Duct Principal Cell,896,0.35353535353535354,0.417910447761194,0.21875,106532,273,700,196,4,"['ENSG00000180801', 'ENSG00000168447', 'ENSG00000074803', 'ENSG00000107485']","['ENSG00000150893', 'ENSG00000180801', 'ENSG00000168447', 'ENSG00000105810', 'ENSG00000074803', 'ENSG00000107485', 'ENSG00000066382', 'ENSG00000143951', 'ENSG00000079482', 'ENSG00000083535']",0.15976794,fold_14
4.1,subclass.full,Papillary Tip Epithelial Cell,400,0.40399239543726234,0.5214723926380368,0.2125,107223,78,315,85,3,"['ENSG00000102554', 'ENSG00000135111', 'ENSG00000081913']","['ENSG00000102554', 'ENSG00000135111', 'ENSG00000196754', 'ENSG00000081913', 'ENSG00000134909', 'ENSG00000051523', 'ENSG00000107485', 'ENSG00000198742', 'ENSG00000162244', 'ENSG00000149806']",0.5270945,fold_14
4.1,subclass.full,Parietal Epithelial Cell,778,0.08437631837997468,0.07140731925022314,0.30848329048843187,103802,3121,538,240,2,"['ENSG00000077063', 'ENSG00000105855']","['ENSG00000077063', 'ENSG00000105855', 'ENSG00000153822']",0.12722708,fold_14
4.1,subclass.full,Peritubular Capilary Endothelial Cell ,4148,0.2508269018743109,0.46846846846846846,0.08775313404050145,103140,413,3784,364,2,"['ENSG00000163513', 'ENSG00000205542']","['ENSG00000163513', 'ENSG00000182621', 'ENSG00000205542']",0.05629108,fold_14
4.1,subclass.full,Plasma Cell,121,0.03262642740619902,0.032520325203252036,0.03305785123966942,107461,119,117,4,1,['ENSG00000147649'],['ENSG00000147649'],0.025718845,fold_14
4.1,subclass.full,Plasmacytoid Dendritic Cell,31,0.13513513513513514,0.15,0.0967741935483871,107653,17,28,3,4,"['ENSG00000128815', 'ENSG00000187239', 'ENSG00000163513', 'ENSG00000082068']","['ENSG00000128815', 'ENSG00000187239', 'ENSG00000163513', 'ENSG00000173821', 'ENSG00000082068', 'ENSG00000153310', 'ENSG00000114439', 'ENSG00000153187', 'ENSG00000182197']",0.1141375,fold_14
4.1,subclass.full,Podocyte,1066,0.6696764484574869,0.8944723618090452,0.3339587242026266,106593,42,710,356,3,"['ENSG00000163995', 'ENSG00000163728', 'ENSG00000112964']","['ENSG00000163995', 'ENSG00000162415', 'ENSG00000215252', 'ENSG00000163728', 'ENSG00000112964', 'ENSG00000171316', 'ENSG00000077063', 'ENSG00000110422', 'ENSG00000187239', 'ENSG00000105855']",0.34615162,fold_14
4.1,subclass.full,Proximal Tubule Epithelial Cell Segment 1 / Segment 2,8551,0.4578034006583176,0.4394279304542905,0.5497602619576658,93153,5997,3850,4701,1,['ENSG00000122194'],"['ENSG00000122194', 'ENSG00000175806', 'ENSG00000153822', 'ENSG00000144674']",0.45831707,fold_14
4.1,subclass.full,Proximal Tubule Epithelial Cell Segment 3,2124,0.1823212258796822,0.17173404610758436,0.24199623352165725,103098,2479,1610,514,2,"['ENSG00000122194', 'ENSG00000144674']","['ENSG00000122194', 'ENSG00000204152', 'ENSG00000175806', 'ENSG00000153822', 'ENSG00000144674', 'ENSG00000140443']",0.2910837,fold_14
4.1,subclass.full,Renin-positive Juxtaglomerular Granular Cell,60,0.048701298701298704,0.04838709677419355,0.05,107582,59,57,3,3,"['ENSG00000141232', 'ENSG00000092841', 'ENSG00000153187']","['ENSG00000141232', 'ENSG00000092841', 'ENSG00000153187']",0.03211727,fold_14
4.1,subclass.full,Schwann Cell / Neural,35,0.0684931506849315,0.06521739130434782,0.08571428571428572,107623,43,32,3,1,['ENSG00000133121'],['ENSG00000133121'],0.08014026,fold_14
4.1,subclass.full,Transitional Principal-Intercalated Cell,171,0.061596143545795394,0.054245283018867926,0.13450292397660818,107129,401,148,23,6,"['ENSG00000086061', 'ENSG00000125304', 'ENSG00000163812', 'ENSG00000168447', 'ENSG00000118217', 'ENSG00000107485']","['ENSG00000086061', 'ENSG00000125304', 'ENSG00000163812', 'ENSG00000168447', 'ENSG00000118217', 'ENSG00000107485', 'ENSG00000078618', 'ENSG00000105810', 'ENSG00000166589', 'ENSG00000066382']",0.14876407,fold_14
4.1,subclass.full,Vascular Smooth Muscle Cell / Pericyte,1443,0.052062474969963954,0.051587301587301584,0.05405405405405406,104824,1434,1365,78,3,"['ENSG00000133121', 'ENSG00000205542', 'ENSG00000182197']","['ENSG00000133121', 'ENSG00000205542', 'ENSG00000182197']",0.028645333,fold_14
4.1,subclass.full,Adaptive / Maladaptive / Repairing Fibroblast,425,0.42573320719016083,0.569620253164557,0.21176470588235294,107208,68,335,90,2,"['ENSG00000153823', 'ENSG00000170962']","['ENSG00000153823', 'ENSG00000170962', 'ENSG00000143995', 'ENSG00000130522', 'ENSG00000048707', 'ENSG00000171862', 'ENSG00000104517', 'ENSG00000060237', 'ENSG00000186566', 'ENSG00000074054']",0.387496,fold_15
4.1,subclass.full,Adaptive / Maladaptive / Repairing Proximal Tubule Epithelial Cell,5872,0.2875898049948683,0.3072179077204203,0.22905313351498638,98796,3033,4527,1345,4,"['ENSG00000175600', 'ENSG00000154655', 'ENSG00000165185', 'ENSG00000086666']","['ENSG00000175600', 'ENSG00000154655', 'ENSG00000080493', 'ENSG00000165185', 'ENSG00000173473', 'ENSG00000086666', 'ENSG00000109819', 'ENSG00000117616', 'ENSG00000157837', 'ENSG00000113742']",0.10076152,fold_15
4.1,subclass.full,Adaptive / Maladaptive / Repairing Thick Ascending Limb Cell,2787,0.27078329588595335,0.27628458498023717,0.25080731969860065,103083,1831,2088,699,3,"['ENSG00000157423', 'ENSG00000187231', 'ENSG00000036828']","['ENSG00000157423', 'ENSG00000187231', 'ENSG00000163075', 'ENSG00000036828', 'ENSG00000134504', 'ENSG00000109819', 'ENSG00000173473', 'ENSG00000048707', 'ENSG00000124942', 'ENSG00000151693']",0.14966968,fold_15
4.1,subclass.full,Afferent / Efferent Arteriole Endothelial Cell,563,0.29199897092873683,0.273164861612515,0.40319715808170514,106534,604,336,227,3,"['ENSG00000049192', 'ENSG00000127528', 'ENSG00000162618']","['ENSG00000173269', 'ENSG00000049192', 'ENSG00000127528', 'ENSG00000170962', 'ENSG00000162618', 'ENSG00000031081', 'ENSG00000168036', 'ENSG00000130522', 'ENSG00000150991', 'ENSG00000124942']",0.3616783,fold_15
4.1,subclass.full,Ascending Thin Limb Cell,1765,0.3076391289319046,0.6312056737588653,0.1008498583569405,105832,104,1587,178,4,"['ENSG00000185033', 'ENSG00000104237', 'ENSG00000113319', 'ENSG00000179399']","['ENSG00000185033', 'ENSG00000132837', 'ENSG00000104237', 'ENSG00000113319', 'ENSG00000179399', 'ENSG00000163075', 'ENSG00000104695', 'ENSG00000205517', 'ENSG00000138758', 'ENSG00000157837']",0.1922049,fold_15
4.1,subclass.full,Ascending Vasa Recta Endothelial Cell,2580,0.5090397154712507,0.6593090211132437,0.26627906976744187,104766,355,1893,687,3,"['ENSG00000079385', 'ENSG00000104365', 'ENSG00000162618']","['ENSG00000079385', 'ENSG00000104365', 'ENSG00000162618', 'ENSG00000031081', 'ENSG00000130584', 'ENSG00000167693', 'ENSG00000162496', 'ENSG00000179399', 'ENSG00000148468', 'ENSG00000101040']",0.521982,fold_15
4.1,subclass.full,B Cell,422,0.16115702479338842,0.19796954314720813,0.0924170616113744,107121,158,383,39,1,['ENSG00000167526'],"['ENSG00000145779', 'ENSG00000167526']",0.026947886,fold_15
4.1,subclass.full,Classical Dendritic Cell,58,0.32967032967032966,0.3870967741935484,0.20689655172413793,107624,19,46,12,2,"['ENSG00000198223', 'ENSG00000130584']","['ENSG00000179583', 'ENSG00000198223', 'ENSG00000140992', 'ENSG00000130584', 'ENSG00000168036', 'ENSG00000010818', 'ENSG00000116473', 'ENSG00000157837', 'ENSG00000124942', 'ENSG00000104517']",0.4688263,fold_15
4.1,subclass.full,Connecting Tubule Cell,2945,0.28811086797957697,0.33253156945279616,0.18777589134125636,103646,1110,2392,553,3,"['ENSG00000177990', 'ENSG00000148468', 'ENSG00000060237']","['ENSG00000177990', 'ENSG00000148468', 'ENSG00000183723', 'ENSG00000109819', 'ENSG00000060237', 'ENSG00000205517', 'ENSG00000173473', 'ENSG00000151693', 'ENSG00000117616', 'ENSG00000048707']",0.0733316,fold_15
4.1,subclass.full,Connecting Tubule Intercalated Cell Type A,110,0.046762589928057555,0.040625,0.11818181818181818,107284,307,97,13,5,"['ENSG00000106261', 'ENSG00000165995', 'ENSG00000177990', 'ENSG00000106868', 'ENSG00000183723']","['ENSG00000106261', 'ENSG00000165995', 'ENSG00000111816', 'ENSG00000177990', 'ENSG00000106868', 'ENSG00000183723', 'ENSG00000109819', 'ENSG00000205517', 'ENSG00000060237', 'ENSG00000130522']",0.07686555,fold_15
4.1,subclass.full,Connecting Tubule Principal Cell,2145,0.3810093756233792,0.5327754532775453,0.1780885780885781,105221,335,1763,382,3,"['ENSG00000112245', 'ENSG00000176340', 'ENSG00000119888']","['ENSG00000198355', 'ENSG00000112245', 'ENSG00000176340', 'ENSG00000184672', 'ENSG00000119888', 'ENSG00000130522', 'ENSG00000197756', 'ENSG00000148468', 'ENSG00000150991', 'ENSG00000060237']",0.16079003,fold_15
4.1,subclass.full,Cortical Collecting Duct Intercalated Cell Type A,3517,0.44934365533490406,0.5937731653076352,0.2277509240830253,103636,548,2716,801,2,"['ENSG00000167323', 'ENSG00000165995']","['ENSG00000167323', 'ENSG00000165995', 'ENSG00000111816', 'ENSG00000177990', 'ENSG00000154655', 'ENSG00000183723', 'ENSG00000109819', 'ENSG00000086666', 'ENSG00000205517', 'ENSG00000113742']",0.13519539,fold_15
4.1,subclass.full,Cortical Collecting Duct Principal Cell,2471,0.3862386494436629,0.45175766641735227,0.2444354512343181,104497,733,1867,604,3,"['ENSG00000125772', 'ENSG00000197535', 'ENSG00000080493']","['ENSG00000125772', 'ENSG00000181031', 'ENSG00000184672', 'ENSG00000197535', 'ENSG00000039319', 'ENSG00000080493', 'ENSG00000106868', 'ENSG00000010818', 'ENSG00000148468', 'ENSG00000205517']",0.21777502,fold_15
4.1,subclass.full,Cortical Thick Ascending Limb Cell,7354,0.5236706988077626,0.6160737138469414,0.32730486809899373,98847,1500,4947,2407,2,"['ENSG00000036672', 'ENSG00000014257']","['ENSG00000036672', 'ENSG00000014257', 'ENSG00000104237', 'ENSG00000179399', 'ENSG00000184672', 'ENSG00000036828', 'ENSG00000134504', 'ENSG00000183723', 'ENSG00000148468', 'ENSG00000109819']",0.47886342,fold_15
4.1,subclass.full,Cycling Connecting Tubule Cell,12,0.3125,1.0,0.08333333333333333,107689,0,11,1,2,"['ENSG00000178445', 'ENSG00000181031']","['ENSG00000178445', 'ENSG00000156802', 'ENSG00000181031', 'ENSG00000184672', 'ENSG00000169891', 'ENSG00000187231', 'ENSG00000197535', 'ENSG00000116473', 'ENSG00000080493', 'ENSG00000177990']",0.3382642,fold_15
4.1,subclass.full,Cycling Distal Convoluted Tubule Cell,6,0.22727272727272727,0.25,0.16666666666666666,107692,3,5,1,4,"['ENSG00000176473', 'ENSG00000006652', 'ENSG00000130202', 'ENSG00000179399']","['ENSG00000120800', 'ENSG00000176473', 'ENSG00000006652', 'ENSG00000162522', 'ENSG00000130202', 'ENSG00000179399', 'ENSG00000115286', 'ENSG00000167258', 'ENSG00000036828', 'ENSG00000083544']",0.6273186,fold_15
4.1,subclass.full,Cycling Endothelial Cell,54,0.26595744680851063,0.5,0.09259259259259259,107642,5,49,5,3,"['ENSG00000156802', 'ENSG00000167693', 'ENSG00000113319']","['ENSG00000182541', 'ENSG00000156802', 'ENSG00000031081', 'ENSG00000167693', 'ENSG00000113319', 'ENSG00000168036', 'ENSG00000173473', 'ENSG00000060237', 'ENSG00000151693', 'ENSG00000186566']",0.14546145,fold_15
4.1,subclass.full,Cycling Mononuclear Phagocyte,48,0.09615384615384616,1.0,0.020833333333333332,107653,0,47,1,3,"['ENSG00000116473', 'ENSG00000171862', 'ENSG00000101040']","['ENSG00000108669', 'ENSG00000197535', 'ENSG00000248905', 'ENSG00000116473', 'ENSG00000171862', 'ENSG00000101040', 'ENSG00000060237', 'ENSG00000113712']",0.041342884,fold_15
4.1,subclass.full,Cycling Myofibroblast,18,0.5,1.0,0.16666666666666666,107683,0,15,3,4,"['ENSG00000051341', 'ENSG00000176225', 'ENSG00000150636', 'ENSG00000102189']","['ENSG00000051341', 'ENSG00000176225', 'ENSG00000198089', 'ENSG00000150636', 'ENSG00000156802', 'ENSG00000102189', 'ENSG00000112893', 'ENSG00000010818', 'ENSG00000143995', 'ENSG00000138758']",0.7369428,fold_15
4.1,subclass.full,Cycling Natural Killer Cell / Natural Killer T Cell,16,0.4166666666666667,1.0,0.125,107685,0,14,2,2,"['ENSG00000136490', 'ENSG00000163636']","['ENSG00000136490', 'ENSG00000163636', 'ENSG00000204899', 'ENSG00000087365', 'ENSG00000106355', 'ENSG00000132965', 'ENSG00000004779', 'ENSG00000127528', 'ENSG00000176340', 'ENSG00000167258']",1.0,fold_15
4.1,subclass.full,Cycling Proximal Tubule Epithelial Cell,145,0.031055900621118012,0.25,0.006896551724137931,107553,3,144,1,1,['ENSG00000165185'],"['ENSG00000165185', 'ENSG00000173473', 'ENSG00000101040', 'ENSG00000151693', 'ENSG00000104517', 'ENSG00000186566']",0.07291637,fold_15
4.1,subclass.full,Degenerative Ascending Thin Limb Cell,1100,0.3425774877650897,0.4970414201183432,0.15272727272727274,106431,170,932,168,4,"['ENSG00000104237', 'ENSG00000163075', 'ENSG00000119888', 'ENSG00000168028']","['ENSG00000104237', 'ENSG00000104695', 'ENSG00000163075', 'ENSG00000119888', 'ENSG00000168028', 'ENSG00000197756', 'ENSG00000124942', 'ENSG00000150991', 'ENSG00000205517', 'ENSG00000130522']",0.081634685,fold_15
4.1,subclass.full,Degenerative Connecting Tubule Cell,356,0.14957264957264957,0.19310344827586207,0.07865168539325842,107228,117,328,28,5,"['ENSG00000177990', 'ENSG00000119888', 'ENSG00000148468', 'ENSG00000197756', 'ENSG00000130522']","['ENSG00000177990', 'ENSG00000119888', 'ENSG00000148468', 'ENSG00000197756', 'ENSG00000168028', 'ENSG00000130522', 'ENSG00000109819', 'ENSG00000060237', 'ENSG00000086666', 'ENSG00000150991']",0.06602727,fold_15
4.1,subclass.full,Degenerative Cortical Intercalated Cell Type A,1034,0.5508771929824562,0.6916299559471366,0.3036750483558994,106527,140,720,314,2,"['ENSG00000130208', 'ENSG00000164405']","['ENSG00000130208', 'ENSG00000259120', 'ENSG00000130222', 'ENSG00000167969', 'ENSG00000005022', 'ENSG00000164405', 'ENSG00000176340', 'ENSG00000198886', 'ENSG00000197756', 'ENSG00000119888']",0.6366235,fold_15
4.1,subclass.full,Degenerative Cortical Thick Ascending Limb Cell,346,0.14957264957264957,0.23595505617977527,0.06069364161849711,107287,68,325,21,3,"['ENSG00000168028', 'ENSG00000119888', 'ENSG00000150991']","['ENSG00000168028', 'ENSG00000119888', 'ENSG00000197756', 'ENSG00000150991', 'ENSG00000167526']",0.10669824,fold_15
4.1,subclass.full,Degenerative Descending Thin Limb Cell Type 3,399,0.5370569280343717,0.7518796992481203,0.2506265664160401,107269,33,299,100,3,"['ENSG00000172461', 'ENSG00000173281', 'ENSG00000164674']","['ENSG00000172461', 'ENSG00000173281', 'ENSG00000116815', 'ENSG00000123684', 'ENSG00000164674', 'ENSG00000185033', 'ENSG00000169891', 'ENSG00000101680', 'ENSG00000157423', 'ENSG00000153823']",1.0,fold_15
4.1,subclass.full,Degenerative Distal Convoluted Tubule Cell,1535,0.3157623405077974,0.3149100257069409,0.31921824104234525,105100,1066,1045,490,4,"['ENSG00000174804', 'ENSG00000115286', 'ENSG00000004779', 'ENSG00000164405']","['ENSG00000174804', 'ENSG00000102172', 'ENSG00000115286', 'ENSG00000115541', 'ENSG00000004779', 'ENSG00000164405', 'ENSG00000176340', 'ENSG00000198886', 'ENSG00000119888', 'ENSG00000197756']",0.28583303,fold_15
4.1,subclass.full,Degenerative Endothelial Cell,70,0.015217920623326029,0.012278978388998035,0.35714285714285715,105620,2011,45,25,2,"['ENSG00000150991', 'ENSG00000167526']","['ENSG00000150991', 'ENSG00000167526']",0.063648306,fold_15
4.1,subclass.full,Degenerative Fibroblast,90,0.0984251968503937,0.12195121951219512,0.05555555555555555,107575,36,85,5,2,"['ENSG00000198886', 'ENSG00000130522']","['ENSG00000198886', 'ENSG00000168028', 'ENSG00000150991', 'ENSG00000197756', 'ENSG00000130522', 'ENSG00000167526']",0.08943328,fold_15
4.1,subclass.full,Degenerative Inner Medullary Collecting Duct Cell,1773,0.44420753375977257,0.6127450980392157,0.21150592216582065,105691,237,1398,375,5,"['ENSG00000085117', 'ENSG00000140391', 'ENSG00000167106', 'ENSG00000141449', 'ENSG00000116288']","['ENSG00000085117', 'ENSG00000140391', 'ENSG00000151715', 'ENSG00000167106', 'ENSG00000141449', 'ENSG00000116288', 'ENSG00000106868', 'ENSG00000119888', 'ENSG00000168028', 'ENSG00000197756']",0.29307744,fold_15
4.1,subclass.full,Degenerative Medullary Thick Ascending Limb Cell,831,0.05525491313016235,0.046400382683568525,0.23345367027677497,102883,3987,637,194,2,"['ENSG00000036828', 'ENSG00000109819']","['ENSG00000036828', 'ENSG00000134504', 'ENSG00000109819', 'ENSG00000113742', 'ENSG00000074054']",0.10221103,fold_15
4.1,subclass.full,Degenerative Outer Medullary Collecting Duct Principal Cell,1563,0.29351883271123175,0.5,0.11068458093410109,105965,173,1390,173,4,"['ENSG00000080493', 'ENSG00000119888', 'ENSG00000197756', 'ENSG00000130522']","['ENSG00000142188', 'ENSG00000080493', 'ENSG00000119888', 'ENSG00000197756', 'ENSG00000168028', 'ENSG00000130522', 'ENSG00000148468', 'ENSG00000150991', 'ENSG00000124942', 'ENSG00000138758']",0.063045114,fold_15
4.1,subclass.full,Degenerative Peritubular Capilary Endothelial Cell,127,0.0117096018735363,0.009502262443438913,0.16535433070866143,105385,2189,106,21,1,['ENSG00000124942'],"['ENSG00000124942', 'ENSG00000167526']",0.062475562,fold_15
4.1,subclass.full,Degenerative Podocyte,192,0.6415343915343915,0.6879432624113475,0.5052083333333334,107465,44,95,97,1,['ENSG00000166033'],"['ENSG00000166033', 'ENSG00000130202', 'ENSG00000124942', 'ENSG00000130522', 'ENSG00000138758', 'ENSG00000150991', 'ENSG00000167526']",0.67862034,fold_15
4.1,subclass.full,Degenerative Proximal Tubule Epithelial Cell,7586,0.40320942514726793,0.43403790087463556,0.3139994727128922,97009,3106,5204,2382,2,"['ENSG00000175600', 'ENSG00000080493']","['ENSG00000124299', 'ENSG00000175600', 'ENSG00000080493', 'ENSG00000154655', 'ENSG00000140443']",0.2043896,fold_15
4.1,subclass.full,Degenerative Vascular Smooth Muscle Cell,762,0.17342166796570538,0.1973392461197339,0.1167979002624672,106577,362,673,89,4,"['ENSG00000099860', 'ENSG00000104408', 'ENSG00000004779', 'ENSG00000176340']","['ENSG00000099860', 'ENSG00000104408', 'ENSG00000004779', 'ENSG00000116288', 'ENSG00000164405', 'ENSG00000176340', 'ENSG00000115541', 'ENSG00000107223', 'ENSG00000198886', 'ENSG00000197756']",0.21500096,fold_15
4.1,subclass.full,Descending Thin Limb Cell Type 1,1529,0.17699115044247787,0.30864197530864196,0.06540222367560497,105948,224,1429,100,4,"['ENSG00000157423', 'ENSG00000152953', 'ENSG00000148468', 'ENSG00000124942']","['ENSG00000157423', 'ENSG00000152953', 'ENSG00000148468', 'ENSG00000124942', 'ENSG00000113742', 'ENSG00000186566', 'ENSG00000151693', 'ENSG00000104517', 'ENSG00000074054', 'ENSG00000140443']",0.11889483,fold_15
4.1,subclass.full,Descending Thin Limb Cell Type 2,908,0.16195255474452555,0.22118380062305296,0.07819383259911894,106543,250,837,71,5,"['ENSG00000157423', 'ENSG00000175600', 'ENSG00000152953', 'ENSG00000154655', 'ENSG00000148468']","['ENSG00000157423', 'ENSG00000175600', 'ENSG00000152953', 'ENSG00000112079', 'ENSG00000154655', 'ENSG00000148468', 'ENSG00000138758', 'ENSG00000124942', 'ENSG00000109819', 'ENSG00000113742']",0.12386358,fold_15
4.1,subclass.full,Descending Thin Limb Cell Type 3,1392,0.20939086294416243,0.23741007194244604,0.14224137931034483,105673,636,1194,198,3,"['ENSG00000101680', 'ENSG00000113319', 'ENSG00000106868']","['ENSG00000101680', 'ENSG00000132837', 'ENSG00000113319', 'ENSG00000163075', 'ENSG00000112079', 'ENSG00000106868', 'ENSG00000010818', 'ENSG00000205517', 'ENSG00000101040', 'ENSG00000138758']",0.18253705,fold_15
4.1,subclass.full,Descending Vasa Recta Endothelial Cell,1880,0.636444181925576,0.7048242027800491,0.45851063829787236,105460,361,1018,862,2,"['ENSG00000049192', 'ENSG00000162618']","['ENSG00000049192', 'ENSG00000113319', 'ENSG00000104365', 'ENSG00000127528', 'ENSG00000031081', 'ENSG00000162618', 'ENSG00000167693', 'ENSG00000168036', 'ENSG00000130584', 'ENSG00000148468']",0.36848843,fold_15
4.1,subclass.full,Distal Convoluted Tubule Cell Type 1,3551,0.40249582564372965,0.4680633622892182,0.2579555054914109,103109,1041,2635,916,3,"['ENSG00000154975', 'ENSG00000179399', 'ENSG00000248905']","['ENSG00000154975', 'ENSG00000179399', 'ENSG00000036828', 'ENSG00000248905', 'ENSG00000134504', 'ENSG00000165185', 'ENSG00000154655', 'ENSG00000177990', 'ENSG00000148468', 'ENSG00000113742']",0.21802159,fold_15
4.1,subclass.full,Distal Convoluted Tubule Cell Type 2,363,0.13238770685579196,0.1278538812785388,0.15426997245179064,106956,382,307,56,4,"['ENSG00000178445', 'ENSG00000179399', 'ENSG00000248905', 'ENSG00000148468']","['ENSG00000178445', 'ENSG00000179399', 'ENSG00000248905', 'ENSG00000134504', 'ENSG00000177990', 'ENSG00000148468', 'ENSG00000060237', 'ENSG00000109819', 'ENSG00000113742', 'ENSG00000205517']",0.15078643,fold_15
4.1,subclass.full,Fibroblast,1865,0.36065573770491804,0.5447619047619048,0.15335120643431635,105597,239,1579,286,3,"['ENSG00000153823', 'ENSG00000143995', 'ENSG00000171862']","['ENSG00000153823', 'ENSG00000143995', 'ENSG00000171862']",0.15038532,fold_15
4.1,subclass.full,Glomerular Capillary Endothelial Cell,1830,0.7149901380670611,0.8950617283950617,0.39617486338797814,105786,85,1105,725,2,"['ENSG00000013016', 'ENSG00000127528']","['ENSG00000013016', 'ENSG00000197879', 'ENSG00000168497', 'ENSG00000170962', 'ENSG00000127528', 'ENSG00000031081', 'ENSG00000162618', 'ENSG00000162496', 'ENSG00000113742', 'ENSG00000167526']",0.6574684,fold_15
4.1,subclass.full,Inner Medullary Collecting Duct Cell,4095,0.5209892381156012,0.5885668276972624,0.35702075702075703,102584,1022,2633,1462,3,"['ENSG00000151715', 'ENSG00000141449', 'ENSG00000167106']","['ENSG00000172575', 'ENSG00000117266', 'ENSG00000151715', 'ENSG00000164674', 'ENSG00000141449', 'ENSG00000167106', 'ENSG00000181031', 'ENSG00000169891', 'ENSG00000118985', 'ENSG00000106868']",0.32935843,fold_15
4.1,subclass.full,Intercalated Cell Type B,1114,0.1858224363386098,0.24107142857142858,0.09694793536804308,106247,340,1006,108,2,"['ENSG00000112893', 'ENSG00000109819']","['ENSG00000112893', 'ENSG00000109819', 'ENSG00000086666', 'ENSG00000117616', 'ENSG00000151693', 'ENSG00000113742', 'ENSG00000171723']",0.09521357,fold_15
4.1,subclass.full,Lymphatic Endothelial Cell,136,0.1483050847457627,0.28,0.051470588235294115,107547,18,129,7,1,['ENSG00000118257'],"['ENSG00000118257', 'ENSG00000167693', 'ENSG00000168036']",1.0,fold_15
4.1,subclass.full,M2 Macrophage,1355,0.5444986856928277,0.8868501529051988,0.2140221402214022,106309,37,1065,290,2,"['ENSG00000137491', 'ENSG00000248905']","['ENSG00000137491', 'ENSG00000197535', 'ENSG00000248905', 'ENSG00000171862']",0.5960419,fold_15
4.1,subclass.full,Macula Densa Cell,1186,0.34356237491661107,0.45474613686534215,0.1736930860033727,106268,247,980,206,3,"['ENSG00000014257', 'ENSG00000187231', 'ENSG00000184672']","['ENSG00000014257', 'ENSG00000154975', 'ENSG00000152953', 'ENSG00000187231', 'ENSG00000184672', 'ENSG00000036828', 'ENSG00000134504', 'ENSG00000162496', 'ENSG00000112893', 'ENSG00000248905']",0.2294436,fold_15
4.1,subclass.full,Mast Cell,112,0.23809523809523808,0.5714285714285714,0.07142857142857142,107583,6,104,8,1,['ENSG00000164674'],['ENSG00000164674'],0.48919335,fold_15
4.1,subclass.full,Medullary Fibroblast,4589,0.6884138647665702,0.835209365150833,0.404227500544781,102746,366,2734,1855,2,"['ENSG00000141449', 'ENSG00000143995']","['ENSG00000046653', 'ENSG00000141449', 'ENSG00000162496', 'ENSG00000167693', 'ENSG00000130584', 'ENSG00000143995', 'ENSG00000116473', 'ENSG00000024048', 'ENSG00000138758', 'ENSG00000048707']",0.19792688,fold_15
4.1,subclass.full,Medullary Thick Ascending Limb Cell,4201,0.5062281401484936,0.5456349206349206,0.39276362770768863,102126,1374,2551,1650,3,"['ENSG00000101680', 'ENSG00000104237', 'ENSG00000036828']","['ENSG00000166263', 'ENSG00000101680', 'ENSG00000152953', 'ENSG00000102189', 'ENSG00000104237', 'ENSG00000036828', 'ENSG00000248905', 'ENSG00000134504', 'ENSG00000109819', 'ENSG00000148468']",0.26073807,fold_15
4.1,subclass.full,Mesangial Cell,229,0.2556237218813906,0.38461538461538464,0.1091703056768559,107432,40,204,25,3,"['ENSG00000118985', 'ENSG00000130584', 'ENSG00000143995']","['ENSG00000118985', 'ENSG00000130584', 'ENSG00000143995', 'ENSG00000124942', 'ENSG00000171862', 'ENSG00000060237', 'ENSG00000186566']",0.23131652,fold_15
4.1,subclass.full,Monocyte-derived Cell,1044,0.408115671641791,0.6363636363636364,0.16762452107279693,106557,100,869,175,2,"['ENSG00000198223', 'ENSG00000179583']","['ENSG00000198223', 'ENSG00000179583', 'ENSG00000248905', 'ENSG00000171862']",0.2880112,fold_15
4.1,subclass.full,Myofibroblast,698,0.10539046302695232,0.1111111111111111,0.08739255014326648,106515,488,637,61,2,"['ENSG00000143995', 'ENSG00000151693']","['ENSG00000143995', 'ENSG00000138758', 'ENSG00000104517', 'ENSG00000171862', 'ENSG00000048707', 'ENSG00000151693', 'ENSG00000074054', 'ENSG00000186566', 'ENSG00000113712']",0.08406125,fold_15
4.1,subclass.full,Natural Killer Cell / Natural Killer T Cell,573,0.13038987864704363,0.12242424242424242,0.1762652705061082,106404,724,472,101,3,"['ENSG00000198886', 'ENSG00000168028', 'ENSG00000167526']","['ENSG00000198886', 'ENSG00000168028', 'ENSG00000197756', 'ENSG00000150991', 'ENSG00000167526']",0.08817043,fold_15
4.1,subclass.full,Neutrophil,89,0.0059297172461144744,0.004770273663068039,0.21348314606741572,103648,3964,70,19,1,['ENSG00000167526'],['ENSG00000167526'],0.024062969,fold_15
4.1,subclass.full,Non-classical Monocyte,244,0.020616319444444444,0.016941596076683014,0.1557377049180328,105252,2205,206,38,2,"['ENSG00000150991', 'ENSG00000167526']","['ENSG00000150991', 'ENSG00000124942', 'ENSG00000167526', 'ENSG00000171862']",0.03692928,fold_15
4.1,subclass.full,Outer Medullary Collecting Duct Intercalated Cell Type A,938,0.22121788772597525,0.31958762886597936,0.09914712153518124,106565,198,845,93,5,"['ENSG00000198001', 'ENSG00000179299', 'ENSG00000135750', 'ENSG00000081377', 'ENSG00000132680']","['ENSG00000198001', 'ENSG00000179299', 'ENSG00000135750', 'ENSG00000081377', 'ENSG00000132680', 'ENSG00000123684', 'ENSG00000109586', 'ENSG00000167323', 'ENSG00000106868', 'ENSG00000177990']",1.0,fold_15
4.1,subclass.full,Outer Medullary Collecting Duct Principal Cell,896,0.37407063197026025,0.5127388535031847,0.1796875,106652,153,735,161,4,"['ENSG00000178445', 'ENSG00000167106', 'ENSG00000141449', 'ENSG00000184672']","['ENSG00000178445', 'ENSG00000109586', 'ENSG00000167106', 'ENSG00000181031', 'ENSG00000141449', 'ENSG00000184672', 'ENSG00000197535', 'ENSG00000106868', 'ENSG00000080493', 'ENSG00000148468']",0.2500915,fold_15
4.1,subclass.full,Papillary Tip Epithelial Cell,400,0.296875,0.40714285714285714,0.1425,107218,83,343,57,4,"['ENSG00000132470', 'ENSG00000162522', 'ENSG00000104365', 'ENSG00000185033']","['ENSG00000132470', 'ENSG00000081377', 'ENSG00000162522', 'ENSG00000104365', 'ENSG00000185033', 'ENSG00000102189', 'ENSG00000118985', 'ENSG00000112079', 'ENSG00000162496', 'ENSG00000119888']",0.3219308,fold_15
4.1,subclass.full,Parietal Epithelial Cell,778,0.020038903980950463,0.016243033845317386,0.30719794344473006,92448,14475,539,239,1,['ENSG00000124942'],"['ENSG00000124942', 'ENSG00000113742']",0.05267849,fold_15
4.1,subclass.full,Peritubular Capilary Endothelial Cell ,4148,0.4969251615593079,0.5071808510638298,0.45973963355834135,101700,1853,2241,1907,1,['ENSG00000168497'],"['ENSG00000168497', 'ENSG00000079385', 'ENSG00000162618', 'ENSG00000168036']",0.56735903,fold_15
4.1,subclass.full,Plasma Cell,121,0.07518796992481203,0.6666666666666666,0.01652892561983471,107579,1,119,2,2,"['ENSG00000118985', 'ENSG00000113742']","['ENSG00000118985', 'ENSG00000113742']",0.041477233,fold_15
4.1,subclass.full,Plasmacytoid Dendritic Cell,31,0.02442002442002442,0.02030456852791878,0.12903225806451613,107477,193,27,4,2,"['ENSG00000167323', 'ENSG00000108669']","['ENSG00000167323', 'ENSG00000108669']",0.452895,fold_15
4.1,subclass.full,Podocyte,1066,0.8455689564761405,0.9388646288209607,0.6050656660412758,106593,42,421,645,2,"['ENSG00000155816', 'ENSG00000165995']","['ENSG00000155816', 'ENSG00000138785', 'ENSG00000166033', 'ENSG00000154975', 'ENSG00000130202', 'ENSG00000165995', 'ENSG00000162496', 'ENSG00000130584', 'ENSG00000167693', 'ENSG00000138758']",0.5960116,fold_15
4.1,subclass.full,Proximal Tubule Epithelial Cell Segment 1 / Segment 2,8551,0.4216709694316609,0.4960387323943662,0.2635949011811484,96860,2290,6297,2254,2,"['ENSG00000124299', 'ENSG00000080493']","['ENSG00000124299', 'ENSG00000080493', 'ENSG00000175600', 'ENSG00000154655']",0.35337263,fold_15
4.1,subclass.full,Proximal Tubule Epithelial Cell Segment 3,2124,0.19397939471989697,0.1751453488372093,0.3403954802259887,102172,3405,1401,723,2,"['ENSG00000113100', 'ENSG00000175600']","['ENSG00000113100', 'ENSG00000175600', 'ENSG00000154655', 'ENSG00000080493', 'ENSG00000140443']",0.6280961,fold_15
4.1,subclass.full,Renin-positive Juxtaglomerular Granular Cell,60,0.078125,1.0,0.016666666666666666,107641,0,59,1,1,['ENSG00000165995'],"['ENSG00000049192', 'ENSG00000165995', 'ENSG00000130522', 'ENSG00000171862', 'ENSG00000167526']",0.12933561,fold_15
4.1,subclass.full,Schwann Cell / Neural,35,0.06382978723404255,0.06,0.08571428571428572,107619,47,32,3,1,['ENSG00000151693'],"['ENSG00000151693', 'ENSG00000171862']",0.056856584,fold_15
4.1,subclass.full,T Cell,1732,0.7137248743718593,0.7842968075927523,0.5248267898383372,105719,250,823,909,1,['ENSG00000168685'],"['ENSG00000168685', 'ENSG00000167526']",1.0,fold_15
4.1,subclass.full,Transitional Principal-Intercalated Cell,171,0.0580875781948168,0.05485232067510549,0.07602339181286549,107306,224,158,13,4,"['ENSG00000112245', 'ENSG00000039319', 'ENSG00000184672', 'ENSG00000119888']","['ENSG00000112245', 'ENSG00000142188', 'ENSG00000039319', 'ENSG00000184672', 'ENSG00000080493', 'ENSG00000119888', 'ENSG00000183723', 'ENSG00000130522', 'ENSG00000205517', 'ENSG00000138758']",0.120043024,fold_15
4.1,subclass.full,Vascular Smooth Muscle Cell,491,0.28079371022089106,0.27522935779816515,0.3054989816700611,106815,395,341,150,2,"['ENSG00000165995', 'ENSG00000143995']","['ENSG00000165995', 'ENSG00000118985', 'ENSG00000143995', 'ENSG00000171862']",0.17571701,fold_15
4.1,subclass.full,Vascular Smooth Muscle Cell / Pericyte,1443,0.3939762701551567,0.561822125813449,0.1794871794871795,106056,202,1184,259,2,"['ENSG00000165995', 'ENSG00000171862']","['ENSG00000150636', 'ENSG00000165995', 'ENSG00000143995', 'ENSG00000171862', 'ENSG00000138758']",0.11015359,fold_15
